roi_id,month,window_start,window_end_exclusive,output_file,band_index_1based,band_name,variable,acquisition_time_utc,time_start_ms,branch,source_id,source_collection,source_red,source_nir,source_qa,grid_crs,grid_transform,qa_applied,temporal_composite,interpolated,smoothed,ndvi_formula,ndvi_units,qa_storage,nodata,storage,version
NE_MAIZE,2024-01,2024-01-01,2024-02-01,NE_MAIZE_HLS_2024-01_g1_NDVI_FMASK_v1.tif,1,s0000_L30_20240107T022741000_NDVI,NDVI,2024-01-07T02:27:41.000Z,1704594461000,L30,NASA/HLS/HLSL30/v002/T51TXJ_20240107T022741,NASA/HLS/HLSL30/v002,B4,B5,Fmask,EPSG:32651,"[30,0,600000,0,-30,4900020]",false,false,false,false,(NIR-RED)/(NIR+RED); mask denominator=0; keep source masks,dimensionless; no further scale needed,exact_uint8_values_in_Float32,-9999,Float32,1.0
NE_MAIZE,2024-01,2024-01-01,2024-02-01,NE_MAIZE_HLS_2024-01_g1_NDVI_FMASK_v1.tif,2,s0000_L30_20240107T022741000_FMASK,FMASK,2024-01-07T02:27:41.000Z,1704594461000,L30,NASA/HLS/HLSL30/v002/T51TXJ_20240107T022741,NASA/HLS/HLSL30/v002,B4,B5,Fmask,EPSG:32651,"[30,0,600000,0,-30,4900020]",false,false,false,false,(NIR-RED)/(NIR+RED); mask denominator=0; keep source masks,dimensionless; no further scale needed,exact_uint8_values_in_Float32,-9999,Float32,1.0
NE_MAIZE,2024-01,2024-01-01,2024-02-01,NE_MAIZE_HLS_2024-01_g1_NDVI_FMASK_v1.tif,3,s0001_L30_20240108T022140000_NDVI,NDVI,2024-01-08T02:21:40.000Z,1704680500000,L30,NASA/HLS/HLSL30/v002/T51TXJ_20240108T022140,NASA/HLS/HLSL30/v002,B4,B5,Fmask,EPSG:32651,"[30,0,600000,0,-30,4900020]",false,false,false,false,(NIR-RED)/(NIR+RED); mask denominator=0; keep source masks,dimensionless; no further scale needed,exact_uint8_values_in_Float32,-9999,Float32,1.0
NE_MAIZE,2024-01,2024-01-01,2024-02-01,NE_MAIZE_HLS_2024-01_g1_NDVI_FMASK_v1.tif,4,s0001_L30_20240108T022140000_FMASK,FMASK,2024-01-08T02:21:40.000Z,1704680500000,L30,NASA/HLS/HLSL30/v002/T51TXJ_20240108T022140,NASA/HLS/HLSL30/v002,B4,B5,Fmask,EPSG:32651,"[30,0,600000,0,-30,4900020]",false,false,false,false,(NIR-RED)/(NIR+RED); mask denominator=0; keep source masks,dimensionless; no further scale needed,exact_uint8_values_in_Float32,-9999,Float32,1.0
NE_MAIZE,2024-01,2024-01-01,2024-02-01,NE_MAIZE_HLS_2024-01_g1_NDVI_FMASK_v1.tif,5,s0002_S30_20240108T024109000_NDVI,NDVI,2024-01-08T02:41:09.000Z,1704681669000,S30,NASA/HLS/HLSS30/v002/T51TXJ_20240108T024109,NASA/HLS/HLSS30/v002,B4,B8A,Fmask,EPSG:32651,"[30,0,600000,0,-30,4900020]",false,false,false,false,(NIR-RED)/(NIR+RED); mask denominator=0; keep source masks,dimensionless; no further scale needed,exact_uint8_values_in_Float32,-9999,Float32,1.0
NE_MAIZE,2024-01,2024-01-01,2024-02-01,NE_MAIZE_HLS_2024-01_g1_NDVI_FMASK_v1.tif,6,s0002_S30_20240108T024109000_FMASK,FMASK,2024-01-08T02:41:09.000Z,1704681669000,S30,NASA/HLS/HLSS30/v002/T51TXJ_20240108T024109,NASA/HLS/HLSS30/v002,B4,B8A,Fmask,EPSG:32651,"[30,0,600000,0,-30,4900020]",false,false,false,false,(NIR-RED)/(NIR+RED); mask denominator=0; keep source masks,dimensionless; no further scale needed,exact_uint8_values_in_Float32,-9999,Float32,1.0
NE_MAIZE,2024-01,2024-01-01,2024-02-01,NE_MAIZE_HLS_2024-01_g1_NDVI_FMASK_v1.tif,7,s0003_S30_20240113T024051000_NDVI,NDVI,2024-01-13T02:40:51.000Z,1705113651000,S30,NASA/HLS/HLSS30/v002/T51TXJ_20240113T024051,NASA/HLS/HLSS30/v002,B4,B8A,Fmask,EPSG:32651,"[30,0,600000,0,-30,4900020]",false,false,false,false,(NIR-RED)/(NIR+RED); mask denominator=0; keep source masks,dimensionless; no further scale needed,exact_uint8_values_in_Float32,-9999,Float32,1.0
NE_MAIZE,2024-01,2024-01-01,2024-02-01,NE_MAIZE_HLS_2024-01_g1_NDVI_FMASK_v1.tif,8,s0003_S30_20240113T024051000_FMASK,FMASK,2024-01-13T02:40:51.000Z,1705113651000,S30,NASA/HLS/HLSS30/v002/T51TXJ_20240113T024051,NASA/HLS/HLSS30/v002,B4,B8A,Fmask,EPSG:32651,"[30,0,600000,0,-30,4900020]",false,false,false,false,(NIR-RED)/(NIR+RED); mask denominator=0; keep source masks,dimensionless; no further scale needed,exact_uint8_values_in_Float32,-9999,Float32,1.0
NE_MAIZE,2024-01,2024-01-01,2024-02-01,NE_MAIZE_HLS_2024-01_g1_NDVI_FMASK_v1.tif,9,s0004_L30_20240116T022132000_NDVI,NDVI,2024-01-16T02:21:32.000Z,1705371692000,L30,NASA/HLS/HLSL30/v002/T51TXJ_20240116T022132,NASA/HLS/HLSL30/v002,B4,B5,Fmask,EPSG:32651,"[30,0,600000,0,-30,4900020]",false,false,false,false,(NIR-RED)/(NIR+RED); mask denominator=0; keep source masks,dimensionless; no further scale needed,exact_uint8_values_in_Float32,-9999,Float32,1.0
NE_MAIZE,2024-01,2024-01-01,2024-02-01,NE_MAIZE_HLS_2024-01_g1_NDVI_FMASK_v1.tif,10,s0004_L30_20240116T022132000_FMASK,FMASK,2024-01-16T02:21:32.000Z,1705371692000,L30,NASA/HLS/HLSL30/v002/T51TXJ_20240116T022132,NASA/HLS/HLSL30/v002,B4,B5,Fmask,EPSG:32651,"[30,0,600000,0,-30,4900020]",false,false,false,false,(NIR-RED)/(NIR+RED); mask denominator=0; keep source masks,dimensionless; no further scale needed,exact_uint8_values_in_Float32,-9999,Float32,1.0
NE_MAIZE,2024-01,2024-01-01,2024-02-01,NE_MAIZE_HLS_2024-01_g1_NDVI_FMASK_v1.tif,11,s0005_S30_20240118T024029000_NDVI,NDVI,2024-01-18T02:40:29.000Z,1705545629000,S30,NASA/HLS/HLSS30/v002/T51TXJ_20240118T024029,NASA/HLS/HLSS30/v002,B4,B8A,Fmask,EPSG:32651,"[30,0,600000,0,-30,4900020]",false,false,false,false,(NIR-RED)/(NIR+RED); mask denominator=0; keep source masks,dimensionless; no further scale needed,exact_uint8_values_in_Float32,-9999,Float32,1.0
NE_MAIZE,2024-01,2024-01-01,2024-02-01,NE_MAIZE_HLS_2024-01_g1_NDVI_FMASK_v1.tif,12,s0005_S30_20240118T024029000_FMASK,FMASK,2024-01-18T02:40:29.000Z,1705545629000,S30,NASA/HLS/HLSS30/v002/T51TXJ_20240118T024029,NASA/HLS/HLSS30/v002,B4,B8A,Fmask,EPSG:32651,"[30,0,600000,0,-30,4900020]",false,false,false,false,(NIR-RED)/(NIR+RED); mask denominator=0; keep source masks,dimensionless; no further scale needed,exact_uint8_values_in_Float32,-9999,Float32,1.0
NE_MAIZE,2024-01,2024-01-01,2024-02-01,NE_MAIZE_HLS_2024-01_g1_NDVI_FMASK_v1.tif,13,s0006_L30_20240123T022739000_NDVI,NDVI,2024-01-23T02:27:39.000Z,1705976859000,L30,NASA/HLS/HLSL30/v002/T51TXJ_20240123T022739,NASA/HLS/HLSL30/v002,B4,B5,Fmask,EPSG:32651,"[30,0,600000,0,-30,4900020]",false,false,false,false,(NIR-RED)/(NIR+RED); mask denominator=0; keep source masks,dimensionless; no further scale needed,exact_uint8_values_in_Float32,-9999,Float32,1.0
NE_MAIZE,2024-01,2024-01-01,2024-02-01,NE_MAIZE_HLS_2024-01_g1_NDVI_FMASK_v1.tif,14,s0006_L30_20240123T022739000_FMASK,FMASK,2024-01-23T02:27:39.000Z,1705976859000,L30,NASA/HLS/HLSL30/v002/T51TXJ_20240123T022739,NASA/HLS/HLSL30/v002,B4,B5,Fmask,EPSG:32651,"[30,0,600000,0,-30,4900020]",false,false,false,false,(NIR-RED)/(NIR+RED); mask denominator=0; keep source masks,dimensionless; no further scale needed,exact_uint8_values_in_Float32,-9999,Float32,1.0
NE_MAIZE,2024-01,2024-01-01,2024-02-01,NE_MAIZE_HLS_2024-01_g1_NDVI_FMASK_v1.tif,15,s0007_L30_20240124T022137000_NDVI,NDVI,2024-01-24T02:21:37.000Z,1706062897000,L30,NASA/HLS/HLSL30/v002/T51TXJ_20240124T022137,NASA/HLS/HLSL30/v002,B4,B5,Fmask,EPSG:32651,"[30,0,600000,0,-30,4900020]",false,false,false,false,(NIR-RED)/(NIR+RED); mask denominator=0; keep source masks,dimensionless; no further scale needed,exact_uint8_values_in_Float32,-9999,Float32,1.0
NE_MAIZE,2024-01,2024-01-01,2024-02-01,NE_MAIZE_HLS_2024-01_g1_NDVI_FMASK_v1.tif,16,s0007_L30_20240124T022137000_FMASK,FMASK,2024-01-24T02:21:37.000Z,1706062897000,L30,NASA/HLS/HLSL30/v002/T51TXJ_20240124T022137,NASA/HLS/HLSL30/v002,B4,B5,Fmask,EPSG:32651,"[30,0,600000,0,-30,4900020]",false,false,false,false,(NIR-RED)/(NIR+RED); mask denominator=0; keep source masks,dimensionless; no further scale needed,exact_uint8_values_in_Float32,-9999,Float32,1.0
NE_MAIZE,2024-01,2024-01-01,2024-02-01,NE_MAIZE_HLS_2024-01_g1_NDVI_FMASK_v1.tif,17,s0008_S30_20240128T023949000_NDVI,NDVI,2024-01-28T02:39:49.000Z,1706409589000,S30,NASA/HLS/HLSS30/v002/T51TXJ_20240128T023949,NASA/HLS/HLSS30/v002,B4,B8A,Fmask,EPSG:32651,"[30,0,600000,0,-30,4900020]",false,false,false,false,(NIR-RED)/(NIR+RED); mask denominator=0; keep source masks,dimensionless; no further scale needed,exact_uint8_values_in_Float32,-9999,Float32,1.0
NE_MAIZE,2024-01,2024-01-01,2024-02-01,NE_MAIZE_HLS_2024-01_g1_NDVI_FMASK_v1.tif,18,s0008_S30_20240128T023949000_FMASK,FMASK,2024-01-28T02:39:49.000Z,1706409589000,S30,NASA/HLS/HLSS30/v002/T51TXJ_20240128T023949,NASA/HLS/HLSS30/v002,B4,B8A,Fmask,EPSG:32651,"[30,0,600000,0,-30,4900020]",false,false,false,false,(NIR-RED)/(NIR+RED); mask denominator=0; keep source masks,dimensionless; no further scale needed,exact_uint8_values_in_Float32,-9999,Float32,1.0
NE_MAIZE,2024-01,2024-01-01,2024-02-01,NE_MAIZE_HLS_2024-01_g1_NDVI_FMASK_v1.tif,19,s0009_L30_20240131T022753000_NDVI,NDVI,2024-01-31T02:27:53.000Z,1706668073000,L30,NASA/HLS/HLSL30/v002/T51TXJ_20240131T022753,NASA/HLS/HLSL30/v002,B4,B5,Fmask,EPSG:32651,"[30,0,600000,0,-30,4900020]",false,false,false,false,(NIR-RED)/(NIR+RED); mask denominator=0; keep source masks,dimensionless; no further scale needed,exact_uint8_values_in_Float32,-9999,Float32,1.0
NE_MAIZE,2024-01,2024-01-01,2024-02-01,NE_MAIZE_HLS_2024-01_g1_NDVI_FMASK_v1.tif,20,s0009_L30_20240131T022753000_FMASK,FMASK,2024-01-31T02:27:53.000Z,1706668073000,L30,NASA/HLS/HLSL30/v002/T51TXJ_20240131T022753,NASA/HLS/HLSL30/v002,B4,B5,Fmask,EPSG:32651,"[30,0,600000,0,-30,4900020]",false,false,false,false,(NIR-RED)/(NIR+RED); mask denominator=0; keep source masks,dimensionless; no further scale needed,exact_uint8_values_in_Float32,-9999,Float32,1.0
NE_MAIZE,2024-02,2024-02-01,2024-03-01,NE_MAIZE_HLS_2024-02_g1_NDVI_FMASK_v1.tif,1,s0000_L30_20240201T022129000_NDVI,NDVI,2024-02-01T02:21:29.000Z,1706754089000,L30,NASA/HLS/HLSL30/v002/T51TXJ_20240201T022129,NASA/HLS/HLSL30/v002,B4,B5,Fmask,EPSG:32651,"[30,0,600000,0,-30,4900020]",false,false,false,false,(NIR-RED)/(NIR+RED); mask denominator=0; keep source masks,dimensionless; no further scale needed,exact_uint8_values_in_Float32,-9999,Float32,1.0
NE_MAIZE,2024-02,2024-02-01,2024-03-01,NE_MAIZE_HLS_2024-02_g1_NDVI_FMASK_v1.tif,2,s0000_L30_20240201T022129000_FMASK,FMASK,2024-02-01T02:21:29.000Z,1706754089000,L30,NASA/HLS/HLSL30/v002/T51TXJ_20240201T022129,NASA/HLS/HLSL30/v002,B4,B5,Fmask,EPSG:32651,"[30,0,600000,0,-30,4900020]",false,false,false,false,(NIR-RED)/(NIR+RED); mask denominator=0; keep source masks,dimensionless; no further scale needed,exact_uint8_values_in_Float32,-9999,Float32,1.0
NE_MAIZE,2024-02,2024-02-01,2024-03-01,NE_MAIZE_HLS_2024-02_g1_NDVI_FMASK_v1.tif,3,s0001_S30_20240202T023921000_NDVI,NDVI,2024-02-02T02:39:21.000Z,1706841561000,S30,NASA/HLS/HLSS30/v002/T51TXJ_20240202T023921,NASA/HLS/HLSS30/v002,B4,B8A,Fmask,EPSG:32651,"[30,0,600000,0,-30,4900020]",false,false,false,false,(NIR-RED)/(NIR+RED); mask denominator=0; keep source masks,dimensionless; no further scale needed,exact_uint8_values_in_Float32,-9999,Float32,1.0
NE_MAIZE,2024-02,2024-02-01,2024-03-01,NE_MAIZE_HLS_2024-02_g1_NDVI_FMASK_v1.tif,4,s0001_S30_20240202T023921000_FMASK,FMASK,2024-02-02T02:39:21.000Z,1706841561000,S30,NASA/HLS/HLSS30/v002/T51TXJ_20240202T023921,NASA/HLS/HLSS30/v002,B4,B8A,Fmask,EPSG:32651,"[30,0,600000,0,-30,4900020]",false,false,false,false,(NIR-RED)/(NIR+RED); mask denominator=0; keep source masks,dimensionless; no further scale needed,exact_uint8_values_in_Float32,-9999,Float32,1.0
NE_MAIZE,2024-02,2024-02-01,2024-03-01,NE_MAIZE_HLS_2024-02_g1_NDVI_FMASK_v1.tif,5,s0002_L30_20240208T022742000_NDVI,NDVI,2024-02-08T02:27:42.000Z,1707359262000,L30,NASA/HLS/HLSL30/v002/T51TXJ_20240208T022742,NASA/HLS/HLSL30/v002,B4,B5,Fmask,EPSG:32651,"[30,0,600000,0,-30,4900020]",false,false,false,false,(NIR-RED)/(NIR+RED); mask denominator=0; keep source masks,dimensionless; no further scale needed,exact_uint8_values_in_Float32,-9999,Float32,1.0
NE_MAIZE,2024-02,2024-02-01,2024-03-01,NE_MAIZE_HLS_2024-02_g1_NDVI_FMASK_v1.tif,6,s0002_L30_20240208T022742000_FMASK,FMASK,2024-02-08T02:27:42.000Z,1707359262000,L30,NASA/HLS/HLSL30/v002/T51TXJ_20240208T022742,NASA/HLS/HLSL30/v002,B4,B5,Fmask,EPSG:32651,"[30,0,600000,0,-30,4900020]",false,false,false,false,(NIR-RED)/(NIR+RED); mask denominator=0; keep source masks,dimensionless; no further scale needed,exact_uint8_values_in_Float32,-9999,Float32,1.0
NE_MAIZE,2024-02,2024-02-01,2024-03-01,NE_MAIZE_HLS_2024-02_g1_NDVI_FMASK_v1.tif,7,s0003_L30_20240209T022144000_NDVI,NDVI,2024-02-09T02:21:44.000Z,1707445304000,L30,NASA/HLS/HLSL30/v002/T51TXJ_20240209T022144,NASA/HLS/HLSL30/v002,B4,B5,Fmask,EPSG:32651,"[30,0,600000,0,-30,4900020]",false,false,false,false,(NIR-RED)/(NIR+RED); mask denominator=0; keep source masks,dimensionless; no further scale needed,exact_uint8_values_in_Float32,-9999,Float32,1.0
NE_MAIZE,2024-02,2024-02-01,2024-03-01,NE_MAIZE_HLS_2024-02_g1_NDVI_FMASK_v1.tif,8,s0003_L30_20240209T022144000_FMASK,FMASK,2024-02-09T02:21:44.000Z,1707445304000,L30,NASA/HLS/HLSL30/v002/T51TXJ_20240209T022144,NASA/HLS/HLSL30/v002,B4,B5,Fmask,EPSG:32651,"[30,0,600000,0,-30,4900020]",false,false,false,false,(NIR-RED)/(NIR+RED); mask denominator=0; keep source masks,dimensionless; no further scale needed,exact_uint8_values_in_Float32,-9999,Float32,1.0
NE_MAIZE,2024-02,2024-02-01,2024-03-01,NE_MAIZE_HLS_2024-02_g1_NDVI_FMASK_v1.tif,9,s0004_S30_20240212T023831000_NDVI,NDVI,2024-02-12T02:38:31.000Z,1707705511000,S30,NASA/HLS/HLSS30/v002/T51TXJ_20240212T023831,NASA/HLS/HLSS30/v002,B4,B8A,Fmask,EPSG:32651,"[30,0,600000,0,-30,4900020]",false,false,false,false,(NIR-RED)/(NIR+RED); mask denominator=0; keep source masks,dimensionless; no further scale needed,exact_uint8_values_in_Float32,-9999,Float32,1.0
NE_MAIZE,2024-02,2024-02-01,2024-03-01,NE_MAIZE_HLS_2024-02_g1_NDVI_FMASK_v1.tif,10,s0004_S30_20240212T023831000_FMASK,FMASK,2024-02-12T02:38:31.000Z,1707705511000,S30,NASA/HLS/HLSS30/v002/T51TXJ_20240212T023831,NASA/HLS/HLSS30/v002,B4,B8A,Fmask,EPSG:32651,"[30,0,600000,0,-30,4900020]",false,false,false,false,(NIR-RED)/(NIR+RED); mask denominator=0; keep source masks,dimensionless; no further scale needed,exact_uint8_values_in_Float32,-9999,Float32,1.0
NE_MAIZE,2024-02,2024-02-01,2024-03-01,NE_MAIZE_HLS_2024-02_g1_NDVI_FMASK_v1.tif,11,s0005_L30_20240216T022750000_NDVI,NDVI,2024-02-16T02:27:50.000Z,1708050470000,L30,NASA/HLS/HLSL30/v002/T51TXJ_20240216T022750,NASA/HLS/HLSL30/v002,B4,B5,Fmask,EPSG:32651,"[30,0,600000,0,-30,4900020]",false,false,false,false,(NIR-RED)/(NIR+RED); mask denominator=0; keep source masks,dimensionless; no further scale needed,exact_uint8_values_in_Float32,-9999,Float32,1.0
NE_MAIZE,2024-02,2024-02-01,2024-03-01,NE_MAIZE_HLS_2024-02_g1_NDVI_FMASK_v1.tif,12,s0005_L30_20240216T022750000_FMASK,FMASK,2024-02-16T02:27:50.000Z,1708050470000,L30,NASA/HLS/HLSL30/v002/T51TXJ_20240216T022750,NASA/HLS/HLSL30/v002,B4,B5,Fmask,EPSG:32651,"[30,0,600000,0,-30,4900020]",false,false,false,false,(NIR-RED)/(NIR+RED); mask denominator=0; keep source masks,dimensionless; no further scale needed,exact_uint8_values_in_Float32,-9999,Float32,1.0
NE_MAIZE,2024-02,2024-02-01,2024-03-01,NE_MAIZE_HLS_2024-02_g1_NDVI_FMASK_v1.tif,13,s0006_L30_20240217T022129000_NDVI,NDVI,2024-02-17T02:21:29.000Z,1708136489000,L30,NASA/HLS/HLSL30/v002/T51TXJ_20240217T022129,NASA/HLS/HLSL30/v002,B4,B5,Fmask,EPSG:32651,"[30,0,600000,0,-30,4900020]",false,false,false,false,(NIR-RED)/(NIR+RED); mask denominator=0; keep source masks,dimensionless; no further scale needed,exact_uint8_values_in_Float32,-9999,Float32,1.0
NE_MAIZE,2024-02,2024-02-01,2024-03-01,NE_MAIZE_HLS_2024-02_g1_NDVI_FMASK_v1.tif,14,s0006_L30_20240217T022129000_FMASK,FMASK,2024-02-17T02:21:29.000Z,1708136489000,L30,NASA/HLS/HLSL30/v002/T51TXJ_20240217T022129,NASA/HLS/HLSL30/v002,B4,B5,Fmask,EPSG:32651,"[30,0,600000,0,-30,4900020]",false,false,false,false,(NIR-RED)/(NIR+RED); mask denominator=0; keep source masks,dimensionless; no further scale needed,exact_uint8_values_in_Float32,-9999,Float32,1.0
NE_MAIZE,2024-02,2024-02-01,2024-03-01,NE_MAIZE_HLS_2024-02_g1_NDVI_FMASK_v1.tif,15,s0007_L30_20240225T022131000_NDVI,NDVI,2024-02-25T02:21:31.000Z,1708827691000,L30,NASA/HLS/HLSL30/v002/T51TXJ_20240225T022131,NASA/HLS/HLSL30/v002,B4,B5,Fmask,EPSG:32651,"[30,0,600000,0,-30,4900020]",false,false,false,false,(NIR-RED)/(NIR+RED); mask denominator=0; keep source masks,dimensionless; no further scale needed,exact_uint8_values_in_Float32,-9999,Float32,1.0
NE_MAIZE,2024-02,2024-02-01,2024-03-01,NE_MAIZE_HLS_2024-02_g1_NDVI_FMASK_v1.tif,16,s0007_L30_20240225T022131000_FMASK,FMASK,2024-02-25T02:21:31.000Z,1708827691000,L30,NASA/HLS/HLSL30/v002/T51TXJ_20240225T022131,NASA/HLS/HLSL30/v002,B4,B5,Fmask,EPSG:32651,"[30,0,600000,0,-30,4900020]",false,false,false,false,(NIR-RED)/(NIR+RED); mask denominator=0; keep source masks,dimensionless; no further scale needed,exact_uint8_values_in_Float32,-9999,Float32,1.0
NE_MAIZE,2024-03,2024-03-01,2024-04-01,NE_MAIZE_HLS_2024-03_g1_NDVI_FMASK_v1.tif,1,s0000_S30_20240303T023611000_NDVI,NDVI,2024-03-03T02:36:11.000Z,1709433371000,S30,NASA/HLS/HLSS30/v002/T51TXJ_20240303T023611,NASA/HLS/HLSS30/v002,B4,B8A,Fmask,EPSG:32651,"[30,0,600000,0,-30,4900020]",false,false,false,false,(NIR-RED)/(NIR+RED); mask denominator=0; keep source masks,dimensionless; no further scale needed,exact_uint8_values_in_Float32,-9999,Float32,1.0
NE_MAIZE,2024-03,2024-03-01,2024-04-01,NE_MAIZE_HLS_2024-03_g1_NDVI_FMASK_v1.tif,2,s0000_S30_20240303T023611000_FMASK,FMASK,2024-03-03T02:36:11.000Z,1709433371000,S30,NASA/HLS/HLSS30/v002/T51TXJ_20240303T023611,NASA/HLS/HLSS30/v002,B4,B8A,Fmask,EPSG:32651,"[30,0,600000,0,-30,4900020]",false,false,false,false,(NIR-RED)/(NIR+RED); mask denominator=0; keep source masks,dimensionless; no further scale needed,exact_uint8_values_in_Float32,-9999,Float32,1.0
NE_MAIZE,2024-03,2024-03-01,2024-04-01,NE_MAIZE_HLS_2024-03_g1_NDVI_FMASK_v1.tif,3,s0001_S30_20240308T023529000_NDVI,NDVI,2024-03-08T02:35:29.000Z,1709865329000,S30,NASA/HLS/HLSS30/v002/T51TXJ_20240308T023529,NASA/HLS/HLSS30/v002,B4,B8A,Fmask,EPSG:32651,"[30,0,600000,0,-30,4900020]",false,false,false,false,(NIR-RED)/(NIR+RED); mask denominator=0; keep source masks,dimensionless; no further scale needed,exact_uint8_values_in_Float32,-9999,Float32,1.0
NE_MAIZE,2024-03,2024-03-01,2024-04-01,NE_MAIZE_HLS_2024-03_g1_NDVI_FMASK_v1.tif,4,s0001_S30_20240308T023529000_FMASK,FMASK,2024-03-08T02:35:29.000Z,1709865329000,S30,NASA/HLS/HLSS30/v002/T51TXJ_20240308T023529,NASA/HLS/HLSS30/v002,B4,B8A,Fmask,EPSG:32651,"[30,0,600000,0,-30,4900020]",false,false,false,false,(NIR-RED)/(NIR+RED); mask denominator=0; keep source masks,dimensionless; no further scale needed,exact_uint8_values_in_Float32,-9999,Float32,1.0
NE_MAIZE,2024-03,2024-03-01,2024-04-01,NE_MAIZE_HLS_2024-03_g1_NDVI_FMASK_v1.tif,5,s0002_L30_20240311T022727000_NDVI,NDVI,2024-03-11T02:27:27.000Z,1710124047000,L30,NASA/HLS/HLSL30/v002/T51TXJ_20240311T022727,NASA/HLS/HLSL30/v002,B4,B5,Fmask,EPSG:32651,"[30,0,600000,0,-30,4900020]",false,false,false,false,(NIR-RED)/(NIR+RED); mask denominator=0; keep source masks,dimensionless; no further scale needed,exact_uint8_values_in_Float32,-9999,Float32,1.0
NE_MAIZE,2024-03,2024-03-01,2024-04-01,NE_MAIZE_HLS_2024-03_g1_NDVI_FMASK_v1.tif,6,s0002_L30_20240311T022727000_FMASK,FMASK,2024-03-11T02:27:27.000Z,1710124047000,L30,NASA/HLS/HLSL30/v002/T51TXJ_20240311T022727,NASA/HLS/HLSL30/v002,B4,B5,Fmask,EPSG:32651,"[30,0,600000,0,-30,4900020]",false,false,false,false,(NIR-RED)/(NIR+RED); mask denominator=0; keep source masks,dimensionless; no further scale needed,exact_uint8_values_in_Float32,-9999,Float32,1.0
NE_MAIZE,2024-03,2024-03-01,2024-04-01,NE_MAIZE_HLS_2024-03_g1_NDVI_FMASK_v1.tif,7,s0003_L30_20240312T022135000_NDVI,NDVI,2024-03-12T02:21:35.000Z,1710210095000,L30,NASA/HLS/HLSL30/v002/T51TXJ_20240312T022135,NASA/HLS/HLSL30/v002,B4,B5,Fmask,EPSG:32651,"[30,0,600000,0,-30,4900020]",false,false,false,false,(NIR-RED)/(NIR+RED); mask denominator=0; keep source masks,dimensionless; no further scale needed,exact_uint8_values_in_Float32,-9999,Float32,1.0
NE_MAIZE,2024-03,2024-03-01,2024-04-01,NE_MAIZE_HLS_2024-03_g1_NDVI_FMASK_v1.tif,8,s0003_L30_20240312T022135000_FMASK,FMASK,2024-03-12T02:21:35.000Z,1710210095000,L30,NASA/HLS/HLSL30/v002/T51TXJ_20240312T022135,NASA/HLS/HLSL30/v002,B4,B5,Fmask,EPSG:32651,"[30,0,600000,0,-30,4900020]",false,false,false,false,(NIR-RED)/(NIR+RED); mask denominator=0; keep source masks,dimensionless; no further scale needed,exact_uint8_values_in_Float32,-9999,Float32,1.0
NE_MAIZE,2024-03,2024-03-01,2024-04-01,NE_MAIZE_HLS_2024-03_g1_NDVI_FMASK_v1.tif,9,s0004_S30_20240313T023531000_NDVI,NDVI,2024-03-13T02:35:31.000Z,1710297331000,S30,NASA/HLS/HLSS30/v002/T51TXJ_20240313T023531,NASA/HLS/HLSS30/v002,B4,B8A,Fmask,EPSG:32651,"[30,0,600000,0,-30,4900020]",false,false,false,false,(NIR-RED)/(NIR+RED); mask denominator=0; keep source masks,dimensionless; no further scale needed,exact_uint8_values_in_Float32,-9999,Float32,1.0
NE_MAIZE,2024-03,2024-03-01,2024-04-01,NE_MAIZE_HLS_2024-03_g1_NDVI_FMASK_v1.tif,10,s0004_S30_20240313T023531000_FMASK,FMASK,2024-03-13T02:35:31.000Z,1710297331000,S30,NASA/HLS/HLSS30/v002/T51TXJ_20240313T023531,NASA/HLS/HLSS30/v002,B4,B8A,Fmask,EPSG:32651,"[30,0,600000,0,-30,4900020]",false,false,false,false,(NIR-RED)/(NIR+RED); mask denominator=0; keep source masks,dimensionless; no further scale needed,exact_uint8_values_in_Float32,-9999,Float32,1.0
NE_MAIZE,2024-03,2024-03-01,2024-04-01,NE_MAIZE_HLS_2024-03_g1_NDVI_FMASK_v1.tif,11,s0005_S30_20240318T023529000_NDVI,NDVI,2024-03-18T02:35:29.000Z,1710729329000,S30,NASA/HLS/HLSS30/v002/T51TXJ_20240318T023529,NASA/HLS/HLSS30/v002,B4,B8A,Fmask,EPSG:32651,"[30,0,600000,0,-30,4900020]",false,false,false,false,(NIR-RED)/(NIR+RED); mask denominator=0; keep source masks,dimensionless; no further scale needed,exact_uint8_values_in_Float32,-9999,Float32,1.0
NE_MAIZE,2024-03,2024-03-01,2024-04-01,NE_MAIZE_HLS_2024-03_g1_NDVI_FMASK_v1.tif,12,s0005_S30_20240318T023529000_FMASK,FMASK,2024-03-18T02:35:29.000Z,1710729329000,S30,NASA/HLS/HLSS30/v002/T51TXJ_20240318T023529,NASA/HLS/HLSS30/v002,B4,B8A,Fmask,EPSG:32651,"[30,0,600000,0,-30,4900020]",false,false,false,false,(NIR-RED)/(NIR+RED); mask denominator=0; keep source masks,dimensionless; no further scale needed,exact_uint8_values_in_Float32,-9999,Float32,1.0
NE_MAIZE,2024-03,2024-03-01,2024-04-01,NE_MAIZE_HLS_2024-03_g1_NDVI_FMASK_v1.tif,13,s0006_L30_20240320T022111000_NDVI,NDVI,2024-03-20T02:21:11.000Z,1710901271000,L30,NASA/HLS/HLSL30/v002/T51TXJ_20240320T022111,NASA/HLS/HLSL30/v002,B4,B5,Fmask,EPSG:32651,"[30,0,600000,0,-30,4900020]",false,false,false,false,(NIR-RED)/(NIR+RED); mask denominator=0; keep source masks,dimensionless; no further scale needed,exact_uint8_values_in_Float32,-9999,Float32,1.0
NE_MAIZE,2024-03,2024-03-01,2024-04-01,NE_MAIZE_HLS_2024-03_g1_NDVI_FMASK_v1.tif,14,s0006_L30_20240320T022111000_FMASK,FMASK,2024-03-20T02:21:11.000Z,1710901271000,L30,NASA/HLS/HLSL30/v002/T51TXJ_20240320T022111,NASA/HLS/HLSL30/v002,B4,B5,Fmask,EPSG:32651,"[30,0,600000,0,-30,4900020]",false,false,false,false,(NIR-RED)/(NIR+RED); mask denominator=0; keep source masks,dimensionless; no further scale needed,exact_uint8_values_in_Float32,-9999,Float32,1.0
NE_MAIZE,2024-03,2024-03-01,2024-04-01,NE_MAIZE_HLS_2024-03_g1_NDVI_FMASK_v1.tif,15,s0007_S30_20240323T023531000_NDVI,NDVI,2024-03-23T02:35:31.000Z,1711161331000,S30,NASA/HLS/HLSS30/v002/T51TXJ_20240323T023531,NASA/HLS/HLSS30/v002,B4,B8A,Fmask,EPSG:32651,"[30,0,600000,0,-30,4900020]",false,false,false,false,(NIR-RED)/(NIR+RED); mask denominator=0; keep source masks,dimensionless; no further scale needed,exact_uint8_values_in_Float32,-9999,Float32,1.0
NE_MAIZE,2024-03,2024-03-01,2024-04-01,NE_MAIZE_HLS_2024-03_g1_NDVI_FMASK_v1.tif,16,s0007_S30_20240323T023531000_FMASK,FMASK,2024-03-23T02:35:31.000Z,1711161331000,S30,NASA/HLS/HLSS30/v002/T51TXJ_20240323T023531,NASA/HLS/HLSS30/v002,B4,B8A,Fmask,EPSG:32651,"[30,0,600000,0,-30,4900020]",false,false,false,false,(NIR-RED)/(NIR+RED); mask denominator=0; keep source masks,dimensionless; no further scale needed,exact_uint8_values_in_Float32,-9999,Float32,1.0
NE_MAIZE,2024-03,2024-03-01,2024-04-01,NE_MAIZE_HLS_2024-03_g1_NDVI_FMASK_v1.tif,17,s0008_L30_20240327T022712000_NDVI,NDVI,2024-03-27T02:27:12.000Z,1711506432000,L30,NASA/HLS/HLSL30/v002/T51TXJ_20240327T022712,NASA/HLS/HLSL30/v002,B4,B5,Fmask,EPSG:32651,"[30,0,600000,0,-30,4900020]",false,false,false,false,(NIR-RED)/(NIR+RED); mask denominator=0; keep source masks,dimensionless; no further scale needed,exact_uint8_values_in_Float32,-9999,Float32,1.0
NE_MAIZE,2024-03,2024-03-01,2024-04-01,NE_MAIZE_HLS_2024-03_g1_NDVI_FMASK_v1.tif,18,s0008_L30_20240327T022712000_FMASK,FMASK,2024-03-27T02:27:12.000Z,1711506432000,L30,NASA/HLS/HLSL30/v002/T51TXJ_20240327T022712,NASA/HLS/HLSL30/v002,B4,B5,Fmask,EPSG:32651,"[30,0,600000,0,-30,4900020]",false,false,false,false,(NIR-RED)/(NIR+RED); mask denominator=0; keep source masks,dimensionless; no further scale needed,exact_uint8_values_in_Float32,-9999,Float32,1.0
NE_MAIZE,2024-03,2024-03-01,2024-04-01,NE_MAIZE_HLS_2024-03_g1_NDVI_FMASK_v1.tif,19,s0009_L30_20240328T022126000_NDVI,NDVI,2024-03-28T02:21:26.000Z,1711592486000,L30,NASA/HLS/HLSL30/v002/T51TXJ_20240328T022126,NASA/HLS/HLSL30/v002,B4,B5,Fmask,EPSG:32651,"[30,0,600000,0,-30,4900020]",false,false,false,false,(NIR-RED)/(NIR+RED); mask denominator=0; keep source masks,dimensionless; no further scale needed,exact_uint8_values_in_Float32,-9999,Float32,1.0
NE_MAIZE,2024-03,2024-03-01,2024-04-01,NE_MAIZE_HLS_2024-03_g1_NDVI_FMASK_v1.tif,20,s0009_L30_20240328T022126000_FMASK,FMASK,2024-03-28T02:21:26.000Z,1711592486000,L30,NASA/HLS/HLSL30/v002/T51TXJ_20240328T022126,NASA/HLS/HLSL30/v002,B4,B5,Fmask,EPSG:32651,"[30,0,600000,0,-30,4900020]",false,false,false,false,(NIR-RED)/(NIR+RED); mask denominator=0; keep source masks,dimensionless; no further scale needed,exact_uint8_values_in_Float32,-9999,Float32,1.0
NE_MAIZE,2024-03,2024-03-01,2024-04-01,NE_MAIZE_HLS_2024-03_g1_NDVI_FMASK_v1.tif,21,s0010_S30_20240328T023529000_NDVI,NDVI,2024-03-28T02:35:29.000Z,1711593329000,S30,NASA/HLS/HLSS30/v002/T51TXJ_20240328T023529,NASA/HLS/HLSS30/v002,B4,B8A,Fmask,EPSG:32651,"[30,0,600000,0,-30,4900020]",false,false,false,false,(NIR-RED)/(NIR+RED); mask denominator=0; keep source masks,dimensionless; no further scale needed,exact_uint8_values_in_Float32,-9999,Float32,1.0
NE_MAIZE,2024-03,2024-03-01,2024-04-01,NE_MAIZE_HLS_2024-03_g1_NDVI_FMASK_v1.tif,22,s0010_S30_20240328T023529000_FMASK,FMASK,2024-03-28T02:35:29.000Z,1711593329000,S30,NASA/HLS/HLSS30/v002/T51TXJ_20240328T023529,NASA/HLS/HLSS30/v002,B4,B8A,Fmask,EPSG:32651,"[30,0,600000,0,-30,4900020]",false,false,false,false,(NIR-RED)/(NIR+RED); mask denominator=0; keep source masks,dimensionless; no further scale needed,exact_uint8_values_in_Float32,-9999,Float32,1.0
NE_MAIZE,2024-04,2024-04-01,2024-05-01,NE_MAIZE_HLS_2024-04_g1_NDVI_FMASK_v1.tif,1,s0000_S30_20240402T023531000_NDVI,NDVI,2024-04-02T02:35:31.000Z,1712025331000,S30,NASA/HLS/HLSS30/v002/T51TXJ_20240402T023531,NASA/HLS/HLSS30/v002,B4,B8A,Fmask,EPSG:32651,"[30,0,600000,0,-30,4900020]",false,false,false,false,(NIR-RED)/(NIR+RED); mask denominator=0; keep source masks,dimensionless; no further scale needed,exact_uint8_values_in_Float32,-9999,Float32,1.0
NE_MAIZE,2024-04,2024-04-01,2024-05-01,NE_MAIZE_HLS_2024-04_g1_NDVI_FMASK_v1.tif,2,s0000_S30_20240402T023531000_FMASK,FMASK,2024-04-02T02:35:31.000Z,1712025331000,S30,NASA/HLS/HLSS30/v002/T51TXJ_20240402T023531,NASA/HLS/HLSS30/v002,B4,B8A,Fmask,EPSG:32651,"[30,0,600000,0,-30,4900020]",false,false,false,false,(NIR-RED)/(NIR+RED); mask denominator=0; keep source masks,dimensionless; no further scale needed,exact_uint8_values_in_Float32,-9999,Float32,1.0
NE_MAIZE,2024-04,2024-04-01,2024-05-01,NE_MAIZE_HLS_2024-04_g1_NDVI_FMASK_v1.tif,3,s0001_L30_20240404T022736000_NDVI,NDVI,2024-04-04T02:27:36.000Z,1712197656000,L30,NASA/HLS/HLSL30/v002/T51TXJ_20240404T022736,NASA/HLS/HLSL30/v002,B4,B5,Fmask,EPSG:32651,"[30,0,600000,0,-30,4900020]",false,false,false,false,(NIR-RED)/(NIR+RED); mask denominator=0; keep source masks,dimensionless; no further scale needed,exact_uint8_values_in_Float32,-9999,Float32,1.0
NE_MAIZE,2024-04,2024-04-01,2024-05-01,NE_MAIZE_HLS_2024-04_g1_NDVI_FMASK_v1.tif,4,s0001_L30_20240404T022736000_FMASK,FMASK,2024-04-04T02:27:36.000Z,1712197656000,L30,NASA/HLS/HLSL30/v002/T51TXJ_20240404T022736,NASA/HLS/HLSL30/v002,B4,B5,Fmask,EPSG:32651,"[30,0,600000,0,-30,4900020]",false,false,false,false,(NIR-RED)/(NIR+RED); mask denominator=0; keep source masks,dimensionless; no further scale needed,exact_uint8_values_in_Float32,-9999,Float32,1.0
NE_MAIZE,2024-04,2024-04-01,2024-05-01,NE_MAIZE_HLS_2024-04_g1_NDVI_FMASK_v1.tif,5,s0002_L30_20240405T022102000_NDVI,NDVI,2024-04-05T02:21:02.000Z,1712283662000,L30,NASA/HLS/HLSL30/v002/T51TXJ_20240405T022102,NASA/HLS/HLSL30/v002,B4,B5,Fmask,EPSG:32651,"[30,0,600000,0,-30,4900020]",false,false,false,false,(NIR-RED)/(NIR+RED); mask denominator=0; keep source masks,dimensionless; no further scale needed,exact_uint8_values_in_Float32,-9999,Float32,1.0
NE_MAIZE,2024-04,2024-04-01,2024-05-01,NE_MAIZE_HLS_2024-04_g1_NDVI_FMASK_v1.tif,6,s0002_L30_20240405T022102000_FMASK,FMASK,2024-04-05T02:21:02.000Z,1712283662000,L30,NASA/HLS/HLSL30/v002/T51TXJ_20240405T022102,NASA/HLS/HLSL30/v002,B4,B5,Fmask,EPSG:32651,"[30,0,600000,0,-30,4900020]",false,false,false,false,(NIR-RED)/(NIR+RED); mask denominator=0; keep source masks,dimensionless; no further scale needed,exact_uint8_values_in_Float32,-9999,Float32,1.0
NE_MAIZE,2024-04,2024-04-01,2024-05-01,NE_MAIZE_HLS_2024-04_g1_NDVI_FMASK_v1.tif,7,s0003_S30_20240407T023529000_NDVI,NDVI,2024-04-07T02:35:29.000Z,1712457329000,S30,NASA/HLS/HLSS30/v002/T51TXJ_20240407T023529,NASA/HLS/HLSS30/v002,B4,B8A,Fmask,EPSG:32651,"[30,0,600000,0,-30,4900020]",false,false,false,false,(NIR-RED)/(NIR+RED); mask denominator=0; keep source masks,dimensionless; no further scale needed,exact_uint8_values_in_Float32,-9999,Float32,1.0
NE_MAIZE,2024-04,2024-04-01,2024-05-01,NE_MAIZE_HLS_2024-04_g1_NDVI_FMASK_v1.tif,8,s0003_S30_20240407T023529000_FMASK,FMASK,2024-04-07T02:35:29.000Z,1712457329000,S30,NASA/HLS/HLSS30/v002/T51TXJ_20240407T023529,NASA/HLS/HLSS30/v002,B4,B8A,Fmask,EPSG:32651,"[30,0,600000,0,-30,4900020]",false,false,false,false,(NIR-RED)/(NIR+RED); mask denominator=0; keep source masks,dimensionless; no further scale needed,exact_uint8_values_in_Float32,-9999,Float32,1.0
NE_MAIZE,2024-04,2024-04-01,2024-05-01,NE_MAIZE_HLS_2024-04_g1_NDVI_FMASK_v1.tif,9,s0004_L30_20240412T022710000_NDVI,NDVI,2024-04-12T02:27:10.000Z,1712888830000,L30,NASA/HLS/HLSL30/v002/T51TXJ_20240412T022710,NASA/HLS/HLSL30/v002,B4,B5,Fmask,EPSG:32651,"[30,0,600000,0,-30,4900020]",false,false,false,false,(NIR-RED)/(NIR+RED); mask denominator=0; keep source masks,dimensionless; no further scale needed,exact_uint8_values_in_Float32,-9999,Float32,1.0
NE_MAIZE,2024-04,2024-04-01,2024-05-01,NE_MAIZE_HLS_2024-04_g1_NDVI_FMASK_v1.tif,10,s0004_L30_20240412T022710000_FMASK,FMASK,2024-04-12T02:27:10.000Z,1712888830000,L30,NASA/HLS/HLSL30/v002/T51TXJ_20240412T022710,NASA/HLS/HLSL30/v002,B4,B5,Fmask,EPSG:32651,"[30,0,600000,0,-30,4900020]",false,false,false,false,(NIR-RED)/(NIR+RED); mask denominator=0; keep source masks,dimensionless; no further scale needed,exact_uint8_values_in_Float32,-9999,Float32,1.0
NE_MAIZE,2024-04,2024-04-01,2024-05-01,NE_MAIZE_HLS_2024-04_g1_NDVI_FMASK_v1.tif,11,s0005_S30_20240412T023531000_NDVI,NDVI,2024-04-12T02:35:31.000Z,1712889331000,S30,NASA/HLS/HLSS30/v002/T51TXJ_20240412T023531,NASA/HLS/HLSS30/v002,B4,B8A,Fmask,EPSG:32651,"[30,0,600000,0,-30,4900020]",false,false,false,false,(NIR-RED)/(NIR+RED); mask denominator=0; keep source masks,dimensionless; no further scale needed,exact_uint8_values_in_Float32,-9999,Float32,1.0
NE_MAIZE,2024-04,2024-04-01,2024-05-01,NE_MAIZE_HLS_2024-04_g1_NDVI_FMASK_v1.tif,12,s0005_S30_20240412T023531000_FMASK,FMASK,2024-04-12T02:35:31.000Z,1712889331000,S30,NASA/HLS/HLSS30/v002/T51TXJ_20240412T023531,NASA/HLS/HLSS30/v002,B4,B8A,Fmask,EPSG:32651,"[30,0,600000,0,-30,4900020]",false,false,false,false,(NIR-RED)/(NIR+RED); mask denominator=0; keep source masks,dimensionless; no further scale needed,exact_uint8_values_in_Float32,-9999,Float32,1.0
NE_MAIZE,2024-04,2024-04-01,2024-05-01,NE_MAIZE_HLS_2024-04_g1_NDVI_FMASK_v1.tif,13,s0006_L30_20240413T022120000_NDVI,NDVI,2024-04-13T02:21:20.000Z,1712974880000,L30,NASA/HLS/HLSL30/v002/T51TXJ_20240413T022120,NASA/HLS/HLSL30/v002,B4,B5,Fmask,EPSG:32651,"[30,0,600000,0,-30,4900020]",false,false,false,false,(NIR-RED)/(NIR+RED); mask denominator=0; keep source masks,dimensionless; no further scale needed,exact_uint8_values_in_Float32,-9999,Float32,1.0
NE_MAIZE,2024-04,2024-04-01,2024-05-01,NE_MAIZE_HLS_2024-04_g1_NDVI_FMASK_v1.tif,14,s0006_L30_20240413T022120000_FMASK,FMASK,2024-04-13T02:21:20.000Z,1712974880000,L30,NASA/HLS/HLSL30/v002/T51TXJ_20240413T022120,NASA/HLS/HLSL30/v002,B4,B5,Fmask,EPSG:32651,"[30,0,600000,0,-30,4900020]",false,false,false,false,(NIR-RED)/(NIR+RED); mask denominator=0; keep source masks,dimensionless; no further scale needed,exact_uint8_values_in_Float32,-9999,Float32,1.0
NE_MAIZE,2024-04,2024-04-01,2024-05-01,NE_MAIZE_HLS_2024-04_g1_NDVI_FMASK_v1.tif,15,s0007_S30_20240417T023529000_NDVI,NDVI,2024-04-17T02:35:29.000Z,1713321329000,S30,NASA/HLS/HLSS30/v002/T51TXJ_20240417T023529,NASA/HLS/HLSS30/v002,B4,B8A,Fmask,EPSG:32651,"[30,0,600000,0,-30,4900020]",false,false,false,false,(NIR-RED)/(NIR+RED); mask denominator=0; keep source masks,dimensionless; no further scale needed,exact_uint8_values_in_Float32,-9999,Float32,1.0
NE_MAIZE,2024-04,2024-04-01,2024-05-01,NE_MAIZE_HLS_2024-04_g1_NDVI_FMASK_v1.tif,16,s0007_S30_20240417T023529000_FMASK,FMASK,2024-04-17T02:35:29.000Z,1713321329000,S30,NASA/HLS/HLSS30/v002/T51TXJ_20240417T023529,NASA/HLS/HLSS30/v002,B4,B8A,Fmask,EPSG:32651,"[30,0,600000,0,-30,4900020]",false,false,false,false,(NIR-RED)/(NIR+RED); mask denominator=0; keep source masks,dimensionless; no further scale needed,exact_uint8_values_in_Float32,-9999,Float32,1.0
NE_MAIZE,2024-04,2024-04-01,2024-05-01,NE_MAIZE_HLS_2024-04_g1_NDVI_FMASK_v1.tif,17,s0008_L30_20240421T022053000_NDVI,NDVI,2024-04-21T02:20:53.000Z,1713666053000,L30,NASA/HLS/HLSL30/v002/T51TXJ_20240421T022053,NASA/HLS/HLSL30/v002,B4,B5,Fmask,EPSG:32651,"[30,0,600000,0,-30,4900020]",false,false,false,false,(NIR-RED)/(NIR+RED); mask denominator=0; keep source masks,dimensionless; no further scale needed,exact_uint8_values_in_Float32,-9999,Float32,1.0
NE_MAIZE,2024-04,2024-04-01,2024-05-01,NE_MAIZE_HLS_2024-04_g1_NDVI_FMASK_v1.tif,18,s0008_L30_20240421T022053000_FMASK,FMASK,2024-04-21T02:20:53.000Z,1713666053000,L30,NASA/HLS/HLSL30/v002/T51TXJ_20240421T022053,NASA/HLS/HLSL30/v002,B4,B5,Fmask,EPSG:32651,"[30,0,600000,0,-30,4900020]",false,false,false,false,(NIR-RED)/(NIR+RED); mask denominator=0; keep source masks,dimensionless; no further scale needed,exact_uint8_values_in_Float32,-9999,Float32,1.0
NE_MAIZE,2024-04,2024-04-01,2024-05-01,NE_MAIZE_HLS_2024-04_g1_NDVI_FMASK_v1.tif,19,s0009_S30_20240422T023531000_NDVI,NDVI,2024-04-22T02:35:31.000Z,1713753331000,S30,NASA/HLS/HLSS30/v002/T51TXJ_20240422T023531,NASA/HLS/HLSS30/v002,B4,B8A,Fmask,EPSG:32651,"[30,0,600000,0,-30,4900020]",false,false,false,false,(NIR-RED)/(NIR+RED); mask denominator=0; keep source masks,dimensionless; no further scale needed,exact_uint8_values_in_Float32,-9999,Float32,1.0
NE_MAIZE,2024-04,2024-04-01,2024-05-01,NE_MAIZE_HLS_2024-04_g1_NDVI_FMASK_v1.tif,20,s0009_S30_20240422T023531000_FMASK,FMASK,2024-04-22T02:35:31.000Z,1713753331000,S30,NASA/HLS/HLSS30/v002/T51TXJ_20240422T023531,NASA/HLS/HLSS30/v002,B4,B8A,Fmask,EPSG:32651,"[30,0,600000,0,-30,4900020]",false,false,false,false,(NIR-RED)/(NIR+RED); mask denominator=0; keep source masks,dimensionless; no further scale needed,exact_uint8_values_in_Float32,-9999,Float32,1.0
NE_MAIZE,2024-04,2024-04-01,2024-05-01,NE_MAIZE_HLS_2024-04_g1_NDVI_FMASK_v1.tif,21,s0010_S30_20240427T023529000_NDVI,NDVI,2024-04-27T02:35:29.000Z,1714185329000,S30,NASA/HLS/HLSS30/v002/T51TXJ_20240427T023529,NASA/HLS/HLSS30/v002,B4,B8A,Fmask,EPSG:32651,"[30,0,600000,0,-30,4900020]",false,false,false,false,(NIR-RED)/(NIR+RED); mask denominator=0; keep source masks,dimensionless; no further scale needed,exact_uint8_values_in_Float32,-9999,Float32,1.0
NE_MAIZE,2024-04,2024-04-01,2024-05-01,NE_MAIZE_HLS_2024-04_g1_NDVI_FMASK_v1.tif,22,s0010_S30_20240427T023529000_FMASK,FMASK,2024-04-27T02:35:29.000Z,1714185329000,S30,NASA/HLS/HLSS30/v002/T51TXJ_20240427T023529,NASA/HLS/HLSS30/v002,B4,B8A,Fmask,EPSG:32651,"[30,0,600000,0,-30,4900020]",false,false,false,false,(NIR-RED)/(NIR+RED); mask denominator=0; keep source masks,dimensionless; no further scale needed,exact_uint8_values_in_Float32,-9999,Float32,1.0
NE_MAIZE,2024-05,2024-05-01,2024-06-01,NE_MAIZE_HLS_2024-05_g1_NDVI_FMASK_v1.tif,1,s0000_S30_20240502T023551000_NDVI,NDVI,2024-05-02T02:35:51.000Z,1714617351000,S30,NASA/HLS/HLSS30/v002/T51TXJ_20240502T023551,NASA/HLS/HLSS30/v002,B4,B8A,Fmask,EPSG:32651,"[30,0,600000,0,-30,4900020]",false,false,false,false,(NIR-RED)/(NIR+RED); mask denominator=0; keep source masks,dimensionless; no further scale needed,exact_uint8_values_in_Float32,-9999,Float32,1.0
NE_MAIZE,2024-05,2024-05-01,2024-06-01,NE_MAIZE_HLS_2024-05_g1_NDVI_FMASK_v1.tif,2,s0000_S30_20240502T023551000_FMASK,FMASK,2024-05-02T02:35:51.000Z,1714617351000,S30,NASA/HLS/HLSS30/v002/T51TXJ_20240502T023551,NASA/HLS/HLSS30/v002,B4,B8A,Fmask,EPSG:32651,"[30,0,600000,0,-30,4900020]",false,false,false,false,(NIR-RED)/(NIR+RED); mask denominator=0; keep source masks,dimensionless; no further scale needed,exact_uint8_values_in_Float32,-9999,Float32,1.0
NE_MAIZE,2024-05,2024-05-01,2024-06-01,NE_MAIZE_HLS_2024-05_g1_NDVI_FMASK_v1.tif,3,s0001_L30_20240506T022712000_NDVI,NDVI,2024-05-06T02:27:12.000Z,1714962432000,L30,NASA/HLS/HLSL30/v002/T51TXJ_20240506T022712,NASA/HLS/HLSL30/v002,B4,B5,Fmask,EPSG:32651,"[30,0,600000,0,-30,4900020]",false,false,false,false,(NIR-RED)/(NIR+RED); mask denominator=0; keep source masks,dimensionless; no further scale needed,exact_uint8_values_in_Float32,-9999,Float32,1.0
NE_MAIZE,2024-05,2024-05-01,2024-06-01,NE_MAIZE_HLS_2024-05_g1_NDVI_FMASK_v1.tif,4,s0001_L30_20240506T022712000_FMASK,FMASK,2024-05-06T02:27:12.000Z,1714962432000,L30,NASA/HLS/HLSL30/v002/T51TXJ_20240506T022712,NASA/HLS/HLSL30/v002,B4,B5,Fmask,EPSG:32651,"[30,0,600000,0,-30,4900020]",false,false,false,false,(NIR-RED)/(NIR+RED); mask denominator=0; keep source masks,dimensionless; no further scale needed,exact_uint8_values_in_Float32,-9999,Float32,1.0
NE_MAIZE,2024-05,2024-05-01,2024-06-01,NE_MAIZE_HLS_2024-05_g1_NDVI_FMASK_v1.tif,5,s0002_L30_20240507T022043000_NDVI,NDVI,2024-05-07T02:20:43.000Z,1715048443000,L30,NASA/HLS/HLSL30/v002/T51TXJ_20240507T022043,NASA/HLS/HLSL30/v002,B4,B5,Fmask,EPSG:32651,"[30,0,600000,0,-30,4900020]",false,false,false,false,(NIR-RED)/(NIR+RED); mask denominator=0; keep source masks,dimensionless; no further scale needed,exact_uint8_values_in_Float32,-9999,Float32,1.0
NE_MAIZE,2024-05,2024-05-01,2024-06-01,NE_MAIZE_HLS_2024-05_g1_NDVI_FMASK_v1.tif,6,s0002_L30_20240507T022043000_FMASK,FMASK,2024-05-07T02:20:43.000Z,1715048443000,L30,NASA/HLS/HLSL30/v002/T51TXJ_20240507T022043,NASA/HLS/HLSL30/v002,B4,B5,Fmask,EPSG:32651,"[30,0,600000,0,-30,4900020]",false,false,false,false,(NIR-RED)/(NIR+RED); mask denominator=0; keep source masks,dimensionless; no further scale needed,exact_uint8_values_in_Float32,-9999,Float32,1.0
NE_MAIZE,2024-05,2024-05-01,2024-06-01,NE_MAIZE_HLS_2024-05_g1_NDVI_FMASK_v1.tif,7,s0003_S30_20240507T023529000_NDVI,NDVI,2024-05-07T02:35:29.000Z,1715049329000,S30,NASA/HLS/HLSS30/v002/T51TXJ_20240507T023529,NASA/HLS/HLSS30/v002,B4,B8A,Fmask,EPSG:32651,"[30,0,600000,0,-30,4900020]",false,false,false,false,(NIR-RED)/(NIR+RED); mask denominator=0; keep source masks,dimensionless; no further scale needed,exact_uint8_values_in_Float32,-9999,Float32,1.0
NE_MAIZE,2024-05,2024-05-01,2024-06-01,NE_MAIZE_HLS_2024-05_g1_NDVI_FMASK_v1.tif,8,s0003_S30_20240507T023529000_FMASK,FMASK,2024-05-07T02:35:29.000Z,1715049329000,S30,NASA/HLS/HLSS30/v002/T51TXJ_20240507T023529,NASA/HLS/HLSS30/v002,B4,B8A,Fmask,EPSG:32651,"[30,0,600000,0,-30,4900020]",false,false,false,false,(NIR-RED)/(NIR+RED); mask denominator=0; keep source masks,dimensionless; no further scale needed,exact_uint8_values_in_Float32,-9999,Float32,1.0
NE_MAIZE,2024-05,2024-05-01,2024-06-01,NE_MAIZE_HLS_2024-05_g1_NDVI_FMASK_v1.tif,9,s0004_S30_20240512T023551000_NDVI,NDVI,2024-05-12T02:35:51.000Z,1715481351000,S30,NASA/HLS/HLSS30/v002/T51TXJ_20240512T023551,NASA/HLS/HLSS30/v002,B4,B8A,Fmask,EPSG:32651,"[30,0,600000,0,-30,4900020]",false,false,false,false,(NIR-RED)/(NIR+RED); mask denominator=0; keep source masks,dimensionless; no further scale needed,exact_uint8_values_in_Float32,-9999,Float32,1.0
NE_MAIZE,2024-05,2024-05-01,2024-06-01,NE_MAIZE_HLS_2024-05_g1_NDVI_FMASK_v1.tif,10,s0004_S30_20240512T023551000_FMASK,FMASK,2024-05-12T02:35:51.000Z,1715481351000,S30,NASA/HLS/HLSS30/v002/T51TXJ_20240512T023551,NASA/HLS/HLSS30/v002,B4,B8A,Fmask,EPSG:32651,"[30,0,600000,0,-30,4900020]",false,false,false,false,(NIR-RED)/(NIR+RED); mask denominator=0; keep source masks,dimensionless; no further scale needed,exact_uint8_values_in_Float32,-9999,Float32,1.0
NE_MAIZE,2024-05,2024-05-01,2024-06-01,NE_MAIZE_HLS_2024-05_g1_NDVI_FMASK_v1.tif,11,s0005_L30_20240514T022646000_NDVI,NDVI,2024-05-14T02:26:46.000Z,1715653606000,L30,NASA/HLS/HLSL30/v002/T51TXJ_20240514T022646,NASA/HLS/HLSL30/v002,B4,B5,Fmask,EPSG:32651,"[30,0,600000,0,-30,4900020]",false,false,false,false,(NIR-RED)/(NIR+RED); mask denominator=0; keep source masks,dimensionless; no further scale needed,exact_uint8_values_in_Float32,-9999,Float32,1.0
NE_MAIZE,2024-05,2024-05-01,2024-06-01,NE_MAIZE_HLS_2024-05_g1_NDVI_FMASK_v1.tif,12,s0005_L30_20240514T022646000_FMASK,FMASK,2024-05-14T02:26:46.000Z,1715653606000,L30,NASA/HLS/HLSL30/v002/T51TXJ_20240514T022646,NASA/HLS/HLSL30/v002,B4,B5,Fmask,EPSG:32651,"[30,0,600000,0,-30,4900020]",false,false,false,false,(NIR-RED)/(NIR+RED); mask denominator=0; keep source masks,dimensionless; no further scale needed,exact_uint8_values_in_Float32,-9999,Float32,1.0
NE_MAIZE,2024-05,2024-05-01,2024-06-01,NE_MAIZE_HLS_2024-05_g1_NDVI_FMASK_v1.tif,13,s0006_L30_20240515T022056000_NDVI,NDVI,2024-05-15T02:20:56.000Z,1715739656000,L30,NASA/HLS/HLSL30/v002/T51TXJ_20240515T022056,NASA/HLS/HLSL30/v002,B4,B5,Fmask,EPSG:32651,"[30,0,600000,0,-30,4900020]",false,false,false,false,(NIR-RED)/(NIR+RED); mask denominator=0; keep source masks,dimensionless; no further scale needed,exact_uint8_values_in_Float32,-9999,Float32,1.0
NE_MAIZE,2024-05,2024-05-01,2024-06-01,NE_MAIZE_HLS_2024-05_g1_NDVI_FMASK_v1.tif,14,s0006_L30_20240515T022056000_FMASK,FMASK,2024-05-15T02:20:56.000Z,1715739656000,L30,NASA/HLS/HLSL30/v002/T51TXJ_20240515T022056,NASA/HLS/HLSL30/v002,B4,B5,Fmask,EPSG:32651,"[30,0,600000,0,-30,4900020]",false,false,false,false,(NIR-RED)/(NIR+RED); mask denominator=0; keep source masks,dimensionless; no further scale needed,exact_uint8_values_in_Float32,-9999,Float32,1.0
NE_MAIZE,2024-05,2024-05-01,2024-06-01,NE_MAIZE_HLS_2024-05_g1_NDVI_FMASK_v1.tif,15,s0007_S30_20240517T023529000_NDVI,NDVI,2024-05-17T02:35:29.000Z,1715913329000,S30,NASA/HLS/HLSS30/v002/T51TXJ_20240517T023529,NASA/HLS/HLSS30/v002,B4,B8A,Fmask,EPSG:32651,"[30,0,600000,0,-30,4900020]",false,false,false,false,(NIR-RED)/(NIR+RED); mask denominator=0; keep source masks,dimensionless; no further scale needed,exact_uint8_values_in_Float32,-9999,Float32,1.0
NE_MAIZE,2024-05,2024-05-01,2024-06-01,NE_MAIZE_HLS_2024-05_g1_NDVI_FMASK_v1.tif,16,s0007_S30_20240517T023529000_FMASK,FMASK,2024-05-17T02:35:29.000Z,1715913329000,S30,NASA/HLS/HLSS30/v002/T51TXJ_20240517T023529,NASA/HLS/HLSS30/v002,B4,B8A,Fmask,EPSG:32651,"[30,0,600000,0,-30,4900020]",false,false,false,false,(NIR-RED)/(NIR+RED); mask denominator=0; keep source masks,dimensionless; no further scale needed,exact_uint8_values_in_Float32,-9999,Float32,1.0
NE_MAIZE,2024-05,2024-05-01,2024-06-01,NE_MAIZE_HLS_2024-05_g1_NDVI_FMASK_v1.tif,17,s0008_L30_20240522T022703000_NDVI,NDVI,2024-05-22T02:27:03.000Z,1716344823000,L30,NASA/HLS/HLSL30/v002/T51TXJ_20240522T022703,NASA/HLS/HLSL30/v002,B4,B5,Fmask,EPSG:32651,"[30,0,600000,0,-30,4900020]",false,false,false,false,(NIR-RED)/(NIR+RED); mask denominator=0; keep source masks,dimensionless; no further scale needed,exact_uint8_values_in_Float32,-9999,Float32,1.0
NE_MAIZE,2024-05,2024-05-01,2024-06-01,NE_MAIZE_HLS_2024-05_g1_NDVI_FMASK_v1.tif,18,s0008_L30_20240522T022703000_FMASK,FMASK,2024-05-22T02:27:03.000Z,1716344823000,L30,NASA/HLS/HLSL30/v002/T51TXJ_20240522T022703,NASA/HLS/HLSL30/v002,B4,B5,Fmask,EPSG:32651,"[30,0,600000,0,-30,4900020]",false,false,false,false,(NIR-RED)/(NIR+RED); mask denominator=0; keep source masks,dimensionless; no further scale needed,exact_uint8_values_in_Float32,-9999,Float32,1.0
NE_MAIZE,2024-05,2024-05-01,2024-06-01,NE_MAIZE_HLS_2024-05_g1_NDVI_FMASK_v1.tif,19,s0009_S30_20240522T023551000_NDVI,NDVI,2024-05-22T02:35:51.000Z,1716345351000,S30,NASA/HLS/HLSS30/v002/T51TXJ_20240522T023551,NASA/HLS/HLSS30/v002,B4,B8A,Fmask,EPSG:32651,"[30,0,600000,0,-30,4900020]",false,false,false,false,(NIR-RED)/(NIR+RED); mask denominator=0; keep source masks,dimensionless; no further scale needed,exact_uint8_values_in_Float32,-9999,Float32,1.0
NE_MAIZE,2024-05,2024-05-01,2024-06-01,NE_MAIZE_HLS_2024-05_g1_NDVI_FMASK_v1.tif,20,s0009_S30_20240522T023551000_FMASK,FMASK,2024-05-22T02:35:51.000Z,1716345351000,S30,NASA/HLS/HLSS30/v002/T51TXJ_20240522T023551,NASA/HLS/HLSS30/v002,B4,B8A,Fmask,EPSG:32651,"[30,0,600000,0,-30,4900020]",false,false,false,false,(NIR-RED)/(NIR+RED); mask denominator=0; keep source masks,dimensionless; no further scale needed,exact_uint8_values_in_Float32,-9999,Float32,1.0
NE_MAIZE,2024-05,2024-05-01,2024-06-01,NE_MAIZE_HLS_2024-05_g1_NDVI_FMASK_v1.tif,21,s0010_L30_20240523T022030000_NDVI,NDVI,2024-05-23T02:20:30.000Z,1716430830000,L30,NASA/HLS/HLSL30/v002/T51TXJ_20240523T022030,NASA/HLS/HLSL30/v002,B4,B5,Fmask,EPSG:32651,"[30,0,600000,0,-30,4900020]",false,false,false,false,(NIR-RED)/(NIR+RED); mask denominator=0; keep source masks,dimensionless; no further scale needed,exact_uint8_values_in_Float32,-9999,Float32,1.0
NE_MAIZE,2024-05,2024-05-01,2024-06-01,NE_MAIZE_HLS_2024-05_g1_NDVI_FMASK_v1.tif,22,s0010_L30_20240523T022030000_FMASK,FMASK,2024-05-23T02:20:30.000Z,1716430830000,L30,NASA/HLS/HLSL30/v002/T51TXJ_20240523T022030,NASA/HLS/HLSL30/v002,B4,B5,Fmask,EPSG:32651,"[30,0,600000,0,-30,4900020]",false,false,false,false,(NIR-RED)/(NIR+RED); mask denominator=0; keep source masks,dimensionless; no further scale needed,exact_uint8_values_in_Float32,-9999,Float32,1.0
NE_MAIZE,2024-05,2024-05-01,2024-06-01,NE_MAIZE_HLS_2024-05_g1_NDVI_FMASK_v1.tif,23,s0011_S30_20240527T023529000_NDVI,NDVI,2024-05-27T02:35:29.000Z,1716777329000,S30,NASA/HLS/HLSS30/v002/T51TXJ_20240527T023529,NASA/HLS/HLSS30/v002,B4,B8A,Fmask,EPSG:32651,"[30,0,600000,0,-30,4900020]",false,false,false,false,(NIR-RED)/(NIR+RED); mask denominator=0; keep source masks,dimensionless; no further scale needed,exact_uint8_values_in_Float32,-9999,Float32,1.0
NE_MAIZE,2024-05,2024-05-01,2024-06-01,NE_MAIZE_HLS_2024-05_g1_NDVI_FMASK_v1.tif,24,s0011_S30_20240527T023529000_FMASK,FMASK,2024-05-27T02:35:29.000Z,1716777329000,S30,NASA/HLS/HLSS30/v002/T51TXJ_20240527T023529,NASA/HLS/HLSS30/v002,B4,B8A,Fmask,EPSG:32651,"[30,0,600000,0,-30,4900020]",false,false,false,false,(NIR-RED)/(NIR+RED); mask denominator=0; keep source masks,dimensionless; no further scale needed,exact_uint8_values_in_Float32,-9999,Float32,1.0
NE_MAIZE,2024-05,2024-05-01,2024-06-01,NE_MAIZE_HLS_2024-05_g1_NDVI_FMASK_v1.tif,25,s0012_L30_20240530T022702000_NDVI,NDVI,2024-05-30T02:27:02.000Z,1717036022000,L30,NASA/HLS/HLSL30/v002/T51TXJ_20240530T022702,NASA/HLS/HLSL30/v002,B4,B5,Fmask,EPSG:32651,"[30,0,600000,0,-30,4900020]",false,false,false,false,(NIR-RED)/(NIR+RED); mask denominator=0; keep source masks,dimensionless; no further scale needed,exact_uint8_values_in_Float32,-9999,Float32,1.0
NE_MAIZE,2024-05,2024-05-01,2024-06-01,NE_MAIZE_HLS_2024-05_g1_NDVI_FMASK_v1.tif,26,s0012_L30_20240530T022702000_FMASK,FMASK,2024-05-30T02:27:02.000Z,1717036022000,L30,NASA/HLS/HLSL30/v002/T51TXJ_20240530T022702,NASA/HLS/HLSL30/v002,B4,B5,Fmask,EPSG:32651,"[30,0,600000,0,-30,4900020]",false,false,false,false,(NIR-RED)/(NIR+RED); mask denominator=0; keep source masks,dimensionless; no further scale needed,exact_uint8_values_in_Float32,-9999,Float32,1.0
NE_MAIZE,2024-06,2024-06-01,2024-07-01,NE_MAIZE_HLS_2024-06_g1_NDVI_FMASK_v1.tif,1,s0000_S30_20240606T023529000_NDVI,NDVI,2024-06-06T02:35:29.000Z,1717641329000,S30,NASA/HLS/HLSS30/v002/T51TXJ_20240606T023529,NASA/HLS/HLSS30/v002,B4,B8A,Fmask,EPSG:32651,"[30,0,600000,0,-30,4900020]",false,false,false,false,(NIR-RED)/(NIR+RED); mask denominator=0; keep source masks,dimensionless; no further scale needed,exact_uint8_values_in_Float32,-9999,Float32,1.0
NE_MAIZE,2024-06,2024-06-01,2024-07-01,NE_MAIZE_HLS_2024-06_g1_NDVI_FMASK_v1.tif,2,s0000_S30_20240606T023529000_FMASK,FMASK,2024-06-06T02:35:29.000Z,1717641329000,S30,NASA/HLS/HLSS30/v002/T51TXJ_20240606T023529,NASA/HLS/HLSS30/v002,B4,B8A,Fmask,EPSG:32651,"[30,0,600000,0,-30,4900020]",false,false,false,false,(NIR-RED)/(NIR+RED); mask denominator=0; keep source masks,dimensionless; no further scale needed,exact_uint8_values_in_Float32,-9999,Float32,1.0
NE_MAIZE,2024-06,2024-06-01,2024-07-01,NE_MAIZE_HLS_2024-06_g1_NDVI_FMASK_v1.tif,3,s0001_L30_20240607T022657000_NDVI,NDVI,2024-06-07T02:26:57.000Z,1717727217000,L30,NASA/HLS/HLSL30/v002/T51TXJ_20240607T022657,NASA/HLS/HLSL30/v002,B4,B5,Fmask,EPSG:32651,"[30,0,600000,0,-30,4900020]",false,false,false,false,(NIR-RED)/(NIR+RED); mask denominator=0; keep source masks,dimensionless; no further scale needed,exact_uint8_values_in_Float32,-9999,Float32,1.0
NE_MAIZE,2024-06,2024-06-01,2024-07-01,NE_MAIZE_HLS_2024-06_g1_NDVI_FMASK_v1.tif,4,s0001_L30_20240607T022657000_FMASK,FMASK,2024-06-07T02:26:57.000Z,1717727217000,L30,NASA/HLS/HLSL30/v002/T51TXJ_20240607T022657,NASA/HLS/HLSL30/v002,B4,B5,Fmask,EPSG:32651,"[30,0,600000,0,-30,4900020]",false,false,false,false,(NIR-RED)/(NIR+RED); mask denominator=0; keep source masks,dimensionless; no further scale needed,exact_uint8_values_in_Float32,-9999,Float32,1.0
NE_MAIZE,2024-06,2024-06-01,2024-07-01,NE_MAIZE_HLS_2024-06_g1_NDVI_FMASK_v1.tif,5,s0002_L30_20240608T022030000_NDVI,NDVI,2024-06-08T02:20:30.000Z,1717813230000,L30,NASA/HLS/HLSL30/v002/T51TXJ_20240608T022030,NASA/HLS/HLSL30/v002,B4,B5,Fmask,EPSG:32651,"[30,0,600000,0,-30,4900020]",false,false,false,false,(NIR-RED)/(NIR+RED); mask denominator=0; keep source masks,dimensionless; no further scale needed,exact_uint8_values_in_Float32,-9999,Float32,1.0
NE_MAIZE,2024-06,2024-06-01,2024-07-01,NE_MAIZE_HLS_2024-06_g1_NDVI_FMASK_v1.tif,6,s0002_L30_20240608T022030000_FMASK,FMASK,2024-06-08T02:20:30.000Z,1717813230000,L30,NASA/HLS/HLSL30/v002/T51TXJ_20240608T022030,NASA/HLS/HLSL30/v002,B4,B5,Fmask,EPSG:32651,"[30,0,600000,0,-30,4900020]",false,false,false,false,(NIR-RED)/(NIR+RED); mask denominator=0; keep source masks,dimensionless; no further scale needed,exact_uint8_values_in_Float32,-9999,Float32,1.0
NE_MAIZE,2024-06,2024-06-01,2024-07-01,NE_MAIZE_HLS_2024-06_g1_NDVI_FMASK_v1.tif,7,s0003_S30_20240611T023551000_NDVI,NDVI,2024-06-11T02:35:51.000Z,1718073351000,S30,NASA/HLS/HLSS30/v002/T51TXJ_20240611T023551,NASA/HLS/HLSS30/v002,B4,B8A,Fmask,EPSG:32651,"[30,0,600000,0,-30,4900020]",false,false,false,false,(NIR-RED)/(NIR+RED); mask denominator=0; keep source masks,dimensionless; no further scale needed,exact_uint8_values_in_Float32,-9999,Float32,1.0
NE_MAIZE,2024-06,2024-06-01,2024-07-01,NE_MAIZE_HLS_2024-06_g1_NDVI_FMASK_v1.tif,8,s0003_S30_20240611T023551000_FMASK,FMASK,2024-06-11T02:35:51.000Z,1718073351000,S30,NASA/HLS/HLSS30/v002/T51TXJ_20240611T023551,NASA/HLS/HLSS30/v002,B4,B8A,Fmask,EPSG:32651,"[30,0,600000,0,-30,4900020]",false,false,false,false,(NIR-RED)/(NIR+RED); mask denominator=0; keep source masks,dimensionless; no further scale needed,exact_uint8_values_in_Float32,-9999,Float32,1.0
NE_MAIZE,2024-06,2024-06-01,2024-07-01,NE_MAIZE_HLS_2024-06_g1_NDVI_FMASK_v1.tif,9,s0004_L30_20240615T022643000_NDVI,NDVI,2024-06-15T02:26:43.000Z,1718418403000,L30,NASA/HLS/HLSL30/v002/T51TXJ_20240615T022643,NASA/HLS/HLSL30/v002,B4,B5,Fmask,EPSG:32651,"[30,0,600000,0,-30,4900020]",false,false,false,false,(NIR-RED)/(NIR+RED); mask denominator=0; keep source masks,dimensionless; no further scale needed,exact_uint8_values_in_Float32,-9999,Float32,1.0
NE_MAIZE,2024-06,2024-06-01,2024-07-01,NE_MAIZE_HLS_2024-06_g1_NDVI_FMASK_v1.tif,10,s0004_L30_20240615T022643000_FMASK,FMASK,2024-06-15T02:26:43.000Z,1718418403000,L30,NASA/HLS/HLSL30/v002/T51TXJ_20240615T022643,NASA/HLS/HLSL30/v002,B4,B5,Fmask,EPSG:32651,"[30,0,600000,0,-30,4900020]",false,false,false,false,(NIR-RED)/(NIR+RED); mask denominator=0; keep source masks,dimensionless; no further scale needed,exact_uint8_values_in_Float32,-9999,Float32,1.0
NE_MAIZE,2024-06,2024-06-01,2024-07-01,NE_MAIZE_HLS_2024-06_g1_NDVI_FMASK_v1.tif,11,s0005_L30_20240616T022037000_NDVI,NDVI,2024-06-16T02:20:37.000Z,1718504437000,L30,NASA/HLS/HLSL30/v002/T51TXJ_20240616T022037,NASA/HLS/HLSL30/v002,B4,B5,Fmask,EPSG:32651,"[30,0,600000,0,-30,4900020]",false,false,false,false,(NIR-RED)/(NIR+RED); mask denominator=0; keep source masks,dimensionless; no further scale needed,exact_uint8_values_in_Float32,-9999,Float32,1.0
NE_MAIZE,2024-06,2024-06-01,2024-07-01,NE_MAIZE_HLS_2024-06_g1_NDVI_FMASK_v1.tif,12,s0005_L30_20240616T022037000_FMASK,FMASK,2024-06-16T02:20:37.000Z,1718504437000,L30,NASA/HLS/HLSL30/v002/T51TXJ_20240616T022037,NASA/HLS/HLSL30/v002,B4,B5,Fmask,EPSG:32651,"[30,0,600000,0,-30,4900020]",false,false,false,false,(NIR-RED)/(NIR+RED); mask denominator=0; keep source masks,dimensionless; no further scale needed,exact_uint8_values_in_Float32,-9999,Float32,1.0
NE_MAIZE,2024-06,2024-06-01,2024-07-01,NE_MAIZE_HLS_2024-06_g1_NDVI_FMASK_v1.tif,13,s0006_S30_20240616T023529000_NDVI,NDVI,2024-06-16T02:35:29.000Z,1718505329000,S30,NASA/HLS/HLSS30/v002/T51TXJ_20240616T023529,NASA/HLS/HLSS30/v002,B4,B8A,Fmask,EPSG:32651,"[30,0,600000,0,-30,4900020]",false,false,false,false,(NIR-RED)/(NIR+RED); mask denominator=0; keep source masks,dimensionless; no further scale needed,exact_uint8_values_in_Float32,-9999,Float32,1.0
NE_MAIZE,2024-06,2024-06-01,2024-07-01,NE_MAIZE_HLS_2024-06_g1_NDVI_FMASK_v1.tif,14,s0006_S30_20240616T023529000_FMASK,FMASK,2024-06-16T02:35:29.000Z,1718505329000,S30,NASA/HLS/HLSS30/v002/T51TXJ_20240616T023529,NASA/HLS/HLSS30/v002,B4,B8A,Fmask,EPSG:32651,"[30,0,600000,0,-30,4900020]",false,false,false,false,(NIR-RED)/(NIR+RED); mask denominator=0; keep source masks,dimensionless; no further scale needed,exact_uint8_values_in_Float32,-9999,Float32,1.0
NE_MAIZE,2024-06,2024-06-01,2024-07-01,NE_MAIZE_HLS_2024-06_g1_NDVI_FMASK_v1.tif,15,s0007_S30_20240621T023551000_NDVI,NDVI,2024-06-21T02:35:51.000Z,1718937351000,S30,NASA/HLS/HLSS30/v002/T51TXJ_20240621T023551,NASA/HLS/HLSS30/v002,B4,B8A,Fmask,EPSG:32651,"[30,0,600000,0,-30,4900020]",false,false,false,false,(NIR-RED)/(NIR+RED); mask denominator=0; keep source masks,dimensionless; no further scale needed,exact_uint8_values_in_Float32,-9999,Float32,1.0
NE_MAIZE,2024-06,2024-06-01,2024-07-01,NE_MAIZE_HLS_2024-06_g1_NDVI_FMASK_v1.tif,16,s0007_S30_20240621T023551000_FMASK,FMASK,2024-06-21T02:35:51.000Z,1718937351000,S30,NASA/HLS/HLSS30/v002/T51TXJ_20240621T023551,NASA/HLS/HLSS30/v002,B4,B8A,Fmask,EPSG:32651,"[30,0,600000,0,-30,4900020]",false,false,false,false,(NIR-RED)/(NIR+RED); mask denominator=0; keep source masks,dimensionless; no further scale needed,exact_uint8_values_in_Float32,-9999,Float32,1.0
NE_MAIZE,2024-06,2024-06-01,2024-07-01,NE_MAIZE_HLS_2024-06_g1_NDVI_FMASK_v1.tif,17,s0008_S30_20240626T023529000_NDVI,NDVI,2024-06-26T02:35:29.000Z,1719369329000,S30,NASA/HLS/HLSS30/v002/T51TXJ_20240626T023529,NASA/HLS/HLSS30/v002,B4,B8A,Fmask,EPSG:32651,"[30,0,600000,0,-30,4900020]",false,false,false,false,(NIR-RED)/(NIR+RED); mask denominator=0; keep source masks,dimensionless; no further scale needed,exact_uint8_values_in_Float32,-9999,Float32,1.0
NE_MAIZE,2024-06,2024-06-01,2024-07-01,NE_MAIZE_HLS_2024-06_g1_NDVI_FMASK_v1.tif,18,s0008_S30_20240626T023529000_FMASK,FMASK,2024-06-26T02:35:29.000Z,1719369329000,S30,NASA/HLS/HLSS30/v002/T51TXJ_20240626T023529,NASA/HLS/HLSS30/v002,B4,B8A,Fmask,EPSG:32651,"[30,0,600000,0,-30,4900020]",false,false,false,false,(NIR-RED)/(NIR+RED); mask denominator=0; keep source masks,dimensionless; no further scale needed,exact_uint8_values_in_Float32,-9999,Float32,1.0
NE_MAIZE,2024-07,2024-07-01,2024-08-01,NE_MAIZE_HLS_2024-07_g1_NDVI_FMASK_v1.tif,1,s0000_L30_20240701T022653000_NDVI,NDVI,2024-07-01T02:26:53.000Z,1719800813000,L30,NASA/HLS/HLSL30/v002/T51TXJ_20240701T022653,NASA/HLS/HLSL30/v002,B4,B5,Fmask,EPSG:32651,"[30,0,600000,0,-30,4900020]",false,false,false,false,(NIR-RED)/(NIR+RED); mask denominator=0; keep source masks,dimensionless; no further scale needed,exact_uint8_values_in_Float32,-9999,Float32,1.0
NE_MAIZE,2024-07,2024-07-01,2024-08-01,NE_MAIZE_HLS_2024-07_g1_NDVI_FMASK_v1.tif,2,s0000_L30_20240701T022653000_FMASK,FMASK,2024-07-01T02:26:53.000Z,1719800813000,L30,NASA/HLS/HLSL30/v002/T51TXJ_20240701T022653,NASA/HLS/HLSL30/v002,B4,B5,Fmask,EPSG:32651,"[30,0,600000,0,-30,4900020]",false,false,false,false,(NIR-RED)/(NIR+RED); mask denominator=0; keep source masks,dimensionless; no further scale needed,exact_uint8_values_in_Float32,-9999,Float32,1.0
NE_MAIZE,2024-07,2024-07-01,2024-08-01,NE_MAIZE_HLS_2024-07_g1_NDVI_FMASK_v1.tif,3,s0001_S30_20240701T023531000_NDVI,NDVI,2024-07-01T02:35:31.000Z,1719801331000,S30,NASA/HLS/HLSS30/v002/T51TXJ_20240701T023531,NASA/HLS/HLSS30/v002,B4,B8A,Fmask,EPSG:32651,"[30,0,600000,0,-30,4900020]",false,false,false,false,(NIR-RED)/(NIR+RED); mask denominator=0; keep source masks,dimensionless; no further scale needed,exact_uint8_values_in_Float32,-9999,Float32,1.0
NE_MAIZE,2024-07,2024-07-01,2024-08-01,NE_MAIZE_HLS_2024-07_g1_NDVI_FMASK_v1.tif,4,s0001_S30_20240701T023531000_FMASK,FMASK,2024-07-01T02:35:31.000Z,1719801331000,S30,NASA/HLS/HLSS30/v002/T51TXJ_20240701T023531,NASA/HLS/HLSS30/v002,B4,B8A,Fmask,EPSG:32651,"[30,0,600000,0,-30,4900020]",false,false,false,false,(NIR-RED)/(NIR+RED); mask denominator=0; keep source masks,dimensionless; no further scale needed,exact_uint8_values_in_Float32,-9999,Float32,1.0
NE_MAIZE,2024-07,2024-07-01,2024-08-01,NE_MAIZE_HLS_2024-07_g1_NDVI_FMASK_v1.tif,5,s0002_L30_20240702T022037000_NDVI,NDVI,2024-07-02T02:20:37.000Z,1719886837000,L30,NASA/HLS/HLSL30/v002/T51TXJ_20240702T022037,NASA/HLS/HLSL30/v002,B4,B5,Fmask,EPSG:32651,"[30,0,600000,0,-30,4900020]",false,false,false,false,(NIR-RED)/(NIR+RED); mask denominator=0; keep source masks,dimensionless; no further scale needed,exact_uint8_values_in_Float32,-9999,Float32,1.0
NE_MAIZE,2024-07,2024-07-01,2024-08-01,NE_MAIZE_HLS_2024-07_g1_NDVI_FMASK_v1.tif,6,s0002_L30_20240702T022037000_FMASK,FMASK,2024-07-02T02:20:37.000Z,1719886837000,L30,NASA/HLS/HLSL30/v002/T51TXJ_20240702T022037,NASA/HLS/HLSL30/v002,B4,B5,Fmask,EPSG:32651,"[30,0,600000,0,-30,4900020]",false,false,false,false,(NIR-RED)/(NIR+RED); mask denominator=0; keep source masks,dimensionless; no further scale needed,exact_uint8_values_in_Float32,-9999,Float32,1.0
NE_MAIZE,2024-07,2024-07-01,2024-08-01,NE_MAIZE_HLS_2024-07_g1_NDVI_FMASK_v1.tif,7,s0003_L30_20240709T022657000_NDVI,NDVI,2024-07-09T02:26:57.000Z,1720492017000,L30,NASA/HLS/HLSL30/v002/T51TXJ_20240709T022657,NASA/HLS/HLSL30/v002,B4,B5,Fmask,EPSG:32651,"[30,0,600000,0,-30,4900020]",false,false,false,false,(NIR-RED)/(NIR+RED); mask denominator=0; keep source masks,dimensionless; no further scale needed,exact_uint8_values_in_Float32,-9999,Float32,1.0
NE_MAIZE,2024-07,2024-07-01,2024-08-01,NE_MAIZE_HLS_2024-07_g1_NDVI_FMASK_v1.tif,8,s0003_L30_20240709T022657000_FMASK,FMASK,2024-07-09T02:26:57.000Z,1720492017000,L30,NASA/HLS/HLSL30/v002/T51TXJ_20240709T022657,NASA/HLS/HLSL30/v002,B4,B5,Fmask,EPSG:32651,"[30,0,600000,0,-30,4900020]",false,false,false,false,(NIR-RED)/(NIR+RED); mask denominator=0; keep source masks,dimensionless; no further scale needed,exact_uint8_values_in_Float32,-9999,Float32,1.0
NE_MAIZE,2024-07,2024-07-01,2024-08-01,NE_MAIZE_HLS_2024-07_g1_NDVI_FMASK_v1.tif,9,s0004_L30_20240710T022048000_NDVI,NDVI,2024-07-10T02:20:48.000Z,1720578048000,L30,NASA/HLS/HLSL30/v002/T51TXJ_20240710T022048,NASA/HLS/HLSL30/v002,B4,B5,Fmask,EPSG:32651,"[30,0,600000,0,-30,4900020]",false,false,false,false,(NIR-RED)/(NIR+RED); mask denominator=0; keep source masks,dimensionless; no further scale needed,exact_uint8_values_in_Float32,-9999,Float32,1.0
NE_MAIZE,2024-07,2024-07-01,2024-08-01,NE_MAIZE_HLS_2024-07_g1_NDVI_FMASK_v1.tif,10,s0004_L30_20240710T022048000_FMASK,FMASK,2024-07-10T02:20:48.000Z,1720578048000,L30,NASA/HLS/HLSL30/v002/T51TXJ_20240710T022048,NASA/HLS/HLSL30/v002,B4,B5,Fmask,EPSG:32651,"[30,0,600000,0,-30,4900020]",false,false,false,false,(NIR-RED)/(NIR+RED); mask denominator=0; keep source masks,dimensionless; no further scale needed,exact_uint8_values_in_Float32,-9999,Float32,1.0
NE_MAIZE,2024-07,2024-07-01,2024-08-01,NE_MAIZE_HLS_2024-07_g1_NDVI_FMASK_v1.tif,11,s0005_S30_20240711T023531000_NDVI,NDVI,2024-07-11T02:35:31.000Z,1720665331000,S30,NASA/HLS/HLSS30/v002/T51TXJ_20240711T023531,NASA/HLS/HLSS30/v002,B4,B8A,Fmask,EPSG:32651,"[30,0,600000,0,-30,4900020]",false,false,false,false,(NIR-RED)/(NIR+RED); mask denominator=0; keep source masks,dimensionless; no further scale needed,exact_uint8_values_in_Float32,-9999,Float32,1.0
NE_MAIZE,2024-07,2024-07-01,2024-08-01,NE_MAIZE_HLS_2024-07_g1_NDVI_FMASK_v1.tif,12,s0005_S30_20240711T023531000_FMASK,FMASK,2024-07-11T02:35:31.000Z,1720665331000,S30,NASA/HLS/HLSS30/v002/T51TXJ_20240711T023531,NASA/HLS/HLSS30/v002,B4,B8A,Fmask,EPSG:32651,"[30,0,600000,0,-30,4900020]",false,false,false,false,(NIR-RED)/(NIR+RED); mask denominator=0; keep source masks,dimensionless; no further scale needed,exact_uint8_values_in_Float32,-9999,Float32,1.0
NE_MAIZE,2024-07,2024-07-01,2024-08-01,NE_MAIZE_HLS_2024-07_g1_NDVI_FMASK_v1.tif,13,s0006_S30_20240716T023529000_NDVI,NDVI,2024-07-16T02:35:29.000Z,1721097329000,S30,NASA/HLS/HLSS30/v002/T51TXJ_20240716T023529,NASA/HLS/HLSS30/v002,B4,B8A,Fmask,EPSG:32651,"[30,0,600000,0,-30,4900020]",false,false,false,false,(NIR-RED)/(NIR+RED); mask denominator=0; keep source masks,dimensionless; no further scale needed,exact_uint8_values_in_Float32,-9999,Float32,1.0
NE_MAIZE,2024-07,2024-07-01,2024-08-01,NE_MAIZE_HLS_2024-07_g1_NDVI_FMASK_v1.tif,14,s0006_S30_20240716T023529000_FMASK,FMASK,2024-07-16T02:35:29.000Z,1721097329000,S30,NASA/HLS/HLSS30/v002/T51TXJ_20240716T023529,NASA/HLS/HLSS30/v002,B4,B8A,Fmask,EPSG:32651,"[30,0,600000,0,-30,4900020]",false,false,false,false,(NIR-RED)/(NIR+RED); mask denominator=0; keep source masks,dimensionless; no further scale needed,exact_uint8_values_in_Float32,-9999,Float32,1.0
NE_MAIZE,2024-07,2024-07-01,2024-08-01,NE_MAIZE_HLS_2024-07_g1_NDVI_FMASK_v1.tif,15,s0007_L30_20240717T022707000_NDVI,NDVI,2024-07-17T02:27:07.000Z,1721183227000,L30,NASA/HLS/HLSL30/v002/T51TXJ_20240717T022707,NASA/HLS/HLSL30/v002,B4,B5,Fmask,EPSG:32651,"[30,0,600000,0,-30,4900020]",false,false,false,false,(NIR-RED)/(NIR+RED); mask denominator=0; keep source masks,dimensionless; no further scale needed,exact_uint8_values_in_Float32,-9999,Float32,1.0
NE_MAIZE,2024-07,2024-07-01,2024-08-01,NE_MAIZE_HLS_2024-07_g1_NDVI_FMASK_v1.tif,16,s0007_L30_20240717T022707000_FMASK,FMASK,2024-07-17T02:27:07.000Z,1721183227000,L30,NASA/HLS/HLSL30/v002/T51TXJ_20240717T022707,NASA/HLS/HLSL30/v002,B4,B5,Fmask,EPSG:32651,"[30,0,600000,0,-30,4900020]",false,false,false,false,(NIR-RED)/(NIR+RED); mask denominator=0; keep source masks,dimensionless; no further scale needed,exact_uint8_values_in_Float32,-9999,Float32,1.0
NE_MAIZE,2024-07,2024-07-01,2024-08-01,NE_MAIZE_HLS_2024-07_g1_NDVI_FMASK_v1.tif,17,s0008_L30_20240718T022052000_NDVI,NDVI,2024-07-18T02:20:52.000Z,1721269252000,L30,NASA/HLS/HLSL30/v002/T51TXJ_20240718T022052,NASA/HLS/HLSL30/v002,B4,B5,Fmask,EPSG:32651,"[30,0,600000,0,-30,4900020]",false,false,false,false,(NIR-RED)/(NIR+RED); mask denominator=0; keep source masks,dimensionless; no further scale needed,exact_uint8_values_in_Float32,-9999,Float32,1.0
NE_MAIZE,2024-07,2024-07-01,2024-08-01,NE_MAIZE_HLS_2024-07_g1_NDVI_FMASK_v1.tif,18,s0008_L30_20240718T022052000_FMASK,FMASK,2024-07-18T02:20:52.000Z,1721269252000,L30,NASA/HLS/HLSL30/v002/T51TXJ_20240718T022052,NASA/HLS/HLSL30/v002,B4,B5,Fmask,EPSG:32651,"[30,0,600000,0,-30,4900020]",false,false,false,false,(NIR-RED)/(NIR+RED); mask denominator=0; keep source masks,dimensionless; no further scale needed,exact_uint8_values_in_Float32,-9999,Float32,1.0
NE_MAIZE,2024-07,2024-07-01,2024-08-01,NE_MAIZE_HLS_2024-07_g1_NDVI_FMASK_v1.tif,19,s0009_S30_20240721T023551000_NDVI,NDVI,2024-07-21T02:35:51.000Z,1721529351000,S30,NASA/HLS/HLSS30/v002/T51TXJ_20240721T023551,NASA/HLS/HLSS30/v002,B4,B8A,Fmask,EPSG:32651,"[30,0,600000,0,-30,4900020]",false,false,false,false,(NIR-RED)/(NIR+RED); mask denominator=0; keep source masks,dimensionless; no further scale needed,exact_uint8_values_in_Float32,-9999,Float32,1.0
NE_MAIZE,2024-07,2024-07-01,2024-08-01,NE_MAIZE_HLS_2024-07_g1_NDVI_FMASK_v1.tif,20,s0009_S30_20240721T023551000_FMASK,FMASK,2024-07-21T02:35:51.000Z,1721529351000,S30,NASA/HLS/HLSS30/v002/T51TXJ_20240721T023551,NASA/HLS/HLSS30/v002,B4,B8A,Fmask,EPSG:32651,"[30,0,600000,0,-30,4900020]",false,false,false,false,(NIR-RED)/(NIR+RED); mask denominator=0; keep source masks,dimensionless; no further scale needed,exact_uint8_values_in_Float32,-9999,Float32,1.0
NE_MAIZE,2024-07,2024-07-01,2024-08-01,NE_MAIZE_HLS_2024-07_g1_NDVI_FMASK_v1.tif,21,s0010_L30_20240725T022701000_NDVI,NDVI,2024-07-25T02:27:01.000Z,1721874421000,L30,NASA/HLS/HLSL30/v002/T51TXJ_20240725T022701,NASA/HLS/HLSL30/v002,B4,B5,Fmask,EPSG:32651,"[30,0,600000,0,-30,4900020]",false,false,false,false,(NIR-RED)/(NIR+RED); mask denominator=0; keep source masks,dimensionless; no further scale needed,exact_uint8_values_in_Float32,-9999,Float32,1.0
NE_MAIZE,2024-07,2024-07-01,2024-08-01,NE_MAIZE_HLS_2024-07_g1_NDVI_FMASK_v1.tif,22,s0010_L30_20240725T022701000_FMASK,FMASK,2024-07-25T02:27:01.000Z,1721874421000,L30,NASA/HLS/HLSL30/v002/T51TXJ_20240725T022701,NASA/HLS/HLSL30/v002,B4,B5,Fmask,EPSG:32651,"[30,0,600000,0,-30,4900020]",false,false,false,false,(NIR-RED)/(NIR+RED); mask denominator=0; keep source masks,dimensionless; no further scale needed,exact_uint8_values_in_Float32,-9999,Float32,1.0
NE_MAIZE,2024-08,2024-08-01,2024-09-01,NE_MAIZE_HLS_2024-08_g1_NDVI_FMASK_v1.tif,1,s0000_L30_20240803T022055000_NDVI,NDVI,2024-08-03T02:20:55.000Z,1722651655000,L30,NASA/HLS/HLSL30/v002/T51TXJ_20240803T022055,NASA/HLS/HLSL30/v002,B4,B5,Fmask,EPSG:32651,"[30,0,600000,0,-30,4900020]",false,false,false,false,(NIR-RED)/(NIR+RED); mask denominator=0; keep source masks,dimensionless; no further scale needed,exact_uint8_values_in_Float32,-9999,Float32,1.0
NE_MAIZE,2024-08,2024-08-01,2024-09-01,NE_MAIZE_HLS_2024-08_g1_NDVI_FMASK_v1.tif,2,s0000_L30_20240803T022055000_FMASK,FMASK,2024-08-03T02:20:55.000Z,1722651655000,L30,NASA/HLS/HLSL30/v002/T51TXJ_20240803T022055,NASA/HLS/HLSL30/v002,B4,B5,Fmask,EPSG:32651,"[30,0,600000,0,-30,4900020]",false,false,false,false,(NIR-RED)/(NIR+RED); mask denominator=0; keep source masks,dimensionless; no further scale needed,exact_uint8_values_in_Float32,-9999,Float32,1.0
NE_MAIZE,2024-08,2024-08-01,2024-09-01,NE_MAIZE_HLS_2024-08_g1_NDVI_FMASK_v1.tif,3,s0001_S30_20240815T023529000_NDVI,NDVI,2024-08-15T02:35:29.000Z,1723689329000,S30,NASA/HLS/HLSS30/v002/T51TXJ_20240815T023529,NASA/HLS/HLSS30/v002,B4,B8A,Fmask,EPSG:32651,"[30,0,600000,0,-30,4900020]",false,false,false,false,(NIR-RED)/(NIR+RED); mask denominator=0; keep source masks,dimensionless; no further scale needed,exact_uint8_values_in_Float32,-9999,Float32,1.0
NE_MAIZE,2024-08,2024-08-01,2024-09-01,NE_MAIZE_HLS_2024-08_g1_NDVI_FMASK_v1.tif,4,s0001_S30_20240815T023529000_FMASK,FMASK,2024-08-15T02:35:29.000Z,1723689329000,S30,NASA/HLS/HLSS30/v002/T51TXJ_20240815T023529,NASA/HLS/HLSS30/v002,B4,B8A,Fmask,EPSG:32651,"[30,0,600000,0,-30,4900020]",false,false,false,false,(NIR-RED)/(NIR+RED); mask denominator=0; keep source masks,dimensionless; no further scale needed,exact_uint8_values_in_Float32,-9999,Float32,1.0
NE_MAIZE,2024-08,2024-08-01,2024-09-01,NE_MAIZE_HLS_2024-08_g1_NDVI_FMASK_v1.tif,5,s0002_L30_20240818T022719000_NDVI,NDVI,2024-08-18T02:27:19.000Z,1723948039000,L30,NASA/HLS/HLSL30/v002/T51TXJ_20240818T022719,NASA/HLS/HLSL30/v002,B4,B5,Fmask,EPSG:32651,"[30,0,600000,0,-30,4900020]",false,false,false,false,(NIR-RED)/(NIR+RED); mask denominator=0; keep source masks,dimensionless; no further scale needed,exact_uint8_values_in_Float32,-9999,Float32,1.0
NE_MAIZE,2024-08,2024-08-01,2024-09-01,NE_MAIZE_HLS_2024-08_g1_NDVI_FMASK_v1.tif,6,s0002_L30_20240818T022719000_FMASK,FMASK,2024-08-18T02:27:19.000Z,1723948039000,L30,NASA/HLS/HLSL30/v002/T51TXJ_20240818T022719,NASA/HLS/HLSL30/v002,B4,B5,Fmask,EPSG:32651,"[30,0,600000,0,-30,4900020]",false,false,false,false,(NIR-RED)/(NIR+RED); mask denominator=0; keep source masks,dimensionless; no further scale needed,exact_uint8_values_in_Float32,-9999,Float32,1.0
NE_MAIZE,2024-08,2024-08-01,2024-09-01,NE_MAIZE_HLS_2024-08_g1_NDVI_FMASK_v1.tif,7,s0003_S30_20240820T023551000_NDVI,NDVI,2024-08-20T02:35:51.000Z,1724121351000,S30,NASA/HLS/HLSS30/v002/T51TXJ_20240820T023551,NASA/HLS/HLSS30/v002,B4,B8A,Fmask,EPSG:32651,"[30,0,600000,0,-30,4900020]",false,false,false,false,(NIR-RED)/(NIR+RED); mask denominator=0; keep source masks,dimensionless; no further scale needed,exact_uint8_values_in_Float32,-9999,Float32,1.0
NE_MAIZE,2024-08,2024-08-01,2024-09-01,NE_MAIZE_HLS_2024-08_g1_NDVI_FMASK_v1.tif,8,s0003_S30_20240820T023551000_FMASK,FMASK,2024-08-20T02:35:51.000Z,1724121351000,S30,NASA/HLS/HLSS30/v002/T51TXJ_20240820T023551,NASA/HLS/HLSS30/v002,B4,B8A,Fmask,EPSG:32651,"[30,0,600000,0,-30,4900020]",false,false,false,false,(NIR-RED)/(NIR+RED); mask denominator=0; keep source masks,dimensionless; no further scale needed,exact_uint8_values_in_Float32,-9999,Float32,1.0
NE_MAIZE,2024-08,2024-08-01,2024-09-01,NE_MAIZE_HLS_2024-08_g1_NDVI_FMASK_v1.tif,9,s0004_S30_20240825T023529000_NDVI,NDVI,2024-08-25T02:35:29.000Z,1724553329000,S30,NASA/HLS/HLSS30/v002/T51TXJ_20240825T023529,NASA/HLS/HLSS30/v002,B4,B8A,Fmask,EPSG:32651,"[30,0,600000,0,-30,4900020]",false,false,false,false,(NIR-RED)/(NIR+RED); mask denominator=0; keep source masks,dimensionless; no further scale needed,exact_uint8_values_in_Float32,-9999,Float32,1.0
NE_MAIZE,2024-08,2024-08-01,2024-09-01,NE_MAIZE_HLS_2024-08_g1_NDVI_FMASK_v1.tif,10,s0004_S30_20240825T023529000_FMASK,FMASK,2024-08-25T02:35:29.000Z,1724553329000,S30,NASA/HLS/HLSS30/v002/T51TXJ_20240825T023529,NASA/HLS/HLSS30/v002,B4,B8A,Fmask,EPSG:32651,"[30,0,600000,0,-30,4900020]",false,false,false,false,(NIR-RED)/(NIR+RED); mask denominator=0; keep source masks,dimensionless; no further scale needed,exact_uint8_values_in_Float32,-9999,Float32,1.0
NE_MAIZE,2024-08,2024-08-01,2024-09-01,NE_MAIZE_HLS_2024-08_g1_NDVI_FMASK_v1.tif,11,s0005_L30_20240826T022722000_NDVI,NDVI,2024-08-26T02:27:22.000Z,1724639242000,L30,NASA/HLS/HLSL30/v002/T51TXJ_20240826T022722,NASA/HLS/HLSL30/v002,B4,B5,Fmask,EPSG:32651,"[30,0,600000,0,-30,4900020]",false,false,false,false,(NIR-RED)/(NIR+RED); mask denominator=0; keep source masks,dimensionless; no further scale needed,exact_uint8_values_in_Float32,-9999,Float32,1.0
NE_MAIZE,2024-08,2024-08-01,2024-09-01,NE_MAIZE_HLS_2024-08_g1_NDVI_FMASK_v1.tif,12,s0005_L30_20240826T022722000_FMASK,FMASK,2024-08-26T02:27:22.000Z,1724639242000,L30,NASA/HLS/HLSL30/v002/T51TXJ_20240826T022722,NASA/HLS/HLSL30/v002,B4,B5,Fmask,EPSG:32651,"[30,0,600000,0,-30,4900020]",false,false,false,false,(NIR-RED)/(NIR+RED); mask denominator=0; keep source masks,dimensionless; no further scale needed,exact_uint8_values_in_Float32,-9999,Float32,1.0
NE_MAIZE,2024-08,2024-08-01,2024-09-01,NE_MAIZE_HLS_2024-08_g1_NDVI_FMASK_v1.tif,13,s0006_L30_20240827T022110000_NDVI,NDVI,2024-08-27T02:21:10.000Z,1724725270000,L30,NASA/HLS/HLSL30/v002/T51TXJ_20240827T022110,NASA/HLS/HLSL30/v002,B4,B5,Fmask,EPSG:32651,"[30,0,600000,0,-30,4900020]",false,false,false,false,(NIR-RED)/(NIR+RED); mask denominator=0; keep source masks,dimensionless; no further scale needed,exact_uint8_values_in_Float32,-9999,Float32,1.0
NE_MAIZE,2024-08,2024-08-01,2024-09-01,NE_MAIZE_HLS_2024-08_g1_NDVI_FMASK_v1.tif,14,s0006_L30_20240827T022110000_FMASK,FMASK,2024-08-27T02:21:10.000Z,1724725270000,L30,NASA/HLS/HLSL30/v002/T51TXJ_20240827T022110,NASA/HLS/HLSL30/v002,B4,B5,Fmask,EPSG:32651,"[30,0,600000,0,-30,4900020]",false,false,false,false,(NIR-RED)/(NIR+RED); mask denominator=0; keep source masks,dimensionless; no further scale needed,exact_uint8_values_in_Float32,-9999,Float32,1.0
NE_MAIZE,2024-09,2024-09-01,2024-10-01,NE_MAIZE_HLS_2024-09_g1_NDVI_FMASK_v1.tif,1,s0000_L30_20240903T022728000_NDVI,NDVI,2024-09-03T02:27:28.000Z,1725330448000,L30,NASA/HLS/HLSL30/v002/T51TXJ_20240903T022728,NASA/HLS/HLSL30/v002,B4,B5,Fmask,EPSG:32651,"[30,0,600000,0,-30,4900020]",false,false,false,false,(NIR-RED)/(NIR+RED); mask denominator=0; keep source masks,dimensionless; no further scale needed,exact_uint8_values_in_Float32,-9999,Float32,1.0
NE_MAIZE,2024-09,2024-09-01,2024-10-01,NE_MAIZE_HLS_2024-09_g1_NDVI_FMASK_v1.tif,2,s0000_L30_20240903T022728000_FMASK,FMASK,2024-09-03T02:27:28.000Z,1725330448000,L30,NASA/HLS/HLSL30/v002/T51TXJ_20240903T022728,NASA/HLS/HLSL30/v002,B4,B5,Fmask,EPSG:32651,"[30,0,600000,0,-30,4900020]",false,false,false,false,(NIR-RED)/(NIR+RED); mask denominator=0; keep source masks,dimensionless; no further scale needed,exact_uint8_values_in_Float32,-9999,Float32,1.0
NE_MAIZE,2024-09,2024-09-01,2024-10-01,NE_MAIZE_HLS_2024-09_g1_NDVI_FMASK_v1.tif,3,s0001_L30_20240911T022724000_NDVI,NDVI,2024-09-11T02:27:24.000Z,1726021644000,L30,NASA/HLS/HLSL30/v002/T51TXJ_20240911T022724,NASA/HLS/HLSL30/v002,B4,B5,Fmask,EPSG:32651,"[30,0,600000,0,-30,4900020]",false,false,false,false,(NIR-RED)/(NIR+RED); mask denominator=0; keep source masks,dimensionless; no further scale needed,exact_uint8_values_in_Float32,-9999,Float32,1.0
NE_MAIZE,2024-09,2024-09-01,2024-10-01,NE_MAIZE_HLS_2024-09_g1_NDVI_FMASK_v1.tif,4,s0001_L30_20240911T022724000_FMASK,FMASK,2024-09-11T02:27:24.000Z,1726021644000,L30,NASA/HLS/HLSL30/v002/T51TXJ_20240911T022724,NASA/HLS/HLSL30/v002,B4,B5,Fmask,EPSG:32651,"[30,0,600000,0,-30,4900020]",false,false,false,false,(NIR-RED)/(NIR+RED); mask denominator=0; keep source masks,dimensionless; no further scale needed,exact_uint8_values_in_Float32,-9999,Float32,1.0
NE_MAIZE,2024-09,2024-09-01,2024-10-01,NE_MAIZE_HLS_2024-09_g1_NDVI_FMASK_v1.tif,5,s0002_L30_20240912T022118000_NDVI,NDVI,2024-09-12T02:21:18.000Z,1726107678000,L30,NASA/HLS/HLSL30/v002/T51TXJ_20240912T022118,NASA/HLS/HLSL30/v002,B4,B5,Fmask,EPSG:32651,"[30,0,600000,0,-30,4900020]",false,false,false,false,(NIR-RED)/(NIR+RED); mask denominator=0; keep source masks,dimensionless; no further scale needed,exact_uint8_values_in_Float32,-9999,Float32,1.0
NE_MAIZE,2024-09,2024-09-01,2024-10-01,NE_MAIZE_HLS_2024-09_g1_NDVI_FMASK_v1.tif,6,s0002_L30_20240912T022118000_FMASK,FMASK,2024-09-12T02:21:18.000Z,1726107678000,L30,NASA/HLS/HLSL30/v002/T51TXJ_20240912T022118,NASA/HLS/HLSL30/v002,B4,B5,Fmask,EPSG:32651,"[30,0,600000,0,-30,4900020]",false,false,false,false,(NIR-RED)/(NIR+RED); mask denominator=0; keep source masks,dimensionless; no further scale needed,exact_uint8_values_in_Float32,-9999,Float32,1.0
NE_MAIZE,2024-09,2024-09-01,2024-10-01,NE_MAIZE_HLS_2024-09_g1_NDVI_FMASK_v1.tif,7,s0003_L30_20240919T022731000_NDVI,NDVI,2024-09-19T02:27:31.000Z,1726712851000,L30,NASA/HLS/HLSL30/v002/T51TXJ_20240919T022731,NASA/HLS/HLSL30/v002,B4,B5,Fmask,EPSG:32651,"[30,0,600000,0,-30,4900020]",false,false,false,false,(NIR-RED)/(NIR+RED); mask denominator=0; keep source masks,dimensionless; no further scale needed,exact_uint8_values_in_Float32,-9999,Float32,1.0
NE_MAIZE,2024-09,2024-09-01,2024-10-01,NE_MAIZE_HLS_2024-09_g1_NDVI_FMASK_v1.tif,8,s0003_L30_20240919T022731000_FMASK,FMASK,2024-09-19T02:27:31.000Z,1726712851000,L30,NASA/HLS/HLSL30/v002/T51TXJ_20240919T022731,NASA/HLS/HLSL30/v002,B4,B5,Fmask,EPSG:32651,"[30,0,600000,0,-30,4900020]",false,false,false,false,(NIR-RED)/(NIR+RED); mask denominator=0; keep source masks,dimensionless; no further scale needed,exact_uint8_values_in_Float32,-9999,Float32,1.0
NE_MAIZE,2024-09,2024-09-01,2024-10-01,NE_MAIZE_HLS_2024-09_g1_NDVI_FMASK_v1.tif,9,s0004_S30_20240919T023551000_NDVI,NDVI,2024-09-19T02:35:51.000Z,1726713351000,S30,NASA/HLS/HLSS30/v002/T51TXJ_20240919T023551,NASA/HLS/HLSS30/v002,B4,B8A,Fmask,EPSG:32651,"[30,0,600000,0,-30,4900020]",false,false,false,false,(NIR-RED)/(NIR+RED); mask denominator=0; keep source masks,dimensionless; no further scale needed,exact_uint8_values_in_Float32,-9999,Float32,1.0
NE_MAIZE,2024-09,2024-09-01,2024-10-01,NE_MAIZE_HLS_2024-09_g1_NDVI_FMASK_v1.tif,10,s0004_S30_20240919T023551000_FMASK,FMASK,2024-09-19T02:35:51.000Z,1726713351000,S30,NASA/HLS/HLSS30/v002/T51TXJ_20240919T023551,NASA/HLS/HLSS30/v002,B4,B8A,Fmask,EPSG:32651,"[30,0,600000,0,-30,4900020]",false,false,false,false,(NIR-RED)/(NIR+RED); mask denominator=0; keep source masks,dimensionless; no further scale needed,exact_uint8_values_in_Float32,-9999,Float32,1.0
NE_MAIZE,2024-09,2024-09-01,2024-10-01,NE_MAIZE_HLS_2024-09_g1_NDVI_FMASK_v1.tif,11,s0005_S30_20240924T023529000_NDVI,NDVI,2024-09-24T02:35:29.000Z,1727145329000,S30,NASA/HLS/HLSS30/v002/T51TXJ_20240924T023529,NASA/HLS/HLSS30/v002,B4,B8A,Fmask,EPSG:32651,"[30,0,600000,0,-30,4900020]",false,false,false,false,(NIR-RED)/(NIR+RED); mask denominator=0; keep source masks,dimensionless; no further scale needed,exact_uint8_values_in_Float32,-9999,Float32,1.0
NE_MAIZE,2024-09,2024-09-01,2024-10-01,NE_MAIZE_HLS_2024-09_g1_NDVI_FMASK_v1.tif,12,s0005_S30_20240924T023529000_FMASK,FMASK,2024-09-24T02:35:29.000Z,1727145329000,S30,NASA/HLS/HLSS30/v002/T51TXJ_20240924T023529,NASA/HLS/HLSS30/v002,B4,B8A,Fmask,EPSG:32651,"[30,0,600000,0,-30,4900020]",false,false,false,false,(NIR-RED)/(NIR+RED); mask denominator=0; keep source masks,dimensionless; no further scale needed,exact_uint8_values_in_Float32,-9999,Float32,1.0
NE_MAIZE,2024-09,2024-09-01,2024-10-01,NE_MAIZE_HLS_2024-09_g1_NDVI_FMASK_v1.tif,13,s0006_L30_20240927T022727000_NDVI,NDVI,2024-09-27T02:27:27.000Z,1727404047000,L30,NASA/HLS/HLSL30/v002/T51TXJ_20240927T022727,NASA/HLS/HLSL30/v002,B4,B5,Fmask,EPSG:32651,"[30,0,600000,0,-30,4900020]",false,false,false,false,(NIR-RED)/(NIR+RED); mask denominator=0; keep source masks,dimensionless; no further scale needed,exact_uint8_values_in_Float32,-9999,Float32,1.0
NE_MAIZE,2024-09,2024-09-01,2024-10-01,NE_MAIZE_HLS_2024-09_g1_NDVI_FMASK_v1.tif,14,s0006_L30_20240927T022727000_FMASK,FMASK,2024-09-27T02:27:27.000Z,1727404047000,L30,NASA/HLS/HLSL30/v002/T51TXJ_20240927T022727,NASA/HLS/HLSL30/v002,B4,B5,Fmask,EPSG:32651,"[30,0,600000,0,-30,4900020]",false,false,false,false,(NIR-RED)/(NIR+RED); mask denominator=0; keep source masks,dimensionless; no further scale needed,exact_uint8_values_in_Float32,-9999,Float32,1.0
NE_MAIZE,2024-09,2024-09-01,2024-10-01,NE_MAIZE_HLS_2024-09_g1_NDVI_FMASK_v1.tif,15,s0007_L30_20240928T022114000_NDVI,NDVI,2024-09-28T02:21:14.000Z,1727490074000,L30,NASA/HLS/HLSL30/v002/T51TXJ_20240928T022114,NASA/HLS/HLSL30/v002,B4,B5,Fmask,EPSG:32651,"[30,0,600000,0,-30,4900020]",false,false,false,false,(NIR-RED)/(NIR+RED); mask denominator=0; keep source masks,dimensionless; no further scale needed,exact_uint8_values_in_Float32,-9999,Float32,1.0
NE_MAIZE,2024-09,2024-09-01,2024-10-01,NE_MAIZE_HLS_2024-09_g1_NDVI_FMASK_v1.tif,16,s0007_L30_20240928T022114000_FMASK,FMASK,2024-09-28T02:21:14.000Z,1727490074000,L30,NASA/HLS/HLSL30/v002/T51TXJ_20240928T022114,NASA/HLS/HLSL30/v002,B4,B5,Fmask,EPSG:32651,"[30,0,600000,0,-30,4900020]",false,false,false,false,(NIR-RED)/(NIR+RED); mask denominator=0; keep source masks,dimensionless; no further scale needed,exact_uint8_values_in_Float32,-9999,Float32,1.0
NE_MAIZE,2024-09,2024-09-01,2024-10-01,NE_MAIZE_HLS_2024-09_g1_NDVI_FMASK_v1.tif,17,s0008_S30_20240929T023531000_NDVI,NDVI,2024-09-29T02:35:31.000Z,1727577331000,S30,NASA/HLS/HLSS30/v002/T51TXJ_20240929T023531,NASA/HLS/HLSS30/v002,B4,B8A,Fmask,EPSG:32651,"[30,0,600000,0,-30,4900020]",false,false,false,false,(NIR-RED)/(NIR+RED); mask denominator=0; keep source masks,dimensionless; no further scale needed,exact_uint8_values_in_Float32,-9999,Float32,1.0
NE_MAIZE,2024-09,2024-09-01,2024-10-01,NE_MAIZE_HLS_2024-09_g1_NDVI_FMASK_v1.tif,18,s0008_S30_20240929T023531000_FMASK,FMASK,2024-09-29T02:35:31.000Z,1727577331000,S30,NASA/HLS/HLSS30/v002/T51TXJ_20240929T023531,NASA/HLS/HLSS30/v002,B4,B8A,Fmask,EPSG:32651,"[30,0,600000,0,-30,4900020]",false,false,false,false,(NIR-RED)/(NIR+RED); mask denominator=0; keep source masks,dimensionless; no further scale needed,exact_uint8_values_in_Float32,-9999,Float32,1.0
NE_MAIZE,2024-10,2024-10-01,2024-11-01,NE_MAIZE_HLS_2024-10_g1_NDVI_FMASK_v1.tif,1,s0000_S30_20241004T023529000_NDVI,NDVI,2024-10-04T02:35:29.000Z,1728009329000,S30,NASA/HLS/HLSS30/v002/T51TXJ_20241004T023529,NASA/HLS/HLSS30/v002,B4,B8A,Fmask,EPSG:32651,"[30,0,600000,0,-30,4900020]",false,false,false,false,(NIR-RED)/(NIR+RED); mask denominator=0; keep source masks,dimensionless; no further scale needed,exact_uint8_values_in_Float32,-9999,Float32,1.0
NE_MAIZE,2024-10,2024-10-01,2024-11-01,NE_MAIZE_HLS_2024-10_g1_NDVI_FMASK_v1.tif,2,s0000_S30_20241004T023529000_FMASK,FMASK,2024-10-04T02:35:29.000Z,1728009329000,S30,NASA/HLS/HLSS30/v002/T51TXJ_20241004T023529,NASA/HLS/HLSS30/v002,B4,B8A,Fmask,EPSG:32651,"[30,0,600000,0,-30,4900020]",false,false,false,false,(NIR-RED)/(NIR+RED); mask denominator=0; keep source masks,dimensionless; no further scale needed,exact_uint8_values_in_Float32,-9999,Float32,1.0
NE_MAIZE,2024-10,2024-10-01,2024-11-01,NE_MAIZE_HLS_2024-10_g1_NDVI_FMASK_v1.tif,3,s0001_L30_20241005T022728000_NDVI,NDVI,2024-10-05T02:27:28.000Z,1728095248000,L30,NASA/HLS/HLSL30/v002/T51TXJ_20241005T022728,NASA/HLS/HLSL30/v002,B4,B5,Fmask,EPSG:32651,"[30,0,600000,0,-30,4900020]",false,false,false,false,(NIR-RED)/(NIR+RED); mask denominator=0; keep source masks,dimensionless; no further scale needed,exact_uint8_values_in_Float32,-9999,Float32,1.0
NE_MAIZE,2024-10,2024-10-01,2024-11-01,NE_MAIZE_HLS_2024-10_g1_NDVI_FMASK_v1.tif,4,s0001_L30_20241005T022728000_FMASK,FMASK,2024-10-05T02:27:28.000Z,1728095248000,L30,NASA/HLS/HLSL30/v002/T51TXJ_20241005T022728,NASA/HLS/HLSL30/v002,B4,B5,Fmask,EPSG:32651,"[30,0,600000,0,-30,4900020]",false,false,false,false,(NIR-RED)/(NIR+RED); mask denominator=0; keep source masks,dimensionless; no further scale needed,exact_uint8_values_in_Float32,-9999,Float32,1.0
NE_MAIZE,2024-10,2024-10-01,2024-11-01,NE_MAIZE_HLS_2024-10_g1_NDVI_FMASK_v1.tif,5,s0002_S30_20241009T023611000_NDVI,NDVI,2024-10-09T02:36:11.000Z,1728441371000,S30,NASA/HLS/HLSS30/v002/T51TXJ_20241009T023611,NASA/HLS/HLSS30/v002,B4,B8A,Fmask,EPSG:32651,"[30,0,600000,0,-30,4900020]",false,false,false,false,(NIR-RED)/(NIR+RED); mask denominator=0; keep source masks,dimensionless; no further scale needed,exact_uint8_values_in_Float32,-9999,Float32,1.0
NE_MAIZE,2024-10,2024-10-01,2024-11-01,NE_MAIZE_HLS_2024-10_g1_NDVI_FMASK_v1.tif,6,s0002_S30_20241009T023611000_FMASK,FMASK,2024-10-09T02:36:11.000Z,1728441371000,S30,NASA/HLS/HLSS30/v002/T51TXJ_20241009T023611,NASA/HLS/HLSS30/v002,B4,B8A,Fmask,EPSG:32651,"[30,0,600000,0,-30,4900020]",false,false,false,false,(NIR-RED)/(NIR+RED); mask denominator=0; keep source masks,dimensionless; no further scale needed,exact_uint8_values_in_Float32,-9999,Float32,1.0
NE_MAIZE,2024-10,2024-10-01,2024-11-01,NE_MAIZE_HLS_2024-10_g1_NDVI_FMASK_v1.tif,7,s0003_L30_20241013T022735000_NDVI,NDVI,2024-10-13T02:27:35.000Z,1728786455000,L30,NASA/HLS/HLSL30/v002/T51TXJ_20241013T022735,NASA/HLS/HLSL30/v002,B4,B5,Fmask,EPSG:32651,"[30,0,600000,0,-30,4900020]",false,false,false,false,(NIR-RED)/(NIR+RED); mask denominator=0; keep source masks,dimensionless; no further scale needed,exact_uint8_values_in_Float32,-9999,Float32,1.0
NE_MAIZE,2024-10,2024-10-01,2024-11-01,NE_MAIZE_HLS_2024-10_g1_NDVI_FMASK_v1.tif,8,s0003_L30_20241013T022735000_FMASK,FMASK,2024-10-13T02:27:35.000Z,1728786455000,L30,NASA/HLS/HLSL30/v002/T51TXJ_20241013T022735,NASA/HLS/HLSL30/v002,B4,B5,Fmask,EPSG:32651,"[30,0,600000,0,-30,4900020]",false,false,false,false,(NIR-RED)/(NIR+RED); mask denominator=0; keep source masks,dimensionless; no further scale needed,exact_uint8_values_in_Float32,-9999,Float32,1.0
NE_MAIZE,2024-10,2024-10-01,2024-11-01,NE_MAIZE_HLS_2024-10_g1_NDVI_FMASK_v1.tif,9,s0004_L30_20241014T022151000_NDVI,NDVI,2024-10-14T02:21:51.000Z,1728872511000,L30,NASA/HLS/HLSL30/v002/T51TXJ_20241014T022151,NASA/HLS/HLSL30/v002,B4,B5,Fmask,EPSG:32651,"[30,0,600000,0,-30,4900020]",false,false,false,false,(NIR-RED)/(NIR+RED); mask denominator=0; keep source masks,dimensionless; no further scale needed,exact_uint8_values_in_Float32,-9999,Float32,1.0
NE_MAIZE,2024-10,2024-10-01,2024-11-01,NE_MAIZE_HLS_2024-10_g1_NDVI_FMASK_v1.tif,10,s0004_L30_20241014T022151000_FMASK,FMASK,2024-10-14T02:21:51.000Z,1728872511000,L30,NASA/HLS/HLSL30/v002/T51TXJ_20241014T022151,NASA/HLS/HLSL30/v002,B4,B5,Fmask,EPSG:32651,"[30,0,600000,0,-30,4900020]",false,false,false,false,(NIR-RED)/(NIR+RED); mask denominator=0; keep source masks,dimensionless; no further scale needed,exact_uint8_values_in_Float32,-9999,Float32,1.0
NE_MAIZE,2024-10,2024-10-01,2024-11-01,NE_MAIZE_HLS_2024-10_g1_NDVI_FMASK_v1.tif,11,s0005_S30_20241014T023549000_NDVI,NDVI,2024-10-14T02:35:49.000Z,1728873349000,S30,NASA/HLS/HLSS30/v002/T51TXJ_20241014T023549,NASA/HLS/HLSS30/v002,B4,B8A,Fmask,EPSG:32651,"[30,0,600000,0,-30,4900020]",false,false,false,false,(NIR-RED)/(NIR+RED); mask denominator=0; keep source masks,dimensionless; no further scale needed,exact_uint8_values_in_Float32,-9999,Float32,1.0
NE_MAIZE,2024-10,2024-10-01,2024-11-01,NE_MAIZE_HLS_2024-10_g1_NDVI_FMASK_v1.tif,12,s0005_S30_20241014T023549000_FMASK,FMASK,2024-10-14T02:35:49.000Z,1728873349000,S30,NASA/HLS/HLSS30/v002/T51TXJ_20241014T023549,NASA/HLS/HLSS30/v002,B4,B8A,Fmask,EPSG:32651,"[30,0,600000,0,-30,4900020]",false,false,false,false,(NIR-RED)/(NIR+RED); mask denominator=0; keep source masks,dimensionless; no further scale needed,exact_uint8_values_in_Float32,-9999,Float32,1.0
NE_MAIZE,2024-10,2024-10-01,2024-11-01,NE_MAIZE_HLS_2024-10_g1_NDVI_FMASK_v1.tif,13,s0006_S30_20241019T023721000_NDVI,NDVI,2024-10-19T02:37:21.000Z,1729305441000,S30,NASA/HLS/HLSS30/v002/T51TXJ_20241019T023721,NASA/HLS/HLSS30/v002,B4,B8A,Fmask,EPSG:32651,"[30,0,600000,0,-30,4900020]",false,false,false,false,(NIR-RED)/(NIR+RED); mask denominator=0; keep source masks,dimensionless; no further scale needed,exact_uint8_values_in_Float32,-9999,Float32,1.0
NE_MAIZE,2024-10,2024-10-01,2024-11-01,NE_MAIZE_HLS_2024-10_g1_NDVI_FMASK_v1.tif,14,s0006_S30_20241019T023721000_FMASK,FMASK,2024-10-19T02:37:21.000Z,1729305441000,S30,NASA/HLS/HLSS30/v002/T51TXJ_20241019T023721,NASA/HLS/HLSS30/v002,B4,B8A,Fmask,EPSG:32651,"[30,0,600000,0,-30,4900020]",false,false,false,false,(NIR-RED)/(NIR+RED); mask denominator=0; keep source masks,dimensionless; no further scale needed,exact_uint8_values_in_Float32,-9999,Float32,1.0
NE_MAIZE,2024-10,2024-10-01,2024-11-01,NE_MAIZE_HLS_2024-10_g1_NDVI_FMASK_v1.tif,15,s0007_L30_20241021T022741000_NDVI,NDVI,2024-10-21T02:27:41.000Z,1729477661000,L30,NASA/HLS/HLSL30/v002/T51TXJ_20241021T022741,NASA/HLS/HLSL30/v002,B4,B5,Fmask,EPSG:32651,"[30,0,600000,0,-30,4900020]",false,false,false,false,(NIR-RED)/(NIR+RED); mask denominator=0; keep source masks,dimensionless; no further scale needed,exact_uint8_values_in_Float32,-9999,Float32,1.0
NE_MAIZE,2024-10,2024-10-01,2024-11-01,NE_MAIZE_HLS_2024-10_g1_NDVI_FMASK_v1.tif,16,s0007_L30_20241021T022741000_FMASK,FMASK,2024-10-21T02:27:41.000Z,1729477661000,L30,NASA/HLS/HLSL30/v002/T51TXJ_20241021T022741,NASA/HLS/HLSL30/v002,B4,B5,Fmask,EPSG:32651,"[30,0,600000,0,-30,4900020]",false,false,false,false,(NIR-RED)/(NIR+RED); mask denominator=0; keep source masks,dimensionless; no further scale needed,exact_uint8_values_in_Float32,-9999,Float32,1.0
NE_MAIZE,2024-10,2024-10-01,2024-11-01,NE_MAIZE_HLS_2024-10_g1_NDVI_FMASK_v1.tif,17,s0008_L30_20241022T022134000_NDVI,NDVI,2024-10-22T02:21:34.000Z,1729563694000,L30,NASA/HLS/HLSL30/v002/T51TXJ_20241022T022134,NASA/HLS/HLSL30/v002,B4,B5,Fmask,EPSG:32651,"[30,0,600000,0,-30,4900020]",false,false,false,false,(NIR-RED)/(NIR+RED); mask denominator=0; keep source masks,dimensionless; no further scale needed,exact_uint8_values_in_Float32,-9999,Float32,1.0
NE_MAIZE,2024-10,2024-10-01,2024-11-01,NE_MAIZE_HLS_2024-10_g1_NDVI_FMASK_v1.tif,18,s0008_L30_20241022T022134000_FMASK,FMASK,2024-10-22T02:21:34.000Z,1729563694000,L30,NASA/HLS/HLSL30/v002/T51TXJ_20241022T022134,NASA/HLS/HLSL30/v002,B4,B5,Fmask,EPSG:32651,"[30,0,600000,0,-30,4900020]",false,false,false,false,(NIR-RED)/(NIR+RED); mask denominator=0; keep source masks,dimensionless; no further scale needed,exact_uint8_values_in_Float32,-9999,Float32,1.0
NE_MAIZE,2024-10,2024-10-01,2024-11-01,NE_MAIZE_HLS_2024-10_g1_NDVI_FMASK_v1.tif,19,s0009_S30_20241024T023659000_NDVI,NDVI,2024-10-24T02:36:59.000Z,1729737419000,S30,NASA/HLS/HLSS30/v002/T51TXJ_20241024T023659,NASA/HLS/HLSS30/v002,B4,B8A,Fmask,EPSG:32651,"[30,0,600000,0,-30,4900020]",false,false,false,false,(NIR-RED)/(NIR+RED); mask denominator=0; keep source masks,dimensionless; no further scale needed,exact_uint8_values_in_Float32,-9999,Float32,1.0
NE_MAIZE,2024-10,2024-10-01,2024-11-01,NE_MAIZE_HLS_2024-10_g1_NDVI_FMASK_v1.tif,20,s0009_S30_20241024T023659000_FMASK,FMASK,2024-10-24T02:36:59.000Z,1729737419000,S30,NASA/HLS/HLSS30/v002/T51TXJ_20241024T023659,NASA/HLS/HLSS30/v002,B4,B8A,Fmask,EPSG:32651,"[30,0,600000,0,-30,4900020]",false,false,false,false,(NIR-RED)/(NIR+RED); mask denominator=0; keep source masks,dimensionless; no further scale needed,exact_uint8_values_in_Float32,-9999,Float32,1.0
NE_MAIZE,2024-10,2024-10-01,2024-11-01,NE_MAIZE_HLS_2024-10_g1_NDVI_FMASK_v1.tif,21,s0010_L30_20241029T022745000_NDVI,NDVI,2024-10-29T02:27:45.000Z,1730168865000,L30,NASA/HLS/HLSL30/v002/T51TXJ_20241029T022745,NASA/HLS/HLSL30/v002,B4,B5,Fmask,EPSG:32651,"[30,0,600000,0,-30,4900020]",false,false,false,false,(NIR-RED)/(NIR+RED); mask denominator=0; keep source masks,dimensionless; no further scale needed,exact_uint8_values_in_Float32,-9999,Float32,1.0
NE_MAIZE,2024-10,2024-10-01,2024-11-01,NE_MAIZE_HLS_2024-10_g1_NDVI_FMASK_v1.tif,22,s0010_L30_20241029T022745000_FMASK,FMASK,2024-10-29T02:27:45.000Z,1730168865000,L30,NASA/HLS/HLSL30/v002/T51TXJ_20241029T022745,NASA/HLS/HLSL30/v002,B4,B5,Fmask,EPSG:32651,"[30,0,600000,0,-30,4900020]",false,false,false,false,(NIR-RED)/(NIR+RED); mask denominator=0; keep source masks,dimensionless; no further scale needed,exact_uint8_values_in_Float32,-9999,Float32,1.0
NE_MAIZE,2024-10,2024-10-01,2024-11-01,NE_MAIZE_HLS_2024-10_g1_NDVI_FMASK_v1.tif,23,s0011_S30_20241029T023821000_NDVI,NDVI,2024-10-29T02:38:21.000Z,1730169501000,S30,NASA/HLS/HLSS30/v002/T51TXJ_20241029T023821,NASA/HLS/HLSS30/v002,B4,B8A,Fmask,EPSG:32651,"[30,0,600000,0,-30,4900020]",false,false,false,false,(NIR-RED)/(NIR+RED); mask denominator=0; keep source masks,dimensionless; no further scale needed,exact_uint8_values_in_Float32,-9999,Float32,1.0
NE_MAIZE,2024-10,2024-10-01,2024-11-01,NE_MAIZE_HLS_2024-10_g1_NDVI_FMASK_v1.tif,24,s0011_S30_20241029T023821000_FMASK,FMASK,2024-10-29T02:38:21.000Z,1730169501000,S30,NASA/HLS/HLSS30/v002/T51TXJ_20241029T023821,NASA/HLS/HLSS30/v002,B4,B8A,Fmask,EPSG:32651,"[30,0,600000,0,-30,4900020]",false,false,false,false,(NIR-RED)/(NIR+RED); mask denominator=0; keep source masks,dimensionless; no further scale needed,exact_uint8_values_in_Float32,-9999,Float32,1.0
NE_MAIZE,2024-10,2024-10-01,2024-11-01,NE_MAIZE_HLS_2024-10_g1_NDVI_FMASK_v1.tif,25,s0012_L30_20241030T022146000_NDVI,NDVI,2024-10-30T02:21:46.000Z,1730254906000,L30,NASA/HLS/HLSL30/v002/T51TXJ_20241030T022146,NASA/HLS/HLSL30/v002,B4,B5,Fmask,EPSG:32651,"[30,0,600000,0,-30,4900020]",false,false,false,false,(NIR-RED)/(NIR+RED); mask denominator=0; keep source masks,dimensionless; no further scale needed,exact_uint8_values_in_Float32,-9999,Float32,1.0
NE_MAIZE,2024-10,2024-10-01,2024-11-01,NE_MAIZE_HLS_2024-10_g1_NDVI_FMASK_v1.tif,26,s0012_L30_20241030T022146000_FMASK,FMASK,2024-10-30T02:21:46.000Z,1730254906000,L30,NASA/HLS/HLSL30/v002/T51TXJ_20241030T022146,NASA/HLS/HLSL30/v002,B4,B5,Fmask,EPSG:32651,"[30,0,600000,0,-30,4900020]",false,false,false,false,(NIR-RED)/(NIR+RED); mask denominator=0; keep source masks,dimensionless; no further scale needed,exact_uint8_values_in_Float32,-9999,Float32,1.0
NE_MAIZE,2024-11,2024-11-01,2024-12-01,NE_MAIZE_HLS_2024-11_g1_NDVI_FMASK_v1.tif,1,s0000_L30_20241106T022736000_NDVI,NDVI,2024-11-06T02:27:36.000Z,1730860056000,L30,NASA/HLS/HLSL30/v002/T51TXJ_20241106T022736,NASA/HLS/HLSL30/v002,B4,B5,Fmask,EPSG:32651,"[30,0,600000,0,-30,4900020]",false,false,false,false,(NIR-RED)/(NIR+RED); mask denominator=0; keep source masks,dimensionless; no further scale needed,exact_uint8_values_in_Float32,-9999,Float32,1.0
NE_MAIZE,2024-11,2024-11-01,2024-12-01,NE_MAIZE_HLS_2024-11_g1_NDVI_FMASK_v1.tif,2,s0000_L30_20241106T022736000_FMASK,FMASK,2024-11-06T02:27:36.000Z,1730860056000,L30,NASA/HLS/HLSL30/v002/T51TXJ_20241106T022736,NASA/HLS/HLSL30/v002,B4,B5,Fmask,EPSG:32651,"[30,0,600000,0,-30,4900020]",false,false,false,false,(NIR-RED)/(NIR+RED); mask denominator=0; keep source masks,dimensionless; no further scale needed,exact_uint8_values_in_Float32,-9999,Float32,1.0
NE_MAIZE,2024-11,2024-11-01,2024-12-01,NE_MAIZE_HLS_2024-11_g1_NDVI_FMASK_v1.tif,3,s0001_L30_20241107T022131000_NDVI,NDVI,2024-11-07T02:21:31.000Z,1730946091000,L30,NASA/HLS/HLSL30/v002/T51TXJ_20241107T022131,NASA/HLS/HLSL30/v002,B4,B5,Fmask,EPSG:32651,"[30,0,600000,0,-30,4900020]",false,false,false,false,(NIR-RED)/(NIR+RED); mask denominator=0; keep source masks,dimensionless; no further scale needed,exact_uint8_values_in_Float32,-9999,Float32,1.0
NE_MAIZE,2024-11,2024-11-01,2024-12-01,NE_MAIZE_HLS_2024-11_g1_NDVI_FMASK_v1.tif,4,s0001_L30_20241107T022131000_FMASK,FMASK,2024-11-07T02:21:31.000Z,1730946091000,L30,NASA/HLS/HLSL30/v002/T51TXJ_20241107T022131,NASA/HLS/HLSL30/v002,B4,B5,Fmask,EPSG:32651,"[30,0,600000,0,-30,4900020]",false,false,false,false,(NIR-RED)/(NIR+RED); mask denominator=0; keep source masks,dimensionless; no further scale needed,exact_uint8_values_in_Float32,-9999,Float32,1.0
NE_MAIZE,2024-11,2024-11-01,2024-12-01,NE_MAIZE_HLS_2024-11_g1_NDVI_FMASK_v1.tif,5,s0002_S30_20241108T023921000_NDVI,NDVI,2024-11-08T02:39:21.000Z,1731033561000,S30,NASA/HLS/HLSS30/v002/T51TXJ_20241108T023921,NASA/HLS/HLSS30/v002,B4,B8A,Fmask,EPSG:32651,"[30,0,600000,0,-30,4900020]",false,false,false,false,(NIR-RED)/(NIR+RED); mask denominator=0; keep source masks,dimensionless; no further scale needed,exact_uint8_values_in_Float32,-9999,Float32,1.0
NE_MAIZE,2024-11,2024-11-01,2024-12-01,NE_MAIZE_HLS_2024-11_g1_NDVI_FMASK_v1.tif,6,s0002_S30_20241108T023921000_FMASK,FMASK,2024-11-08T02:39:21.000Z,1731033561000,S30,NASA/HLS/HLSS30/v002/T51TXJ_20241108T023921,NASA/HLS/HLSS30/v002,B4,B8A,Fmask,EPSG:32651,"[30,0,600000,0,-30,4900020]",false,false,false,false,(NIR-RED)/(NIR+RED); mask denominator=0; keep source masks,dimensionless; no further scale needed,exact_uint8_values_in_Float32,-9999,Float32,1.0
NE_MAIZE,2024-11,2024-11-01,2024-12-01,NE_MAIZE_HLS_2024-11_g1_NDVI_FMASK_v1.tif,7,s0003_S30_20241113T023849000_NDVI,NDVI,2024-11-13T02:38:49.000Z,1731465529000,S30,NASA/HLS/HLSS30/v002/T51TXJ_20241113T023849,NASA/HLS/HLSS30/v002,B4,B8A,Fmask,EPSG:32651,"[30,0,600000,0,-30,4900020]",false,false,false,false,(NIR-RED)/(NIR+RED); mask denominator=0; keep source masks,dimensionless; no further scale needed,exact_uint8_values_in_Float32,-9999,Float32,1.0
NE_MAIZE,2024-11,2024-11-01,2024-12-01,NE_MAIZE_HLS_2024-11_g1_NDVI_FMASK_v1.tif,8,s0003_S30_20241113T023849000_FMASK,FMASK,2024-11-13T02:38:49.000Z,1731465529000,S30,NASA/HLS/HLSS30/v002/T51TXJ_20241113T023849,NASA/HLS/HLSS30/v002,B4,B8A,Fmask,EPSG:32651,"[30,0,600000,0,-30,4900020]",false,false,false,false,(NIR-RED)/(NIR+RED); mask denominator=0; keep source masks,dimensionless; no further scale needed,exact_uint8_values_in_Float32,-9999,Float32,1.0
NE_MAIZE,2024-11,2024-11-01,2024-12-01,NE_MAIZE_HLS_2024-11_g1_NDVI_FMASK_v1.tif,9,s0004_L30_20241114T022738000_NDVI,NDVI,2024-11-14T02:27:38.000Z,1731551258000,L30,NASA/HLS/HLSL30/v002/T51TXJ_20241114T022738,NASA/HLS/HLSL30/v002,B4,B5,Fmask,EPSG:32651,"[30,0,600000,0,-30,4900020]",false,false,false,false,(NIR-RED)/(NIR+RED); mask denominator=0; keep source masks,dimensionless; no further scale needed,exact_uint8_values_in_Float32,-9999,Float32,1.0
NE_MAIZE,2024-11,2024-11-01,2024-12-01,NE_MAIZE_HLS_2024-11_g1_NDVI_FMASK_v1.tif,10,s0004_L30_20241114T022738000_FMASK,FMASK,2024-11-14T02:27:38.000Z,1731551258000,L30,NASA/HLS/HLSL30/v002/T51TXJ_20241114T022738,NASA/HLS/HLSL30/v002,B4,B5,Fmask,EPSG:32651,"[30,0,600000,0,-30,4900020]",false,false,false,false,(NIR-RED)/(NIR+RED); mask denominator=0; keep source masks,dimensionless; no further scale needed,exact_uint8_values_in_Float32,-9999,Float32,1.0
NE_MAIZE,2024-11,2024-11-01,2024-12-01,NE_MAIZE_HLS_2024-11_g1_NDVI_FMASK_v1.tif,11,s0005_L30_20241115T022123000_NDVI,NDVI,2024-11-15T02:21:23.000Z,1731637283000,L30,NASA/HLS/HLSL30/v002/T51TXJ_20241115T022123,NASA/HLS/HLSL30/v002,B4,B5,Fmask,EPSG:32651,"[30,0,600000,0,-30,4900020]",false,false,false,false,(NIR-RED)/(NIR+RED); mask denominator=0; keep source masks,dimensionless; no further scale needed,exact_uint8_values_in_Float32,-9999,Float32,1.0
NE_MAIZE,2024-11,2024-11-01,2024-12-01,NE_MAIZE_HLS_2024-11_g1_NDVI_FMASK_v1.tif,12,s0005_L30_20241115T022123000_FMASK,FMASK,2024-11-15T02:21:23.000Z,1731637283000,L30,NASA/HLS/HLSL30/v002/T51TXJ_20241115T022123,NASA/HLS/HLSL30/v002,B4,B5,Fmask,EPSG:32651,"[30,0,600000,0,-30,4900020]",false,false,false,false,(NIR-RED)/(NIR+RED); mask denominator=0; keep source masks,dimensionless; no further scale needed,exact_uint8_values_in_Float32,-9999,Float32,1.0
NE_MAIZE,2024-11,2024-11-01,2024-12-01,NE_MAIZE_HLS_2024-11_g1_NDVI_FMASK_v1.tif,13,s0006_S30_20241118T024011000_NDVI,NDVI,2024-11-18T02:40:11.000Z,1731897611000,S30,NASA/HLS/HLSS30/v002/T51TXJ_20241118T024011,NASA/HLS/HLSS30/v002,B4,B8A,Fmask,EPSG:32651,"[30,0,600000,0,-30,4900020]",false,false,false,false,(NIR-RED)/(NIR+RED); mask denominator=0; keep source masks,dimensionless; no further scale needed,exact_uint8_values_in_Float32,-9999,Float32,1.0
NE_MAIZE,2024-11,2024-11-01,2024-12-01,NE_MAIZE_HLS_2024-11_g1_NDVI_FMASK_v1.tif,14,s0006_S30_20241118T024011000_FMASK,FMASK,2024-11-18T02:40:11.000Z,1731897611000,S30,NASA/HLS/HLSS30/v002/T51TXJ_20241118T024011,NASA/HLS/HLSS30/v002,B4,B8A,Fmask,EPSG:32651,"[30,0,600000,0,-30,4900020]",false,false,false,false,(NIR-RED)/(NIR+RED); mask denominator=0; keep source masks,dimensionless; no further scale needed,exact_uint8_values_in_Float32,-9999,Float32,1.0
NE_MAIZE,2024-11,2024-11-01,2024-12-01,NE_MAIZE_HLS_2024-11_g1_NDVI_FMASK_v1.tif,15,s0007_L30_20241122T022744000_NDVI,NDVI,2024-11-22T02:27:44.000Z,1732242464000,L30,NASA/HLS/HLSL30/v002/T51TXJ_20241122T022744,NASA/HLS/HLSL30/v002,B4,B5,Fmask,EPSG:32651,"[30,0,600000,0,-30,4900020]",false,false,false,false,(NIR-RED)/(NIR+RED); mask denominator=0; keep source masks,dimensionless; no further scale needed,exact_uint8_values_in_Float32,-9999,Float32,1.0
NE_MAIZE,2024-11,2024-11-01,2024-12-01,NE_MAIZE_HLS_2024-11_g1_NDVI_FMASK_v1.tif,16,s0007_L30_20241122T022744000_FMASK,FMASK,2024-11-22T02:27:44.000Z,1732242464000,L30,NASA/HLS/HLSL30/v002/T51TXJ_20241122T022744,NASA/HLS/HLSL30/v002,B4,B5,Fmask,EPSG:32651,"[30,0,600000,0,-30,4900020]",false,false,false,false,(NIR-RED)/(NIR+RED); mask denominator=0; keep source masks,dimensionless; no further scale needed,exact_uint8_values_in_Float32,-9999,Float32,1.0
NE_MAIZE,2024-11,2024-11-01,2024-12-01,NE_MAIZE_HLS_2024-11_g1_NDVI_FMASK_v1.tif,17,s0008_L30_20241123T022139000_NDVI,NDVI,2024-11-23T02:21:39.000Z,1732328499000,L30,NASA/HLS/HLSL30/v002/T51TXJ_20241123T022139,NASA/HLS/HLSL30/v002,B4,B5,Fmask,EPSG:32651,"[30,0,600000,0,-30,4900020]",false,false,false,false,(NIR-RED)/(NIR+RED); mask denominator=0; keep source masks,dimensionless; no further scale needed,exact_uint8_values_in_Float32,-9999,Float32,1.0
NE_MAIZE,2024-11,2024-11-01,2024-12-01,NE_MAIZE_HLS_2024-11_g1_NDVI_FMASK_v1.tif,18,s0008_L30_20241123T022139000_FMASK,FMASK,2024-11-23T02:21:39.000Z,1732328499000,L30,NASA/HLS/HLSL30/v002/T51TXJ_20241123T022139,NASA/HLS/HLSL30/v002,B4,B5,Fmask,EPSG:32651,"[30,0,600000,0,-30,4900020]",false,false,false,false,(NIR-RED)/(NIR+RED); mask denominator=0; keep source masks,dimensionless; no further scale needed,exact_uint8_values_in_Float32,-9999,Float32,1.0
NE_MAIZE,2024-11,2024-11-01,2024-12-01,NE_MAIZE_HLS_2024-11_g1_NDVI_FMASK_v1.tif,19,s0009_S30_20241123T023939000_NDVI,NDVI,2024-11-23T02:39:39.000Z,1732329579000,S30,NASA/HLS/HLSS30/v002/T51TXJ_20241123T023939,NASA/HLS/HLSS30/v002,B4,B8A,Fmask,EPSG:32651,"[30,0,600000,0,-30,4900020]",false,false,false,false,(NIR-RED)/(NIR+RED); mask denominator=0; keep source masks,dimensionless; no further scale needed,exact_uint8_values_in_Float32,-9999,Float32,1.0
NE_MAIZE,2024-11,2024-11-01,2024-12-01,NE_MAIZE_HLS_2024-11_g1_NDVI_FMASK_v1.tif,20,s0009_S30_20241123T023939000_FMASK,FMASK,2024-11-23T02:39:39.000Z,1732329579000,S30,NASA/HLS/HLSS30/v002/T51TXJ_20241123T023939,NASA/HLS/HLSS30/v002,B4,B8A,Fmask,EPSG:32651,"[30,0,600000,0,-30,4900020]",false,false,false,false,(NIR-RED)/(NIR+RED); mask denominator=0; keep source masks,dimensionless; no further scale needed,exact_uint8_values_in_Float32,-9999,Float32,1.0
NE_MAIZE,2024-11,2024-11-01,2024-12-01,NE_MAIZE_HLS_2024-11_g1_NDVI_FMASK_v1.tif,21,s0010_S30_20241128T024031000_NDVI,NDVI,2024-11-28T02:40:31.000Z,1732761631000,S30,NASA/HLS/HLSS30/v002/T51TXJ_20241128T024031,NASA/HLS/HLSS30/v002,B4,B8A,Fmask,EPSG:32651,"[30,0,600000,0,-30,4900020]",false,false,false,false,(NIR-RED)/(NIR+RED); mask denominator=0; keep source masks,dimensionless; no further scale needed,exact_uint8_values_in_Float32,-9999,Float32,1.0
NE_MAIZE,2024-11,2024-11-01,2024-12-01,NE_MAIZE_HLS_2024-11_g1_NDVI_FMASK_v1.tif,22,s0010_S30_20241128T024031000_FMASK,FMASK,2024-11-28T02:40:31.000Z,1732761631000,S30,NASA/HLS/HLSS30/v002/T51TXJ_20241128T024031,NASA/HLS/HLSS30/v002,B4,B8A,Fmask,EPSG:32651,"[30,0,600000,0,-30,4900020]",false,false,false,false,(NIR-RED)/(NIR+RED); mask denominator=0; keep source masks,dimensionless; no further scale needed,exact_uint8_values_in_Float32,-9999,Float32,1.0
NE_MAIZE,2024-11,2024-11-01,2024-12-01,NE_MAIZE_HLS_2024-11_g1_NDVI_FMASK_v1.tif,23,s0011_L30_20241130T022752000_NDVI,NDVI,2024-11-30T02:27:52.000Z,1732933672000,L30,NASA/HLS/HLSL30/v002/T51TXJ_20241130T022752,NASA/HLS/HLSL30/v002,B4,B5,Fmask,EPSG:32651,"[30,0,600000,0,-30,4900020]",false,false,false,false,(NIR-RED)/(NIR+RED); mask denominator=0; keep source masks,dimensionless; no further scale needed,exact_uint8_values_in_Float32,-9999,Float32,1.0
NE_MAIZE,2024-11,2024-11-01,2024-12-01,NE_MAIZE_HLS_2024-11_g1_NDVI_FMASK_v1.tif,24,s0011_L30_20241130T022752000_FMASK,FMASK,2024-11-30T02:27:52.000Z,1732933672000,L30,NASA/HLS/HLSL30/v002/T51TXJ_20241130T022752,NASA/HLS/HLSL30/v002,B4,B5,Fmask,EPSG:32651,"[30,0,600000,0,-30,4900020]",false,false,false,false,(NIR-RED)/(NIR+RED); mask denominator=0; keep source masks,dimensionless; no further scale needed,exact_uint8_values_in_Float32,-9999,Float32,1.0
NE_MAIZE,2024-12,2024-12-01,2025-01-01,NE_MAIZE_HLS_2024-12_g1_NDVI_FMASK_v1.tif,1,s0000_L30_20241201T022200000_NDVI,NDVI,2024-12-01T02:22:00.000Z,1733019720000,L30,NASA/HLS/HLSL30/v002/T51TXJ_20241201T022200,NASA/HLS/HLSL30/v002,B4,B5,Fmask,EPSG:32651,"[30,0,600000,0,-30,4900020]",false,false,false,false,(NIR-RED)/(NIR+RED); mask denominator=0; keep source masks,dimensionless; no further scale needed,exact_uint8_values_in_Float32,-9999,Float32,1.0
NE_MAIZE,2024-12,2024-12-01,2025-01-01,NE_MAIZE_HLS_2024-12_g1_NDVI_FMASK_v1.tif,2,s0000_L30_20241201T022200000_FMASK,FMASK,2024-12-01T02:22:00.000Z,1733019720000,L30,NASA/HLS/HLSL30/v002/T51TXJ_20241201T022200,NASA/HLS/HLSL30/v002,B4,B5,Fmask,EPSG:32651,"[30,0,600000,0,-30,4900020]",false,false,false,false,(NIR-RED)/(NIR+RED); mask denominator=0; keep source masks,dimensionless; no further scale needed,exact_uint8_values_in_Float32,-9999,Float32,1.0
NE_MAIZE,2024-12,2024-12-01,2025-01-01,NE_MAIZE_HLS_2024-12_g1_NDVI_FMASK_v1.tif,3,s0001_S30_20241208T024111000_NDVI,NDVI,2024-12-08T02:41:11.000Z,1733625671000,S30,NASA/HLS/HLSS30/v002/T51TXJ_20241208T024111,NASA/HLS/HLSS30/v002,B4,B8A,Fmask,EPSG:32651,"[30,0,600000,0,-30,4900020]",false,false,false,false,(NIR-RED)/(NIR+RED); mask denominator=0; keep source masks,dimensionless; no further scale needed,exact_uint8_values_in_Float32,-9999,Float32,1.0
NE_MAIZE,2024-12,2024-12-01,2025-01-01,NE_MAIZE_HLS_2024-12_g1_NDVI_FMASK_v1.tif,4,s0001_S30_20241208T024111000_FMASK,FMASK,2024-12-08T02:41:11.000Z,1733625671000,S30,NASA/HLS/HLSS30/v002/T51TXJ_20241208T024111,NASA/HLS/HLSS30/v002,B4,B8A,Fmask,EPSG:32651,"[30,0,600000,0,-30,4900020]",false,false,false,false,(NIR-RED)/(NIR+RED); mask denominator=0; keep source masks,dimensionless; no further scale needed,exact_uint8_values_in_Float32,-9999,Float32,1.0
NE_MAIZE,2024-12,2024-12-01,2025-01-01,NE_MAIZE_HLS_2024-12_g1_NDVI_FMASK_v1.tif,5,s0002_L30_20241209T022130000_NDVI,NDVI,2024-12-09T02:21:30.000Z,1733710890000,L30,NASA/HLS/HLSL30/v002/T51TXJ_20241209T022130,NASA/HLS/HLSL30/v002,B4,B5,Fmask,EPSG:32651,"[30,0,600000,0,-30,4900020]",false,false,false,false,(NIR-RED)/(NIR+RED); mask denominator=0; keep source masks,dimensionless; no further scale needed,exact_uint8_values_in_Float32,-9999,Float32,1.0
NE_MAIZE,2024-12,2024-12-01,2025-01-01,NE_MAIZE_HLS_2024-12_g1_NDVI_FMASK_v1.tif,6,s0002_L30_20241209T022130000_FMASK,FMASK,2024-12-09T02:21:30.000Z,1733710890000,L30,NASA/HLS/HLSL30/v002/T51TXJ_20241209T022130,NASA/HLS/HLSL30/v002,B4,B5,Fmask,EPSG:32651,"[30,0,600000,0,-30,4900020]",false,false,false,false,(NIR-RED)/(NIR+RED); mask denominator=0; keep source masks,dimensionless; no further scale needed,exact_uint8_values_in_Float32,-9999,Float32,1.0
NE_MAIZE,2024-12,2024-12-01,2025-01-01,NE_MAIZE_HLS_2024-12_g1_NDVI_FMASK_v1.tif,7,s0003_S30_20241213T024029000_NDVI,NDVI,2024-12-13T02:40:29.000Z,1734057629000,S30,NASA/HLS/HLSS30/v002/T51TXJ_20241213T024029,NASA/HLS/HLSS30/v002,B4,B8A,Fmask,EPSG:32651,"[30,0,600000,0,-30,4900020]",false,false,false,false,(NIR-RED)/(NIR+RED); mask denominator=0; keep source masks,dimensionless; no further scale needed,exact_uint8_values_in_Float32,-9999,Float32,1.0
NE_MAIZE,2024-12,2024-12-01,2025-01-01,NE_MAIZE_HLS_2024-12_g1_NDVI_FMASK_v1.tif,8,s0003_S30_20241213T024029000_FMASK,FMASK,2024-12-13T02:40:29.000Z,1734057629000,S30,NASA/HLS/HLSS30/v002/T51TXJ_20241213T024029,NASA/HLS/HLSS30/v002,B4,B8A,Fmask,EPSG:32651,"[30,0,600000,0,-30,4900020]",false,false,false,false,(NIR-RED)/(NIR+RED); mask denominator=0; keep source masks,dimensionless; no further scale needed,exact_uint8_values_in_Float32,-9999,Float32,1.0
NE_MAIZE,2024-12,2024-12-01,2025-01-01,NE_MAIZE_HLS_2024-12_g1_NDVI_FMASK_v1.tif,9,s0004_L30_20241217T022126000_NDVI,NDVI,2024-12-17T02:21:26.000Z,1734402086000,L30,NASA/HLS/HLSL30/v002/T51TXJ_20241217T022126,NASA/HLS/HLSL30/v002,B4,B5,Fmask,EPSG:32651,"[30,0,600000,0,-30,4900020]",false,false,false,false,(NIR-RED)/(NIR+RED); mask denominator=0; keep source masks,dimensionless; no further scale needed,exact_uint8_values_in_Float32,-9999,Float32,1.0
NE_MAIZE,2024-12,2024-12-01,2025-01-01,NE_MAIZE_HLS_2024-12_g1_NDVI_FMASK_v1.tif,10,s0004_L30_20241217T022126000_FMASK,FMASK,2024-12-17T02:21:26.000Z,1734402086000,L30,NASA/HLS/HLSL30/v002/T51TXJ_20241217T022126,NASA/HLS/HLSL30/v002,B4,B5,Fmask,EPSG:32651,"[30,0,600000,0,-30,4900020]",false,false,false,false,(NIR-RED)/(NIR+RED); mask denominator=0; keep source masks,dimensionless; no further scale needed,exact_uint8_values_in_Float32,-9999,Float32,1.0
NE_MAIZE,2024-12,2024-12-01,2025-01-01,NE_MAIZE_HLS_2024-12_g1_NDVI_FMASK_v1.tif,11,s0005_S30_20241218T024121000_NDVI,NDVI,2024-12-18T02:41:21.000Z,1734489681000,S30,NASA/HLS/HLSS30/v002/T51TXJ_20241218T024121,NASA/HLS/HLSS30/v002,B4,B8A,Fmask,EPSG:32651,"[30,0,600000,0,-30,4900020]",false,false,false,false,(NIR-RED)/(NIR+RED); mask denominator=0; keep source masks,dimensionless; no further scale needed,exact_uint8_values_in_Float32,-9999,Float32,1.0
NE_MAIZE,2024-12,2024-12-01,2025-01-01,NE_MAIZE_HLS_2024-12_g1_NDVI_FMASK_v1.tif,12,s0005_S30_20241218T024121000_FMASK,FMASK,2024-12-18T02:41:21.000Z,1734489681000,S30,NASA/HLS/HLSS30/v002/T51TXJ_20241218T024121,NASA/HLS/HLSS30/v002,B4,B8A,Fmask,EPSG:32651,"[30,0,600000,0,-30,4900020]",false,false,false,false,(NIR-RED)/(NIR+RED); mask denominator=0; keep source masks,dimensionless; no further scale needed,exact_uint8_values_in_Float32,-9999,Float32,1.0
NE_MAIZE,2024-12,2024-12-01,2025-01-01,NE_MAIZE_HLS_2024-12_g1_NDVI_FMASK_v1.tif,13,s0006_S30_20241223T024029000_NDVI,NDVI,2024-12-23T02:40:29.000Z,1734921629000,S30,NASA/HLS/HLSS30/v002/T51TXJ_20241223T024029,NASA/HLS/HLSS30/v002,B4,B8A,Fmask,EPSG:32651,"[30,0,600000,0,-30,4900020]",false,false,false,false,(NIR-RED)/(NIR+RED); mask denominator=0; keep source masks,dimensionless; no further scale needed,exact_uint8_values_in_Float32,-9999,Float32,1.0
NE_MAIZE,2024-12,2024-12-01,2025-01-01,NE_MAIZE_HLS_2024-12_g1_NDVI_FMASK_v1.tif,14,s0006_S30_20241223T024029000_FMASK,FMASK,2024-12-23T02:40:29.000Z,1734921629000,S30,NASA/HLS/HLSS30/v002/T51TXJ_20241223T024029,NASA/HLS/HLSS30/v002,B4,B8A,Fmask,EPSG:32651,"[30,0,600000,0,-30,4900020]",false,false,false,false,(NIR-RED)/(NIR+RED); mask denominator=0; keep source masks,dimensionless; no further scale needed,exact_uint8_values_in_Float32,-9999,Float32,1.0
NE_MAIZE,2024-12,2024-12-01,2025-01-01,NE_MAIZE_HLS_2024-12_g1_NDVI_FMASK_v1.tif,15,s0007_L30_20241224T022739000_NDVI,NDVI,2024-12-24T02:27:39.000Z,1735007259000,L30,NASA/HLS/HLSL30/v002/T51TXJ_20241224T022739,NASA/HLS/HLSL30/v002,B4,B5,Fmask,EPSG:32651,"[30,0,600000,0,-30,4900020]",false,false,false,false,(NIR-RED)/(NIR+RED); mask denominator=0; keep source masks,dimensionless; no further scale needed,exact_uint8_values_in_Float32,-9999,Float32,1.0
NE_MAIZE,2024-12,2024-12-01,2025-01-01,NE_MAIZE_HLS_2024-12_g1_NDVI_FMASK_v1.tif,16,s0007_L30_20241224T022739000_FMASK,FMASK,2024-12-24T02:27:39.000Z,1735007259000,L30,NASA/HLS/HLSL30/v002/T51TXJ_20241224T022739,NASA/HLS/HLSL30/v002,B4,B5,Fmask,EPSG:32651,"[30,0,600000,0,-30,4900020]",false,false,false,false,(NIR-RED)/(NIR+RED); mask denominator=0; keep source masks,dimensionless; no further scale needed,exact_uint8_values_in_Float32,-9999,Float32,1.0
NE_MAIZE,2024-12,2024-12-01,2025-01-01,NE_MAIZE_HLS_2024-12_g1_NDVI_FMASK_v1.tif,17,s0008_L30_20241225T022136000_NDVI,NDVI,2024-12-25T02:21:36.000Z,1735093296000,L30,NASA/HLS/HLSL30/v002/T51TXJ_20241225T022136,NASA/HLS/HLSL30/v002,B4,B5,Fmask,EPSG:32651,"[30,0,600000,0,-30,4900020]",false,false,false,false,(NIR-RED)/(NIR+RED); mask denominator=0; keep source masks,dimensionless; no further scale needed,exact_uint8_values_in_Float32,-9999,Float32,1.0
NE_MAIZE,2024-12,2024-12-01,2025-01-01,NE_MAIZE_HLS_2024-12_g1_NDVI_FMASK_v1.tif,18,s0008_L30_20241225T022136000_FMASK,FMASK,2024-12-25T02:21:36.000Z,1735093296000,L30,NASA/HLS/HLSL30/v002/T51TXJ_20241225T022136,NASA/HLS/HLSL30/v002,B4,B5,Fmask,EPSG:32651,"[30,0,600000,0,-30,4900020]",false,false,false,false,(NIR-RED)/(NIR+RED); mask denominator=0; keep source masks,dimensionless; no further scale needed,exact_uint8_values_in_Float32,-9999,Float32,1.0
NE_MAIZE,2024-12,2024-12-01,2025-01-01,NE_MAIZE_HLS_2024-12_g1_NDVI_FMASK_v1.tif,19,s0009_S30_20241228T024121000_NDVI,NDVI,2024-12-28T02:41:21.000Z,1735353681000,S30,NASA/HLS/HLSS30/v002/T51TXJ_20241228T024121,NASA/HLS/HLSS30/v002,B4,B8A,Fmask,EPSG:32651,"[30,0,600000,0,-30,4900020]",false,false,false,false,(NIR-RED)/(NIR+RED); mask denominator=0; keep source masks,dimensionless; no further scale needed,exact_uint8_values_in_Float32,-9999,Float32,1.0
NE_MAIZE,2024-12,2024-12-01,2025-01-01,NE_MAIZE_HLS_2024-12_g1_NDVI_FMASK_v1.tif,20,s0009_S30_20241228T024121000_FMASK,FMASK,2024-12-28T02:41:21.000Z,1735353681000,S30,NASA/HLS/HLSS30/v002/T51TXJ_20241228T024121,NASA/HLS/HLSS30/v002,B4,B8A,Fmask,EPSG:32651,"[30,0,600000,0,-30,4900020]",false,false,false,false,(NIR-RED)/(NIR+RED); mask denominator=0; keep source masks,dimensionless; no further scale needed,exact_uint8_values_in_Float32,-9999,Float32,1.0
