month,source_id,branch,time_start_ms,spatial_status
2024-01,NASA/HLS/HLSS30/v002/T01KAA_20240103T221939,S30,1704320379000,rejected_non_intersecting_native_grid
2024-01,NASA/HLS/HLSS30/v002/T01KAB_20240103T221939,S30,1704320379000,rejected_non_intersecting_native_grid
2024-01,NASA/HLS/HLSS30/v002/T01KAU_20240103T221939,S30,1704320379000,rejected_non_intersecting_native_grid
2024-01,NASA/HLS/HLSS30/v002/T01KAV_20240103T221939,S30,1704320379000,rejected_non_intersecting_native_grid
2024-01,NASA/HLS/HLSS30/v002/T01LAC_20240103T221939,S30,1704320379000,rejected_non_intersecting_native_grid
2024-01,NASA/HLS/HLSS30/v002/T01UBT_20240104T230939,S30,1704409779000,rejected_non_intersecting_native_grid
2024-01,NASA/HLS/HLSS30/v002/T60UXC_20240104T230939,S30,1704409779000,rejected_non_intersecting_native_grid
2024-01,NASA/HLS/HLSS30/v002/T01FBF_20240106T214901,S30,1704577741000,rejected_non_intersecting_native_grid
2024-01,NASA/HLS/HLSS30/v002/T01LAK_20240106T222759,S30,1704580079000,rejected_non_intersecting_native_grid
2024-01,NASA/HLS/HLSL30/v002/T51TXJ_20240107T022741,L30,1704594461000,native_grid_intersects_roi
2024-01,NASA/HLS/HLSS30/v002/T01UBT_20240107T231939,S30,1704669579000,rejected_non_intersecting_native_grid
2024-01,NASA/HLS/HLSS30/v002/T60UXC_20240107T231939,S30,1704669579000,rejected_non_intersecting_native_grid
2024-01,NASA/HLS/HLSL30/v002/T51TXJ_20240108T022140,L30,1704680500000,native_grid_intersects_roi
2024-01,NASA/HLS/HLSS30/v002/T51TXJ_20240108T024109,S30,1704681669000,native_grid_intersects_roi
2024-01,NASA/HLS/HLSS30/v002/T01KAA_20240108T221931,S30,1704752371000,rejected_non_intersecting_native_grid
2024-01,NASA/HLS/HLSS30/v002/T01KAB_20240108T221931,S30,1704752371000,rejected_non_intersecting_native_grid
2024-01,NASA/HLS/HLSS30/v002/T01KAU_20240108T221931,S30,1704752371000,rejected_non_intersecting_native_grid
2024-01,NASA/HLS/HLSS30/v002/T01KAV_20240108T221931,S30,1704752371000,rejected_non_intersecting_native_grid
2024-01,NASA/HLS/HLSS30/v002/T01LAC_20240108T221931,S30,1704752371000,rejected_non_intersecting_native_grid
2024-01,NASA/HLS/HLSS30/v002/T01UBS_20240109T230931,S30,1704841771000,rejected_non_intersecting_native_grid
2024-01,NASA/HLS/HLSS30/v002/T01UBT_20240109T230931,S30,1704841771000,rejected_non_intersecting_native_grid
2024-01,NASA/HLS/HLSS30/v002/T60UXC_20240109T230931,S30,1704841771000,rejected_non_intersecting_native_grid
2024-01,NASA/HLS/HLSS30/v002/T01FBF_20240111T214909,S30,1705009749000,rejected_non_intersecting_native_grid
2024-01,NASA/HLS/HLSS30/v002/T01LAK_20240111T222751,S30,1705012071000,rejected_non_intersecting_native_grid
2024-01,NASA/HLS/HLSS30/v002/T01UBT_20240112T231921,S30,1705101561000,rejected_non_intersecting_native_grid
2024-01,NASA/HLS/HLSS30/v002/T60UXC_20240112T231921,S30,1705101561000,rejected_non_intersecting_native_grid
2024-01,NASA/HLS/HLSS30/v002/T51TXJ_20240113T024051,S30,1705113651000,native_grid_intersects_roi
2024-01,NASA/HLS/HLSS30/v002/T01KAA_20240113T221939,S30,1705184379000,rejected_non_intersecting_native_grid
2024-01,NASA/HLS/HLSS30/v002/T01KAU_20240113T221939,S30,1705184379000,rejected_non_intersecting_native_grid
2024-01,NASA/HLS/HLSS30/v002/T01KAV_20240113T221939,S30,1705184379000,rejected_non_intersecting_native_grid
2024-01,NASA/HLS/HLSL30/v002/T51TXJ_20240116T022132,L30,1705371692000,native_grid_intersects_roi
2024-01,NASA/HLS/HLSS30/v002/T01LAK_20240116T222759,S30,1705444079000,rejected_non_intersecting_native_grid
2024-01,NASA/HLS/HLSS30/v002/T01UBT_20240117T231909,S30,1705533549000,rejected_non_intersecting_native_grid
2024-01,NASA/HLS/HLSS30/v002/T60UXC_20240117T231909,S30,1705533549000,rejected_non_intersecting_native_grid
2024-01,NASA/HLS/HLSS30/v002/T51TXJ_20240118T024029,S30,1705545629000,native_grid_intersects_roi
2024-01,NASA/HLS/HLSS30/v002/T01KAA_20240118T221931,S30,1705616371000,rejected_non_intersecting_native_grid
2024-01,NASA/HLS/HLSS30/v002/T01KAB_20240118T221931,S30,1705616371000,rejected_non_intersecting_native_grid
2024-01,NASA/HLS/HLSS30/v002/T01KAU_20240118T221931,S30,1705616371000,rejected_non_intersecting_native_grid
2024-01,NASA/HLS/HLSS30/v002/T01KAV_20240118T221931,S30,1705616371000,rejected_non_intersecting_native_grid
2024-01,NASA/HLS/HLSS30/v002/T01LAC_20240118T221931,S30,1705616371000,rejected_non_intersecting_native_grid
2024-01,NASA/HLS/HLSS30/v002/T01UBS_20240119T230851,S30,1705705731000,rejected_non_intersecting_native_grid
2024-01,NASA/HLS/HLSS30/v002/T01UBT_20240119T230851,S30,1705705731000,rejected_non_intersecting_native_grid
2024-01,NASA/HLS/HLSS30/v002/T60UXB_20240119T230851,S30,1705705731000,rejected_non_intersecting_native_grid
2024-01,NASA/HLS/HLSS30/v002/T60UXC_20240119T230851,S30,1705705731000,rejected_non_intersecting_native_grid
2024-01,NASA/HLS/HLSS30/v002/T01LAK_20240121T222751,S30,1705876071000,rejected_non_intersecting_native_grid
2024-01,NASA/HLS/HLSS30/v002/T01UBT_20240122T231851,S30,1705965531000,rejected_non_intersecting_native_grid
2024-01,NASA/HLS/HLSS30/v002/T60UXC_20240122T231851,S30,1705965531000,rejected_non_intersecting_native_grid
2024-01,NASA/HLS/HLSL30/v002/T51TXJ_20240123T022739,L30,1705976859000,native_grid_intersects_roi
2024-01,NASA/HLS/HLSS30/v002/T01KAA_20240123T221939,S30,1706048379000,rejected_non_intersecting_native_grid
2024-01,NASA/HLS/HLSS30/v002/T01KAB_20240123T221939,S30,1706048379000,rejected_non_intersecting_native_grid
2024-01,NASA/HLS/HLSS30/v002/T01KAU_20240123T221939,S30,1706048379000,rejected_non_intersecting_native_grid
2024-01,NASA/HLS/HLSS30/v002/T01KAV_20240123T221939,S30,1706048379000,rejected_non_intersecting_native_grid
2024-01,NASA/HLS/HLSS30/v002/T01LAC_20240123T221939,S30,1706048379000,rejected_non_intersecting_native_grid
2024-01,NASA/HLS/HLSL30/v002/T51TXJ_20240124T022137,L30,1706062897000,native_grid_intersects_roi
2024-01,NASA/HLS/HLSS30/v002/T01UBS_20240124T230839,S30,1706137719000,rejected_non_intersecting_native_grid
2024-01,NASA/HLS/HLSS30/v002/T01UBT_20240124T230839,S30,1706137719000,rejected_non_intersecting_native_grid
2024-01,NASA/HLS/HLSS30/v002/T60UXC_20240124T230839,S30,1706137719000,rejected_non_intersecting_native_grid
2024-01,NASA/HLS/HLSS30/v002/T51TXJ_20240128T023949,S30,1706409589000,native_grid_intersects_roi
2024-01,NASA/HLS/HLSS30/v002/T01KAA_20240128T221931,S30,1706480371000,rejected_non_intersecting_native_grid
2024-01,NASA/HLS/HLSS30/v002/T01KAB_20240128T221931,S30,1706480371000,rejected_non_intersecting_native_grid
2024-01,NASA/HLS/HLSS30/v002/T01KAU_20240128T221931,S30,1706480371000,rejected_non_intersecting_native_grid
2024-01,NASA/HLS/HLSS30/v002/T01KAV_20240128T221931,S30,1706480371000,rejected_non_intersecting_native_grid
2024-01,NASA/HLS/HLSS30/v002/T01LAC_20240128T221931,S30,1706480371000,rejected_non_intersecting_native_grid
2024-01,NASA/HLS/HLSS30/v002/T01UBT_20240129T230811,S30,1706569691000,rejected_non_intersecting_native_grid
2024-01,NASA/HLS/HLSS30/v002/T60UXB_20240129T230811,S30,1706569691000,rejected_non_intersecting_native_grid
2024-01,NASA/HLS/HLSS30/v002/T60UXC_20240129T230811,S30,1706569691000,rejected_non_intersecting_native_grid
2024-01,NASA/HLS/HLSL30/v002/T51TXJ_20240131T022753,L30,1706668073000,native_grid_intersects_roi
2024-01,NASA/HLS/HLSS30/v002/T01FBF_20240131T214909,S30,1706737749000,rejected_non_intersecting_native_grid
2024-01,NASA/HLS/HLSS30/v002/T01LAK_20240131T222751,S30,1706740071000,rejected_non_intersecting_native_grid
2024-02,NASA/HLS/HLSL30/v002/T51TXJ_20240201T022129,L30,1706754089000,native_grid_intersects_roi
2024-02,NASA/HLS/HLSS30/v002/T01UBT_20240201T231801,S30,1706829481000,rejected_non_intersecting_native_grid
2024-02,NASA/HLS/HLSS30/v002/T60UXC_20240201T231801,S30,1706829481000,rejected_non_intersecting_native_grid
2024-02,NASA/HLS/HLSS30/v002/T51TXJ_20240202T023921,S30,1706841561000,native_grid_intersects_roi
2024-02,NASA/HLS/HLSS30/v002/T01KAA_20240202T221939,S30,1706912379000,rejected_non_intersecting_native_grid
2024-02,NASA/HLS/HLSS30/v002/T01KAB_20240202T221939,S30,1706912379000,rejected_non_intersecting_native_grid
2024-02,NASA/HLS/HLSS30/v002/T01KAU_20240202T221939,S30,1706912379000,rejected_non_intersecting_native_grid
2024-02,NASA/HLS/HLSS30/v002/T01KAV_20240202T221939,S30,1706912379000,rejected_non_intersecting_native_grid
2024-02,NASA/HLS/HLSS30/v002/T01LAC_20240202T221939,S30,1706912379000,rejected_non_intersecting_native_grid
2024-02,NASA/HLS/HLSS30/v002/T01UBT_20240203T230749,S30,1707001669000,rejected_non_intersecting_native_grid
2024-02,NASA/HLS/HLSS30/v002/T60UXC_20240203T230749,S30,1707001669000,rejected_non_intersecting_native_grid
2024-02,NASA/HLS/HLSS30/v002/T01UBT_20240206T231739,S30,1707261459000,rejected_non_intersecting_native_grid
2024-02,NASA/HLS/HLSS30/v002/T60UXC_20240206T231739,S30,1707261459000,rejected_non_intersecting_native_grid
2024-02,NASA/HLS/HLSS30/v002/T01KAA_20240207T221931,S30,1707344371000,rejected_non_intersecting_native_grid
2024-02,NASA/HLS/HLSS30/v002/T01KAB_20240207T221931,S30,1707344371000,rejected_non_intersecting_native_grid
2024-02,NASA/HLS/HLSS30/v002/T01KAU_20240207T221931,S30,1707344371000,rejected_non_intersecting_native_grid
2024-02,NASA/HLS/HLSS30/v002/T01KAV_20240207T221931,S30,1707344371000,rejected_non_intersecting_native_grid
2024-02,NASA/HLS/HLSS30/v002/T01LAC_20240207T221931,S30,1707344371000,rejected_non_intersecting_native_grid
2024-02,NASA/HLS/HLSL30/v002/T51TXJ_20240208T022742,L30,1707359262000,native_grid_intersects_roi
2024-02,NASA/HLS/HLSS30/v002/T01UBS_20240208T230721,S30,1707433641000,rejected_non_intersecting_native_grid
2024-02,NASA/HLS/HLSS30/v002/T01UBT_20240208T230721,S30,1707433641000,rejected_non_intersecting_native_grid
2024-02,NASA/HLS/HLSS30/v002/T60UXB_20240208T230721,S30,1707433641000,rejected_non_intersecting_native_grid
2024-02,NASA/HLS/HLSS30/v002/T60UXC_20240208T230721,S30,1707433641000,rejected_non_intersecting_native_grid
2024-02,NASA/HLS/HLSL30/v002/T51TXJ_20240209T022144,L30,1707445304000,native_grid_intersects_roi
2024-02,NASA/HLS/HLSS30/v002/T01FBF_20240210T214909,S30,1707601749000,rejected_non_intersecting_native_grid
2024-02,NASA/HLS/HLSS30/v002/T01LAK_20240210T222751,S30,1707604071000,rejected_non_intersecting_native_grid
2024-02,NASA/HLS/HLSS30/v002/T01UBT_20240211T231701,S30,1707693421000,rejected_non_intersecting_native_grid
2024-02,NASA/HLS/HLSS30/v002/T60UXC_20240211T231701,S30,1707693421000,rejected_non_intersecting_native_grid
2024-02,NASA/HLS/HLSS30/v002/T51TXJ_20240212T023831,S30,1707705511000,native_grid_intersects_roi
2024-02,NASA/HLS/HLSS30/v002/T01KAA_20240212T221939,S30,1707776379000,rejected_non_intersecting_native_grid
2024-02,NASA/HLS/HLSS30/v002/T01KAB_20240212T221939,S30,1707776379000,rejected_non_intersecting_native_grid
2024-02,NASA/HLS/HLSS30/v002/T01KAU_20240212T221939,S30,1707776379000,rejected_non_intersecting_native_grid
2024-02,NASA/HLS/HLSS30/v002/T01KAV_20240212T221939,S30,1707776379000,rejected_non_intersecting_native_grid
2024-02,NASA/HLS/HLSS30/v002/T01LAC_20240212T221939,S30,1707776379000,rejected_non_intersecting_native_grid
2024-02,NASA/HLS/HLSS30/v002/T01UBS_20240213T230649,S30,1707865609000,rejected_non_intersecting_native_grid
2024-02,NASA/HLS/HLSS30/v002/T01UBT_20240213T230649,S30,1707865609000,rejected_non_intersecting_native_grid
2024-02,NASA/HLS/HLSS30/v002/T60UXC_20240213T230649,S30,1707865609000,rejected_non_intersecting_native_grid
2024-02,NASA/HLS/HLSS30/v002/T01FBF_20240215T214911,S30,1708033751000,rejected_non_intersecting_native_grid
2024-02,NASA/HLS/HLSS30/v002/T01LAK_20240215T222759,S30,1708036079000,rejected_non_intersecting_native_grid
2024-02,NASA/HLS/HLSL30/v002/T51TXJ_20240216T022750,L30,1708050470000,native_grid_intersects_roi
2024-02,NASA/HLS/HLSL30/v002/T51TXJ_20240217T022129,L30,1708136489000,native_grid_intersects_roi
2024-02,NASA/HLS/HLSS30/v002/T01KAA_20240217T221941,S30,1708208381000,rejected_non_intersecting_native_grid
2024-02,NASA/HLS/HLSS30/v002/T01KAB_20240217T221941,S30,1708208381000,rejected_non_intersecting_native_grid
2024-02,NASA/HLS/HLSS30/v002/T01KAU_20240217T221941,S30,1708208381000,rejected_non_intersecting_native_grid
2024-02,NASA/HLS/HLSS30/v002/T01KAV_20240217T221941,S30,1708208381000,rejected_non_intersecting_native_grid
2024-02,NASA/HLS/HLSS30/v002/T01LAC_20240217T221941,S30,1708208381000,rejected_non_intersecting_native_grid
2024-02,NASA/HLS/HLSS30/v002/T01VCL_20240217T233651,S30,1708213011000,rejected_non_intersecting_native_grid
2024-02,NASA/HLS/HLSS30/v002/T60VXR_20240217T233651,S30,1708213011000,rejected_non_intersecting_native_grid
2024-02,NASA/HLS/HLSS30/v002/T01UBS_20240218T230611,S30,1708297571000,rejected_non_intersecting_native_grid
2024-02,NASA/HLS/HLSS30/v002/T01UBT_20240218T230611,S30,1708297571000,rejected_non_intersecting_native_grid
2024-02,NASA/HLS/HLSS30/v002/T60UXC_20240218T230611,S30,1708297571000,rejected_non_intersecting_native_grid
2024-02,NASA/HLS/HLSS30/v002/T60VXQ_20240219T232629,S30,1708385189000,rejected_non_intersecting_native_grid
2024-02,NASA/HLS/HLSS30/v002/T01FBF_20240220T214909,S30,1708465749000,rejected_non_intersecting_native_grid
2024-02,NASA/HLS/HLSS30/v002/T01LAK_20240220T222751,S30,1708468071000,rejected_non_intersecting_native_grid
2024-02,NASA/HLS/HLSS30/v002/T01UBT_20240221T231601,S30,1708557361000,rejected_non_intersecting_native_grid
2024-02,NASA/HLS/HLSS30/v002/T60UXC_20240221T231601,S30,1708557361000,rejected_non_intersecting_native_grid
2024-02,NASA/HLS/HLSS30/v002/T01KAA_20240222T221939,S30,1708640379000,rejected_non_intersecting_native_grid
2024-02,NASA/HLS/HLSS30/v002/T01KAB_20240222T221939,S30,1708640379000,rejected_non_intersecting_native_grid
2024-02,NASA/HLS/HLSS30/v002/T01KAU_20240222T221939,S30,1708640379000,rejected_non_intersecting_native_grid
2024-02,NASA/HLS/HLSS30/v002/T01KAV_20240222T221939,S30,1708640379000,rejected_non_intersecting_native_grid
2024-02,NASA/HLS/HLSS30/v002/T01LAC_20240222T221939,S30,1708640379000,rejected_non_intersecting_native_grid
2024-02,NASA/HLS/HLSS30/v002/T01VCL_20240222T233649,S30,1708645009000,rejected_non_intersecting_native_grid
2024-02,NASA/HLS/HLSS30/v002/T01WCM_20240222T233649,S30,1708645009000,rejected_non_intersecting_native_grid
2024-02,NASA/HLS/HLSS30/v002/T01WCN_20240222T233649,S30,1708645009000,rejected_non_intersecting_native_grid
2024-02,NASA/HLS/HLSS30/v002/T60VXR_20240222T233649,S30,1708645009000,rejected_non_intersecting_native_grid
2024-02,NASA/HLS/HLSS30/v002/T01UBS_20240223T230539,S30,1708729539000,rejected_non_intersecting_native_grid
2024-02,NASA/HLS/HLSS30/v002/T01UBT_20240223T230539,S30,1708729539000,rejected_non_intersecting_native_grid
2024-02,NASA/HLS/HLSS30/v002/T60UXB_20240223T230539,S30,1708729539000,rejected_non_intersecting_native_grid
2024-02,NASA/HLS/HLSS30/v002/T60UXC_20240223T230539,S30,1708729539000,rejected_non_intersecting_native_grid
2024-02,NASA/HLS/HLSS30/v002/T01VCK_20240224T232631,S30,1708817191000,rejected_non_intersecting_native_grid
2024-02,NASA/HLS/HLSS30/v002/T60VXQ_20240224T232631,S30,1708817191000,rejected_non_intersecting_native_grid
2024-02,NASA/HLS/HLSL30/v002/T51TXJ_20240225T022131,L30,1708827691000,native_grid_intersects_roi
2024-02,NASA/HLS/HLSS30/v002/T01FBF_20240225T214911,S30,1708897751000,rejected_non_intersecting_native_grid
2024-02,NASA/HLS/HLSS30/v002/T01LAK_20240225T222759,S30,1708900079000,rejected_non_intersecting_native_grid
2024-02,NASA/HLS/HLSS30/v002/T01VCL_20240225T234619,S30,1708904779000,rejected_non_intersecting_native_grid
2024-02,NASA/HLS/HLSS30/v002/T60VXR_20240225T234619,S30,1708904779000,rejected_non_intersecting_native_grid
2024-02,NASA/HLS/HLSS30/v002/T01UBT_20240226T231549,S30,1708989349000,rejected_non_intersecting_native_grid
2024-02,NASA/HLS/HLSS30/v002/T60UXC_20240226T231549,S30,1708989349000,rejected_non_intersecting_native_grid
2024-02,NASA/HLS/HLSS30/v002/T01KAA_20240227T221941,S30,1709072381000,rejected_non_intersecting_native_grid
2024-02,NASA/HLS/HLSS30/v002/T01KAU_20240227T221941,S30,1709072381000,rejected_non_intersecting_native_grid
2024-02,NASA/HLS/HLSS30/v002/T01KAV_20240227T221941,S30,1709072381000,rejected_non_intersecting_native_grid
2024-02,NASA/HLS/HLSS30/v002/T01LAC_20240227T221941,S30,1709072381000,rejected_non_intersecting_native_grid
2024-02,NASA/HLS/HLSS30/v002/T01WCM_20240227T233651,S30,1709077011000,rejected_non_intersecting_native_grid
2024-02,NASA/HLS/HLSS30/v002/T01WCN_20240227T233651,S30,1709077011000,rejected_non_intersecting_native_grid
2024-02,NASA/HLS/HLSS30/v002/T01WCP_20240227T233651,S30,1709077011000,rejected_non_intersecting_native_grid
2024-02,NASA/HLS/HLSS30/v002/T60VXR_20240227T233651,S30,1709077011000,rejected_non_intersecting_native_grid
2024-02,NASA/HLS/HLSS30/v002/T01WCR_20240228T235609,S30,1709164569000,rejected_non_intersecting_native_grid
2024-02,NASA/HLS/HLSS30/v002/T01VCK_20240229T232629,S30,1709249189000,rejected_non_intersecting_native_grid
2024-02,NASA/HLS/HLSS30/v002/T60VXQ_20240229T232629,S30,1709249189000,rejected_non_intersecting_native_grid
2024-03,NASA/HLS/HLSS30/v002/T01FBF_20240301T214909,S30,1709329749000,rejected_non_intersecting_native_grid
2024-03,NASA/HLS/HLSS30/v002/T01LAK_20240301T222801,S30,1709332081000,rejected_non_intersecting_native_grid
2024-03,NASA/HLS/HLSS30/v002/T01WCR_20240301T234621,S30,1709336781000,rejected_non_intersecting_native_grid
2024-03,NASA/HLS/HLSS30/v002/T01UBT_20240302T231551,S30,1709421351000,rejected_non_intersecting_native_grid
2024-03,NASA/HLS/HLSS30/v002/T60UXC_20240302T231551,S30,1709421351000,rejected_non_intersecting_native_grid
2024-03,NASA/HLS/HLSS30/v002/T51TXJ_20240303T023611,S30,1709433371000,native_grid_intersects_roi
2024-03,NASA/HLS/HLSS30/v002/T01KAA_20240303T221939,S30,1709504379000,rejected_non_intersecting_native_grid
2024-03,NASA/HLS/HLSS30/v002/T01KAB_20240303T221939,S30,1709504379000,rejected_non_intersecting_native_grid
2024-03,NASA/HLS/HLSS30/v002/T01KAU_20240303T221939,S30,1709504379000,rejected_non_intersecting_native_grid
2024-03,NASA/HLS/HLSS30/v002/T01KAV_20240303T221939,S30,1709504379000,rejected_non_intersecting_native_grid
2024-03,NASA/HLS/HLSS30/v002/T01LAC_20240303T221939,S30,1709504379000,rejected_non_intersecting_native_grid
2024-03,NASA/HLS/HLSS30/v002/T01WCP_20240303T233649,S30,1709509009000,rejected_non_intersecting_native_grid
2024-03,NASA/HLS/HLSS30/v002/T01UBT_20240304T230529,S30,1709593529000,rejected_non_intersecting_native_grid
2024-03,NASA/HLS/HLSS30/v002/T60UXC_20240304T230529,S30,1709593529000,rejected_non_intersecting_native_grid
2024-03,NASA/HLS/HLSS30/v002/T01WCQ_20240304T235611,S30,1709596571000,rejected_non_intersecting_native_grid
2024-03,NASA/HLS/HLSS30/v002/T01WCT_20240304T235611,S30,1709596571000,rejected_non_intersecting_native_grid
2024-03,NASA/HLS/HLSS30/v002/T01VCK_20240305T232631,S30,1709681191000,rejected_non_intersecting_native_grid
2024-03,NASA/HLS/HLSS30/v002/T60VXQ_20240305T232631,S30,1709681191000,rejected_non_intersecting_native_grid
2024-03,NASA/HLS/HLSS30/v002/T01WCT_20240306T001559,S30,1709684159000,rejected_non_intersecting_native_grid
2024-03,NASA/HLS/HLSS30/v002/T01LAK_20240306T222749,S30,1709764069000,rejected_non_intersecting_native_grid
2024-03,NASA/HLS/HLSS30/v002/T01WCM_20240306T234619,S30,1709768779000,rejected_non_intersecting_native_grid
2024-03,NASA/HLS/HLSS30/v002/T01WCN_20240306T234619,S30,1709768779000,rejected_non_intersecting_native_grid
2024-03,NASA/HLS/HLSS30/v002/T01WCQ_20240306T234619,S30,1709768779000,rejected_non_intersecting_native_grid
2024-03,NASA/HLS/HLSS30/v002/T01WCR_20240306T234619,S30,1709768779000,rejected_non_intersecting_native_grid
2024-03,NASA/HLS/HLSS30/v002/T51TXJ_20240308T023529,S30,1709865329000,native_grid_intersects_roi
2024-03,NASA/HLS/HLSS30/v002/T01KAA_20240308T221941,S30,1709936381000,rejected_non_intersecting_native_grid
2024-03,NASA/HLS/HLSS30/v002/T01KAU_20240308T221941,S30,1709936381000,rejected_non_intersecting_native_grid
2024-03,NASA/HLS/HLSS30/v002/T01KAV_20240308T221941,S30,1709936381000,rejected_non_intersecting_native_grid
2024-03,NASA/HLS/HLSS30/v002/T01LAC_20240308T221941,S30,1709936381000,rejected_non_intersecting_native_grid
2024-03,NASA/HLS/HLSS30/v002/T01VCL_20240308T233651,S30,1709941011000,rejected_non_intersecting_native_grid
2024-03,NASA/HLS/HLSS30/v002/T01WCM_20240308T233651,S30,1709941011000,rejected_non_intersecting_native_grid
2024-03,NASA/HLS/HLSS30/v002/T01WCN_20240308T233651,S30,1709941011000,rejected_non_intersecting_native_grid
2024-03,NASA/HLS/HLSS30/v002/T01WCP_20240308T233651,S30,1709941011000,rejected_non_intersecting_native_grid
2024-03,NASA/HLS/HLSS30/v002/T60VXR_20240308T233651,S30,1709941011000,rejected_non_intersecting_native_grid
2024-03,NASA/HLS/HLSS30/v002/T01WCQ_20240309T235609,S30,1710028569000,rejected_non_intersecting_native_grid
2024-03,NASA/HLS/HLSS30/v002/T01WCR_20240309T235609,S30,1710028569000,rejected_non_intersecting_native_grid
2024-03,NASA/HLS/HLSS30/v002/T01WCT_20240309T235609,S30,1710028569000,rejected_non_intersecting_native_grid
2024-03,NASA/HLS/HLSS30/v002/T01VCK_20240310T232629,S30,1710113189000,rejected_non_intersecting_native_grid
2024-03,NASA/HLS/HLSS30/v002/T60VXQ_20240310T232629,S30,1710113189000,rejected_non_intersecting_native_grid
2024-03,NASA/HLS/HLSS30/v002/T01WCT_20240311T001611,S30,1710116171000,rejected_non_intersecting_native_grid
2024-03,NASA/HLS/HLSS30/v002/T01WCU_20240311T001611,S30,1710116171000,rejected_non_intersecting_native_grid
2024-03,NASA/HLS/HLSS30/v002/T60WWE_20240311T001611,S30,1710116171000,rejected_non_intersecting_native_grid
2024-03,NASA/HLS/HLSL30/v002/T51TXJ_20240311T022727,L30,1710124047000,native_grid_intersects_roi
2024-03,NASA/HLS/HLSS30/v002/T01LAK_20240311T222801,S30,1710196081000,rejected_non_intersecting_native_grid
2024-03,NASA/HLS/HLSS30/v002/T01VCL_20240311T234621,S30,1710200781000,rejected_non_intersecting_native_grid
2024-03,NASA/HLS/HLSS30/v002/T01WCN_20240311T234621,S30,1710200781000,rejected_non_intersecting_native_grid
2024-03,NASA/HLS/HLSS30/v002/T60VXR_20240311T234621,S30,1710200781000,rejected_non_intersecting_native_grid
2024-03,NASA/HLS/HLSL30/v002/T51TXJ_20240312T022135,L30,1710210095000,native_grid_intersects_roi
2024-03,NASA/HLS/HLSS30/v002/T01WCT_20240313T000609,S30,1710288369000,rejected_non_intersecting_native_grid
2024-03,NASA/HLS/HLSS30/v002/T01WCU_20240313T000609,S30,1710288369000,rejected_non_intersecting_native_grid
2024-03,NASA/HLS/HLSS30/v002/T01WCV_20240313T000609,S30,1710288369000,rejected_non_intersecting_native_grid
2024-03,NASA/HLS/HLSS30/v002/T60WWE_20240313T000609,S30,1710288369000,rejected_non_intersecting_native_grid
2024-03,NASA/HLS/HLSS30/v002/T51TXJ_20240313T023531,S30,1710297331000,native_grid_intersects_roi
2024-03,NASA/HLS/HLSS30/v002/T01LAC_20240313T221939,S30,1710368379000,rejected_non_intersecting_native_grid
2024-03,NASA/HLS/HLSS30/v002/T01WCM_20240313T233649,S30,1710373009000,rejected_non_intersecting_native_grid
2024-03,NASA/HLS/HLSS30/v002/T01WCN_20240313T233649,S30,1710373009000,rejected_non_intersecting_native_grid
2024-03,NASA/HLS/HLSS30/v002/T01WCP_20240313T233649,S30,1710373009000,rejected_non_intersecting_native_grid
2024-03,NASA/HLS/HLSS30/v002/T60WWE_20240314T002611,S30,1710375971000,rejected_non_intersecting_native_grid
2024-03,NASA/HLS/HLSS30/v002/T01WCQ_20240314T235611,S30,1710460571000,rejected_non_intersecting_native_grid
2024-03,NASA/HLS/HLSS30/v002/T01WCR_20240314T235611,S30,1710460571000,rejected_non_intersecting_native_grid
2024-03,NASA/HLS/HLSS30/v002/T01WCT_20240314T235611,S30,1710460571000,rejected_non_intersecting_native_grid
2024-03,NASA/HLS/HLSS30/v002/T01WCU_20240314T235611,S30,1710460571000,rejected_non_intersecting_native_grid
2024-03,NASA/HLS/HLSS30/v002/T01VCK_20240315T232631,S30,1710545191000,rejected_non_intersecting_native_grid
2024-03,NASA/HLS/HLSS30/v002/T60VXQ_20240315T232631,S30,1710545191000,rejected_non_intersecting_native_grid
2024-03,NASA/HLS/HLSS30/v002/T01WCT_20240316T001609,S30,1710548169000,rejected_non_intersecting_native_grid
2024-03,NASA/HLS/HLSS30/v002/T01WCU_20240316T001609,S30,1710548169000,rejected_non_intersecting_native_grid
2024-03,NASA/HLS/HLSS30/v002/T60WWE_20240316T001609,S30,1710548169000,rejected_non_intersecting_native_grid
2024-03,NASA/HLS/HLSS30/v002/T01FBF_20240316T214911,S30,1710625751000,rejected_non_intersecting_native_grid
2024-03,NASA/HLS/HLSS30/v002/T01LAK_20240316T222759,S30,1710628079000,rejected_non_intersecting_native_grid
2024-03,NASA/HLS/HLSS30/v002/T01VCL_20240316T234619,S30,1710632779000,rejected_non_intersecting_native_grid
2024-03,NASA/HLS/HLSS30/v002/T01WCM_20240316T234619,S30,1710632779000,rejected_non_intersecting_native_grid
2024-03,NASA/HLS/HLSS30/v002/T01WCP_20240316T234619,S30,1710632779000,rejected_non_intersecting_native_grid
2024-03,NASA/HLS/HLSS30/v002/T01WCQ_20240316T234619,S30,1710632779000,rejected_non_intersecting_native_grid
2024-03,NASA/HLS/HLSS30/v002/T01WCR_20240316T234619,S30,1710632779000,rejected_non_intersecting_native_grid
2024-03,NASA/HLS/HLSS30/v002/T60VXR_20240316T234619,S30,1710632779000,rejected_non_intersecting_native_grid
2024-03,NASA/HLS/HLSS30/v002/T01WCS_20240318T000611,S30,1710720371000,rejected_non_intersecting_native_grid
2024-03,NASA/HLS/HLSS30/v002/T01WCT_20240318T000611,S30,1710720371000,rejected_non_intersecting_native_grid
2024-03,NASA/HLS/HLSS30/v002/T01WCV_20240318T000611,S30,1710720371000,rejected_non_intersecting_native_grid
2024-03,NASA/HLS/HLSS30/v002/T60WWE_20240318T000611,S30,1710720371000,rejected_non_intersecting_native_grid
2024-03,NASA/HLS/HLSS30/v002/T51TXJ_20240318T023529,S30,1710729329000,native_grid_intersects_roi
2024-03,NASA/HLS/HLSS30/v002/T01KAA_20240318T221941,S30,1710800381000,rejected_non_intersecting_native_grid
2024-03,NASA/HLS/HLSS30/v002/T01KAB_20240318T221941,S30,1710800381000,rejected_non_intersecting_native_grid
2024-03,NASA/HLS/HLSS30/v002/T01KAU_20240318T221941,S30,1710800381000,rejected_non_intersecting_native_grid
2024-03,NASA/HLS/HLSS30/v002/T01KAV_20240318T221941,S30,1710800381000,rejected_non_intersecting_native_grid
2024-03,NASA/HLS/HLSS30/v002/T01LAC_20240318T221941,S30,1710800381000,rejected_non_intersecting_native_grid
2024-03,NASA/HLS/HLSS30/v002/T01WCM_20240318T233651,S30,1710805011000,rejected_non_intersecting_native_grid
2024-03,NASA/HLS/HLSS30/v002/T01WCN_20240318T233651,S30,1710805011000,rejected_non_intersecting_native_grid
2024-03,NASA/HLS/HLSS30/v002/T01WCP_20240318T233651,S30,1710805011000,rejected_non_intersecting_native_grid
2024-03,NASA/HLS/HLSS30/v002/T01WCQ_20240319T235619,S30,1710892579000,rejected_non_intersecting_native_grid
2024-03,NASA/HLS/HLSS30/v002/T01WCR_20240319T235619,S30,1710892579000,rejected_non_intersecting_native_grid
2024-03,NASA/HLS/HLSS30/v002/T01WCS_20240319T235619,S30,1710892579000,rejected_non_intersecting_native_grid
2024-03,NASA/HLS/HLSS30/v002/T01WCT_20240319T235619,S30,1710892579000,rejected_non_intersecting_native_grid
2024-03,NASA/HLS/HLSS30/v002/T01WCU_20240319T235619,S30,1710892579000,rejected_non_intersecting_native_grid
2024-03,NASA/HLS/HLSL30/v002/T51TXJ_20240320T022111,L30,1710901271000,native_grid_intersects_roi
2024-03,NASA/HLS/HLSS30/v002/T01VCK_20240320T232629,S30,1710977189000,rejected_non_intersecting_native_grid
2024-03,NASA/HLS/HLSS30/v002/T60VXQ_20240320T232629,S30,1710977189000,rejected_non_intersecting_native_grid
2024-03,NASA/HLS/HLSS30/v002/T01WCT_20240321T001611,S30,1710980171000,rejected_non_intersecting_native_grid
2024-03,NASA/HLS/HLSS30/v002/T01WCU_20240321T001611,S30,1710980171000,rejected_non_intersecting_native_grid
2024-03,NASA/HLS/HLSS30/v002/T60WWE_20240321T001611,S30,1710980171000,rejected_non_intersecting_native_grid
2024-03,NASA/HLS/HLSS30/v002/T01FBF_20240321T214909,S30,1711057749000,rejected_non_intersecting_native_grid
2024-03,NASA/HLS/HLSS30/v002/T01LAK_20240321T222801,S30,1711060081000,rejected_non_intersecting_native_grid
2024-03,NASA/HLS/HLSS30/v002/T01VCL_20240321T234621,S30,1711064781000,rejected_non_intersecting_native_grid
2024-03,NASA/HLS/HLSS30/v002/T01WCM_20240321T234621,S30,1711064781000,rejected_non_intersecting_native_grid
2024-03,NASA/HLS/HLSS30/v002/T01WCN_20240321T234621,S30,1711064781000,rejected_non_intersecting_native_grid
2024-03,NASA/HLS/HLSS30/v002/T01WCQ_20240321T234621,S30,1711064781000,rejected_non_intersecting_native_grid
2024-03,NASA/HLS/HLSS30/v002/T01WCR_20240321T234621,S30,1711064781000,rejected_non_intersecting_native_grid
2024-03,NASA/HLS/HLSS30/v002/T60VXR_20240321T234621,S30,1711064781000,rejected_non_intersecting_native_grid
2024-03,NASA/HLS/HLSS30/v002/T01WCU_20240323T000609,S30,1711152369000,rejected_non_intersecting_native_grid
2024-03,NASA/HLS/HLSS30/v002/T01WCV_20240323T000609,S30,1711152369000,rejected_non_intersecting_native_grid
2024-03,NASA/HLS/HLSS30/v002/T60WWE_20240323T000609,S30,1711152369000,rejected_non_intersecting_native_grid
2024-03,NASA/HLS/HLSS30/v002/T51TXJ_20240323T023531,S30,1711161331000,native_grid_intersects_roi
2024-03,NASA/HLS/HLSS30/v002/T01KAA_20240323T221939,S30,1711232379000,rejected_non_intersecting_native_grid
2024-03,NASA/HLS/HLSS30/v002/T01KAB_20240323T221939,S30,1711232379000,rejected_non_intersecting_native_grid
2024-03,NASA/HLS/HLSS30/v002/T01KAU_20240323T221939,S30,1711232379000,rejected_non_intersecting_native_grid
2024-03,NASA/HLS/HLSS30/v002/T01KAV_20240323T221939,S30,1711232379000,rejected_non_intersecting_native_grid
2024-03,NASA/HLS/HLSS30/v002/T01LAC_20240323T221939,S30,1711232379000,rejected_non_intersecting_native_grid
2024-03,NASA/HLS/HLSS30/v002/T01VCK_20240323T233649,S30,1711237009000,rejected_non_intersecting_native_grid
2024-03,NASA/HLS/HLSS30/v002/T01VCL_20240323T233649,S30,1711237009000,rejected_non_intersecting_native_grid
2024-03,NASA/HLS/HLSS30/v002/T01WCM_20240323T233649,S30,1711237009000,rejected_non_intersecting_native_grid
2024-03,NASA/HLS/HLSS30/v002/T01WCN_20240323T233649,S30,1711237009000,rejected_non_intersecting_native_grid
2024-03,NASA/HLS/HLSS30/v002/T01WCP_20240323T233649,S30,1711237009000,rejected_non_intersecting_native_grid
2024-03,NASA/HLS/HLSS30/v002/T60VXQ_20240323T233649,S30,1711237009000,rejected_non_intersecting_native_grid
2024-03,NASA/HLS/HLSS30/v002/T60VXR_20240323T233649,S30,1711237009000,rejected_non_intersecting_native_grid
2024-03,NASA/HLS/HLSS30/v002/T01WCV_20240324T002611,S30,1711239971000,rejected_non_intersecting_native_grid
2024-03,NASA/HLS/HLSS30/v002/T60WWE_20240324T002611,S30,1711239971000,rejected_non_intersecting_native_grid
2024-03,NASA/HLS/HLSS30/v002/T01WCQ_20240324T235621,S30,1711324581000,rejected_non_intersecting_native_grid
2024-03,NASA/HLS/HLSS30/v002/T01WCR_20240324T235621,S30,1711324581000,rejected_non_intersecting_native_grid
2024-03,NASA/HLS/HLSS30/v002/T01WCT_20240324T235621,S30,1711324581000,rejected_non_intersecting_native_grid
2024-03,NASA/HLS/HLSS30/v002/T01WCU_20240324T235621,S30,1711324581000,rejected_non_intersecting_native_grid
2024-03,NASA/HLS/HLSS30/v002/T01VCK_20240325T232631,S30,1711409191000,rejected_non_intersecting_native_grid
2024-03,NASA/HLS/HLSS30/v002/T60VXQ_20240325T232631,S30,1711409191000,rejected_non_intersecting_native_grid
2024-03,NASA/HLS/HLSS30/v002/T01WCT_20240326T001609,S30,1711412169000,rejected_non_intersecting_native_grid
2024-03,NASA/HLS/HLSS30/v002/T01WCU_20240326T001609,S30,1711412169000,rejected_non_intersecting_native_grid
2024-03,NASA/HLS/HLSS30/v002/T01WCV_20240326T001609,S30,1711412169000,rejected_non_intersecting_native_grid
2024-03,NASA/HLS/HLSS30/v002/T60WWE_20240326T001609,S30,1711412169000,rejected_non_intersecting_native_grid
2024-03,NASA/HLS/HLSS30/v002/T01LAK_20240326T222759,S30,1711492079000,rejected_non_intersecting_native_grid
2024-03,NASA/HLS/HLSS30/v002/T01VCL_20240326T234619,S30,1711496779000,rejected_non_intersecting_native_grid
2024-03,NASA/HLS/HLSS30/v002/T01WCM_20240326T234619,S30,1711496779000,rejected_non_intersecting_native_grid
2024-03,NASA/HLS/HLSS30/v002/T01WCN_20240326T234619,S30,1711496779000,rejected_non_intersecting_native_grid
2024-03,NASA/HLS/HLSS30/v002/T01WCQ_20240326T234619,S30,1711496779000,rejected_non_intersecting_native_grid
2024-03,NASA/HLS/HLSS30/v002/T01WCR_20240326T234619,S30,1711496779000,rejected_non_intersecting_native_grid
2024-03,NASA/HLS/HLSS30/v002/T60VXR_20240326T234619,S30,1711496779000,rejected_non_intersecting_native_grid
2024-03,NASA/HLS/HLSL30/v002/T51TXJ_20240327T022712,L30,1711506432000,native_grid_intersects_roi
2024-03,NASA/HLS/HLSS30/v002/T01WCV_20240328T000611,S30,1711584371000,rejected_non_intersecting_native_grid
2024-03,NASA/HLS/HLSS30/v002/T60WWE_20240328T000611,S30,1711584371000,rejected_non_intersecting_native_grid
2024-03,NASA/HLS/HLSL30/v002/T51TXJ_20240328T022126,L30,1711592486000,native_grid_intersects_roi
2024-03,NASA/HLS/HLSS30/v002/T51TXJ_20240328T023529,S30,1711593329000,native_grid_intersects_roi
2024-03,NASA/HLS/HLSS30/v002/T01KAV_20240328T221941,S30,1711664381000,rejected_non_intersecting_native_grid
2024-03,NASA/HLS/HLSS30/v002/T01VCL_20240328T233651,S30,1711669011000,rejected_non_intersecting_native_grid
2024-03,NASA/HLS/HLSS30/v002/T01WCN_20240328T233651,S30,1711669011000,rejected_non_intersecting_native_grid
2024-03,NASA/HLS/HLSS30/v002/T01WCP_20240328T233651,S30,1711669011000,rejected_non_intersecting_native_grid
2024-03,NASA/HLS/HLSS30/v002/T60VXR_20240328T233651,S30,1711669011000,rejected_non_intersecting_native_grid
2024-03,NASA/HLS/HLSS30/v002/T01WCV_20240329T002609,S30,1711671969000,rejected_non_intersecting_native_grid
2024-03,NASA/HLS/HLSS30/v002/T60WWE_20240329T002609,S30,1711671969000,rejected_non_intersecting_native_grid
2024-03,NASA/HLS/HLSS30/v002/T01UBS_20240329T230531,S30,1711753531000,rejected_non_intersecting_native_grid
2024-03,NASA/HLS/HLSS30/v002/T01UBT_20240329T230531,S30,1711753531000,rejected_non_intersecting_native_grid
2024-03,NASA/HLS/HLSS30/v002/T60UXC_20240329T230531,S30,1711753531000,rejected_non_intersecting_native_grid
2024-03,NASA/HLS/HLSS30/v002/T01WCQ_20240329T235619,S30,1711756579000,rejected_non_intersecting_native_grid
2024-03,NASA/HLS/HLSS30/v002/T01WCR_20240329T235619,S30,1711756579000,rejected_non_intersecting_native_grid
2024-03,NASA/HLS/HLSS30/v002/T01WCT_20240329T235619,S30,1711756579000,rejected_non_intersecting_native_grid
2024-03,NASA/HLS/HLSS30/v002/T01WCU_20240329T235619,S30,1711756579000,rejected_non_intersecting_native_grid
2024-03,NASA/HLS/HLSS30/v002/T01VCK_20240330T232629,S30,1711841189000,rejected_non_intersecting_native_grid
2024-03,NASA/HLS/HLSS30/v002/T60VXQ_20240330T232629,S30,1711841189000,rejected_non_intersecting_native_grid
2024-03,NASA/HLS/HLSS30/v002/T60WWE_20240331T001611,S30,1711844171000,rejected_non_intersecting_native_grid
2024-03,NASA/HLS/HLSS30/v002/T01FBF_20240331T214909,S30,1711921749000,rejected_non_intersecting_native_grid
2024-03,NASA/HLS/HLSS30/v002/T01LAK_20240331T222801,S30,1711924081000,rejected_non_intersecting_native_grid
2024-03,NASA/HLS/HLSS30/v002/T01VCL_20240331T234621,S30,1711928781000,rejected_non_intersecting_native_grid
2024-03,NASA/HLS/HLSS30/v002/T01WCM_20240331T234621,S30,1711928781000,rejected_non_intersecting_native_grid
2024-03,NASA/HLS/HLSS30/v002/T01WCN_20240331T234621,S30,1711928781000,rejected_non_intersecting_native_grid
2024-03,NASA/HLS/HLSS30/v002/T01WCQ_20240331T234621,S30,1711928781000,rejected_non_intersecting_native_grid
2024-03,NASA/HLS/HLSS30/v002/T01WCR_20240331T234621,S30,1711928781000,rejected_non_intersecting_native_grid
2024-03,NASA/HLS/HLSS30/v002/T60VXR_20240331T234621,S30,1711928781000,rejected_non_intersecting_native_grid
2024-04,NASA/HLS/HLSS30/v002/T01WCT_20240402T000609,S30,1712016369000,rejected_non_intersecting_native_grid
2024-04,NASA/HLS/HLSS30/v002/T01WCV_20240402T000609,S30,1712016369000,rejected_non_intersecting_native_grid
2024-04,NASA/HLS/HLSS30/v002/T60WWE_20240402T000609,S30,1712016369000,rejected_non_intersecting_native_grid
2024-04,NASA/HLS/HLSS30/v002/T51TXJ_20240402T023531,S30,1712025331000,native_grid_intersects_roi
2024-04,NASA/HLS/HLSS30/v002/T01KAB_20240402T221939,S30,1712096379000,rejected_non_intersecting_native_grid
2024-04,NASA/HLS/HLSS30/v002/T01LAC_20240402T221939,S30,1712096379000,rejected_non_intersecting_native_grid
2024-04,NASA/HLS/HLSS30/v002/T01WCP_20240402T233649,S30,1712101009000,rejected_non_intersecting_native_grid
2024-04,NASA/HLS/HLSS30/v002/T60WWE_20240403T002601,S30,1712103961000,rejected_non_intersecting_native_grid
2024-04,NASA/HLS/HLSS30/v002/T01UBS_20240403T230529,S30,1712185529000,rejected_non_intersecting_native_grid
2024-04,NASA/HLS/HLSS30/v002/T01UBT_20240403T230529,S30,1712185529000,rejected_non_intersecting_native_grid
2024-04,NASA/HLS/HLSS30/v002/T60UXC_20240403T230529,S30,1712185529000,rejected_non_intersecting_native_grid
2024-04,NASA/HLS/HLSS30/v002/T01WCQ_20240403T235611,S30,1712188571000,rejected_non_intersecting_native_grid
2024-04,NASA/HLS/HLSS30/v002/T01WCR_20240403T235611,S30,1712188571000,rejected_non_intersecting_native_grid
2024-04,NASA/HLS/HLSS30/v002/T01WCS_20240403T235611,S30,1712188571000,rejected_non_intersecting_native_grid
2024-04,NASA/HLS/HLSS30/v002/T01WCT_20240403T235611,S30,1712188571000,rejected_non_intersecting_native_grid
2024-04,NASA/HLS/HLSS30/v002/T01WCU_20240403T235611,S30,1712188571000,rejected_non_intersecting_native_grid
2024-04,NASA/HLS/HLSL30/v002/T51TXJ_20240404T022736,L30,1712197656000,native_grid_intersects_roi
2024-04,NASA/HLS/HLSS30/v002/T01VCK_20240404T232631,S30,1712273191000,rejected_non_intersecting_native_grid
2024-04,NASA/HLS/HLSS30/v002/T60VXQ_20240404T232631,S30,1712273191000,rejected_non_intersecting_native_grid
2024-04,NASA/HLS/HLSS30/v002/T01WCT_20240405T001609,S30,1712276169000,rejected_non_intersecting_native_grid
2024-04,NASA/HLS/HLSS30/v002/T01WCU_20240405T001609,S30,1712276169000,rejected_non_intersecting_native_grid
2024-04,NASA/HLS/HLSL30/v002/T51TXJ_20240405T022102,L30,1712283662000,native_grid_intersects_roi
2024-04,NASA/HLS/HLSS30/v002/T01FBF_20240405T214911,S30,1712353751000,rejected_non_intersecting_native_grid
2024-04,NASA/HLS/HLSS30/v002/T01WCP_20240405T234619,S30,1712360779000,rejected_non_intersecting_native_grid
2024-04,NASA/HLS/HLSS30/v002/T01WCQ_20240405T234619,S30,1712360779000,rejected_non_intersecting_native_grid
2024-04,NASA/HLS/HLSS30/v002/T01WCR_20240405T234619,S30,1712360779000,rejected_non_intersecting_native_grid
2024-04,NASA/HLS/HLSS30/v002/T01UBT_20240406T231549,S30,1712445349000,rejected_non_intersecting_native_grid
2024-04,NASA/HLS/HLSS30/v002/T60UXC_20240406T231549,S30,1712445349000,rejected_non_intersecting_native_grid
2024-04,NASA/HLS/HLSS30/v002/T01WCS_20240407T000611,S30,1712448371000,rejected_non_intersecting_native_grid
2024-04,NASA/HLS/HLSS30/v002/T01WCT_20240407T000611,S30,1712448371000,rejected_non_intersecting_native_grid
2024-04,NASA/HLS/HLSS30/v002/T01WCV_20240407T000611,S30,1712448371000,rejected_non_intersecting_native_grid
2024-04,NASA/HLS/HLSS30/v002/T60WWE_20240407T000611,S30,1712448371000,rejected_non_intersecting_native_grid
2024-04,NASA/HLS/HLSS30/v002/T51TXJ_20240407T023529,S30,1712457329000,native_grid_intersects_roi
2024-04,NASA/HLS/HLSS30/v002/T01KAA_20240407T221941,S30,1712528381000,rejected_non_intersecting_native_grid
2024-04,NASA/HLS/HLSS30/v002/T01KAB_20240407T221941,S30,1712528381000,rejected_non_intersecting_native_grid
2024-04,NASA/HLS/HLSS30/v002/T01KAU_20240407T221941,S30,1712528381000,rejected_non_intersecting_native_grid
2024-04,NASA/HLS/HLSS30/v002/T01KAV_20240407T221941,S30,1712528381000,rejected_non_intersecting_native_grid
2024-04,NASA/HLS/HLSS30/v002/T01LAC_20240407T221941,S30,1712528381000,rejected_non_intersecting_native_grid
2024-04,NASA/HLS/HLSS30/v002/T01VCL_20240407T233651,S30,1712533011000,rejected_non_intersecting_native_grid
2024-04,NASA/HLS/HLSS30/v002/T01WCM_20240407T233651,S30,1712533011000,rejected_non_intersecting_native_grid
2024-04,NASA/HLS/HLSS30/v002/T01WCN_20240407T233651,S30,1712533011000,rejected_non_intersecting_native_grid
2024-04,NASA/HLS/HLSS30/v002/T01WCP_20240407T233651,S30,1712533011000,rejected_non_intersecting_native_grid
2024-04,NASA/HLS/HLSS30/v002/T60VXQ_20240407T233651,S30,1712533011000,rejected_non_intersecting_native_grid
2024-04,NASA/HLS/HLSS30/v002/T60VXR_20240407T233651,S30,1712533011000,rejected_non_intersecting_native_grid
2024-04,NASA/HLS/HLSS30/v002/T01WCV_20240408T002609,S30,1712535969000,rejected_non_intersecting_native_grid
2024-04,NASA/HLS/HLSS30/v002/T60WWE_20240408T002609,S30,1712535969000,rejected_non_intersecting_native_grid
2024-04,NASA/HLS/HLSS30/v002/T01WCQ_20240408T235619,S30,1712620579000,rejected_non_intersecting_native_grid
2024-04,NASA/HLS/HLSS30/v002/T01WCR_20240408T235619,S30,1712620579000,rejected_non_intersecting_native_grid
2024-04,NASA/HLS/HLSS30/v002/T01WCS_20240408T235619,S30,1712620579000,rejected_non_intersecting_native_grid
2024-04,NASA/HLS/HLSS30/v002/T01WCT_20240408T235619,S30,1712620579000,rejected_non_intersecting_native_grid
2024-04,NASA/HLS/HLSS30/v002/T01WCU_20240408T235619,S30,1712620579000,rejected_non_intersecting_native_grid
2024-04,NASA/HLS/HLSS30/v002/T01WCT_20240410T001611,S30,1712708171000,rejected_non_intersecting_native_grid
2024-04,NASA/HLS/HLSS30/v002/T01WCU_20240410T001611,S30,1712708171000,rejected_non_intersecting_native_grid
2024-04,NASA/HLS/HLSS30/v002/T01LAK_20240410T222801,S30,1712788081000,rejected_non_intersecting_native_grid
2024-04,NASA/HLS/HLSS30/v002/T01WCN_20240410T234621,S30,1712792781000,rejected_non_intersecting_native_grid
2024-04,NASA/HLS/HLSS30/v002/T01WCR_20240410T234621,S30,1712792781000,rejected_non_intersecting_native_grid
2024-04,NASA/HLS/HLSS30/v002/T01WCS_20240412T000609,S30,1712880369000,rejected_non_intersecting_native_grid
2024-04,NASA/HLS/HLSS30/v002/T01WCU_20240412T000609,S30,1712880369000,rejected_non_intersecting_native_grid
2024-04,NASA/HLS/HLSS30/v002/T01WCV_20240412T000609,S30,1712880369000,rejected_non_intersecting_native_grid
2024-04,NASA/HLS/HLSS30/v002/T60WWE_20240412T000609,S30,1712880369000,rejected_non_intersecting_native_grid
2024-04,NASA/HLS/HLSL30/v002/T51TXJ_20240412T022710,L30,1712888830000,native_grid_intersects_roi
2024-04,NASA/HLS/HLSS30/v002/T51TXJ_20240412T023531,S30,1712889331000,native_grid_intersects_roi
2024-04,NASA/HLS/HLSS30/v002/T01KAA_20240412T221939,S30,1712960379000,rejected_non_intersecting_native_grid
2024-04,NASA/HLS/HLSS30/v002/T01KAB_20240412T221939,S30,1712960379000,rejected_non_intersecting_native_grid
2024-04,NASA/HLS/HLSS30/v002/T01KAU_20240412T221939,S30,1712960379000,rejected_non_intersecting_native_grid
2024-04,NASA/HLS/HLSS30/v002/T01KAV_20240412T221939,S30,1712960379000,rejected_non_intersecting_native_grid
2024-04,NASA/HLS/HLSS30/v002/T01LAC_20240412T221939,S30,1712960379000,rejected_non_intersecting_native_grid
2024-04,NASA/HLS/HLSS30/v002/T01VCL_20240412T233649,S30,1712965009000,rejected_non_intersecting_native_grid
2024-04,NASA/HLS/HLSS30/v002/T01WCN_20240412T233649,S30,1712965009000,rejected_non_intersecting_native_grid
2024-04,NASA/HLS/HLSS30/v002/T01WCP_20240412T233649,S30,1712965009000,rejected_non_intersecting_native_grid
2024-04,NASA/HLS/HLSS30/v002/T60VXR_20240412T233649,S30,1712965009000,rejected_non_intersecting_native_grid
2024-04,NASA/HLS/HLSS30/v002/T01WCV_20240413T002611,S30,1712967971000,rejected_non_intersecting_native_grid
2024-04,NASA/HLS/HLSS30/v002/T60WWE_20240413T002611,S30,1712967971000,rejected_non_intersecting_native_grid
2024-04,NASA/HLS/HLSL30/v002/T51TXJ_20240413T022120,L30,1712974880000,native_grid_intersects_roi
2024-04,NASA/HLS/HLSS30/v002/T01WCS_20240413T235621,S30,1713052581000,rejected_non_intersecting_native_grid
2024-04,NASA/HLS/HLSS30/v002/T01WCT_20240413T235621,S30,1713052581000,rejected_non_intersecting_native_grid
2024-04,NASA/HLS/HLSS30/v002/T01WCU_20240413T235621,S30,1713052581000,rejected_non_intersecting_native_grid
2024-04,NASA/HLS/HLSS30/v002/T01VCK_20240414T232631,S30,1713137191000,rejected_non_intersecting_native_grid
2024-04,NASA/HLS/HLSS30/v002/T60VXQ_20240414T232631,S30,1713137191000,rejected_non_intersecting_native_grid
2024-04,NASA/HLS/HLSS30/v002/T01WCT_20240415T001609,S30,1713140169000,rejected_non_intersecting_native_grid
2024-04,NASA/HLS/HLSS30/v002/T01WCV_20240415T001609,S30,1713140169000,rejected_non_intersecting_native_grid
2024-04,NASA/HLS/HLSS30/v002/T60WWE_20240415T001609,S30,1713140169000,rejected_non_intersecting_native_grid
2024-04,NASA/HLS/HLSS30/v002/T01FBF_20240415T214911,S30,1713217751000,rejected_non_intersecting_native_grid
2024-04,NASA/HLS/HLSS30/v002/T01VCL_20240415T234619,S30,1713224779000,rejected_non_intersecting_native_grid
2024-04,NASA/HLS/HLSS30/v002/T01WCM_20240415T234619,S30,1713224779000,rejected_non_intersecting_native_grid
2024-04,NASA/HLS/HLSS30/v002/T01WCN_20240415T234619,S30,1713224779000,rejected_non_intersecting_native_grid
2024-04,NASA/HLS/HLSS30/v002/T01WCQ_20240415T234619,S30,1713224779000,rejected_non_intersecting_native_grid
2024-04,NASA/HLS/HLSS30/v002/T01WCR_20240415T234619,S30,1713224779000,rejected_non_intersecting_native_grid
2024-04,NASA/HLS/HLSS30/v002/T60VXR_20240415T234619,S30,1713224779000,rejected_non_intersecting_native_grid
2024-04,NASA/HLS/HLSS30/v002/T01UBT_20240416T231559,S30,1713309359000,rejected_non_intersecting_native_grid
2024-04,NASA/HLS/HLSS30/v002/T60UXC_20240416T231559,S30,1713309359000,rejected_non_intersecting_native_grid
2024-04,NASA/HLS/HLSS30/v002/T01WCS_20240417T000611,S30,1713312371000,rejected_non_intersecting_native_grid
2024-04,NASA/HLS/HLSS30/v002/T01WCU_20240417T000611,S30,1713312371000,rejected_non_intersecting_native_grid
2024-04,NASA/HLS/HLSS30/v002/T01WCV_20240417T000611,S30,1713312371000,rejected_non_intersecting_native_grid
2024-04,NASA/HLS/HLSS30/v002/T60WWE_20240417T000611,S30,1713312371000,rejected_non_intersecting_native_grid
2024-04,NASA/HLS/HLSS30/v002/T51TXJ_20240417T023529,S30,1713321329000,native_grid_intersects_roi
2024-04,NASA/HLS/HLSS30/v002/T01KAA_20240417T221941,S30,1713392381000,rejected_non_intersecting_native_grid
2024-04,NASA/HLS/HLSS30/v002/T01KAB_20240417T221941,S30,1713392381000,rejected_non_intersecting_native_grid
2024-04,NASA/HLS/HLSS30/v002/T01KAU_20240417T221941,S30,1713392381000,rejected_non_intersecting_native_grid
2024-04,NASA/HLS/HLSS30/v002/T01KAV_20240417T221941,S30,1713392381000,rejected_non_intersecting_native_grid
2024-04,NASA/HLS/HLSS30/v002/T01LAC_20240417T221941,S30,1713392381000,rejected_non_intersecting_native_grid
2024-04,NASA/HLS/HLSS30/v002/T01VCK_20240417T233651,S30,1713397011000,rejected_non_intersecting_native_grid
2024-04,NASA/HLS/HLSS30/v002/T01VCL_20240417T233651,S30,1713397011000,rejected_non_intersecting_native_grid
2024-04,NASA/HLS/HLSS30/v002/T01WCN_20240417T233651,S30,1713397011000,rejected_non_intersecting_native_grid
2024-04,NASA/HLS/HLSS30/v002/T01WCP_20240417T233651,S30,1713397011000,rejected_non_intersecting_native_grid
2024-04,NASA/HLS/HLSS30/v002/T60VXQ_20240417T233651,S30,1713397011000,rejected_non_intersecting_native_grid
2024-04,NASA/HLS/HLSS30/v002/T01WCV_20240418T002609,S30,1713399969000,rejected_non_intersecting_native_grid
2024-04,NASA/HLS/HLSS30/v002/T60WWE_20240418T002609,S30,1713399969000,rejected_non_intersecting_native_grid
2024-04,NASA/HLS/HLSS30/v002/T01UBS_20240418T230531,S30,1713481531000,rejected_non_intersecting_native_grid
2024-04,NASA/HLS/HLSS30/v002/T01UBT_20240418T230531,S30,1713481531000,rejected_non_intersecting_native_grid
2024-04,NASA/HLS/HLSS30/v002/T60UXC_20240418T230531,S30,1713481531000,rejected_non_intersecting_native_grid
2024-04,NASA/HLS/HLSS30/v002/T01WCQ_20240418T235619,S30,1713484579000,rejected_non_intersecting_native_grid
2024-04,NASA/HLS/HLSS30/v002/T01WCR_20240418T235619,S30,1713484579000,rejected_non_intersecting_native_grid
2024-04,NASA/HLS/HLSS30/v002/T01WCS_20240418T235619,S30,1713484579000,rejected_non_intersecting_native_grid
2024-04,NASA/HLS/HLSS30/v002/T01WCT_20240418T235619,S30,1713484579000,rejected_non_intersecting_native_grid
2024-04,NASA/HLS/HLSS30/v002/T01WCU_20240418T235619,S30,1713484579000,rejected_non_intersecting_native_grid
2024-04,NASA/HLS/HLSS30/v002/T01VCK_20240419T232629,S30,1713569189000,rejected_non_intersecting_native_grid
2024-04,NASA/HLS/HLSS30/v002/T60VXQ_20240419T232629,S30,1713569189000,rejected_non_intersecting_native_grid
2024-04,NASA/HLS/HLSS30/v002/T01WCU_20240420T001611,S30,1713572171000,rejected_non_intersecting_native_grid
2024-04,NASA/HLS/HLSS30/v002/T01WCV_20240420T001611,S30,1713572171000,rejected_non_intersecting_native_grid
2024-04,NASA/HLS/HLSS30/v002/T60WWE_20240420T001611,S30,1713572171000,rejected_non_intersecting_native_grid
2024-04,NASA/HLS/HLSS30/v002/T01FBF_20240420T214909,S30,1713649749000,rejected_non_intersecting_native_grid
2024-04,NASA/HLS/HLSS30/v002/T01LAK_20240420T222801,S30,1713652081000,rejected_non_intersecting_native_grid
2024-04,NASA/HLS/HLSS30/v002/T01WCN_20240420T234621,S30,1713656781000,rejected_non_intersecting_native_grid
2024-04,NASA/HLS/HLSS30/v002/T01WCQ_20240420T234621,S30,1713656781000,rejected_non_intersecting_native_grid
2024-04,NASA/HLS/HLSS30/v002/T01WCR_20240420T234621,S30,1713656781000,rejected_non_intersecting_native_grid
2024-04,NASA/HLS/HLSL30/v002/T51TXJ_20240421T022053,L30,1713666053000,native_grid_intersects_roi
2024-04,NASA/HLS/HLSS30/v002/T01WCU_20240422T000609,S30,1713744369000,rejected_non_intersecting_native_grid
2024-04,NASA/HLS/HLSS30/v002/T01WCV_20240422T000609,S30,1713744369000,rejected_non_intersecting_native_grid
2024-04,NASA/HLS/HLSS30/v002/T60WWE_20240422T000609,S30,1713744369000,rejected_non_intersecting_native_grid
2024-04,NASA/HLS/HLSS30/v002/T51TXJ_20240422T023531,S30,1713753331000,native_grid_intersects_roi
2024-04,NASA/HLS/HLSS30/v002/T01KAA_20240422T221939,S30,1713824379000,rejected_non_intersecting_native_grid
2024-04,NASA/HLS/HLSS30/v002/T01KAB_20240422T221939,S30,1713824379000,rejected_non_intersecting_native_grid
2024-04,NASA/HLS/HLSS30/v002/T01KAV_20240422T221939,S30,1713824379000,rejected_non_intersecting_native_grid
2024-04,NASA/HLS/HLSS30/v002/T01LAC_20240422T221939,S30,1713824379000,rejected_non_intersecting_native_grid
2024-04,NASA/HLS/HLSS30/v002/T01WCN_20240422T233649,S30,1713829009000,rejected_non_intersecting_native_grid
2024-04,NASA/HLS/HLSS30/v002/T01WCV_20240423T002611,S30,1713831971000,rejected_non_intersecting_native_grid
2024-04,NASA/HLS/HLSS30/v002/T60WWE_20240423T002611,S30,1713831971000,rejected_non_intersecting_native_grid
2024-04,NASA/HLS/HLSS30/v002/T01UBS_20240423T230529,S30,1713913529000,rejected_non_intersecting_native_grid
2024-04,NASA/HLS/HLSS30/v002/T01UBT_20240423T230529,S30,1713913529000,rejected_non_intersecting_native_grid
2024-04,NASA/HLS/HLSS30/v002/T60UXB_20240423T230529,S30,1713913529000,rejected_non_intersecting_native_grid
2024-04,NASA/HLS/HLSS30/v002/T60UXC_20240423T230529,S30,1713913529000,rejected_non_intersecting_native_grid
2024-04,NASA/HLS/HLSS30/v002/T01WCQ_20240423T235621,S30,1713916581000,rejected_non_intersecting_native_grid
2024-04,NASA/HLS/HLSS30/v002/T01WCR_20240423T235621,S30,1713916581000,rejected_non_intersecting_native_grid
2024-04,NASA/HLS/HLSS30/v002/T01WCS_20240423T235621,S30,1713916581000,rejected_non_intersecting_native_grid
2024-04,NASA/HLS/HLSS30/v002/T01WCT_20240423T235621,S30,1713916581000,rejected_non_intersecting_native_grid
2024-04,NASA/HLS/HLSS30/v002/T01WCU_20240423T235621,S30,1713916581000,rejected_non_intersecting_native_grid
2024-04,NASA/HLS/HLSS30/v002/T01WCT_20240425T001609,S30,1714004169000,rejected_non_intersecting_native_grid
2024-04,NASA/HLS/HLSS30/v002/T01WCU_20240425T001609,S30,1714004169000,rejected_non_intersecting_native_grid
2024-04,NASA/HLS/HLSS30/v002/T01FBF_20240425T214911,S30,1714081751000,rejected_non_intersecting_native_grid
2024-04,NASA/HLS/HLSS30/v002/T01LAK_20240425T222759,S30,1714084079000,rejected_non_intersecting_native_grid
2024-04,NASA/HLS/HLSS30/v002/T01WCQ_20240425T234619,S30,1714088779000,rejected_non_intersecting_native_grid
2024-04,NASA/HLS/HLSS30/v002/T01WCR_20240425T234619,S30,1714088779000,rejected_non_intersecting_native_grid
2024-04,NASA/HLS/HLSS30/v002/T01UBT_20240426T231549,S30,1714173349000,rejected_non_intersecting_native_grid
2024-04,NASA/HLS/HLSS30/v002/T60UXC_20240426T231549,S30,1714173349000,rejected_non_intersecting_native_grid
2024-04,NASA/HLS/HLSS30/v002/T01WCS_20240427T000611,S30,1714176371000,rejected_non_intersecting_native_grid
2024-04,NASA/HLS/HLSS30/v002/T01WCT_20240427T000611,S30,1714176371000,rejected_non_intersecting_native_grid
2024-04,NASA/HLS/HLSS30/v002/T01WCU_20240427T000611,S30,1714176371000,rejected_non_intersecting_native_grid
2024-04,NASA/HLS/HLSS30/v002/T01WCV_20240427T000611,S30,1714176371000,rejected_non_intersecting_native_grid
2024-04,NASA/HLS/HLSS30/v002/T60WWE_20240427T000611,S30,1714176371000,rejected_non_intersecting_native_grid
2024-04,NASA/HLS/HLSS30/v002/T51TXJ_20240427T023529,S30,1714185329000,native_grid_intersects_roi
2024-04,NASA/HLS/HLSS30/v002/T01KAA_20240427T221941,S30,1714256381000,rejected_non_intersecting_native_grid
2024-04,NASA/HLS/HLSS30/v002/T01KAB_20240427T221941,S30,1714256381000,rejected_non_intersecting_native_grid
2024-04,NASA/HLS/HLSS30/v002/T01KAU_20240427T221941,S30,1714256381000,rejected_non_intersecting_native_grid
2024-04,NASA/HLS/HLSS30/v002/T01KAV_20240427T221941,S30,1714256381000,rejected_non_intersecting_native_grid
2024-04,NASA/HLS/HLSS30/v002/T01LAC_20240427T221941,S30,1714256381000,rejected_non_intersecting_native_grid
2024-04,NASA/HLS/HLSS30/v002/T01VCK_20240427T233651,S30,1714261011000,rejected_non_intersecting_native_grid
2024-04,NASA/HLS/HLSS30/v002/T01VCL_20240427T233651,S30,1714261011000,rejected_non_intersecting_native_grid
2024-04,NASA/HLS/HLSS30/v002/T01WCM_20240427T233651,S30,1714261011000,rejected_non_intersecting_native_grid
2024-04,NASA/HLS/HLSS30/v002/T01WCN_20240427T233651,S30,1714261011000,rejected_non_intersecting_native_grid
2024-04,NASA/HLS/HLSS30/v002/T01WCP_20240427T233651,S30,1714261011000,rejected_non_intersecting_native_grid
2024-04,NASA/HLS/HLSS30/v002/T60VXQ_20240427T233651,S30,1714261011000,rejected_non_intersecting_native_grid
2024-04,NASA/HLS/HLSS30/v002/T60VXR_20240427T233651,S30,1714261011000,rejected_non_intersecting_native_grid
2024-04,NASA/HLS/HLSS30/v002/T01WCR_20240428T235619,S30,1714348579000,rejected_non_intersecting_native_grid
2024-04,NASA/HLS/HLSS30/v002/T01WCS_20240428T235619,S30,1714348579000,rejected_non_intersecting_native_grid
2024-04,NASA/HLS/HLSS30/v002/T01WCT_20240428T235619,S30,1714348579000,rejected_non_intersecting_native_grid
2024-04,NASA/HLS/HLSS30/v002/T01WCU_20240428T235619,S30,1714348579000,rejected_non_intersecting_native_grid
2024-04,NASA/HLS/HLSS30/v002/T01VCK_20240429T232629,S30,1714433189000,rejected_non_intersecting_native_grid
2024-04,NASA/HLS/HLSS30/v002/T60VXQ_20240429T232629,S30,1714433189000,rejected_non_intersecting_native_grid
2024-04,NASA/HLS/HLSS30/v002/T01WCU_20240430T001611,S30,1714436171000,rejected_non_intersecting_native_grid
2024-04,NASA/HLS/HLSS30/v002/T01WCV_20240430T001611,S30,1714436171000,rejected_non_intersecting_native_grid
2024-04,NASA/HLS/HLSS30/v002/T60WWE_20240430T001611,S30,1714436171000,rejected_non_intersecting_native_grid
2024-04,NASA/HLS/HLSS30/v002/T01FBF_20240430T214909,S30,1714513749000,rejected_non_intersecting_native_grid
2024-04,NASA/HLS/HLSS30/v002/T01WCN_20240430T234621,S30,1714520781000,rejected_non_intersecting_native_grid
2024-04,NASA/HLS/HLSS30/v002/T01WCP_20240430T234621,S30,1714520781000,rejected_non_intersecting_native_grid
2024-05,NASA/HLS/HLSS30/v002/T01UBT_20240501T231601,S30,1714605361000,rejected_non_intersecting_native_grid
2024-05,NASA/HLS/HLSS30/v002/T60UXC_20240501T231601,S30,1714605361000,rejected_non_intersecting_native_grid
2024-05,NASA/HLS/HLSS30/v002/T01WCU_20240502T000609,S30,1714608369000,rejected_non_intersecting_native_grid
2024-05,NASA/HLS/HLSS30/v002/T60WWE_20240502T000609,S30,1714608369000,rejected_non_intersecting_native_grid
2024-05,NASA/HLS/HLSS30/v002/T51TXJ_20240502T023551,S30,1714617351000,native_grid_intersects_roi
2024-05,NASA/HLS/HLSS30/v002/T01KAA_20240502T221939,S30,1714688379000,rejected_non_intersecting_native_grid
2024-05,NASA/HLS/HLSS30/v002/T01KAB_20240502T221939,S30,1714688379000,rejected_non_intersecting_native_grid
2024-05,NASA/HLS/HLSS30/v002/T01KAU_20240502T221939,S30,1714688379000,rejected_non_intersecting_native_grid
2024-05,NASA/HLS/HLSS30/v002/T01KAV_20240502T221939,S30,1714688379000,rejected_non_intersecting_native_grid
2024-05,NASA/HLS/HLSS30/v002/T01LAC_20240502T221939,S30,1714688379000,rejected_non_intersecting_native_grid
2024-05,NASA/HLS/HLSS30/v002/T01VCL_20240502T233649,S30,1714693009000,rejected_non_intersecting_native_grid
2024-05,NASA/HLS/HLSS30/v002/T01WCM_20240502T233649,S30,1714693009000,rejected_non_intersecting_native_grid
2024-05,NASA/HLS/HLSS30/v002/T01WCN_20240502T233649,S30,1714693009000,rejected_non_intersecting_native_grid
2024-05,NASA/HLS/HLSS30/v002/T01WCP_20240502T233649,S30,1714693009000,rejected_non_intersecting_native_grid
2024-05,NASA/HLS/HLSS30/v002/T01UBT_20240503T230529,S30,1714777529000,rejected_non_intersecting_native_grid
2024-05,NASA/HLS/HLSS30/v002/T01WCR_20240503T235621,S30,1714780581000,rejected_non_intersecting_native_grid
2024-05,NASA/HLS/HLSS30/v002/T01WCS_20240503T235621,S30,1714780581000,rejected_non_intersecting_native_grid
2024-05,NASA/HLS/HLSS30/v002/T01WCT_20240503T235621,S30,1714780581000,rejected_non_intersecting_native_grid
2024-05,NASA/HLS/HLSS30/v002/T01WCU_20240503T235621,S30,1714780581000,rejected_non_intersecting_native_grid
2024-05,NASA/HLS/HLSS30/v002/T01VCK_20240504T232631,S30,1714865191000,rejected_non_intersecting_native_grid
2024-05,NASA/HLS/HLSS30/v002/T60VXQ_20240504T232631,S30,1714865191000,rejected_non_intersecting_native_grid
2024-05,NASA/HLS/HLSS30/v002/T01WCT_20240505T001609,S30,1714868169000,rejected_non_intersecting_native_grid
2024-05,NASA/HLS/HLSS30/v002/T01WCU_20240505T001609,S30,1714868169000,rejected_non_intersecting_native_grid
2024-05,NASA/HLS/HLSS30/v002/T01WCV_20240505T001609,S30,1714868169000,rejected_non_intersecting_native_grid
2024-05,NASA/HLS/HLSS30/v002/T01LAK_20240505T222759,S30,1714948079000,rejected_non_intersecting_native_grid
2024-05,NASA/HLS/HLSS30/v002/T01VCL_20240505T234619,S30,1714952779000,rejected_non_intersecting_native_grid
2024-05,NASA/HLS/HLSS30/v002/T01WCM_20240505T234619,S30,1714952779000,rejected_non_intersecting_native_grid
2024-05,NASA/HLS/HLSS30/v002/T01WCN_20240505T234619,S30,1714952779000,rejected_non_intersecting_native_grid
2024-05,NASA/HLS/HLSS30/v002/T01WCP_20240505T234619,S30,1714952779000,rejected_non_intersecting_native_grid
2024-05,NASA/HLS/HLSS30/v002/T01WCR_20240505T234619,S30,1714952779000,rejected_non_intersecting_native_grid
2024-05,NASA/HLS/HLSS30/v002/T60VXR_20240505T234619,S30,1714952779000,rejected_non_intersecting_native_grid
2024-05,NASA/HLS/HLSL30/v002/T51TXJ_20240506T022712,L30,1714962432000,native_grid_intersects_roi
2024-05,NASA/HLS/HLSS30/v002/T01UBT_20240506T231559,S30,1715037359000,rejected_non_intersecting_native_grid
2024-05,NASA/HLS/HLSS30/v002/T60UXC_20240506T231559,S30,1715037359000,rejected_non_intersecting_native_grid
2024-05,NASA/HLS/HLSS30/v002/T01WCS_20240507T000611,S30,1715040371000,rejected_non_intersecting_native_grid
2024-05,NASA/HLS/HLSS30/v002/T01WCT_20240507T000611,S30,1715040371000,rejected_non_intersecting_native_grid
2024-05,NASA/HLS/HLSS30/v002/T01WCU_20240507T000611,S30,1715040371000,rejected_non_intersecting_native_grid
2024-05,NASA/HLS/HLSS30/v002/T01WCV_20240507T000611,S30,1715040371000,rejected_non_intersecting_native_grid
2024-05,NASA/HLS/HLSS30/v002/T60WWE_20240507T000611,S30,1715040371000,rejected_non_intersecting_native_grid
2024-05,NASA/HLS/HLSL30/v002/T51TXJ_20240507T022043,L30,1715048443000,native_grid_intersects_roi
2024-05,NASA/HLS/HLSS30/v002/T51TXJ_20240507T023529,S30,1715049329000,native_grid_intersects_roi
2024-05,NASA/HLS/HLSS30/v002/T01KAA_20240507T221941,S30,1715120381000,rejected_non_intersecting_native_grid
2024-05,NASA/HLS/HLSS30/v002/T01KAU_20240507T221941,S30,1715120381000,rejected_non_intersecting_native_grid
2024-05,NASA/HLS/HLSS30/v002/T01KAV_20240507T221941,S30,1715120381000,rejected_non_intersecting_native_grid
2024-05,NASA/HLS/HLSS30/v002/T01WCM_20240507T233651,S30,1715125011000,rejected_non_intersecting_native_grid
2024-05,NASA/HLS/HLSS30/v002/T01WCN_20240507T233651,S30,1715125011000,rejected_non_intersecting_native_grid
2024-05,NASA/HLS/HLSS30/v002/T01WCP_20240507T233651,S30,1715125011000,rejected_non_intersecting_native_grid
2024-05,NASA/HLS/HLSS30/v002/T01WCP_20240508T235619,S30,1715212579000,rejected_non_intersecting_native_grid
2024-05,NASA/HLS/HLSS30/v002/T01WCR_20240508T235619,S30,1715212579000,rejected_non_intersecting_native_grid
2024-05,NASA/HLS/HLSS30/v002/T01WCT_20240508T235619,S30,1715212579000,rejected_non_intersecting_native_grid
2024-05,NASA/HLS/HLSS30/v002/T01WCU_20240508T235619,S30,1715212579000,rejected_non_intersecting_native_grid
2024-05,NASA/HLS/HLSS30/v002/T01VCK_20240509T232629,S30,1715297189000,rejected_non_intersecting_native_grid
2024-05,NASA/HLS/HLSS30/v002/T60VXQ_20240509T232629,S30,1715297189000,rejected_non_intersecting_native_grid
2024-05,NASA/HLS/HLSS30/v002/T01WCT_20240510T001611,S30,1715300171000,rejected_non_intersecting_native_grid
2024-05,NASA/HLS/HLSS30/v002/T01WCU_20240510T001611,S30,1715300171000,rejected_non_intersecting_native_grid
2024-05,NASA/HLS/HLSS30/v002/T01FBF_20240510T214909,S30,1715377749000,rejected_non_intersecting_native_grid
2024-05,NASA/HLS/HLSS30/v002/T01VCL_20240510T234621,S30,1715384781000,rejected_non_intersecting_native_grid
2024-05,NASA/HLS/HLSS30/v002/T01WCM_20240510T234621,S30,1715384781000,rejected_non_intersecting_native_grid
2024-05,NASA/HLS/HLSS30/v002/T01WCN_20240510T234621,S30,1715384781000,rejected_non_intersecting_native_grid
2024-05,NASA/HLS/HLSS30/v002/T01WCP_20240510T234621,S30,1715384781000,rejected_non_intersecting_native_grid
2024-05,NASA/HLS/HLSS30/v002/T01WCR_20240510T234621,S30,1715384781000,rejected_non_intersecting_native_grid
2024-05,NASA/HLS/HLSS30/v002/T60VXR_20240510T234621,S30,1715384781000,rejected_non_intersecting_native_grid
2024-05,NASA/HLS/HLSS30/v002/T60UXC_20240511T231601,S30,1715469361000,rejected_non_intersecting_native_grid
2024-05,NASA/HLS/HLSS30/v002/T01WCS_20240512T000609,S30,1715472369000,rejected_non_intersecting_native_grid
2024-05,NASA/HLS/HLSS30/v002/T01WCT_20240512T000609,S30,1715472369000,rejected_non_intersecting_native_grid
2024-05,NASA/HLS/HLSS30/v002/T01WCU_20240512T000609,S30,1715472369000,rejected_non_intersecting_native_grid
2024-05,NASA/HLS/HLSS30/v002/T01WCV_20240512T000609,S30,1715472369000,rejected_non_intersecting_native_grid
2024-05,NASA/HLS/HLSS30/v002/T60WWE_20240512T000609,S30,1715472369000,rejected_non_intersecting_native_grid
2024-05,NASA/HLS/HLSS30/v002/T51TXJ_20240512T023551,S30,1715481351000,native_grid_intersects_roi
2024-05,NASA/HLS/HLSS30/v002/T01KAA_20240512T221939,S30,1715552379000,rejected_non_intersecting_native_grid
2024-05,NASA/HLS/HLSS30/v002/T01KAB_20240512T221939,S30,1715552379000,rejected_non_intersecting_native_grid
2024-05,NASA/HLS/HLSS30/v002/T01KAU_20240512T221939,S30,1715552379000,rejected_non_intersecting_native_grid
2024-05,NASA/HLS/HLSS30/v002/T01KAV_20240512T221939,S30,1715552379000,rejected_non_intersecting_native_grid
2024-05,NASA/HLS/HLSS30/v002/T01LAC_20240512T221939,S30,1715552379000,rejected_non_intersecting_native_grid
2024-05,NASA/HLS/HLSS30/v002/T01VCL_20240512T233649,S30,1715557009000,rejected_non_intersecting_native_grid
2024-05,NASA/HLS/HLSS30/v002/T01WCM_20240512T233649,S30,1715557009000,rejected_non_intersecting_native_grid
2024-05,NASA/HLS/HLSS30/v002/T01WCN_20240512T233649,S30,1715557009000,rejected_non_intersecting_native_grid
2024-05,NASA/HLS/HLSS30/v002/T01WCP_20240512T233649,S30,1715557009000,rejected_non_intersecting_native_grid
2024-05,NASA/HLS/HLSS30/v002/T60VXR_20240512T233649,S30,1715557009000,rejected_non_intersecting_native_grid
2024-05,NASA/HLS/HLSS30/v002/T01UBS_20240513T230529,S30,1715641529000,rejected_non_intersecting_native_grid
2024-05,NASA/HLS/HLSS30/v002/T01UBT_20240513T230529,S30,1715641529000,rejected_non_intersecting_native_grid
2024-05,NASA/HLS/HLSS30/v002/T60UXC_20240513T230529,S30,1715641529000,rejected_non_intersecting_native_grid
2024-05,NASA/HLS/HLSS30/v002/T01WCP_20240513T235621,S30,1715644581000,rejected_non_intersecting_native_grid
2024-05,NASA/HLS/HLSS30/v002/T01WCR_20240513T235621,S30,1715644581000,rejected_non_intersecting_native_grid
2024-05,NASA/HLS/HLSS30/v002/T01WCU_20240513T235621,S30,1715644581000,rejected_non_intersecting_native_grid
2024-05,NASA/HLS/HLSL30/v002/T51TXJ_20240514T022646,L30,1715653606000,native_grid_intersects_roi
2024-05,NASA/HLS/HLSS30/v002/T01WCU_20240515T001609,S30,1715732169000,rejected_non_intersecting_native_grid
2024-05,NASA/HLS/HLSL30/v002/T51TXJ_20240515T022056,L30,1715739656000,native_grid_intersects_roi
2024-05,NASA/HLS/HLSS30/v002/T01FBF_20240515T214911,S30,1715809751000,rejected_non_intersecting_native_grid
2024-05,NASA/HLS/HLSS30/v002/T01LAK_20240515T222759,S30,1715812079000,rejected_non_intersecting_native_grid
2024-05,NASA/HLS/HLSS30/v002/T01WCM_20240515T234619,S30,1715816779000,rejected_non_intersecting_native_grid
2024-05,NASA/HLS/HLSS30/v002/T01WCN_20240515T234619,S30,1715816779000,rejected_non_intersecting_native_grid
2024-05,NASA/HLS/HLSS30/v002/T01WCQ_20240515T234619,S30,1715816779000,rejected_non_intersecting_native_grid
2024-05,NASA/HLS/HLSS30/v002/T01WCR_20240515T234619,S30,1715816779000,rejected_non_intersecting_native_grid
2024-05,NASA/HLS/HLSS30/v002/T01WCS_20240517T000611,S30,1715904371000,rejected_non_intersecting_native_grid
2024-05,NASA/HLS/HLSS30/v002/T01WCT_20240517T000611,S30,1715904371000,rejected_non_intersecting_native_grid
2024-05,NASA/HLS/HLSS30/v002/T01WCV_20240517T000611,S30,1715904371000,rejected_non_intersecting_native_grid
2024-05,NASA/HLS/HLSS30/v002/T51TXJ_20240517T023529,S30,1715913329000,native_grid_intersects_roi
2024-05,NASA/HLS/HLSS30/v002/T01KAA_20240517T221941,S30,1715984381000,rejected_non_intersecting_native_grid
2024-05,NASA/HLS/HLSS30/v002/T01KAB_20240517T221941,S30,1715984381000,rejected_non_intersecting_native_grid
2024-05,NASA/HLS/HLSS30/v002/T01KAU_20240517T221941,S30,1715984381000,rejected_non_intersecting_native_grid
2024-05,NASA/HLS/HLSS30/v002/T01KAV_20240517T221941,S30,1715984381000,rejected_non_intersecting_native_grid
2024-05,NASA/HLS/HLSS30/v002/T01LAC_20240517T221941,S30,1715984381000,rejected_non_intersecting_native_grid
2024-05,NASA/HLS/HLSS30/v002/T01VCK_20240517T233651,S30,1715989011000,rejected_non_intersecting_native_grid
2024-05,NASA/HLS/HLSS30/v002/T01WCP_20240517T233651,S30,1715989011000,rejected_non_intersecting_native_grid
2024-05,NASA/HLS/HLSS30/v002/T60VXQ_20240517T233651,S30,1715989011000,rejected_non_intersecting_native_grid
2024-05,NASA/HLS/HLSS30/v002/T01WCQ_20240518T235609,S30,1716076569000,rejected_non_intersecting_native_grid
2024-05,NASA/HLS/HLSS30/v002/T01WCT_20240518T235609,S30,1716076569000,rejected_non_intersecting_native_grid
2024-05,NASA/HLS/HLSS30/v002/T01WCU_20240518T235609,S30,1716076569000,rejected_non_intersecting_native_grid
2024-05,NASA/HLS/HLSS30/v002/T01WCU_20240520T001611,S30,1716164171000,rejected_non_intersecting_native_grid
2024-05,NASA/HLS/HLSS30/v002/T01WCV_20240520T001611,S30,1716164171000,rejected_non_intersecting_native_grid
2024-05,NASA/HLS/HLSS30/v002/T60WWE_20240520T001611,S30,1716164171000,rejected_non_intersecting_native_grid
2024-05,NASA/HLS/HLSS30/v002/T01FBF_20240520T214909,S30,1716241749000,rejected_non_intersecting_native_grid
2024-05,NASA/HLS/HLSS30/v002/T01LAK_20240520T222801,S30,1716244081000,rejected_non_intersecting_native_grid
2024-05,NASA/HLS/HLSS30/v002/T01WCN_20240520T234621,S30,1716248781000,rejected_non_intersecting_native_grid
2024-05,NASA/HLS/HLSS30/v002/T01UBT_20240521T231551,S30,1716333351000,rejected_non_intersecting_native_grid
2024-05,NASA/HLS/HLSS30/v002/T60UXC_20240521T231551,S30,1716333351000,rejected_non_intersecting_native_grid
2024-05,NASA/HLS/HLSS30/v002/T01WCS_20240522T000609,S30,1716336369000,rejected_non_intersecting_native_grid
2024-05,NASA/HLS/HLSS30/v002/T01WCU_20240522T000609,S30,1716336369000,rejected_non_intersecting_native_grid
2024-05,NASA/HLS/HLSS30/v002/T01WCV_20240522T000609,S30,1716336369000,rejected_non_intersecting_native_grid
2024-05,NASA/HLS/HLSS30/v002/T60WWE_20240522T000609,S30,1716336369000,rejected_non_intersecting_native_grid
2024-05,NASA/HLS/HLSL30/v002/T51TXJ_20240522T022703,L30,1716344823000,native_grid_intersects_roi
2024-05,NASA/HLS/HLSS30/v002/T51TXJ_20240522T023551,S30,1716345351000,native_grid_intersects_roi
2024-05,NASA/HLS/HLSS30/v002/T01KAA_20240522T221939,S30,1716416379000,rejected_non_intersecting_native_grid
2024-05,NASA/HLS/HLSS30/v002/T01KAB_20240522T221939,S30,1716416379000,rejected_non_intersecting_native_grid
2024-05,NASA/HLS/HLSS30/v002/T01KAU_20240522T221939,S30,1716416379000,rejected_non_intersecting_native_grid
2024-05,NASA/HLS/HLSS30/v002/T01KAV_20240522T221939,S30,1716416379000,rejected_non_intersecting_native_grid
2024-05,NASA/HLS/HLSS30/v002/T01LAC_20240522T221939,S30,1716416379000,rejected_non_intersecting_native_grid
2024-05,NASA/HLS/HLSS30/v002/T01VCK_20240522T233649,S30,1716421009000,rejected_non_intersecting_native_grid
2024-05,NASA/HLS/HLSS30/v002/T01VCL_20240522T233649,S30,1716421009000,rejected_non_intersecting_native_grid
2024-05,NASA/HLS/HLSS30/v002/T01WCN_20240522T233649,S30,1716421009000,rejected_non_intersecting_native_grid
2024-05,NASA/HLS/HLSS30/v002/T01WCP_20240522T233649,S30,1716421009000,rejected_non_intersecting_native_grid
2024-05,NASA/HLS/HLSS30/v002/T60VXQ_20240522T233649,S30,1716421009000,rejected_non_intersecting_native_grid
2024-05,NASA/HLS/HLSS30/v002/T60VXR_20240522T233649,S30,1716421009000,rejected_non_intersecting_native_grid
2024-05,NASA/HLS/HLSL30/v002/T51TXJ_20240523T022030,L30,1716430830000,native_grid_intersects_roi
2024-05,NASA/HLS/HLSS30/v002/T01UBT_20240523T230529,S30,1716505529000,rejected_non_intersecting_native_grid
2024-05,NASA/HLS/HLSS30/v002/T60UXC_20240523T230529,S30,1716505529000,rejected_non_intersecting_native_grid
2024-05,NASA/HLS/HLSS30/v002/T01WCP_20240523T235611,S30,1716508571000,rejected_non_intersecting_native_grid
2024-05,NASA/HLS/HLSS30/v002/T01WCR_20240523T235611,S30,1716508571000,rejected_non_intersecting_native_grid
2024-05,NASA/HLS/HLSS30/v002/T01WCS_20240523T235611,S30,1716508571000,rejected_non_intersecting_native_grid
2024-05,NASA/HLS/HLSS30/v002/T01WCT_20240523T235611,S30,1716508571000,rejected_non_intersecting_native_grid
2024-05,NASA/HLS/HLSS30/v002/T01WCU_20240523T235611,S30,1716508571000,rejected_non_intersecting_native_grid
2024-05,NASA/HLS/HLSS30/v002/T01WCT_20240525T001609,S30,1716596169000,rejected_non_intersecting_native_grid
2024-05,NASA/HLS/HLSS30/v002/T01WCU_20240525T001609,S30,1716596169000,rejected_non_intersecting_native_grid
2024-05,NASA/HLS/HLSS30/v002/T01WCV_20240525T001609,S30,1716596169000,rejected_non_intersecting_native_grid
2024-05,NASA/HLS/HLSS30/v002/T60WWE_20240525T001609,S30,1716596169000,rejected_non_intersecting_native_grid
2024-05,NASA/HLS/HLSS30/v002/T01LAK_20240525T222759,S30,1716676079000,rejected_non_intersecting_native_grid
2024-05,NASA/HLS/HLSS30/v002/T01VCL_20240525T234619,S30,1716680779000,rejected_non_intersecting_native_grid
2024-05,NASA/HLS/HLSS30/v002/T01WCM_20240525T234619,S30,1716680779000,rejected_non_intersecting_native_grid
2024-05,NASA/HLS/HLSS30/v002/T01WCN_20240525T234619,S30,1716680779000,rejected_non_intersecting_native_grid
2024-05,NASA/HLS/HLSS30/v002/T01WCP_20240525T234619,S30,1716680779000,rejected_non_intersecting_native_grid
2024-05,NASA/HLS/HLSS30/v002/T01WCR_20240525T234619,S30,1716680779000,rejected_non_intersecting_native_grid
2024-05,NASA/HLS/HLSS30/v002/T60VXR_20240525T234619,S30,1716680779000,rejected_non_intersecting_native_grid
2024-05,NASA/HLS/HLSS30/v002/T01WCS_20240527T000611,S30,1716768371000,rejected_non_intersecting_native_grid
2024-05,NASA/HLS/HLSS30/v002/T01WCU_20240527T000611,S30,1716768371000,rejected_non_intersecting_native_grid
2024-05,NASA/HLS/HLSS30/v002/T01WCV_20240527T000611,S30,1716768371000,rejected_non_intersecting_native_grid
2024-05,NASA/HLS/HLSS30/v002/T60WWE_20240527T000611,S30,1716768371000,rejected_non_intersecting_native_grid
2024-05,NASA/HLS/HLSS30/v002/T51TXJ_20240527T023529,S30,1716777329000,native_grid_intersects_roi
2024-05,NASA/HLS/HLSS30/v002/T01LAC_20240527T221941,S30,1716848381000,rejected_non_intersecting_native_grid
2024-05,NASA/HLS/HLSS30/v002/T01VCK_20240527T233651,S30,1716853011000,rejected_non_intersecting_native_grid
2024-05,NASA/HLS/HLSS30/v002/T01VCL_20240527T233651,S30,1716853011000,rejected_non_intersecting_native_grid
2024-05,NASA/HLS/HLSS30/v002/T01WCM_20240527T233651,S30,1716853011000,rejected_non_intersecting_native_grid
2024-05,NASA/HLS/HLSS30/v002/T01WCN_20240527T233651,S30,1716853011000,rejected_non_intersecting_native_grid
2024-05,NASA/HLS/HLSS30/v002/T01WCP_20240527T233651,S30,1716853011000,rejected_non_intersecting_native_grid
2024-05,NASA/HLS/HLSS30/v002/T60VXQ_20240527T233651,S30,1716853011000,rejected_non_intersecting_native_grid
2024-05,NASA/HLS/HLSS30/v002/T60VXR_20240527T233651,S30,1716853011000,rejected_non_intersecting_native_grid
2024-05,NASA/HLS/HLSS30/v002/T01VCK_20240529T232629,S30,1717025189000,rejected_non_intersecting_native_grid
2024-05,NASA/HLS/HLSS30/v002/T60VXQ_20240529T232629,S30,1717025189000,rejected_non_intersecting_native_grid
2024-05,NASA/HLS/HLSS30/v002/T01WCT_20240530T001611,S30,1717028171000,rejected_non_intersecting_native_grid
2024-05,NASA/HLS/HLSS30/v002/T01WCU_20240530T001611,S30,1717028171000,rejected_non_intersecting_native_grid
2024-05,NASA/HLS/HLSL30/v002/T51TXJ_20240530T022702,L30,1717036022000,native_grid_intersects_roi
2024-05,NASA/HLS/HLSS30/v002/T01LAK_20240530T222801,S30,1717108081000,rejected_non_intersecting_native_grid
2024-05,NASA/HLS/HLSS30/v002/T01VCL_20240530T234621,S30,1717112781000,rejected_non_intersecting_native_grid
2024-05,NASA/HLS/HLSS30/v002/T01WCM_20240530T234621,S30,1717112781000,rejected_non_intersecting_native_grid
2024-05,NASA/HLS/HLSS30/v002/T01WCN_20240530T234621,S30,1717112781000,rejected_non_intersecting_native_grid
2024-05,NASA/HLS/HLSS30/v002/T01WCP_20240530T234621,S30,1717112781000,rejected_non_intersecting_native_grid
2024-05,NASA/HLS/HLSS30/v002/T01WCR_20240530T234621,S30,1717112781000,rejected_non_intersecting_native_grid
2024-05,NASA/HLS/HLSS30/v002/T60VXR_20240530T234621,S30,1717112781000,rejected_non_intersecting_native_grid
2024-06,NASA/HLS/HLSS30/v002/T01WCS_20240601T000609,S30,1717200369000,rejected_non_intersecting_native_grid
2024-06,NASA/HLS/HLSS30/v002/T01WCU_20240601T000609,S30,1717200369000,rejected_non_intersecting_native_grid
2024-06,NASA/HLS/HLSS30/v002/T01WCV_20240601T000609,S30,1717200369000,rejected_non_intersecting_native_grid
2024-06,NASA/HLS/HLSS30/v002/T60WWE_20240601T000609,S30,1717200369000,rejected_non_intersecting_native_grid
2024-06,NASA/HLS/HLSS30/v002/T01KAA_20240601T221939,S30,1717280379000,rejected_non_intersecting_native_grid
2024-06,NASA/HLS/HLSS30/v002/T01KAB_20240601T221939,S30,1717280379000,rejected_non_intersecting_native_grid
2024-06,NASA/HLS/HLSS30/v002/T01KAU_20240601T221939,S30,1717280379000,rejected_non_intersecting_native_grid
2024-06,NASA/HLS/HLSS30/v002/T01KAV_20240601T221939,S30,1717280379000,rejected_non_intersecting_native_grid
2024-06,NASA/HLS/HLSS30/v002/T01LAC_20240601T221939,S30,1717280379000,rejected_non_intersecting_native_grid
2024-06,NASA/HLS/HLSS30/v002/T01VCK_20240601T233649,S30,1717285009000,rejected_non_intersecting_native_grid
2024-06,NASA/HLS/HLSS30/v002/T01VCL_20240601T233649,S30,1717285009000,rejected_non_intersecting_native_grid
2024-06,NASA/HLS/HLSS30/v002/T01WCM_20240601T233649,S30,1717285009000,rejected_non_intersecting_native_grid
2024-06,NASA/HLS/HLSS30/v002/T01WCN_20240601T233649,S30,1717285009000,rejected_non_intersecting_native_grid
2024-06,NASA/HLS/HLSS30/v002/T01WCP_20240601T233649,S30,1717285009000,rejected_non_intersecting_native_grid
2024-06,NASA/HLS/HLSS30/v002/T60VXQ_20240601T233649,S30,1717285009000,rejected_non_intersecting_native_grid
2024-06,NASA/HLS/HLSS30/v002/T60VXR_20240601T233649,S30,1717285009000,rejected_non_intersecting_native_grid
2024-06,NASA/HLS/HLSS30/v002/T01UBS_20240602T230529,S30,1717369529000,rejected_non_intersecting_native_grid
2024-06,NASA/HLS/HLSS30/v002/T01WCP_20240602T235621,S30,1717372581000,rejected_non_intersecting_native_grid
2024-06,NASA/HLS/HLSS30/v002/T01WCQ_20240602T235621,S30,1717372581000,rejected_non_intersecting_native_grid
2024-06,NASA/HLS/HLSS30/v002/T01WCR_20240602T235621,S30,1717372581000,rejected_non_intersecting_native_grid
2024-06,NASA/HLS/HLSS30/v002/T01WCS_20240602T235621,S30,1717372581000,rejected_non_intersecting_native_grid
2024-06,NASA/HLS/HLSS30/v002/T01WCT_20240602T235621,S30,1717372581000,rejected_non_intersecting_native_grid
2024-06,NASA/HLS/HLSS30/v002/T01WCU_20240602T235621,S30,1717372581000,rejected_non_intersecting_native_grid
2024-06,NASA/HLS/HLSS30/v002/T01VCK_20240603T232641,S30,1717457201000,rejected_non_intersecting_native_grid
2024-06,NASA/HLS/HLSS30/v002/T60VXQ_20240603T232641,S30,1717457201000,rejected_non_intersecting_native_grid
2024-06,NASA/HLS/HLSS30/v002/T01WCU_20240604T001609,S30,1717460169000,rejected_non_intersecting_native_grid
2024-06,NASA/HLS/HLSS30/v002/T01LAK_20240604T222759,S30,1717540079000,rejected_non_intersecting_native_grid
2024-06,NASA/HLS/HLSS30/v002/T01VCL_20240604T234629,S30,1717544789000,rejected_non_intersecting_native_grid
2024-06,NASA/HLS/HLSS30/v002/T01WCM_20240604T234629,S30,1717544789000,rejected_non_intersecting_native_grid
2024-06,NASA/HLS/HLSS30/v002/T01WCN_20240604T234629,S30,1717544789000,rejected_non_intersecting_native_grid
2024-06,NASA/HLS/HLSS30/v002/T01WCP_20240604T234629,S30,1717544789000,rejected_non_intersecting_native_grid
2024-06,NASA/HLS/HLSS30/v002/T01WCQ_20240604T234629,S30,1717544789000,rejected_non_intersecting_native_grid
2024-06,NASA/HLS/HLSS30/v002/T01WCR_20240604T234629,S30,1717544789000,rejected_non_intersecting_native_grid
2024-06,NASA/HLS/HLSS30/v002/T60VXR_20240604T234629,S30,1717544789000,rejected_non_intersecting_native_grid
2024-06,NASA/HLS/HLSS30/v002/T01UBT_20240605T231559,S30,1717629359000,rejected_non_intersecting_native_grid
2024-06,NASA/HLS/HLSS30/v002/T60UXC_20240605T231559,S30,1717629359000,rejected_non_intersecting_native_grid
2024-06,NASA/HLS/HLSS30/v002/T01WCS_20240606T000621,S30,1717632381000,rejected_non_intersecting_native_grid
2024-06,NASA/HLS/HLSS30/v002/T01WCT_20240606T000621,S30,1717632381000,rejected_non_intersecting_native_grid
2024-06,NASA/HLS/HLSS30/v002/T01WCU_20240606T000621,S30,1717632381000,rejected_non_intersecting_native_grid
2024-06,NASA/HLS/HLSS30/v002/T01WCV_20240606T000621,S30,1717632381000,rejected_non_intersecting_native_grid
2024-06,NASA/HLS/HLSS30/v002/T60WWE_20240606T000621,S30,1717632381000,rejected_non_intersecting_native_grid
2024-06,NASA/HLS/HLSS30/v002/T51TXJ_20240606T023529,S30,1717641329000,native_grid_intersects_roi
2024-06,NASA/HLS/HLSS30/v002/T01KAA_20240606T221941,S30,1717712381000,rejected_non_intersecting_native_grid
2024-06,NASA/HLS/HLSS30/v002/T01KAB_20240606T221941,S30,1717712381000,rejected_non_intersecting_native_grid
2024-06,NASA/HLS/HLSS30/v002/T01KAU_20240606T221941,S30,1717712381000,rejected_non_intersecting_native_grid
2024-06,NASA/HLS/HLSS30/v002/T01KAV_20240606T221941,S30,1717712381000,rejected_non_intersecting_native_grid
2024-06,NASA/HLS/HLSS30/v002/T01LAC_20240606T221941,S30,1717712381000,rejected_non_intersecting_native_grid
2024-06,NASA/HLS/HLSS30/v002/T01VCL_20240606T233651,S30,1717717011000,rejected_non_intersecting_native_grid
2024-06,NASA/HLS/HLSS30/v002/T01WCM_20240606T233651,S30,1717717011000,rejected_non_intersecting_native_grid
2024-06,NASA/HLS/HLSS30/v002/T01WCN_20240606T233651,S30,1717717011000,rejected_non_intersecting_native_grid
2024-06,NASA/HLS/HLSS30/v002/T01WCP_20240606T233651,S30,1717717011000,rejected_non_intersecting_native_grid
2024-06,NASA/HLS/HLSL30/v002/T51TXJ_20240607T022657,L30,1717727217000,native_grid_intersects_roi
2024-06,NASA/HLS/HLSS30/v002/T01UBS_20240607T230541,S30,1717801541000,rejected_non_intersecting_native_grid
2024-06,NASA/HLS/HLSS30/v002/T01UBT_20240607T230541,S30,1717801541000,rejected_non_intersecting_native_grid
2024-06,NASA/HLS/HLSS30/v002/T60UXB_20240607T230541,S30,1717801541000,rejected_non_intersecting_native_grid
2024-06,NASA/HLS/HLSS30/v002/T60UXC_20240607T230541,S30,1717801541000,rejected_non_intersecting_native_grid
2024-06,NASA/HLS/HLSS30/v002/T01WCQ_20240607T235619,S30,1717804579000,rejected_non_intersecting_native_grid
2024-06,NASA/HLS/HLSS30/v002/T01WCT_20240607T235619,S30,1717804579000,rejected_non_intersecting_native_grid
2024-06,NASA/HLS/HLSS30/v002/T01WCU_20240607T235619,S30,1717804579000,rejected_non_intersecting_native_grid
2024-06,NASA/HLS/HLSL30/v002/T51TXJ_20240608T022030,L30,1717813230000,native_grid_intersects_roi
2024-06,NASA/HLS/HLSS30/v002/T01VCK_20240608T232639,S30,1717889199000,rejected_non_intersecting_native_grid
2024-06,NASA/HLS/HLSS30/v002/T60VXQ_20240608T232639,S30,1717889199000,rejected_non_intersecting_native_grid
2024-06,NASA/HLS/HLSS30/v002/T01WCT_20240609T001611,S30,1717892171000,rejected_non_intersecting_native_grid
2024-06,NASA/HLS/HLSS30/v002/T01WCU_20240609T001611,S30,1717892171000,rejected_non_intersecting_native_grid
2024-06,NASA/HLS/HLSS30/v002/T01LAK_20240609T222801,S30,1717972081000,rejected_non_intersecting_native_grid
2024-06,NASA/HLS/HLSS30/v002/T01VCL_20240609T234631,S30,1717976791000,rejected_non_intersecting_native_grid
2024-06,NASA/HLS/HLSS30/v002/T01WCM_20240609T234631,S30,1717976791000,rejected_non_intersecting_native_grid
2024-06,NASA/HLS/HLSS30/v002/T01WCN_20240609T234631,S30,1717976791000,rejected_non_intersecting_native_grid
2024-06,NASA/HLS/HLSS30/v002/T01WCP_20240609T234631,S30,1717976791000,rejected_non_intersecting_native_grid
2024-06,NASA/HLS/HLSS30/v002/T01WCQ_20240609T234631,S30,1717976791000,rejected_non_intersecting_native_grid
2024-06,NASA/HLS/HLSS30/v002/T01WCR_20240609T234631,S30,1717976791000,rejected_non_intersecting_native_grid
2024-06,NASA/HLS/HLSS30/v002/T60VXR_20240609T234631,S30,1717976791000,rejected_non_intersecting_native_grid
2024-06,NASA/HLS/HLSS30/v002/T01WCR_20240611T000619,S30,1718064379000,rejected_non_intersecting_native_grid
2024-06,NASA/HLS/HLSS30/v002/T01WCU_20240611T000619,S30,1718064379000,rejected_non_intersecting_native_grid
2024-06,NASA/HLS/HLSS30/v002/T01WCV_20240611T000619,S30,1718064379000,rejected_non_intersecting_native_grid
2024-06,NASA/HLS/HLSS30/v002/T60WWE_20240611T000619,S30,1718064379000,rejected_non_intersecting_native_grid
2024-06,NASA/HLS/HLSS30/v002/T51TXJ_20240611T023551,S30,1718073351000,native_grid_intersects_roi
2024-06,NASA/HLS/HLSS30/v002/T01KAA_20240611T221939,S30,1718144379000,rejected_non_intersecting_native_grid
2024-06,NASA/HLS/HLSS30/v002/T01KAB_20240611T221939,S30,1718144379000,rejected_non_intersecting_native_grid
2024-06,NASA/HLS/HLSS30/v002/T01KAU_20240611T221939,S30,1718144379000,rejected_non_intersecting_native_grid
2024-06,NASA/HLS/HLSS30/v002/T01KAV_20240611T221939,S30,1718144379000,rejected_non_intersecting_native_grid
2024-06,NASA/HLS/HLSS30/v002/T01LAC_20240611T221939,S30,1718144379000,rejected_non_intersecting_native_grid
2024-06,NASA/HLS/HLSS30/v002/T01VCK_20240611T233649,S30,1718149009000,rejected_non_intersecting_native_grid
2024-06,NASA/HLS/HLSS30/v002/T01VCL_20240611T233649,S30,1718149009000,rejected_non_intersecting_native_grid
2024-06,NASA/HLS/HLSS30/v002/T01WCM_20240611T233649,S30,1718149009000,rejected_non_intersecting_native_grid
2024-06,NASA/HLS/HLSS30/v002/T01WCN_20240611T233649,S30,1718149009000,rejected_non_intersecting_native_grid
2024-06,NASA/HLS/HLSS30/v002/T01WCP_20240611T233649,S30,1718149009000,rejected_non_intersecting_native_grid
2024-06,NASA/HLS/HLSS30/v002/T60VXQ_20240611T233649,S30,1718149009000,rejected_non_intersecting_native_grid
2024-06,NASA/HLS/HLSS30/v002/T60VXR_20240611T233649,S30,1718149009000,rejected_non_intersecting_native_grid
2024-06,NASA/HLS/HLSS30/v002/T01WCP_20240612T235621,S30,1718236581000,rejected_non_intersecting_native_grid
2024-06,NASA/HLS/HLSS30/v002/T01WCQ_20240612T235621,S30,1718236581000,rejected_non_intersecting_native_grid
2024-06,NASA/HLS/HLSS30/v002/T01WCR_20240612T235621,S30,1718236581000,rejected_non_intersecting_native_grid
2024-06,NASA/HLS/HLSS30/v002/T01WCT_20240612T235621,S30,1718236581000,rejected_non_intersecting_native_grid
2024-06,NASA/HLS/HLSS30/v002/T01WCU_20240612T235621,S30,1718236581000,rejected_non_intersecting_native_grid
2024-06,NASA/HLS/HLSS30/v002/T01VCK_20240613T232641,S30,1718321201000,rejected_non_intersecting_native_grid
2024-06,NASA/HLS/HLSS30/v002/T01WCU_20240614T001609,S30,1718324169000,rejected_non_intersecting_native_grid
2024-06,NASA/HLS/HLSS30/v002/T01LAK_20240614T222759,S30,1718404079000,rejected_non_intersecting_native_grid
2024-06,NASA/HLS/HLSS30/v002/T01VCL_20240614T234629,S30,1718408789000,rejected_non_intersecting_native_grid
2024-06,NASA/HLS/HLSS30/v002/T01WCM_20240614T234629,S30,1718408789000,rejected_non_intersecting_native_grid
2024-06,NASA/HLS/HLSS30/v002/T01WCN_20240614T234629,S30,1718408789000,rejected_non_intersecting_native_grid
2024-06,NASA/HLS/HLSS30/v002/T01WCQ_20240614T234629,S30,1718408789000,rejected_non_intersecting_native_grid
2024-06,NASA/HLS/HLSS30/v002/T01WCR_20240614T234629,S30,1718408789000,rejected_non_intersecting_native_grid
2024-06,NASA/HLS/HLSS30/v002/T60VXR_20240614T234629,S30,1718408789000,rejected_non_intersecting_native_grid
2024-06,NASA/HLS/HLSL30/v002/T51TXJ_20240615T022643,L30,1718418403000,native_grid_intersects_roi
2024-06,NASA/HLS/HLSS30/v002/T01WCR_20240616T000621,S30,1718496381000,rejected_non_intersecting_native_grid
2024-06,NASA/HLS/HLSS30/v002/T01WCU_20240616T000621,S30,1718496381000,rejected_non_intersecting_native_grid
2024-06,NASA/HLS/HLSS30/v002/T01WCV_20240616T000621,S30,1718496381000,rejected_non_intersecting_native_grid
2024-06,NASA/HLS/HLSS30/v002/T60WWE_20240616T000621,S30,1718496381000,rejected_non_intersecting_native_grid
2024-06,NASA/HLS/HLSL30/v002/T51TXJ_20240616T022037,L30,1718504437000,native_grid_intersects_roi
2024-06,NASA/HLS/HLSS30/v002/T51TXJ_20240616T023529,S30,1718505329000,native_grid_intersects_roi
2024-06,NASA/HLS/HLSS30/v002/T01KAA_20240616T221941,S30,1718576381000,rejected_non_intersecting_native_grid
2024-06,NASA/HLS/HLSS30/v002/T01KAU_20240616T221941,S30,1718576381000,rejected_non_intersecting_native_grid
2024-06,NASA/HLS/HLSS30/v002/T01KAV_20240616T221941,S30,1718576381000,rejected_non_intersecting_native_grid
2024-06,NASA/HLS/HLSS30/v002/T01LAC_20240616T221941,S30,1718576381000,rejected_non_intersecting_native_grid
2024-06,NASA/HLS/HLSS30/v002/T01VCK_20240616T233651,S30,1718581011000,rejected_non_intersecting_native_grid
2024-06,NASA/HLS/HLSS30/v002/T01VCL_20240616T233651,S30,1718581011000,rejected_non_intersecting_native_grid
2024-06,NASA/HLS/HLSS30/v002/T01WCM_20240616T233651,S30,1718581011000,rejected_non_intersecting_native_grid
2024-06,NASA/HLS/HLSS30/v002/T01WCP_20240616T233651,S30,1718581011000,rejected_non_intersecting_native_grid
2024-06,NASA/HLS/HLSS30/v002/T60VXQ_20240616T233651,S30,1718581011000,rejected_non_intersecting_native_grid
2024-06,NASA/HLS/HLSS30/v002/T60VXR_20240616T233651,S30,1718581011000,rejected_non_intersecting_native_grid
2024-06,NASA/HLS/HLSS30/v002/T01WCV_20240617T002609,S30,1718583969000,rejected_non_intersecting_native_grid
2024-06,NASA/HLS/HLSS30/v002/T60WWE_20240617T002609,S30,1718583969000,rejected_non_intersecting_native_grid
2024-06,NASA/HLS/HLSS30/v002/T01WCP_20240617T235619,S30,1718668579000,rejected_non_intersecting_native_grid
2024-06,NASA/HLS/HLSS30/v002/T01WCQ_20240617T235619,S30,1718668579000,rejected_non_intersecting_native_grid
2024-06,NASA/HLS/HLSS30/v002/T01WCR_20240617T235619,S30,1718668579000,rejected_non_intersecting_native_grid
2024-06,NASA/HLS/HLSS30/v002/T01WCS_20240617T235619,S30,1718668579000,rejected_non_intersecting_native_grid
2024-06,NASA/HLS/HLSS30/v002/T01WCT_20240617T235619,S30,1718668579000,rejected_non_intersecting_native_grid
2024-06,NASA/HLS/HLSS30/v002/T01WCU_20240617T235619,S30,1718668579000,rejected_non_intersecting_native_grid
2024-06,NASA/HLS/HLSS30/v002/T01VCK_20240618T232639,S30,1718753199000,rejected_non_intersecting_native_grid
2024-06,NASA/HLS/HLSS30/v002/T60VXQ_20240618T232639,S30,1718753199000,rejected_non_intersecting_native_grid
2024-06,NASA/HLS/HLSS30/v002/T01WCT_20240619T001611,S30,1718756171000,rejected_non_intersecting_native_grid
2024-06,NASA/HLS/HLSS30/v002/T01WCU_20240619T001611,S30,1718756171000,rejected_non_intersecting_native_grid
2024-06,NASA/HLS/HLSS30/v002/T01WCV_20240619T001611,S30,1718756171000,rejected_non_intersecting_native_grid
2024-06,NASA/HLS/HLSS30/v002/T60WWE_20240619T001611,S30,1718756171000,rejected_non_intersecting_native_grid
2024-06,NASA/HLS/HLSS30/v002/T01LAK_20240619T222801,S30,1718836081000,rejected_non_intersecting_native_grid
2024-06,NASA/HLS/HLSS30/v002/T01WCM_20240619T234631,S30,1718840791000,rejected_non_intersecting_native_grid
2024-06,NASA/HLS/HLSS30/v002/T01WCN_20240619T234631,S30,1718840791000,rejected_non_intersecting_native_grid
2024-06,NASA/HLS/HLSS30/v002/T01WCP_20240619T234631,S30,1718840791000,rejected_non_intersecting_native_grid
2024-06,NASA/HLS/HLSS30/v002/T01WCQ_20240619T234631,S30,1718840791000,rejected_non_intersecting_native_grid
2024-06,NASA/HLS/HLSS30/v002/T01WCR_20240619T234631,S30,1718840791000,rejected_non_intersecting_native_grid
2024-06,NASA/HLS/HLSS30/v002/T01UBT_20240620T231601,S30,1718925361000,rejected_non_intersecting_native_grid
2024-06,NASA/HLS/HLSS30/v002/T60UXC_20240620T231601,S30,1718925361000,rejected_non_intersecting_native_grid
2024-06,NASA/HLS/HLSS30/v002/T01WCR_20240621T000609,S30,1718928369000,rejected_non_intersecting_native_grid
2024-06,NASA/HLS/HLSS30/v002/T01WCS_20240621T000609,S30,1718928369000,rejected_non_intersecting_native_grid
2024-06,NASA/HLS/HLSS30/v002/T01WCU_20240621T000609,S30,1718928369000,rejected_non_intersecting_native_grid
2024-06,NASA/HLS/HLSS30/v002/T01WCV_20240621T000609,S30,1718928369000,rejected_non_intersecting_native_grid
2024-06,NASA/HLS/HLSS30/v002/T60WWE_20240621T000609,S30,1718928369000,rejected_non_intersecting_native_grid
2024-06,NASA/HLS/HLSS30/v002/T51TXJ_20240621T023551,S30,1718937351000,native_grid_intersects_roi
2024-06,NASA/HLS/HLSS30/v002/T01KAA_20240621T221939,S30,1719008379000,rejected_non_intersecting_native_grid
2024-06,NASA/HLS/HLSS30/v002/T01KAB_20240621T221939,S30,1719008379000,rejected_non_intersecting_native_grid
2024-06,NASA/HLS/HLSS30/v002/T01KAU_20240621T221939,S30,1719008379000,rejected_non_intersecting_native_grid
2024-06,NASA/HLS/HLSS30/v002/T01KAV_20240621T221939,S30,1719008379000,rejected_non_intersecting_native_grid
2024-06,NASA/HLS/HLSS30/v002/T01LAC_20240621T221939,S30,1719008379000,rejected_non_intersecting_native_grid
2024-06,NASA/HLS/HLSS30/v002/T01VCK_20240621T233649,S30,1719013009000,rejected_non_intersecting_native_grid
2024-06,NASA/HLS/HLSS30/v002/T60VXQ_20240621T233649,S30,1719013009000,rejected_non_intersecting_native_grid
2024-06,NASA/HLS/HLSS30/v002/T01UBT_20240622T230529,S30,1719097529000,rejected_non_intersecting_native_grid
2024-06,NASA/HLS/HLSS30/v002/T01WCP_20240622T235621,S30,1719100581000,rejected_non_intersecting_native_grid
2024-06,NASA/HLS/HLSS30/v002/T01WCQ_20240622T235621,S30,1719100581000,rejected_non_intersecting_native_grid
2024-06,NASA/HLS/HLSS30/v002/T01WCR_20240622T235621,S30,1719100581000,rejected_non_intersecting_native_grid
2024-06,NASA/HLS/HLSS30/v002/T01WCS_20240622T235621,S30,1719100581000,rejected_non_intersecting_native_grid
2024-06,NASA/HLS/HLSS30/v002/T01WCT_20240622T235621,S30,1719100581000,rejected_non_intersecting_native_grid
2024-06,NASA/HLS/HLSS30/v002/T01WCU_20240622T235621,S30,1719100581000,rejected_non_intersecting_native_grid
2024-06,NASA/HLS/HLSS30/v002/T01VCK_20240623T232641,S30,1719185201000,rejected_non_intersecting_native_grid
2024-06,NASA/HLS/HLSS30/v002/T01WCU_20240624T001609,S30,1719188169000,rejected_non_intersecting_native_grid
2024-06,NASA/HLS/HLSS30/v002/T01WCV_20240624T001609,S30,1719188169000,rejected_non_intersecting_native_grid
2024-06,NASA/HLS/HLSS30/v002/T60WWE_20240624T001609,S30,1719188169000,rejected_non_intersecting_native_grid
2024-06,NASA/HLS/HLSS30/v002/T01LAK_20240624T222759,S30,1719268079000,rejected_non_intersecting_native_grid
2024-06,NASA/HLS/HLSS30/v002/T01VCL_20240624T234629,S30,1719272789000,rejected_non_intersecting_native_grid
2024-06,NASA/HLS/HLSS30/v002/T01WCM_20240624T234629,S30,1719272789000,rejected_non_intersecting_native_grid
2024-06,NASA/HLS/HLSS30/v002/T01WCN_20240624T234629,S30,1719272789000,rejected_non_intersecting_native_grid
2024-06,NASA/HLS/HLSS30/v002/T01WCP_20240624T234629,S30,1719272789000,rejected_non_intersecting_native_grid
2024-06,NASA/HLS/HLSS30/v002/T01WCQ_20240624T234629,S30,1719272789000,rejected_non_intersecting_native_grid
2024-06,NASA/HLS/HLSS30/v002/T01WCR_20240624T234629,S30,1719272789000,rejected_non_intersecting_native_grid
2024-06,NASA/HLS/HLSS30/v002/T60VXR_20240624T234629,S30,1719272789000,rejected_non_intersecting_native_grid
2024-06,NASA/HLS/HLSS30/v002/T01WCR_20240626T000611,S30,1719360371000,rejected_non_intersecting_native_grid
2024-06,NASA/HLS/HLSS30/v002/T01WCS_20240626T000611,S30,1719360371000,rejected_non_intersecting_native_grid
2024-06,NASA/HLS/HLSS30/v002/T01WCU_20240626T000611,S30,1719360371000,rejected_non_intersecting_native_grid
2024-06,NASA/HLS/HLSS30/v002/T01WCV_20240626T000611,S30,1719360371000,rejected_non_intersecting_native_grid
2024-06,NASA/HLS/HLSS30/v002/T60WWE_20240626T000611,S30,1719360371000,rejected_non_intersecting_native_grid
2024-06,NASA/HLS/HLSS30/v002/T51TXJ_20240626T023529,S30,1719369329000,native_grid_intersects_roi
2024-06,NASA/HLS/HLSS30/v002/T01KAA_20240626T221941,S30,1719440381000,rejected_non_intersecting_native_grid
2024-06,NASA/HLS/HLSS30/v002/T01KAB_20240626T221941,S30,1719440381000,rejected_non_intersecting_native_grid
2024-06,NASA/HLS/HLSS30/v002/T01KAU_20240626T221941,S30,1719440381000,rejected_non_intersecting_native_grid
2024-06,NASA/HLS/HLSS30/v002/T01KAV_20240626T221941,S30,1719440381000,rejected_non_intersecting_native_grid
2024-06,NASA/HLS/HLSS30/v002/T01LAC_20240626T221941,S30,1719440381000,rejected_non_intersecting_native_grid
2024-06,NASA/HLS/HLSS30/v002/T01WCV_20240627T002609,S30,1719447969000,rejected_non_intersecting_native_grid
2024-06,NASA/HLS/HLSS30/v002/T60WWE_20240627T002609,S30,1719447969000,rejected_non_intersecting_native_grid
2024-06,NASA/HLS/HLSS30/v002/T01WCQ_20240627T235619,S30,1719532579000,rejected_non_intersecting_native_grid
2024-06,NASA/HLS/HLSS30/v002/T01WCR_20240627T235619,S30,1719532579000,rejected_non_intersecting_native_grid
2024-06,NASA/HLS/HLSS30/v002/T01WCS_20240627T235619,S30,1719532579000,rejected_non_intersecting_native_grid
2024-06,NASA/HLS/HLSS30/v002/T01WCT_20240627T235619,S30,1719532579000,rejected_non_intersecting_native_grid
2024-06,NASA/HLS/HLSS30/v002/T01WCU_20240627T235619,S30,1719532579000,rejected_non_intersecting_native_grid
2024-06,NASA/HLS/HLSS30/v002/T01WCU_20240629T001611,S30,1719620171000,rejected_non_intersecting_native_grid
2024-06,NASA/HLS/HLSS30/v002/T01WCV_20240629T001611,S30,1719620171000,rejected_non_intersecting_native_grid
2024-06,NASA/HLS/HLSS30/v002/T60WWE_20240629T001611,S30,1719620171000,rejected_non_intersecting_native_grid
2024-06,NASA/HLS/HLSS30/v002/T01LAK_20240629T222801,S30,1719700081000,rejected_non_intersecting_native_grid
2024-06,NASA/HLS/HLSS30/v002/T01VCL_20240629T234621,S30,1719704781000,rejected_non_intersecting_native_grid
2024-06,NASA/HLS/HLSS30/v002/T01WCM_20240629T234621,S30,1719704781000,rejected_non_intersecting_native_grid
2024-06,NASA/HLS/HLSS30/v002/T01WCN_20240629T234621,S30,1719704781000,rejected_non_intersecting_native_grid
2024-06,NASA/HLS/HLSS30/v002/T01WCP_20240629T234621,S30,1719704781000,rejected_non_intersecting_native_grid
2024-06,NASA/HLS/HLSS30/v002/T01WCQ_20240629T234621,S30,1719704781000,rejected_non_intersecting_native_grid
2024-06,NASA/HLS/HLSS30/v002/T01WCR_20240629T234621,S30,1719704781000,rejected_non_intersecting_native_grid
2024-06,NASA/HLS/HLSS30/v002/T60VXR_20240629T234621,S30,1719704781000,rejected_non_intersecting_native_grid
2024-07,NASA/HLS/HLSS30/v002/T01WCR_20240701T000619,S30,1719792379000,rejected_non_intersecting_native_grid
2024-07,NASA/HLS/HLSS30/v002/T01WCS_20240701T000619,S30,1719792379000,rejected_non_intersecting_native_grid
2024-07,NASA/HLS/HLSS30/v002/T01WCU_20240701T000619,S30,1719792379000,rejected_non_intersecting_native_grid
2024-07,NASA/HLS/HLSS30/v002/T01WCV_20240701T000619,S30,1719792379000,rejected_non_intersecting_native_grid
2024-07,NASA/HLS/HLSS30/v002/T60WWE_20240701T000619,S30,1719792379000,rejected_non_intersecting_native_grid
2024-07,NASA/HLS/HLSL30/v002/T51TXJ_20240701T022653,L30,1719800813000,native_grid_intersects_roi
2024-07,NASA/HLS/HLSS30/v002/T51TXJ_20240701T023531,S30,1719801331000,native_grid_intersects_roi
2024-07,NASA/HLS/HLSS30/v002/T01KAA_20240701T221939,S30,1719872379000,rejected_non_intersecting_native_grid
2024-07,NASA/HLS/HLSS30/v002/T01KAB_20240701T221939,S30,1719872379000,rejected_non_intersecting_native_grid
2024-07,NASA/HLS/HLSS30/v002/T01KAU_20240701T221939,S30,1719872379000,rejected_non_intersecting_native_grid
2024-07,NASA/HLS/HLSS30/v002/T01KAV_20240701T221939,S30,1719872379000,rejected_non_intersecting_native_grid
2024-07,NASA/HLS/HLSS30/v002/T01LAC_20240701T221939,S30,1719872379000,rejected_non_intersecting_native_grid
2024-07,NASA/HLS/HLSS30/v002/T01WCM_20240701T233649,S30,1719877009000,rejected_non_intersecting_native_grid
2024-07,NASA/HLS/HLSS30/v002/T01WCN_20240701T233649,S30,1719877009000,rejected_non_intersecting_native_grid
2024-07,NASA/HLS/HLSS30/v002/T01WCP_20240701T233649,S30,1719877009000,rejected_non_intersecting_native_grid
2024-07,NASA/HLS/HLSL30/v002/T51TXJ_20240702T022037,L30,1719886837000,native_grid_intersects_roi
2024-07,NASA/HLS/HLSS30/v002/T01WCP_20240702T235621,S30,1719964581000,rejected_non_intersecting_native_grid
2024-07,NASA/HLS/HLSS30/v002/T01WCQ_20240702T235621,S30,1719964581000,rejected_non_intersecting_native_grid
2024-07,NASA/HLS/HLSS30/v002/T01WCS_20240702T235621,S30,1719964581000,rejected_non_intersecting_native_grid
2024-07,NASA/HLS/HLSS30/v002/T01WCT_20240702T235621,S30,1719964581000,rejected_non_intersecting_native_grid
2024-07,NASA/HLS/HLSS30/v002/T01WCU_20240702T235621,S30,1719964581000,rejected_non_intersecting_native_grid
2024-07,NASA/HLS/HLSS30/v002/T01WCT_20240704T001609,S30,1720052169000,rejected_non_intersecting_native_grid
2024-07,NASA/HLS/HLSS30/v002/T01WCU_20240704T001609,S30,1720052169000,rejected_non_intersecting_native_grid
2024-07,NASA/HLS/HLSS30/v002/T01WCV_20240704T001609,S30,1720052169000,rejected_non_intersecting_native_grid
2024-07,NASA/HLS/HLSS30/v002/T60WWE_20240704T001609,S30,1720052169000,rejected_non_intersecting_native_grid
2024-07,NASA/HLS/HLSS30/v002/T01LAK_20240704T222759,S30,1720132079000,rejected_non_intersecting_native_grid
2024-07,NASA/HLS/HLSS30/v002/T01VCL_20240704T234629,S30,1720136789000,rejected_non_intersecting_native_grid
2024-07,NASA/HLS/HLSS30/v002/T01WCM_20240704T234629,S30,1720136789000,rejected_non_intersecting_native_grid
2024-07,NASA/HLS/HLSS30/v002/T01WCN_20240704T234629,S30,1720136789000,rejected_non_intersecting_native_grid
2024-07,NASA/HLS/HLSS30/v002/T01WCP_20240704T234629,S30,1720136789000,rejected_non_intersecting_native_grid
2024-07,NASA/HLS/HLSS30/v002/T60VXR_20240704T234629,S30,1720136789000,rejected_non_intersecting_native_grid
2024-07,NASA/HLS/HLSS30/v002/T01WCR_20240706T000611,S30,1720224371000,rejected_non_intersecting_native_grid
2024-07,NASA/HLS/HLSS30/v002/T01WCU_20240706T000611,S30,1720224371000,rejected_non_intersecting_native_grid
2024-07,NASA/HLS/HLSS30/v002/T01WCV_20240706T000611,S30,1720224371000,rejected_non_intersecting_native_grid
2024-07,NASA/HLS/HLSS30/v002/T60WWE_20240706T000611,S30,1720224371000,rejected_non_intersecting_native_grid
2024-07,NASA/HLS/HLSS30/v002/T01KAA_20240706T221941,S30,1720304381000,rejected_non_intersecting_native_grid
2024-07,NASA/HLS/HLSS30/v002/T01KAB_20240706T221941,S30,1720304381000,rejected_non_intersecting_native_grid
2024-07,NASA/HLS/HLSS30/v002/T01KAU_20240706T221941,S30,1720304381000,rejected_non_intersecting_native_grid
2024-07,NASA/HLS/HLSS30/v002/T01KAV_20240706T221941,S30,1720304381000,rejected_non_intersecting_native_grid
2024-07,NASA/HLS/HLSS30/v002/T01LAC_20240706T221941,S30,1720304381000,rejected_non_intersecting_native_grid
2024-07,NASA/HLS/HLSS30/v002/T01VCK_20240706T233651,S30,1720309011000,rejected_non_intersecting_native_grid
2024-07,NASA/HLS/HLSS30/v002/T01VCL_20240706T233651,S30,1720309011000,rejected_non_intersecting_native_grid
2024-07,NASA/HLS/HLSS30/v002/T01WCM_20240706T233651,S30,1720309011000,rejected_non_intersecting_native_grid
2024-07,NASA/HLS/HLSS30/v002/T60VXQ_20240706T233651,S30,1720309011000,rejected_non_intersecting_native_grid
2024-07,NASA/HLS/HLSS30/v002/T60VXR_20240706T233651,S30,1720309011000,rejected_non_intersecting_native_grid
2024-07,NASA/HLS/HLSS30/v002/T01WCV_20240707T002609,S30,1720311969000,rejected_non_intersecting_native_grid
2024-07,NASA/HLS/HLSS30/v002/T60WWE_20240707T002609,S30,1720311969000,rejected_non_intersecting_native_grid
2024-07,NASA/HLS/HLSS30/v002/T01UBS_20240707T230531,S30,1720393531000,rejected_non_intersecting_native_grid
2024-07,NASA/HLS/HLSS30/v002/T01UBT_20240707T230531,S30,1720393531000,rejected_non_intersecting_native_grid
2024-07,NASA/HLS/HLSS30/v002/T60UXC_20240707T230531,S30,1720393531000,rejected_non_intersecting_native_grid
2024-07,NASA/HLS/HLSS30/v002/T01WCR_20240707T235619,S30,1720396579000,rejected_non_intersecting_native_grid
2024-07,NASA/HLS/HLSS30/v002/T01WCS_20240707T235619,S30,1720396579000,rejected_non_intersecting_native_grid
2024-07,NASA/HLS/HLSS30/v002/T01WCT_20240707T235619,S30,1720396579000,rejected_non_intersecting_native_grid
2024-07,NASA/HLS/HLSS30/v002/T01WCU_20240707T235619,S30,1720396579000,rejected_non_intersecting_native_grid
2024-07,NASA/HLS/HLSS30/v002/T01VCK_20240708T232639,S30,1720481199000,rejected_non_intersecting_native_grid
2024-07,NASA/HLS/HLSS30/v002/T60VXQ_20240708T232639,S30,1720481199000,rejected_non_intersecting_native_grid
2024-07,NASA/HLS/HLSL30/v002/T51TXJ_20240709T022657,L30,1720492017000,native_grid_intersects_roi
2024-07,NASA/HLS/HLSS30/v002/T01VCL_20240709T234621,S30,1720568781000,rejected_non_intersecting_native_grid
2024-07,NASA/HLS/HLSS30/v002/T01WCM_20240709T234621,S30,1720568781000,rejected_non_intersecting_native_grid
2024-07,NASA/HLS/HLSS30/v002/T01WCN_20240709T234621,S30,1720568781000,rejected_non_intersecting_native_grid
2024-07,NASA/HLS/HLSS30/v002/T01WCP_20240709T234621,S30,1720568781000,rejected_non_intersecting_native_grid
2024-07,NASA/HLS/HLSS30/v002/T01WCQ_20240709T234621,S30,1720568781000,rejected_non_intersecting_native_grid
2024-07,NASA/HLS/HLSS30/v002/T01WCR_20240709T234621,S30,1720568781000,rejected_non_intersecting_native_grid
2024-07,NASA/HLS/HLSS30/v002/T60VXR_20240709T234621,S30,1720568781000,rejected_non_intersecting_native_grid
2024-07,NASA/HLS/HLSL30/v002/T51TXJ_20240710T022048,L30,1720578048000,native_grid_intersects_roi
2024-07,NASA/HLS/HLSS30/v002/T01WCT_20240711T000609,S30,1720656369000,rejected_non_intersecting_native_grid
2024-07,NASA/HLS/HLSS30/v002/T01WCU_20240711T000609,S30,1720656369000,rejected_non_intersecting_native_grid
2024-07,NASA/HLS/HLSS30/v002/T01WCV_20240711T000609,S30,1720656369000,rejected_non_intersecting_native_grid
2024-07,NASA/HLS/HLSS30/v002/T60WWE_20240711T000609,S30,1720656369000,rejected_non_intersecting_native_grid
2024-07,NASA/HLS/HLSS30/v002/T51TXJ_20240711T023531,S30,1720665331000,native_grid_intersects_roi
2024-07,NASA/HLS/HLSS30/v002/T01KAA_20240711T221939,S30,1720736379000,rejected_non_intersecting_native_grid
2024-07,NASA/HLS/HLSS30/v002/T01KAB_20240711T221939,S30,1720736379000,rejected_non_intersecting_native_grid
2024-07,NASA/HLS/HLSS30/v002/T01KAU_20240711T221939,S30,1720736379000,rejected_non_intersecting_native_grid
2024-07,NASA/HLS/HLSS30/v002/T01KAV_20240711T221939,S30,1720736379000,rejected_non_intersecting_native_grid
2024-07,NASA/HLS/HLSS30/v002/T01LAC_20240711T221939,S30,1720736379000,rejected_non_intersecting_native_grid
2024-07,NASA/HLS/HLSS30/v002/T01WCN_20240711T233649,S30,1720741009000,rejected_non_intersecting_native_grid
2024-07,NASA/HLS/HLSS30/v002/T01UBT_20240712T230529,S30,1720825529000,rejected_non_intersecting_native_grid
2024-07,NASA/HLS/HLSS30/v002/T60UXC_20240712T230529,S30,1720825529000,rejected_non_intersecting_native_grid
2024-07,NASA/HLS/HLSS30/v002/T01WCP_20240712T235621,S30,1720828581000,rejected_non_intersecting_native_grid
2024-07,NASA/HLS/HLSS30/v002/T01WCQ_20240712T235621,S30,1720828581000,rejected_non_intersecting_native_grid
2024-07,NASA/HLS/HLSS30/v002/T01WCR_20240712T235621,S30,1720828581000,rejected_non_intersecting_native_grid
2024-07,NASA/HLS/HLSS30/v002/T01WCT_20240712T235621,S30,1720828581000,rejected_non_intersecting_native_grid
2024-07,NASA/HLS/HLSS30/v002/T01WCU_20240712T235621,S30,1720828581000,rejected_non_intersecting_native_grid
2024-07,NASA/HLS/HLSS30/v002/T01VCK_20240713T232631,S30,1720913191000,rejected_non_intersecting_native_grid
2024-07,NASA/HLS/HLSS30/v002/T60VXQ_20240713T232631,S30,1720913191000,rejected_non_intersecting_native_grid
2024-07,NASA/HLS/HLSS30/v002/T01WCU_20240714T001609,S30,1720916169000,rejected_non_intersecting_native_grid
2024-07,NASA/HLS/HLSS30/v002/T01VCL_20240714T234629,S30,1721000789000,rejected_non_intersecting_native_grid
2024-07,NASA/HLS/HLSS30/v002/T01WCM_20240714T234629,S30,1721000789000,rejected_non_intersecting_native_grid
2024-07,NASA/HLS/HLSS30/v002/T01WCN_20240714T234629,S30,1721000789000,rejected_non_intersecting_native_grid
2024-07,NASA/HLS/HLSS30/v002/T01WCP_20240714T234629,S30,1721000789000,rejected_non_intersecting_native_grid
2024-07,NASA/HLS/HLSS30/v002/T01WCQ_20240714T234629,S30,1721000789000,rejected_non_intersecting_native_grid
2024-07,NASA/HLS/HLSS30/v002/T01WCR_20240714T234629,S30,1721000789000,rejected_non_intersecting_native_grid
2024-07,NASA/HLS/HLSS30/v002/T60VXR_20240714T234629,S30,1721000789000,rejected_non_intersecting_native_grid
2024-07,NASA/HLS/HLSS30/v002/T01WCR_20240716T000611,S30,1721088371000,rejected_non_intersecting_native_grid
2024-07,NASA/HLS/HLSS30/v002/T01WCS_20240716T000611,S30,1721088371000,rejected_non_intersecting_native_grid
2024-07,NASA/HLS/HLSS30/v002/T01WCU_20240716T000611,S30,1721088371000,rejected_non_intersecting_native_grid
2024-07,NASA/HLS/HLSS30/v002/T01WCV_20240716T000611,S30,1721088371000,rejected_non_intersecting_native_grid
2024-07,NASA/HLS/HLSS30/v002/T60WWE_20240716T000611,S30,1721088371000,rejected_non_intersecting_native_grid
2024-07,NASA/HLS/HLSS30/v002/T51TXJ_20240716T023529,S30,1721097329000,native_grid_intersects_roi
2024-07,NASA/HLS/HLSS30/v002/T01KAA_20240716T221941,S30,1721168381000,rejected_non_intersecting_native_grid
2024-07,NASA/HLS/HLSS30/v002/T01KAB_20240716T221941,S30,1721168381000,rejected_non_intersecting_native_grid
2024-07,NASA/HLS/HLSS30/v002/T01KAU_20240716T221941,S30,1721168381000,rejected_non_intersecting_native_grid
2024-07,NASA/HLS/HLSS30/v002/T01KAV_20240716T221941,S30,1721168381000,rejected_non_intersecting_native_grid
2024-07,NASA/HLS/HLSS30/v002/T01VCK_20240716T233651,S30,1721173011000,rejected_non_intersecting_native_grid
2024-07,NASA/HLS/HLSS30/v002/T01VCL_20240716T233651,S30,1721173011000,rejected_non_intersecting_native_grid
2024-07,NASA/HLS/HLSS30/v002/T01WCM_20240716T233651,S30,1721173011000,rejected_non_intersecting_native_grid
2024-07,NASA/HLS/HLSS30/v002/T01WCN_20240716T233651,S30,1721173011000,rejected_non_intersecting_native_grid
2024-07,NASA/HLS/HLSS30/v002/T01WCP_20240716T233651,S30,1721173011000,rejected_non_intersecting_native_grid
2024-07,NASA/HLS/HLSS30/v002/T60VXQ_20240716T233651,S30,1721173011000,rejected_non_intersecting_native_grid
2024-07,NASA/HLS/HLSS30/v002/T60VXR_20240716T233651,S30,1721173011000,rejected_non_intersecting_native_grid
2024-07,NASA/HLS/HLSL30/v002/T51TXJ_20240717T022707,L30,1721183227000,native_grid_intersects_roi
2024-07,NASA/HLS/HLSS30/v002/T01UBT_20240717T230531,S30,1721257531000,rejected_non_intersecting_native_grid
2024-07,NASA/HLS/HLSS30/v002/T60UXC_20240717T230531,S30,1721257531000,rejected_non_intersecting_native_grid
2024-07,NASA/HLS/HLSS30/v002/T01WCP_20240717T235619,S30,1721260579000,rejected_non_intersecting_native_grid
2024-07,NASA/HLS/HLSS30/v002/T01WCQ_20240717T235619,S30,1721260579000,rejected_non_intersecting_native_grid
2024-07,NASA/HLS/HLSS30/v002/T01WCS_20240717T235619,S30,1721260579000,rejected_non_intersecting_native_grid
2024-07,NASA/HLS/HLSS30/v002/T01WCT_20240717T235619,S30,1721260579000,rejected_non_intersecting_native_grid
2024-07,NASA/HLS/HLSS30/v002/T01WCU_20240717T235619,S30,1721260579000,rejected_non_intersecting_native_grid
2024-07,NASA/HLS/HLSL30/v002/T51TXJ_20240718T022052,L30,1721269252000,native_grid_intersects_roi
2024-07,NASA/HLS/HLSS30/v002/T01VCK_20240718T232639,S30,1721345199000,rejected_non_intersecting_native_grid
2024-07,NASA/HLS/HLSS30/v002/T60VXQ_20240718T232639,S30,1721345199000,rejected_non_intersecting_native_grid
2024-07,NASA/HLS/HLSS30/v002/T01WCV_20240719T001611,S30,1721348171000,rejected_non_intersecting_native_grid
2024-07,NASA/HLS/HLSS30/v002/T60WWE_20240719T001611,S30,1721348171000,rejected_non_intersecting_native_grid
2024-07,NASA/HLS/HLSS30/v002/T01VCL_20240719T234621,S30,1721432781000,rejected_non_intersecting_native_grid
2024-07,NASA/HLS/HLSS30/v002/T01WCM_20240719T234621,S30,1721432781000,rejected_non_intersecting_native_grid
2024-07,NASA/HLS/HLSS30/v002/T01WCN_20240719T234621,S30,1721432781000,rejected_non_intersecting_native_grid
2024-07,NASA/HLS/HLSS30/v002/T01WCP_20240719T234621,S30,1721432781000,rejected_non_intersecting_native_grid
2024-07,NASA/HLS/HLSS30/v002/T01WCQ_20240719T234621,S30,1721432781000,rejected_non_intersecting_native_grid
2024-07,NASA/HLS/HLSS30/v002/T01WCR_20240719T234621,S30,1721432781000,rejected_non_intersecting_native_grid
2024-07,NASA/HLS/HLSS30/v002/T60VXR_20240719T234621,S30,1721432781000,rejected_non_intersecting_native_grid
2024-07,NASA/HLS/HLSS30/v002/T01WCR_20240721T000619,S30,1721520379000,rejected_non_intersecting_native_grid
2024-07,NASA/HLS/HLSS30/v002/T01WCU_20240721T000619,S30,1721520379000,rejected_non_intersecting_native_grid
2024-07,NASA/HLS/HLSS30/v002/T01WCV_20240721T000619,S30,1721520379000,rejected_non_intersecting_native_grid
2024-07,NASA/HLS/HLSS30/v002/T60WWE_20240721T000619,S30,1721520379000,rejected_non_intersecting_native_grid
2024-07,NASA/HLS/HLSS30/v002/T51TXJ_20240721T023551,S30,1721529351000,native_grid_intersects_roi
2024-07,NASA/HLS/HLSS30/v002/T01KAA_20240721T221939,S30,1721600379000,rejected_non_intersecting_native_grid
2024-07,NASA/HLS/HLSS30/v002/T01KAB_20240721T221939,S30,1721600379000,rejected_non_intersecting_native_grid
2024-07,NASA/HLS/HLSS30/v002/T01KAU_20240721T221939,S30,1721600379000,rejected_non_intersecting_native_grid
2024-07,NASA/HLS/HLSS30/v002/T01KAV_20240721T221939,S30,1721600379000,rejected_non_intersecting_native_grid
2024-07,NASA/HLS/HLSS30/v002/T01LAC_20240721T221939,S30,1721600379000,rejected_non_intersecting_native_grid
2024-07,NASA/HLS/HLSS30/v002/T01VCK_20240721T233649,S30,1721605009000,rejected_non_intersecting_native_grid
2024-07,NASA/HLS/HLSS30/v002/T01VCL_20240721T233649,S30,1721605009000,rejected_non_intersecting_native_grid
2024-07,NASA/HLS/HLSS30/v002/T01WCM_20240721T233649,S30,1721605009000,rejected_non_intersecting_native_grid
2024-07,NASA/HLS/HLSS30/v002/T60VXQ_20240721T233649,S30,1721605009000,rejected_non_intersecting_native_grid
2024-07,NASA/HLS/HLSS30/v002/T60VXR_20240721T233649,S30,1721605009000,rejected_non_intersecting_native_grid
2024-07,NASA/HLS/HLSS30/v002/T01WCV_20240722T002611,S30,1721607971000,rejected_non_intersecting_native_grid
2024-07,NASA/HLS/HLSS30/v002/T60WWE_20240722T002611,S30,1721607971000,rejected_non_intersecting_native_grid
2024-07,NASA/HLS/HLSS30/v002/T01UBS_20240722T230529,S30,1721689529000,rejected_non_intersecting_native_grid
2024-07,NASA/HLS/HLSS30/v002/T01UBT_20240722T230529,S30,1721689529000,rejected_non_intersecting_native_grid
2024-07,NASA/HLS/HLSS30/v002/T60UXC_20240722T230529,S30,1721689529000,rejected_non_intersecting_native_grid
2024-07,NASA/HLS/HLSS30/v002/T01WCP_20240722T235621,S30,1721692581000,rejected_non_intersecting_native_grid
2024-07,NASA/HLS/HLSS30/v002/T01WCQ_20240722T235621,S30,1721692581000,rejected_non_intersecting_native_grid
2024-07,NASA/HLS/HLSS30/v002/T01WCR_20240722T235621,S30,1721692581000,rejected_non_intersecting_native_grid
2024-07,NASA/HLS/HLSS30/v002/T01WCS_20240722T235621,S30,1721692581000,rejected_non_intersecting_native_grid
2024-07,NASA/HLS/HLSS30/v002/T01WCT_20240722T235621,S30,1721692581000,rejected_non_intersecting_native_grid
2024-07,NASA/HLS/HLSS30/v002/T01WCU_20240722T235621,S30,1721692581000,rejected_non_intersecting_native_grid
2024-07,NASA/HLS/HLSS30/v002/T01VCK_20240723T232631,S30,1721777191000,rejected_non_intersecting_native_grid
2024-07,NASA/HLS/HLSS30/v002/T60VXQ_20240723T232631,S30,1721777191000,rejected_non_intersecting_native_grid
2024-07,NASA/HLS/HLSS30/v002/T01WCT_20240724T001609,S30,1721780169000,rejected_non_intersecting_native_grid
2024-07,NASA/HLS/HLSS30/v002/T01FBF_20240724T214911,S30,1721857751000,rejected_non_intersecting_native_grid
2024-07,NASA/HLS/HLSS30/v002/T01VCL_20240724T234629,S30,1721864789000,rejected_non_intersecting_native_grid
2024-07,NASA/HLS/HLSS30/v002/T01WCM_20240724T234629,S30,1721864789000,rejected_non_intersecting_native_grid
2024-07,NASA/HLS/HLSS30/v002/T01WCN_20240724T234629,S30,1721864789000,rejected_non_intersecting_native_grid
2024-07,NASA/HLS/HLSS30/v002/T01WCP_20240724T234629,S30,1721864789000,rejected_non_intersecting_native_grid
2024-07,NASA/HLS/HLSS30/v002/T01WCQ_20240724T234629,S30,1721864789000,rejected_non_intersecting_native_grid
2024-07,NASA/HLS/HLSS30/v002/T01WCR_20240724T234629,S30,1721864789000,rejected_non_intersecting_native_grid
2024-07,NASA/HLS/HLSS30/v002/T60VXR_20240724T234629,S30,1721864789000,rejected_non_intersecting_native_grid
2024-07,NASA/HLS/HLSL30/v002/T51TXJ_20240725T022701,L30,1721874421000,native_grid_intersects_roi
2024-07,NASA/HLS/HLSS30/v002/T01UBT_20240725T231559,S30,1721949359000,rejected_non_intersecting_native_grid
2024-07,NASA/HLS/HLSS30/v002/T60UXC_20240725T231559,S30,1721949359000,rejected_non_intersecting_native_grid
2024-07,NASA/HLS/HLSS30/v002/T01KAA_20240726T221941,S30,1722032381000,rejected_non_intersecting_native_grid
2024-07,NASA/HLS/HLSS30/v002/T01KAB_20240726T221941,S30,1722032381000,rejected_non_intersecting_native_grid
2024-07,NASA/HLS/HLSS30/v002/T01KAU_20240726T221941,S30,1722032381000,rejected_non_intersecting_native_grid
2024-07,NASA/HLS/HLSS30/v002/T01KAV_20240726T221941,S30,1722032381000,rejected_non_intersecting_native_grid
2024-07,NASA/HLS/HLSS30/v002/T01LAC_20240726T221941,S30,1722032381000,rejected_non_intersecting_native_grid
2024-07,NASA/HLS/HLSS30/v002/T01WCN_20240726T233651,S30,1722037011000,rejected_non_intersecting_native_grid
2024-07,NASA/HLS/HLSS30/v002/T01WCP_20240726T233651,S30,1722037011000,rejected_non_intersecting_native_grid
2024-07,NASA/HLS/HLSS30/v002/T01UBT_20240727T230531,S30,1722121531000,rejected_non_intersecting_native_grid
2024-07,NASA/HLS/HLSS30/v002/T60UXC_20240727T230531,S30,1722121531000,rejected_non_intersecting_native_grid
2024-07,NASA/HLS/HLSS30/v002/T01WCP_20240727T235619,S30,1722124579000,rejected_non_intersecting_native_grid
2024-07,NASA/HLS/HLSS30/v002/T01WCQ_20240727T235619,S30,1722124579000,rejected_non_intersecting_native_grid
2024-07,NASA/HLS/HLSS30/v002/T01WCR_20240727T235619,S30,1722124579000,rejected_non_intersecting_native_grid
2024-07,NASA/HLS/HLSS30/v002/T01WCS_20240727T235619,S30,1722124579000,rejected_non_intersecting_native_grid
2024-07,NASA/HLS/HLSS30/v002/T01WCT_20240727T235619,S30,1722124579000,rejected_non_intersecting_native_grid
2024-07,NASA/HLS/HLSS30/v002/T01WCU_20240727T235619,S30,1722124579000,rejected_non_intersecting_native_grid
2024-07,NASA/HLS/HLSS30/v002/T01FBF_20240729T214909,S30,1722289749000,rejected_non_intersecting_native_grid
2024-07,NASA/HLS/HLSS30/v002/T01KAA_20240731T221939,S30,1722464379000,rejected_non_intersecting_native_grid
2024-07,NASA/HLS/HLSS30/v002/T01KAB_20240731T221939,S30,1722464379000,rejected_non_intersecting_native_grid
2024-07,NASA/HLS/HLSS30/v002/T01KAU_20240731T221939,S30,1722464379000,rejected_non_intersecting_native_grid
2024-07,NASA/HLS/HLSS30/v002/T01KAV_20240731T221939,S30,1722464379000,rejected_non_intersecting_native_grid
2024-07,NASA/HLS/HLSS30/v002/T01LAC_20240731T221939,S30,1722464379000,rejected_non_intersecting_native_grid
2024-07,NASA/HLS/HLSS30/v002/T01VCK_20240731T233649,S30,1722469009000,rejected_non_intersecting_native_grid
2024-07,NASA/HLS/HLSS30/v002/T01VCL_20240731T233649,S30,1722469009000,rejected_non_intersecting_native_grid
2024-07,NASA/HLS/HLSS30/v002/T60VXQ_20240731T233649,S30,1722469009000,rejected_non_intersecting_native_grid
2024-07,NASA/HLS/HLSS30/v002/T60VXR_20240731T233649,S30,1722469009000,rejected_non_intersecting_native_grid
2024-08,NASA/HLS/HLSS30/v002/T01WCV_20240801T002611,S30,1722471971000,rejected_non_intersecting_native_grid
2024-08,NASA/HLS/HLSS30/v002/T60WWE_20240801T002611,S30,1722471971000,rejected_non_intersecting_native_grid
2024-08,NASA/HLS/HLSS30/v002/T01UBT_20240801T230529,S30,1722553529000,rejected_non_intersecting_native_grid
2024-08,NASA/HLS/HLSS30/v002/T60UXC_20240801T230529,S30,1722553529000,rejected_non_intersecting_native_grid
2024-08,NASA/HLS/HLSS30/v002/T01WCQ_20240801T235621,S30,1722556581000,rejected_non_intersecting_native_grid
2024-08,NASA/HLS/HLSS30/v002/T01WCR_20240801T235621,S30,1722556581000,rejected_non_intersecting_native_grid
2024-08,NASA/HLS/HLSS30/v002/T01WCS_20240801T235621,S30,1722556581000,rejected_non_intersecting_native_grid
2024-08,NASA/HLS/HLSS30/v002/T01WCT_20240801T235621,S30,1722556581000,rejected_non_intersecting_native_grid
2024-08,NASA/HLS/HLSS30/v002/T01VCK_20240802T232631,S30,1722641191000,rejected_non_intersecting_native_grid
2024-08,NASA/HLS/HLSS30/v002/T60VXQ_20240802T232631,S30,1722641191000,rejected_non_intersecting_native_grid
2024-08,NASA/HLS/HLSS30/v002/T01WCT_20240803T001609,S30,1722644169000,rejected_non_intersecting_native_grid
2024-08,NASA/HLS/HLSS30/v002/T01WCU_20240803T001609,S30,1722644169000,rejected_non_intersecting_native_grid
2024-08,NASA/HLS/HLSS30/v002/T01WCV_20240803T001609,S30,1722644169000,rejected_non_intersecting_native_grid
2024-08,NASA/HLS/HLSS30/v002/T60WWE_20240803T001609,S30,1722644169000,rejected_non_intersecting_native_grid
2024-08,NASA/HLS/HLSL30/v002/T51TXJ_20240803T022055,L30,1722651655000,native_grid_intersects_roi
2024-08,NASA/HLS/HLSS30/v002/T01FBF_20240803T214911,S30,1722721751000,rejected_non_intersecting_native_grid
2024-08,NASA/HLS/HLSS30/v002/T01LAK_20240803T222759,S30,1722724079000,rejected_non_intersecting_native_grid
2024-08,NASA/HLS/HLSS30/v002/T01WCR_20240803T234619,S30,1722728779000,rejected_non_intersecting_native_grid
2024-08,NASA/HLS/HLSS30/v002/T01KAA_20240805T221941,S30,1722896381000,rejected_non_intersecting_native_grid
2024-08,NASA/HLS/HLSS30/v002/T01KAB_20240805T221941,S30,1722896381000,rejected_non_intersecting_native_grid
2024-08,NASA/HLS/HLSS30/v002/T01KAU_20240805T221941,S30,1722896381000,rejected_non_intersecting_native_grid
2024-08,NASA/HLS/HLSS30/v002/T01KAV_20240805T221941,S30,1722896381000,rejected_non_intersecting_native_grid
2024-08,NASA/HLS/HLSS30/v002/T01LAC_20240805T221941,S30,1722896381000,rejected_non_intersecting_native_grid
2024-08,NASA/HLS/HLSS30/v002/T01VCK_20240805T233651,S30,1722901011000,rejected_non_intersecting_native_grid
2024-08,NASA/HLS/HLSS30/v002/T01VCL_20240805T233651,S30,1722901011000,rejected_non_intersecting_native_grid
2024-08,NASA/HLS/HLSS30/v002/T01WCM_20240805T233651,S30,1722901011000,rejected_non_intersecting_native_grid
2024-08,NASA/HLS/HLSS30/v002/T01WCP_20240805T233651,S30,1722901011000,rejected_non_intersecting_native_grid
2024-08,NASA/HLS/HLSS30/v002/T60VXQ_20240805T233651,S30,1722901011000,rejected_non_intersecting_native_grid
2024-08,NASA/HLS/HLSS30/v002/T60VXR_20240805T233651,S30,1722901011000,rejected_non_intersecting_native_grid
2024-08,NASA/HLS/HLSS30/v002/T01UBS_20240806T230531,S30,1722985531000,rejected_non_intersecting_native_grid
2024-08,NASA/HLS/HLSS30/v002/T01UBT_20240806T230531,S30,1722985531000,rejected_non_intersecting_native_grid
2024-08,NASA/HLS/HLSS30/v002/T60UXB_20240806T230531,S30,1722985531000,rejected_non_intersecting_native_grid
2024-08,NASA/HLS/HLSS30/v002/T60UXC_20240806T230531,S30,1722985531000,rejected_non_intersecting_native_grid
2024-08,NASA/HLS/HLSS30/v002/T01WCP_20240806T235619,S30,1722988579000,rejected_non_intersecting_native_grid
2024-08,NASA/HLS/HLSS30/v002/T01WCQ_20240806T235619,S30,1722988579000,rejected_non_intersecting_native_grid
2024-08,NASA/HLS/HLSS30/v002/T01WCR_20240806T235619,S30,1722988579000,rejected_non_intersecting_native_grid
2024-08,NASA/HLS/HLSS30/v002/T01WCU_20240806T235619,S30,1722988579000,rejected_non_intersecting_native_grid
2024-08,NASA/HLS/HLSS30/v002/T01WCV_20240808T001611,S30,1723076171000,rejected_non_intersecting_native_grid
2024-08,NASA/HLS/HLSS30/v002/T60WWE_20240808T001611,S30,1723076171000,rejected_non_intersecting_native_grid
2024-08,NASA/HLS/HLSS30/v002/T01FBF_20240808T214909,S30,1723153749000,rejected_non_intersecting_native_grid
2024-08,NASA/HLS/HLSS30/v002/T01VCL_20240808T234621,S30,1723160781000,rejected_non_intersecting_native_grid
2024-08,NASA/HLS/HLSS30/v002/T01WCM_20240808T234621,S30,1723160781000,rejected_non_intersecting_native_grid
2024-08,NASA/HLS/HLSS30/v002/T01WCN_20240808T234621,S30,1723160781000,rejected_non_intersecting_native_grid
2024-08,NASA/HLS/HLSS30/v002/T01WCP_20240808T234621,S30,1723160781000,rejected_non_intersecting_native_grid
2024-08,NASA/HLS/HLSS30/v002/T60VXR_20240808T234621,S30,1723160781000,rejected_non_intersecting_native_grid
2024-08,NASA/HLS/HLSS30/v002/T01WCR_20240810T000619,S30,1723248379000,rejected_non_intersecting_native_grid
2024-08,NASA/HLS/HLSS30/v002/T01WCS_20240810T000619,S30,1723248379000,rejected_non_intersecting_native_grid
2024-08,NASA/HLS/HLSS30/v002/T01WCT_20240810T000619,S30,1723248379000,rejected_non_intersecting_native_grid
2024-08,NASA/HLS/HLSS30/v002/T01WCU_20240810T000619,S30,1723248379000,rejected_non_intersecting_native_grid
2024-08,NASA/HLS/HLSS30/v002/T01WCV_20240810T000619,S30,1723248379000,rejected_non_intersecting_native_grid
2024-08,NASA/HLS/HLSS30/v002/T60WWE_20240810T000619,S30,1723248379000,rejected_non_intersecting_native_grid
2024-08,NASA/HLS/HLSS30/v002/T01KAA_20240810T221939,S30,1723328379000,rejected_non_intersecting_native_grid
2024-08,NASA/HLS/HLSS30/v002/T01KAB_20240810T221939,S30,1723328379000,rejected_non_intersecting_native_grid
2024-08,NASA/HLS/HLSS30/v002/T01KAU_20240810T221939,S30,1723328379000,rejected_non_intersecting_native_grid
2024-08,NASA/HLS/HLSS30/v002/T01KAV_20240810T221939,S30,1723328379000,rejected_non_intersecting_native_grid
2024-08,NASA/HLS/HLSS30/v002/T01LAC_20240810T221939,S30,1723328379000,rejected_non_intersecting_native_grid
2024-08,NASA/HLS/HLSS30/v002/T01VCK_20240810T233649,S30,1723333009000,rejected_non_intersecting_native_grid
2024-08,NASA/HLS/HLSS30/v002/T01VCL_20240810T233649,S30,1723333009000,rejected_non_intersecting_native_grid
2024-08,NASA/HLS/HLSS30/v002/T01WCM_20240810T233649,S30,1723333009000,rejected_non_intersecting_native_grid
2024-08,NASA/HLS/HLSS30/v002/T01WCN_20240810T233649,S30,1723333009000,rejected_non_intersecting_native_grid
2024-08,NASA/HLS/HLSS30/v002/T01WCP_20240810T233649,S30,1723333009000,rejected_non_intersecting_native_grid
2024-08,NASA/HLS/HLSS30/v002/T60VXQ_20240810T233649,S30,1723333009000,rejected_non_intersecting_native_grid
2024-08,NASA/HLS/HLSS30/v002/T60VXR_20240810T233649,S30,1723333009000,rejected_non_intersecting_native_grid
2024-08,NASA/HLS/HLSS30/v002/T01WCV_20240811T002611,S30,1723335971000,rejected_non_intersecting_native_grid
2024-08,NASA/HLS/HLSS30/v002/T60WWE_20240811T002611,S30,1723335971000,rejected_non_intersecting_native_grid
2024-08,NASA/HLS/HLSS30/v002/T01UBS_20240811T230539,S30,1723417539000,rejected_non_intersecting_native_grid
2024-08,NASA/HLS/HLSS30/v002/T01UBT_20240811T230539,S30,1723417539000,rejected_non_intersecting_native_grid
2024-08,NASA/HLS/HLSS30/v002/T60UXB_20240811T230539,S30,1723417539000,rejected_non_intersecting_native_grid
2024-08,NASA/HLS/HLSS30/v002/T60UXC_20240811T230539,S30,1723417539000,rejected_non_intersecting_native_grid
2024-08,NASA/HLS/HLSS30/v002/T01WCP_20240811T235621,S30,1723420581000,rejected_non_intersecting_native_grid
2024-08,NASA/HLS/HLSS30/v002/T01WCQ_20240811T235621,S30,1723420581000,rejected_non_intersecting_native_grid
2024-08,NASA/HLS/HLSS30/v002/T01WCR_20240811T235621,S30,1723420581000,rejected_non_intersecting_native_grid
2024-08,NASA/HLS/HLSS30/v002/T01WCS_20240811T235621,S30,1723420581000,rejected_non_intersecting_native_grid
2024-08,NASA/HLS/HLSS30/v002/T01VCK_20240812T232631,S30,1723505191000,rejected_non_intersecting_native_grid
2024-08,NASA/HLS/HLSS30/v002/T60VXQ_20240812T232631,S30,1723505191000,rejected_non_intersecting_native_grid
2024-08,NASA/HLS/HLSS30/v002/T01WCU_20240813T001609,S30,1723508169000,rejected_non_intersecting_native_grid
2024-08,NASA/HLS/HLSS30/v002/T01WCV_20240813T001609,S30,1723508169000,rejected_non_intersecting_native_grid
2024-08,NASA/HLS/HLSS30/v002/T60WWE_20240813T001609,S30,1723508169000,rejected_non_intersecting_native_grid
2024-08,NASA/HLS/HLSS30/v002/T01LAK_20240813T222759,S30,1723588079000,rejected_non_intersecting_native_grid
2024-08,NASA/HLS/HLSS30/v002/T01VCL_20240813T234629,S30,1723592789000,rejected_non_intersecting_native_grid
2024-08,NASA/HLS/HLSS30/v002/T01WCM_20240813T234629,S30,1723592789000,rejected_non_intersecting_native_grid
2024-08,NASA/HLS/HLSS30/v002/T01WCN_20240813T234629,S30,1723592789000,rejected_non_intersecting_native_grid
2024-08,NASA/HLS/HLSS30/v002/T01WCP_20240813T234629,S30,1723592789000,rejected_non_intersecting_native_grid
2024-08,NASA/HLS/HLSS30/v002/T01WCQ_20240813T234629,S30,1723592789000,rejected_non_intersecting_native_grid
2024-08,NASA/HLS/HLSS30/v002/T01WCR_20240813T234629,S30,1723592789000,rejected_non_intersecting_native_grid
2024-08,NASA/HLS/HLSS30/v002/T60VXR_20240813T234629,S30,1723592789000,rejected_non_intersecting_native_grid
2024-08,NASA/HLS/HLSS30/v002/T01WCR_20240815T000611,S30,1723680371000,rejected_non_intersecting_native_grid
2024-08,NASA/HLS/HLSS30/v002/T01WCV_20240815T000611,S30,1723680371000,rejected_non_intersecting_native_grid
2024-08,NASA/HLS/HLSS30/v002/T60WWE_20240815T000611,S30,1723680371000,rejected_non_intersecting_native_grid
2024-08,NASA/HLS/HLSS30/v002/T51TXJ_20240815T023529,S30,1723689329000,native_grid_intersects_roi
2024-08,NASA/HLS/HLSS30/v002/T01KAA_20240815T221941,S30,1723760381000,rejected_non_intersecting_native_grid
2024-08,NASA/HLS/HLSS30/v002/T01KAB_20240815T221941,S30,1723760381000,rejected_non_intersecting_native_grid
2024-08,NASA/HLS/HLSS30/v002/T01KAU_20240815T221941,S30,1723760381000,rejected_non_intersecting_native_grid
2024-08,NASA/HLS/HLSS30/v002/T01KAV_20240815T221941,S30,1723760381000,rejected_non_intersecting_native_grid
2024-08,NASA/HLS/HLSS30/v002/T01LAC_20240815T221941,S30,1723760381000,rejected_non_intersecting_native_grid
2024-08,NASA/HLS/HLSS30/v002/T01WCM_20240815T233651,S30,1723765011000,rejected_non_intersecting_native_grid
2024-08,NASA/HLS/HLSS30/v002/T01WCN_20240815T233651,S30,1723765011000,rejected_non_intersecting_native_grid
2024-08,NASA/HLS/HLSS30/v002/T01WCP_20240815T233651,S30,1723765011000,rejected_non_intersecting_native_grid
2024-08,NASA/HLS/HLSS30/v002/T01UBS_20240816T230531,S30,1723849531000,rejected_non_intersecting_native_grid
2024-08,NASA/HLS/HLSS30/v002/T01UBT_20240816T230531,S30,1723849531000,rejected_non_intersecting_native_grid
2024-08,NASA/HLS/HLSS30/v002/T60UXB_20240816T230531,S30,1723849531000,rejected_non_intersecting_native_grid
2024-08,NASA/HLS/HLSS30/v002/T60UXC_20240816T230531,S30,1723849531000,rejected_non_intersecting_native_grid
2024-08,NASA/HLS/HLSS30/v002/T01WCP_20240816T235619,S30,1723852579000,rejected_non_intersecting_native_grid
2024-08,NASA/HLS/HLSS30/v002/T01WCQ_20240816T235619,S30,1723852579000,rejected_non_intersecting_native_grid
2024-08,NASA/HLS/HLSS30/v002/T01WCR_20240816T235619,S30,1723852579000,rejected_non_intersecting_native_grid
2024-08,NASA/HLS/HLSS30/v002/T01WCS_20240816T235619,S30,1723852579000,rejected_non_intersecting_native_grid
2024-08,NASA/HLS/HLSS30/v002/T01WCU_20240816T235619,S30,1723852579000,rejected_non_intersecting_native_grid
2024-08,NASA/HLS/HLSS30/v002/T01WCT_20240818T001611,S30,1723940171000,rejected_non_intersecting_native_grid
2024-08,NASA/HLS/HLSS30/v002/T01WCU_20240818T001611,S30,1723940171000,rejected_non_intersecting_native_grid
2024-08,NASA/HLS/HLSS30/v002/T01WCV_20240818T001611,S30,1723940171000,rejected_non_intersecting_native_grid
2024-08,NASA/HLS/HLSS30/v002/T60WWE_20240818T001611,S30,1723940171000,rejected_non_intersecting_native_grid
2024-08,NASA/HLS/HLSL30/v002/T51TXJ_20240818T022719,L30,1723948039000,native_grid_intersects_roi
2024-08,NASA/HLS/HLSS30/v002/T01FBF_20240818T214909,S30,1724017749000,rejected_non_intersecting_native_grid
2024-08,NASA/HLS/HLSS30/v002/T01WCM_20240818T234621,S30,1724024781000,rejected_non_intersecting_native_grid
2024-08,NASA/HLS/HLSS30/v002/T01WCN_20240818T234621,S30,1724024781000,rejected_non_intersecting_native_grid
2024-08,NASA/HLS/HLSS30/v002/T01WCP_20240818T234621,S30,1724024781000,rejected_non_intersecting_native_grid
2024-08,NASA/HLS/HLSS30/v002/T01WCQ_20240818T234621,S30,1724024781000,rejected_non_intersecting_native_grid
2024-08,NASA/HLS/HLSS30/v002/T01WCR_20240818T234621,S30,1724024781000,rejected_non_intersecting_native_grid
2024-08,NASA/HLS/HLSS30/v002/T60VXR_20240818T234621,S30,1724024781000,rejected_non_intersecting_native_grid
2024-08,NASA/HLS/HLSS30/v002/T01WCR_20240820T000609,S30,1724112369000,rejected_non_intersecting_native_grid
2024-08,NASA/HLS/HLSS30/v002/T01WCS_20240820T000609,S30,1724112369000,rejected_non_intersecting_native_grid
2024-08,NASA/HLS/HLSS30/v002/T01WCT_20240820T000609,S30,1724112369000,rejected_non_intersecting_native_grid
2024-08,NASA/HLS/HLSS30/v002/T01WCU_20240820T000609,S30,1724112369000,rejected_non_intersecting_native_grid
2024-08,NASA/HLS/HLSS30/v002/T01WCV_20240820T000609,S30,1724112369000,rejected_non_intersecting_native_grid
2024-08,NASA/HLS/HLSS30/v002/T60WWE_20240820T000609,S30,1724112369000,rejected_non_intersecting_native_grid
2024-08,NASA/HLS/HLSS30/v002/T51TXJ_20240820T023551,S30,1724121351000,native_grid_intersects_roi
2024-08,NASA/HLS/HLSS30/v002/T01KAA_20240820T221939,S30,1724192379000,rejected_non_intersecting_native_grid
2024-08,NASA/HLS/HLSS30/v002/T01KAB_20240820T221939,S30,1724192379000,rejected_non_intersecting_native_grid
2024-08,NASA/HLS/HLSS30/v002/T01KAU_20240820T221939,S30,1724192379000,rejected_non_intersecting_native_grid
2024-08,NASA/HLS/HLSS30/v002/T01KAV_20240820T221939,S30,1724192379000,rejected_non_intersecting_native_grid
2024-08,NASA/HLS/HLSS30/v002/T01LAC_20240820T221939,S30,1724192379000,rejected_non_intersecting_native_grid
2024-08,NASA/HLS/HLSS30/v002/T01WCV_20240821T002601,S30,1724199961000,rejected_non_intersecting_native_grid
2024-08,NASA/HLS/HLSS30/v002/T60WWE_20240821T002601,S30,1724199961000,rejected_non_intersecting_native_grid
2024-08,NASA/HLS/HLSS30/v002/T01WCU_20240821T235611,S30,1724284571000,rejected_non_intersecting_native_grid
2024-08,NASA/HLS/HLSS30/v002/T01VCK_20240822T232631,S30,1724369191000,rejected_non_intersecting_native_grid
2024-08,NASA/HLS/HLSS30/v002/T60VXQ_20240822T232631,S30,1724369191000,rejected_non_intersecting_native_grid
2024-08,NASA/HLS/HLSS30/v002/T01WCU_20240823T001609,S30,1724372169000,rejected_non_intersecting_native_grid
2024-08,NASA/HLS/HLSS30/v002/T60WWE_20240823T001609,S30,1724372169000,rejected_non_intersecting_native_grid
2024-08,NASA/HLS/HLSS30/v002/T01FBF_20240823T214911,S30,1724449751000,rejected_non_intersecting_native_grid
2024-08,NASA/HLS/HLSS30/v002/T01LAK_20240823T222759,S30,1724452079000,rejected_non_intersecting_native_grid
2024-08,NASA/HLS/HLSS30/v002/T01VCL_20240823T234619,S30,1724456779000,rejected_non_intersecting_native_grid
2024-08,NASA/HLS/HLSS30/v002/T01WCM_20240823T234619,S30,1724456779000,rejected_non_intersecting_native_grid
2024-08,NASA/HLS/HLSS30/v002/T01WCN_20240823T234619,S30,1724456779000,rejected_non_intersecting_native_grid
2024-08,NASA/HLS/HLSS30/v002/T01WCP_20240823T234619,S30,1724456779000,rejected_non_intersecting_native_grid
2024-08,NASA/HLS/HLSS30/v002/T01WCQ_20240823T234619,S30,1724456779000,rejected_non_intersecting_native_grid
2024-08,NASA/HLS/HLSS30/v002/T01WCR_20240823T234619,S30,1724456779000,rejected_non_intersecting_native_grid
2024-08,NASA/HLS/HLSS30/v002/T60VXR_20240823T234619,S30,1724456779000,rejected_non_intersecting_native_grid
2024-08,NASA/HLS/HLSS30/v002/T01WCR_20240825T000611,S30,1724544371000,rejected_non_intersecting_native_grid
2024-08,NASA/HLS/HLSS30/v002/T01WCS_20240825T000611,S30,1724544371000,rejected_non_intersecting_native_grid
2024-08,NASA/HLS/HLSS30/v002/T01WCT_20240825T000611,S30,1724544371000,rejected_non_intersecting_native_grid
2024-08,NASA/HLS/HLSS30/v002/T01WCU_20240825T000611,S30,1724544371000,rejected_non_intersecting_native_grid
2024-08,NASA/HLS/HLSS30/v002/T01WCV_20240825T000611,S30,1724544371000,rejected_non_intersecting_native_grid
2024-08,NASA/HLS/HLSS30/v002/T60WWE_20240825T000611,S30,1724544371000,rejected_non_intersecting_native_grid
2024-08,NASA/HLS/HLSS30/v002/T51TXJ_20240825T023529,S30,1724553329000,native_grid_intersects_roi
2024-08,NASA/HLS/HLSS30/v002/T01KAU_20240825T221941,S30,1724624381000,rejected_non_intersecting_native_grid
2024-08,NASA/HLS/HLSS30/v002/T01WCV_20240826T002609,S30,1724631969000,rejected_non_intersecting_native_grid
2024-08,NASA/HLS/HLSS30/v002/T60WWE_20240826T002609,S30,1724631969000,rejected_non_intersecting_native_grid
2024-08,NASA/HLS/HLSL30/v002/T51TXJ_20240826T022722,L30,1724639242000,native_grid_intersects_roi
2024-08,NASA/HLS/HLSS30/v002/T01UBS_20240826T230531,S30,1724713531000,rejected_non_intersecting_native_grid
2024-08,NASA/HLS/HLSS30/v002/T01UBT_20240826T230531,S30,1724713531000,rejected_non_intersecting_native_grid
2024-08,NASA/HLS/HLSS30/v002/T60UXC_20240826T230531,S30,1724713531000,rejected_non_intersecting_native_grid
2024-08,NASA/HLS/HLSS30/v002/T01WCP_20240826T235619,S30,1724716579000,rejected_non_intersecting_native_grid
2024-08,NASA/HLS/HLSS30/v002/T01WCQ_20240826T235619,S30,1724716579000,rejected_non_intersecting_native_grid
2024-08,NASA/HLS/HLSS30/v002/T01WCR_20240826T235619,S30,1724716579000,rejected_non_intersecting_native_grid
2024-08,NASA/HLS/HLSS30/v002/T01WCS_20240826T235619,S30,1724716579000,rejected_non_intersecting_native_grid
2024-08,NASA/HLS/HLSS30/v002/T01WCT_20240826T235619,S30,1724716579000,rejected_non_intersecting_native_grid
2024-08,NASA/HLS/HLSL30/v002/T51TXJ_20240827T022110,L30,1724725270000,native_grid_intersects_roi
2024-08,NASA/HLS/HLSS30/v002/T01VCK_20240827T232639,S30,1724801199000,rejected_non_intersecting_native_grid
2024-08,NASA/HLS/HLSS30/v002/T60VXQ_20240827T232639,S30,1724801199000,rejected_non_intersecting_native_grid
2024-08,NASA/HLS/HLSS30/v002/T01WCU_20240828T001611,S30,1724804171000,rejected_non_intersecting_native_grid
2024-08,NASA/HLS/HLSS30/v002/T01WCV_20240828T001611,S30,1724804171000,rejected_non_intersecting_native_grid
2024-08,NASA/HLS/HLSS30/v002/T60WWE_20240828T001611,S30,1724804171000,rejected_non_intersecting_native_grid
2024-08,NASA/HLS/HLSS30/v002/T01UBT_20240829T231551,S30,1724973351000,rejected_non_intersecting_native_grid
2024-08,NASA/HLS/HLSS30/v002/T60UXC_20240829T231551,S30,1724973351000,rejected_non_intersecting_native_grid
2024-08,NASA/HLS/HLSS30/v002/T01WCR_20240830T000619,S30,1724976379000,rejected_non_intersecting_native_grid
2024-08,NASA/HLS/HLSS30/v002/T01WCS_20240830T000619,S30,1724976379000,rejected_non_intersecting_native_grid
2024-08,NASA/HLS/HLSS30/v002/T01WCT_20240830T000619,S30,1724976379000,rejected_non_intersecting_native_grid
2024-08,NASA/HLS/HLSS30/v002/T01KAA_20240830T221939,S30,1725056379000,rejected_non_intersecting_native_grid
2024-08,NASA/HLS/HLSS30/v002/T01KAB_20240830T221939,S30,1725056379000,rejected_non_intersecting_native_grid
2024-08,NASA/HLS/HLSS30/v002/T01KAU_20240830T221939,S30,1725056379000,rejected_non_intersecting_native_grid
2024-08,NASA/HLS/HLSS30/v002/T01KAV_20240830T221939,S30,1725056379000,rejected_non_intersecting_native_grid
2024-08,NASA/HLS/HLSS30/v002/T01LAC_20240830T221939,S30,1725056379000,rejected_non_intersecting_native_grid
2024-08,NASA/HLS/HLSS30/v002/T01VCK_20240830T233649,S30,1725061009000,rejected_non_intersecting_native_grid
2024-08,NASA/HLS/HLSS30/v002/T01VCL_20240830T233649,S30,1725061009000,rejected_non_intersecting_native_grid
2024-08,NASA/HLS/HLSS30/v002/T01WCM_20240830T233649,S30,1725061009000,rejected_non_intersecting_native_grid
2024-08,NASA/HLS/HLSS30/v002/T01WCN_20240830T233649,S30,1725061009000,rejected_non_intersecting_native_grid
2024-08,NASA/HLS/HLSS30/v002/T01WCP_20240830T233649,S30,1725061009000,rejected_non_intersecting_native_grid
2024-08,NASA/HLS/HLSS30/v002/T60VXQ_20240830T233649,S30,1725061009000,rejected_non_intersecting_native_grid
2024-08,NASA/HLS/HLSS30/v002/T60VXR_20240830T233649,S30,1725061009000,rejected_non_intersecting_native_grid
2024-08,NASA/HLS/HLSS30/v002/T01WCV_20240831T002601,S30,1725063961000,rejected_non_intersecting_native_grid
2024-08,NASA/HLS/HLSS30/v002/T60WWE_20240831T002601,S30,1725063961000,rejected_non_intersecting_native_grid
2024-08,NASA/HLS/HLSS30/v002/T01UBS_20240831T230529,S30,1725145529000,rejected_non_intersecting_native_grid
2024-08,NASA/HLS/HLSS30/v002/T01UBT_20240831T230529,S30,1725145529000,rejected_non_intersecting_native_grid
2024-08,NASA/HLS/HLSS30/v002/T60UXB_20240831T230529,S30,1725145529000,rejected_non_intersecting_native_grid
2024-08,NASA/HLS/HLSS30/v002/T60UXC_20240831T230529,S30,1725145529000,rejected_non_intersecting_native_grid
2024-08,NASA/HLS/HLSS30/v002/T01WCP_20240831T235611,S30,1725148571000,rejected_non_intersecting_native_grid
2024-08,NASA/HLS/HLSS30/v002/T01WCQ_20240831T235611,S30,1725148571000,rejected_non_intersecting_native_grid
2024-08,NASA/HLS/HLSS30/v002/T01WCR_20240831T235611,S30,1725148571000,rejected_non_intersecting_native_grid
2024-08,NASA/HLS/HLSS30/v002/T01WCS_20240831T235611,S30,1725148571000,rejected_non_intersecting_native_grid
2024-08,NASA/HLS/HLSS30/v002/T01WCT_20240831T235611,S30,1725148571000,rejected_non_intersecting_native_grid
2024-08,NASA/HLS/HLSS30/v002/T01WCU_20240831T235611,S30,1725148571000,rejected_non_intersecting_native_grid
2024-09,NASA/HLS/HLSS30/v002/T01VCK_20240901T232631,S30,1725233191000,rejected_non_intersecting_native_grid
2024-09,NASA/HLS/HLSS30/v002/T60VXQ_20240901T232631,S30,1725233191000,rejected_non_intersecting_native_grid
2024-09,NASA/HLS/HLSS30/v002/T01FBF_20240902T214911,S30,1725313751000,rejected_non_intersecting_native_grid
2024-09,NASA/HLS/HLSS30/v002/T01LAK_20240902T222759,S30,1725316079000,rejected_non_intersecting_native_grid
2024-09,NASA/HLS/HLSL30/v002/T51TXJ_20240903T022728,L30,1725330448000,native_grid_intersects_roi
2024-09,NASA/HLS/HLSS30/v002/T01UBT_20240903T231559,S30,1725405359000,rejected_non_intersecting_native_grid
2024-09,NASA/HLS/HLSS30/v002/T60UXC_20240903T231559,S30,1725405359000,rejected_non_intersecting_native_grid
2024-09,NASA/HLS/HLSS30/v002/T01WCR_20240904T000611,S30,1725408371000,rejected_non_intersecting_native_grid
2024-09,NASA/HLS/HLSS30/v002/T01KAA_20240904T221941,S30,1725488381000,rejected_non_intersecting_native_grid
2024-09,NASA/HLS/HLSS30/v002/T01KAB_20240904T221941,S30,1725488381000,rejected_non_intersecting_native_grid
2024-09,NASA/HLS/HLSS30/v002/T01KAU_20240904T221941,S30,1725488381000,rejected_non_intersecting_native_grid
2024-09,NASA/HLS/HLSS30/v002/T01KAV_20240904T221941,S30,1725488381000,rejected_non_intersecting_native_grid
2024-09,NASA/HLS/HLSS30/v002/T01LAC_20240904T221941,S30,1725488381000,rejected_non_intersecting_native_grid
2024-09,NASA/HLS/HLSS30/v002/T01VCK_20240904T233651,S30,1725493011000,rejected_non_intersecting_native_grid
2024-09,NASA/HLS/HLSS30/v002/T01WCN_20240904T233651,S30,1725493011000,rejected_non_intersecting_native_grid
2024-09,NASA/HLS/HLSS30/v002/T01WCP_20240904T233651,S30,1725493011000,rejected_non_intersecting_native_grid
2024-09,NASA/HLS/HLSS30/v002/T60VXQ_20240904T233651,S30,1725493011000,rejected_non_intersecting_native_grid
2024-09,NASA/HLS/HLSS30/v002/T01WCV_20240905T002609,S30,1725495969000,rejected_non_intersecting_native_grid
2024-09,NASA/HLS/HLSS30/v002/T60WWE_20240905T002609,S30,1725495969000,rejected_non_intersecting_native_grid
2024-09,NASA/HLS/HLSS30/v002/T01UBS_20240905T230531,S30,1725577531000,rejected_non_intersecting_native_grid
2024-09,NASA/HLS/HLSS30/v002/T01UBT_20240905T230531,S30,1725577531000,rejected_non_intersecting_native_grid
2024-09,NASA/HLS/HLSS30/v002/T60UXB_20240905T230531,S30,1725577531000,rejected_non_intersecting_native_grid
2024-09,NASA/HLS/HLSS30/v002/T60UXC_20240905T230531,S30,1725577531000,rejected_non_intersecting_native_grid
2024-09,NASA/HLS/HLSS30/v002/T01WCP_20240905T235619,S30,1725580579000,rejected_non_intersecting_native_grid
2024-09,NASA/HLS/HLSS30/v002/T01WCQ_20240905T235619,S30,1725580579000,rejected_non_intersecting_native_grid
2024-09,NASA/HLS/HLSS30/v002/T01WCR_20240905T235619,S30,1725580579000,rejected_non_intersecting_native_grid
2024-09,NASA/HLS/HLSS30/v002/T01WCS_20240905T235619,S30,1725580579000,rejected_non_intersecting_native_grid
2024-09,NASA/HLS/HLSS30/v002/T01WCT_20240905T235619,S30,1725580579000,rejected_non_intersecting_native_grid
2024-09,NASA/HLS/HLSS30/v002/T01WCT_20240907T001611,S30,1725668171000,rejected_non_intersecting_native_grid
2024-09,NASA/HLS/HLSS30/v002/T01WCU_20240907T001611,S30,1725668171000,rejected_non_intersecting_native_grid
2024-09,NASA/HLS/HLSS30/v002/T01WCV_20240907T001611,S30,1725668171000,rejected_non_intersecting_native_grid
2024-09,NASA/HLS/HLSS30/v002/T60WWE_20240907T001611,S30,1725668171000,rejected_non_intersecting_native_grid
2024-09,NASA/HLS/HLSS30/v002/T01FBF_20240907T214909,S30,1725745749000,rejected_non_intersecting_native_grid
2024-09,NASA/HLS/HLSS30/v002/T01LAK_20240907T222801,S30,1725748081000,rejected_non_intersecting_native_grid
2024-09,NASA/HLS/HLSS30/v002/T01VCL_20240907T234621,S30,1725752781000,rejected_non_intersecting_native_grid
2024-09,NASA/HLS/HLSS30/v002/T01WCM_20240907T234621,S30,1725752781000,rejected_non_intersecting_native_grid
2024-09,NASA/HLS/HLSS30/v002/T01WCN_20240907T234621,S30,1725752781000,rejected_non_intersecting_native_grid
2024-09,NASA/HLS/HLSS30/v002/T01WCP_20240907T234621,S30,1725752781000,rejected_non_intersecting_native_grid
2024-09,NASA/HLS/HLSS30/v002/T60VXR_20240907T234621,S30,1725752781000,rejected_non_intersecting_native_grid
2024-09,NASA/HLS/HLSS30/v002/T01UBT_20240908T231551,S30,1725837351000,rejected_non_intersecting_native_grid
2024-09,NASA/HLS/HLSS30/v002/T60UXC_20240908T231551,S30,1725837351000,rejected_non_intersecting_native_grid
2024-09,NASA/HLS/HLSS30/v002/T01WCR_20240909T000609,S30,1725840369000,rejected_non_intersecting_native_grid
2024-09,NASA/HLS/HLSS30/v002/T01WCS_20240909T000609,S30,1725840369000,rejected_non_intersecting_native_grid
2024-09,NASA/HLS/HLSS30/v002/T01WCT_20240909T000609,S30,1725840369000,rejected_non_intersecting_native_grid
2024-09,NASA/HLS/HLSS30/v002/T01WCU_20240909T000609,S30,1725840369000,rejected_non_intersecting_native_grid
2024-09,NASA/HLS/HLSS30/v002/T01KAB_20240909T221939,S30,1725920379000,rejected_non_intersecting_native_grid
2024-09,NASA/HLS/HLSS30/v002/T01KAU_20240909T221939,S30,1725920379000,rejected_non_intersecting_native_grid
2024-09,NASA/HLS/HLSS30/v002/T01KAV_20240909T221939,S30,1725920379000,rejected_non_intersecting_native_grid
2024-09,NASA/HLS/HLSS30/v002/T01LAC_20240909T221939,S30,1725920379000,rejected_non_intersecting_native_grid
2024-09,NASA/HLS/HLSS30/v002/T01VCK_20240909T233649,S30,1725925009000,rejected_non_intersecting_native_grid
2024-09,NASA/HLS/HLSS30/v002/T01VCL_20240909T233649,S30,1725925009000,rejected_non_intersecting_native_grid
2024-09,NASA/HLS/HLSS30/v002/T01WCM_20240909T233649,S30,1725925009000,rejected_non_intersecting_native_grid
2024-09,NASA/HLS/HLSS30/v002/T01WCN_20240909T233649,S30,1725925009000,rejected_non_intersecting_native_grid
2024-09,NASA/HLS/HLSS30/v002/T60VXQ_20240909T233649,S30,1725925009000,rejected_non_intersecting_native_grid
2024-09,NASA/HLS/HLSS30/v002/T60VXR_20240909T233649,S30,1725925009000,rejected_non_intersecting_native_grid
2024-09,NASA/HLS/HLSS30/v002/T60WWE_20240910T002601,S30,1725927961000,rejected_non_intersecting_native_grid
2024-09,NASA/HLS/HLSS30/v002/T01WCP_20240910T235611,S30,1726012571000,rejected_non_intersecting_native_grid
2024-09,NASA/HLS/HLSS30/v002/T01WCQ_20240910T235611,S30,1726012571000,rejected_non_intersecting_native_grid
2024-09,NASA/HLS/HLSL30/v002/T51TXJ_20240911T022724,L30,1726021644000,native_grid_intersects_roi
2024-09,NASA/HLS/HLSS30/v002/T01VCK_20240911T232631,S30,1726097191000,rejected_non_intersecting_native_grid
2024-09,NASA/HLS/HLSS30/v002/T60VXQ_20240911T232631,S30,1726097191000,rejected_non_intersecting_native_grid
2024-09,NASA/HLS/HLSS30/v002/T01WCT_20240912T001609,S30,1726100169000,rejected_non_intersecting_native_grid
2024-09,NASA/HLS/HLSS30/v002/T01WCU_20240912T001609,S30,1726100169000,rejected_non_intersecting_native_grid
2024-09,NASA/HLS/HLSS30/v002/T01WCV_20240912T001609,S30,1726100169000,rejected_non_intersecting_native_grid
2024-09,NASA/HLS/HLSS30/v002/T60WWE_20240912T001609,S30,1726100169000,rejected_non_intersecting_native_grid
2024-09,NASA/HLS/HLSL30/v002/T51TXJ_20240912T022118,L30,1726107678000,native_grid_intersects_roi
2024-09,NASA/HLS/HLSS30/v002/T01FBF_20240912T214911,S30,1726177751000,rejected_non_intersecting_native_grid
2024-09,NASA/HLS/HLSS30/v002/T01LAK_20240912T222759,S30,1726180079000,rejected_non_intersecting_native_grid
2024-09,NASA/HLS/HLSS30/v002/T01VCL_20240912T234619,S30,1726184779000,rejected_non_intersecting_native_grid
2024-09,NASA/HLS/HLSS30/v002/T01WCR_20240912T234619,S30,1726184779000,rejected_non_intersecting_native_grid
2024-09,NASA/HLS/HLSS30/v002/T60VXR_20240912T234619,S30,1726184779000,rejected_non_intersecting_native_grid
2024-09,NASA/HLS/HLSS30/v002/T01WCR_20240914T000611,S30,1726272371000,rejected_non_intersecting_native_grid
2024-09,NASA/HLS/HLSS30/v002/T01WCS_20240914T000611,S30,1726272371000,rejected_non_intersecting_native_grid
2024-09,NASA/HLS/HLSS30/v002/T01WCU_20240914T000611,S30,1726272371000,rejected_non_intersecting_native_grid
2024-09,NASA/HLS/HLSS30/v002/T01WCV_20240914T000611,S30,1726272371000,rejected_non_intersecting_native_grid
2024-09,NASA/HLS/HLSS30/v002/T60WWE_20240914T000611,S30,1726272371000,rejected_non_intersecting_native_grid
2024-09,NASA/HLS/HLSS30/v002/T01KAA_20240914T221941,S30,1726352381000,rejected_non_intersecting_native_grid
2024-09,NASA/HLS/HLSS30/v002/T01KAB_20240914T221941,S30,1726352381000,rejected_non_intersecting_native_grid
2024-09,NASA/HLS/HLSS30/v002/T01KAU_20240914T221941,S30,1726352381000,rejected_non_intersecting_native_grid
2024-09,NASA/HLS/HLSS30/v002/T01KAV_20240914T221941,S30,1726352381000,rejected_non_intersecting_native_grid
2024-09,NASA/HLS/HLSS30/v002/T01LAC_20240914T221941,S30,1726352381000,rejected_non_intersecting_native_grid
2024-09,NASA/HLS/HLSS30/v002/T01UBT_20240915T230531,S30,1726441531000,rejected_non_intersecting_native_grid
2024-09,NASA/HLS/HLSS30/v002/T60UXC_20240915T230531,S30,1726441531000,rejected_non_intersecting_native_grid
2024-09,NASA/HLS/HLSS30/v002/T01WCQ_20240915T235609,S30,1726444569000,rejected_non_intersecting_native_grid
2024-09,NASA/HLS/HLSS30/v002/T01WCT_20240915T235609,S30,1726444569000,rejected_non_intersecting_native_grid
2024-09,NASA/HLS/HLSS30/v002/T01VCK_20240916T232629,S30,1726529189000,rejected_non_intersecting_native_grid
2024-09,NASA/HLS/HLSS30/v002/T60VXQ_20240916T232629,S30,1726529189000,rejected_non_intersecting_native_grid
2024-09,NASA/HLS/HLSS30/v002/T01WCT_20240917T001611,S30,1726532171000,rejected_non_intersecting_native_grid
2024-09,NASA/HLS/HLSS30/v002/T01WCU_20240917T001611,S30,1726532171000,rejected_non_intersecting_native_grid
2024-09,NASA/HLS/HLSS30/v002/T01WCV_20240917T001611,S30,1726532171000,rejected_non_intersecting_native_grid
2024-09,NASA/HLS/HLSS30/v002/T60WWE_20240917T001611,S30,1726532171000,rejected_non_intersecting_native_grid
2024-09,NASA/HLS/HLSS30/v002/T01FBF_20240917T214909,S30,1726609749000,rejected_non_intersecting_native_grid
2024-09,NASA/HLS/HLSS30/v002/T01VCL_20240917T234621,S30,1726616781000,rejected_non_intersecting_native_grid
2024-09,NASA/HLS/HLSS30/v002/T01WCM_20240917T234621,S30,1726616781000,rejected_non_intersecting_native_grid
2024-09,NASA/HLS/HLSS30/v002/T01WCN_20240917T234621,S30,1726616781000,rejected_non_intersecting_native_grid
2024-09,NASA/HLS/HLSS30/v002/T01WCP_20240917T234621,S30,1726616781000,rejected_non_intersecting_native_grid
2024-09,NASA/HLS/HLSS30/v002/T01WCQ_20240917T234621,S30,1726616781000,rejected_non_intersecting_native_grid
2024-09,NASA/HLS/HLSS30/v002/T01WCR_20240917T234621,S30,1726616781000,rejected_non_intersecting_native_grid
2024-09,NASA/HLS/HLSS30/v002/T60VXR_20240917T234621,S30,1726616781000,rejected_non_intersecting_native_grid
2024-09,NASA/HLS/HLSS30/v002/T01UBT_20240918T231551,S30,1726701351000,rejected_non_intersecting_native_grid
2024-09,NASA/HLS/HLSS30/v002/T60UXC_20240918T231551,S30,1726701351000,rejected_non_intersecting_native_grid
2024-09,NASA/HLS/HLSS30/v002/T01WCR_20240919T000609,S30,1726704369000,rejected_non_intersecting_native_grid
2024-09,NASA/HLS/HLSS30/v002/T01WCS_20240919T000609,S30,1726704369000,rejected_non_intersecting_native_grid
2024-09,NASA/HLS/HLSS30/v002/T01WCU_20240919T000609,S30,1726704369000,rejected_non_intersecting_native_grid
2024-09,NASA/HLS/HLSL30/v002/T51TXJ_20240919T022731,L30,1726712851000,native_grid_intersects_roi
2024-09,NASA/HLS/HLSS30/v002/T51TXJ_20240919T023551,S30,1726713351000,native_grid_intersects_roi
2024-09,NASA/HLS/HLSS30/v002/T01KAA_20240919T221939,S30,1726784379000,rejected_non_intersecting_native_grid
2024-09,NASA/HLS/HLSS30/v002/T01KAB_20240919T221939,S30,1726784379000,rejected_non_intersecting_native_grid
2024-09,NASA/HLS/HLSS30/v002/T01KAU_20240919T221939,S30,1726784379000,rejected_non_intersecting_native_grid
2024-09,NASA/HLS/HLSS30/v002/T01KAV_20240919T221939,S30,1726784379000,rejected_non_intersecting_native_grid
2024-09,NASA/HLS/HLSS30/v002/T01LAC_20240919T221939,S30,1726784379000,rejected_non_intersecting_native_grid
2024-09,NASA/HLS/HLSS30/v002/T01VCK_20240919T233639,S30,1726788999000,rejected_non_intersecting_native_grid
2024-09,NASA/HLS/HLSS30/v002/T01VCL_20240919T233639,S30,1726788999000,rejected_non_intersecting_native_grid
2024-09,NASA/HLS/HLSS30/v002/T01WCM_20240919T233639,S30,1726788999000,rejected_non_intersecting_native_grid
2024-09,NASA/HLS/HLSS30/v002/T01WCN_20240919T233639,S30,1726788999000,rejected_non_intersecting_native_grid
2024-09,NASA/HLS/HLSS30/v002/T01WCP_20240919T233639,S30,1726788999000,rejected_non_intersecting_native_grid
2024-09,NASA/HLS/HLSS30/v002/T60VXQ_20240919T233639,S30,1726788999000,rejected_non_intersecting_native_grid
2024-09,NASA/HLS/HLSS30/v002/T60VXR_20240919T233639,S30,1726788999000,rejected_non_intersecting_native_grid
2024-09,NASA/HLS/HLSS30/v002/T01WCV_20240920T002611,S30,1726791971000,rejected_non_intersecting_native_grid
2024-09,NASA/HLS/HLSS30/v002/T60WWE_20240920T002611,S30,1726791971000,rejected_non_intersecting_native_grid
2024-09,NASA/HLS/HLSS30/v002/T01UBS_20240920T230529,S30,1726873529000,rejected_non_intersecting_native_grid
2024-09,NASA/HLS/HLSS30/v002/T01UBT_20240920T230529,S30,1726873529000,rejected_non_intersecting_native_grid
2024-09,NASA/HLS/HLSS30/v002/T60UXB_20240920T230529,S30,1726873529000,rejected_non_intersecting_native_grid
2024-09,NASA/HLS/HLSS30/v002/T60UXC_20240920T230529,S30,1726873529000,rejected_non_intersecting_native_grid
2024-09,NASA/HLS/HLSS30/v002/T01WCP_20240920T235621,S30,1726876581000,rejected_non_intersecting_native_grid
2024-09,NASA/HLS/HLSS30/v002/T01WCQ_20240920T235621,S30,1726876581000,rejected_non_intersecting_native_grid
2024-09,NASA/HLS/HLSS30/v002/T01WCR_20240920T235621,S30,1726876581000,rejected_non_intersecting_native_grid
2024-09,NASA/HLS/HLSS30/v002/T01WCS_20240920T235621,S30,1726876581000,rejected_non_intersecting_native_grid
2024-09,NASA/HLS/HLSS30/v002/T01WCT_20240920T235621,S30,1726876581000,rejected_non_intersecting_native_grid
2024-09,NASA/HLS/HLSS30/v002/T01WCU_20240920T235621,S30,1726876581000,rejected_non_intersecting_native_grid
2024-09,NASA/HLS/HLSS30/v002/T01VCK_20240921T232631,S30,1726961191000,rejected_non_intersecting_native_grid
2024-09,NASA/HLS/HLSS30/v002/T60VXQ_20240921T232631,S30,1726961191000,rejected_non_intersecting_native_grid
2024-09,NASA/HLS/HLSS30/v002/T01WCT_20240922T001609,S30,1726964169000,rejected_non_intersecting_native_grid
2024-09,NASA/HLS/HLSS30/v002/T01WCU_20240922T001609,S30,1726964169000,rejected_non_intersecting_native_grid
2024-09,NASA/HLS/HLSS30/v002/T01WCV_20240922T001609,S30,1726964169000,rejected_non_intersecting_native_grid
2024-09,NASA/HLS/HLSS30/v002/T60WWE_20240922T001609,S30,1726964169000,rejected_non_intersecting_native_grid
2024-09,NASA/HLS/HLSS30/v002/T01VCL_20240922T234619,S30,1727048779000,rejected_non_intersecting_native_grid
2024-09,NASA/HLS/HLSS30/v002/T01WCM_20240922T234619,S30,1727048779000,rejected_non_intersecting_native_grid
2024-09,NASA/HLS/HLSS30/v002/T01WCN_20240922T234619,S30,1727048779000,rejected_non_intersecting_native_grid
2024-09,NASA/HLS/HLSS30/v002/T01WCP_20240922T234619,S30,1727048779000,rejected_non_intersecting_native_grid
2024-09,NASA/HLS/HLSS30/v002/T01WCQ_20240922T234619,S30,1727048779000,rejected_non_intersecting_native_grid
2024-09,NASA/HLS/HLSS30/v002/T01WCR_20240922T234619,S30,1727048779000,rejected_non_intersecting_native_grid
2024-09,NASA/HLS/HLSS30/v002/T60VXR_20240922T234619,S30,1727048779000,rejected_non_intersecting_native_grid
2024-09,NASA/HLS/HLSS30/v002/T01UBT_20240923T231549,S30,1727133349000,rejected_non_intersecting_native_grid
2024-09,NASA/HLS/HLSS30/v002/T60UXC_20240923T231549,S30,1727133349000,rejected_non_intersecting_native_grid
2024-09,NASA/HLS/HLSS30/v002/T01WCR_20240924T000611,S30,1727136371000,rejected_non_intersecting_native_grid
2024-09,NASA/HLS/HLSS30/v002/T01WCS_20240924T000611,S30,1727136371000,rejected_non_intersecting_native_grid
2024-09,NASA/HLS/HLSS30/v002/T01WCT_20240924T000611,S30,1727136371000,rejected_non_intersecting_native_grid
2024-09,NASA/HLS/HLSS30/v002/T01WCU_20240924T000611,S30,1727136371000,rejected_non_intersecting_native_grid
2024-09,NASA/HLS/HLSS30/v002/T01WCV_20240924T000611,S30,1727136371000,rejected_non_intersecting_native_grid
2024-09,NASA/HLS/HLSS30/v002/T60WWE_20240924T000611,S30,1727136371000,rejected_non_intersecting_native_grid
2024-09,NASA/HLS/HLSS30/v002/T51TXJ_20240924T023529,S30,1727145329000,native_grid_intersects_roi
2024-09,NASA/HLS/HLSS30/v002/T01KAB_20240924T221941,S30,1727216381000,rejected_non_intersecting_native_grid
2024-09,NASA/HLS/HLSS30/v002/T01LAC_20240924T221941,S30,1727216381000,rejected_non_intersecting_native_grid
2024-09,NASA/HLS/HLSS30/v002/T01VCK_20240924T233651,S30,1727221011000,rejected_non_intersecting_native_grid
2024-09,NASA/HLS/HLSS30/v002/T01VCL_20240924T233651,S30,1727221011000,rejected_non_intersecting_native_grid
2024-09,NASA/HLS/HLSS30/v002/T01WCM_20240924T233651,S30,1727221011000,rejected_non_intersecting_native_grid
2024-09,NASA/HLS/HLSS30/v002/T01WCN_20240924T233651,S30,1727221011000,rejected_non_intersecting_native_grid
2024-09,NASA/HLS/HLSS30/v002/T01WCP_20240924T233651,S30,1727221011000,rejected_non_intersecting_native_grid
2024-09,NASA/HLS/HLSS30/v002/T60VXQ_20240924T233651,S30,1727221011000,rejected_non_intersecting_native_grid
2024-09,NASA/HLS/HLSS30/v002/T60VXR_20240924T233651,S30,1727221011000,rejected_non_intersecting_native_grid
2024-09,NASA/HLS/HLSS30/v002/T01WCV_20240925T002609,S30,1727223969000,rejected_non_intersecting_native_grid
2024-09,NASA/HLS/HLSS30/v002/T60WWE_20240925T002609,S30,1727223969000,rejected_non_intersecting_native_grid
2024-09,NASA/HLS/HLSS30/v002/T01UBT_20240925T230531,S30,1727305531000,rejected_non_intersecting_native_grid
2024-09,NASA/HLS/HLSS30/v002/T60UXC_20240925T230531,S30,1727305531000,rejected_non_intersecting_native_grid
2024-09,NASA/HLS/HLSS30/v002/T01WCP_20240925T235619,S30,1727308579000,rejected_non_intersecting_native_grid
2024-09,NASA/HLS/HLSS30/v002/T01WCQ_20240925T235619,S30,1727308579000,rejected_non_intersecting_native_grid
2024-09,NASA/HLS/HLSS30/v002/T01WCR_20240925T235619,S30,1727308579000,rejected_non_intersecting_native_grid
2024-09,NASA/HLS/HLSS30/v002/T01WCS_20240925T235619,S30,1727308579000,rejected_non_intersecting_native_grid
2024-09,NASA/HLS/HLSS30/v002/T01WCT_20240925T235619,S30,1727308579000,rejected_non_intersecting_native_grid
2024-09,NASA/HLS/HLSS30/v002/T01WCU_20240925T235619,S30,1727308579000,rejected_non_intersecting_native_grid
2024-09,NASA/HLS/HLSS30/v002/T01VCK_20240926T232629,S30,1727393189000,rejected_non_intersecting_native_grid
2024-09,NASA/HLS/HLSS30/v002/T60VXQ_20240926T232629,S30,1727393189000,rejected_non_intersecting_native_grid
2024-09,NASA/HLS/HLSS30/v002/T01WCT_20240927T001611,S30,1727396171000,rejected_non_intersecting_native_grid
2024-09,NASA/HLS/HLSS30/v002/T01WCU_20240927T001611,S30,1727396171000,rejected_non_intersecting_native_grid
2024-09,NASA/HLS/HLSL30/v002/T51TXJ_20240927T022727,L30,1727404047000,native_grid_intersects_roi
2024-09,NASA/HLS/HLSS30/v002/T01FBF_20240927T214909,S30,1727473749000,rejected_non_intersecting_native_grid
2024-09,NASA/HLS/HLSS30/v002/T01LAK_20240927T222801,S30,1727476081000,rejected_non_intersecting_native_grid
2024-09,NASA/HLS/HLSS30/v002/T01VCL_20240927T234621,S30,1727480781000,rejected_non_intersecting_native_grid
2024-09,NASA/HLS/HLSS30/v002/T01WCM_20240927T234621,S30,1727480781000,rejected_non_intersecting_native_grid
2024-09,NASA/HLS/HLSS30/v002/T01WCN_20240927T234621,S30,1727480781000,rejected_non_intersecting_native_grid
2024-09,NASA/HLS/HLSS30/v002/T01WCQ_20240927T234621,S30,1727480781000,rejected_non_intersecting_native_grid
2024-09,NASA/HLS/HLSS30/v002/T01WCR_20240927T234621,S30,1727480781000,rejected_non_intersecting_native_grid
2024-09,NASA/HLS/HLSS30/v002/T60VXR_20240927T234621,S30,1727480781000,rejected_non_intersecting_native_grid
2024-09,NASA/HLS/HLSL30/v002/T51TXJ_20240928T022114,L30,1727490074000,native_grid_intersects_roi
2024-09,NASA/HLS/HLSS30/v002/T01UBT_20240928T231601,S30,1727565361000,rejected_non_intersecting_native_grid
2024-09,NASA/HLS/HLSS30/v002/T60UXC_20240928T231601,S30,1727565361000,rejected_non_intersecting_native_grid
2024-09,NASA/HLS/HLSS30/v002/T01WCR_20240929T000609,S30,1727568369000,rejected_non_intersecting_native_grid
2024-09,NASA/HLS/HLSS30/v002/T01WCS_20240929T000609,S30,1727568369000,rejected_non_intersecting_native_grid
2024-09,NASA/HLS/HLSS30/v002/T01WCT_20240929T000609,S30,1727568369000,rejected_non_intersecting_native_grid
2024-09,NASA/HLS/HLSS30/v002/T01WCU_20240929T000609,S30,1727568369000,rejected_non_intersecting_native_grid
2024-09,NASA/HLS/HLSS30/v002/T01WCV_20240929T000609,S30,1727568369000,rejected_non_intersecting_native_grid
2024-09,NASA/HLS/HLSS30/v002/T60WWE_20240929T000609,S30,1727568369000,rejected_non_intersecting_native_grid
2024-09,NASA/HLS/HLSS30/v002/T51TXJ_20240929T023531,S30,1727577331000,native_grid_intersects_roi
2024-09,NASA/HLS/HLSS30/v002/T01KAA_20240929T221939,S30,1727648379000,rejected_non_intersecting_native_grid
2024-09,NASA/HLS/HLSS30/v002/T01KAB_20240929T221939,S30,1727648379000,rejected_non_intersecting_native_grid
2024-09,NASA/HLS/HLSS30/v002/T01KAU_20240929T221939,S30,1727648379000,rejected_non_intersecting_native_grid
2024-09,NASA/HLS/HLSS30/v002/T01KAV_20240929T221939,S30,1727648379000,rejected_non_intersecting_native_grid
2024-09,NASA/HLS/HLSS30/v002/T01VCK_20240929T233649,S30,1727653009000,rejected_non_intersecting_native_grid
2024-09,NASA/HLS/HLSS30/v002/T01VCL_20240929T233649,S30,1727653009000,rejected_non_intersecting_native_grid
2024-09,NASA/HLS/HLSS30/v002/T01WCM_20240929T233649,S30,1727653009000,rejected_non_intersecting_native_grid
2024-09,NASA/HLS/HLSS30/v002/T01WCN_20240929T233649,S30,1727653009000,rejected_non_intersecting_native_grid
2024-09,NASA/HLS/HLSS30/v002/T01WCP_20240929T233649,S30,1727653009000,rejected_non_intersecting_native_grid
2024-09,NASA/HLS/HLSS30/v002/T60VXQ_20240929T233649,S30,1727653009000,rejected_non_intersecting_native_grid
2024-09,NASA/HLS/HLSS30/v002/T60VXR_20240929T233649,S30,1727653009000,rejected_non_intersecting_native_grid
2024-09,NASA/HLS/HLSS30/v002/T01WCV_20240930T002611,S30,1727655971000,rejected_non_intersecting_native_grid
2024-09,NASA/HLS/HLSS30/v002/T60WWE_20240930T002611,S30,1727655971000,rejected_non_intersecting_native_grid
2024-09,NASA/HLS/HLSS30/v002/T01WCQ_20240930T235621,S30,1727740581000,rejected_non_intersecting_native_grid
2024-09,NASA/HLS/HLSS30/v002/T01WCR_20240930T235621,S30,1727740581000,rejected_non_intersecting_native_grid
2024-09,NASA/HLS/HLSS30/v002/T01WCS_20240930T235621,S30,1727740581000,rejected_non_intersecting_native_grid
2024-09,NASA/HLS/HLSS30/v002/T01WCT_20240930T235621,S30,1727740581000,rejected_non_intersecting_native_grid
2024-09,NASA/HLS/HLSS30/v002/T01WCU_20240930T235621,S30,1727740581000,rejected_non_intersecting_native_grid
2024-10,NASA/HLS/HLSS30/v002/T01WCT_20241002T001609,S30,1727828169000,rejected_non_intersecting_native_grid
2024-10,NASA/HLS/HLSS30/v002/T01WCU_20241002T001609,S30,1727828169000,rejected_non_intersecting_native_grid
2024-10,NASA/HLS/HLSS30/v002/T01WCV_20241002T001609,S30,1727828169000,rejected_non_intersecting_native_grid
2024-10,NASA/HLS/HLSS30/v002/T60WWE_20241002T001609,S30,1727828169000,rejected_non_intersecting_native_grid
2024-10,NASA/HLS/HLSS30/v002/T01LAK_20241002T222759,S30,1727908079000,rejected_non_intersecting_native_grid
2024-10,NASA/HLS/HLSS30/v002/T01VCL_20241002T234619,S30,1727912779000,rejected_non_intersecting_native_grid
2024-10,NASA/HLS/HLSS30/v002/T01WCM_20241002T234619,S30,1727912779000,rejected_non_intersecting_native_grid
2024-10,NASA/HLS/HLSS30/v002/T01WCN_20241002T234619,S30,1727912779000,rejected_non_intersecting_native_grid
2024-10,NASA/HLS/HLSS30/v002/T60VXR_20241002T234619,S30,1727912779000,rejected_non_intersecting_native_grid
2024-10,NASA/HLS/HLSS30/v002/T01UBT_20241003T231559,S30,1727997359000,rejected_non_intersecting_native_grid
2024-10,NASA/HLS/HLSS30/v002/T60UXC_20241003T231559,S30,1727997359000,rejected_non_intersecting_native_grid
2024-10,NASA/HLS/HLSS30/v002/T51TXJ_20241004T023529,S30,1728009329000,native_grid_intersects_roi
2024-10,NASA/HLS/HLSS30/v002/T01KAA_20241004T221941,S30,1728080381000,rejected_non_intersecting_native_grid
2024-10,NASA/HLS/HLSS30/v002/T01KAB_20241004T221941,S30,1728080381000,rejected_non_intersecting_native_grid
2024-10,NASA/HLS/HLSS30/v002/T01KAU_20241004T221941,S30,1728080381000,rejected_non_intersecting_native_grid
2024-10,NASA/HLS/HLSS30/v002/T01KAV_20241004T221941,S30,1728080381000,rejected_non_intersecting_native_grid
2024-10,NASA/HLS/HLSS30/v002/T01LAC_20241004T221941,S30,1728080381000,rejected_non_intersecting_native_grid
2024-10,NASA/HLS/HLSS30/v002/T01WCN_20241004T233651,S30,1728085011000,rejected_non_intersecting_native_grid
2024-10,NASA/HLS/HLSS30/v002/T01WCP_20241004T233651,S30,1728085011000,rejected_non_intersecting_native_grid
2024-10,NASA/HLS/HLSL30/v002/T51TXJ_20241005T022728,L30,1728095248000,native_grid_intersects_roi
2024-10,NASA/HLS/HLSS30/v002/T01UBS_20241005T230531,S30,1728169531000,rejected_non_intersecting_native_grid
2024-10,NASA/HLS/HLSS30/v002/T01UBT_20241005T230531,S30,1728169531000,rejected_non_intersecting_native_grid
2024-10,NASA/HLS/HLSS30/v002/T60UXC_20241005T230531,S30,1728169531000,rejected_non_intersecting_native_grid
2024-10,NASA/HLS/HLSS30/v002/T01WCP_20241005T235619,S30,1728172579000,rejected_non_intersecting_native_grid
2024-10,NASA/HLS/HLSS30/v002/T01WCQ_20241005T235619,S30,1728172579000,rejected_non_intersecting_native_grid
2024-10,NASA/HLS/HLSS30/v002/T01WCR_20241005T235619,S30,1728172579000,rejected_non_intersecting_native_grid
2024-10,NASA/HLS/HLSS30/v002/T01WCS_20241005T235619,S30,1728172579000,rejected_non_intersecting_native_grid
2024-10,NASA/HLS/HLSS30/v002/T01WCT_20241005T235619,S30,1728172579000,rejected_non_intersecting_native_grid
2024-10,NASA/HLS/HLSS30/v002/T01WCU_20241005T235619,S30,1728172579000,rejected_non_intersecting_native_grid
2024-10,NASA/HLS/HLSS30/v002/T01VCK_20241006T232629,S30,1728257189000,rejected_non_intersecting_native_grid
2024-10,NASA/HLS/HLSS30/v002/T60VXQ_20241006T232629,S30,1728257189000,rejected_non_intersecting_native_grid
2024-10,NASA/HLS/HLSS30/v002/T01WCT_20241007T001611,S30,1728260171000,rejected_non_intersecting_native_grid
2024-10,NASA/HLS/HLSS30/v002/T01FBF_20241007T214909,S30,1728337749000,rejected_non_intersecting_native_grid
2024-10,NASA/HLS/HLSS30/v002/T01LAK_20241007T222751,S30,1728340071000,rejected_non_intersecting_native_grid
2024-10,NASA/HLS/HLSS30/v002/T01WCR_20241007T234621,S30,1728344781000,rejected_non_intersecting_native_grid
2024-10,NASA/HLS/HLSS30/v002/T01UBT_20241008T231551,S30,1728429351000,rejected_non_intersecting_native_grid
2024-10,NASA/HLS/HLSS30/v002/T60UXC_20241008T231551,S30,1728429351000,rejected_non_intersecting_native_grid
2024-10,NASA/HLS/HLSS30/v002/T01WCS_20241009T000609,S30,1728432369000,rejected_non_intersecting_native_grid
2024-10,NASA/HLS/HLSS30/v002/T51TXJ_20241009T023611,S30,1728441371000,native_grid_intersects_roi
2024-10,NASA/HLS/HLSS30/v002/T01KAA_20241009T221939,S30,1728512379000,rejected_non_intersecting_native_grid
2024-10,NASA/HLS/HLSS30/v002/T01KAB_20241009T221939,S30,1728512379000,rejected_non_intersecting_native_grid
2024-10,NASA/HLS/HLSS30/v002/T01KAU_20241009T221939,S30,1728512379000,rejected_non_intersecting_native_grid
2024-10,NASA/HLS/HLSS30/v002/T01KAV_20241009T221939,S30,1728512379000,rejected_non_intersecting_native_grid
2024-10,NASA/HLS/HLSS30/v002/T01LAC_20241009T221939,S30,1728512379000,rejected_non_intersecting_native_grid
2024-10,NASA/HLS/HLSS30/v002/T01VCL_20241009T233649,S30,1728517009000,rejected_non_intersecting_native_grid
2024-10,NASA/HLS/HLSS30/v002/T01WCM_20241009T233649,S30,1728517009000,rejected_non_intersecting_native_grid
2024-10,NASA/HLS/HLSS30/v002/T01WCN_20241009T233649,S30,1728517009000,rejected_non_intersecting_native_grid
2024-10,NASA/HLS/HLSS30/v002/T01WCP_20241009T233649,S30,1728517009000,rejected_non_intersecting_native_grid
2024-10,NASA/HLS/HLSS30/v002/T60VXR_20241009T233649,S30,1728517009000,rejected_non_intersecting_native_grid
2024-10,NASA/HLS/HLSS30/v002/T01UBT_20241010T230529,S30,1728601529000,rejected_non_intersecting_native_grid
2024-10,NASA/HLS/HLSS30/v002/T60UXC_20241010T230529,S30,1728601529000,rejected_non_intersecting_native_grid
2024-10,NASA/HLS/HLSS30/v002/T01WCR_20241010T235611,S30,1728604571000,rejected_non_intersecting_native_grid
2024-10,NASA/HLS/HLSS30/v002/T01VCK_20241011T232631,S30,1728689191000,rejected_non_intersecting_native_grid
2024-10,NASA/HLS/HLSS30/v002/T60VXQ_20241011T232631,S30,1728689191000,rejected_non_intersecting_native_grid
2024-10,NASA/HLS/HLSS30/v002/T01FBF_20241012T214911,S30,1728769751000,rejected_non_intersecting_native_grid
2024-10,NASA/HLS/HLSS30/v002/T01LAK_20241012T222759,S30,1728772079000,rejected_non_intersecting_native_grid
2024-10,NASA/HLS/HLSS30/v002/T01VCL_20241012T234619,S30,1728776779000,rejected_non_intersecting_native_grid
2024-10,NASA/HLS/HLSS30/v002/T01WCM_20241012T234619,S30,1728776779000,rejected_non_intersecting_native_grid
2024-10,NASA/HLS/HLSS30/v002/T01WCN_20241012T234619,S30,1728776779000,rejected_non_intersecting_native_grid
2024-10,NASA/HLS/HLSS30/v002/T01WCR_20241012T234619,S30,1728776779000,rejected_non_intersecting_native_grid
2024-10,NASA/HLS/HLSS30/v002/T60VXR_20241012T234619,S30,1728776779000,rejected_non_intersecting_native_grid
2024-10,NASA/HLS/HLSL30/v002/T51TXJ_20241013T022735,L30,1728786455000,native_grid_intersects_roi
2024-10,NASA/HLS/HLSS30/v002/T01UBT_20241013T231559,S30,1728861359000,rejected_non_intersecting_native_grid
2024-10,NASA/HLS/HLSS30/v002/T60UXC_20241013T231559,S30,1728861359000,rejected_non_intersecting_native_grid
2024-10,NASA/HLS/HLSL30/v002/T51TXJ_20241014T022151,L30,1728872511000,native_grid_intersects_roi
2024-10,NASA/HLS/HLSS30/v002/T51TXJ_20241014T023549,S30,1728873349000,native_grid_intersects_roi
2024-10,NASA/HLS/HLSS30/v002/T01KAA_20241014T221941,S30,1728944381000,rejected_non_intersecting_native_grid
2024-10,NASA/HLS/HLSS30/v002/T01KAB_20241014T221941,S30,1728944381000,rejected_non_intersecting_native_grid
2024-10,NASA/HLS/HLSS30/v002/T01LAC_20241014T221941,S30,1728944381000,rejected_non_intersecting_native_grid
2024-10,NASA/HLS/HLSS30/v002/T01VCK_20241014T233651,S30,1728949011000,rejected_non_intersecting_native_grid
2024-10,NASA/HLS/HLSS30/v002/T01VCL_20241014T233651,S30,1728949011000,rejected_non_intersecting_native_grid
2024-10,NASA/HLS/HLSS30/v002/T01WCP_20241014T233651,S30,1728949011000,rejected_non_intersecting_native_grid
2024-10,NASA/HLS/HLSS30/v002/T60VXQ_20241014T233651,S30,1728949011000,rejected_non_intersecting_native_grid
2024-10,NASA/HLS/HLSS30/v002/T60VXR_20241014T233651,S30,1728949011000,rejected_non_intersecting_native_grid
2024-10,NASA/HLS/HLSS30/v002/T01UBS_20241015T230531,S30,1729033531000,rejected_non_intersecting_native_grid
2024-10,NASA/HLS/HLSS30/v002/T01UBT_20241015T230531,S30,1729033531000,rejected_non_intersecting_native_grid
2024-10,NASA/HLS/HLSS30/v002/T60UXC_20241015T230531,S30,1729033531000,rejected_non_intersecting_native_grid
2024-10,NASA/HLS/HLSS30/v002/T01VCK_20241016T232629,S30,1729121189000,rejected_non_intersecting_native_grid
2024-10,NASA/HLS/HLSS30/v002/T60VXQ_20241016T232629,S30,1729121189000,rejected_non_intersecting_native_grid
2024-10,NASA/HLS/HLSS30/v002/T01VCL_20241017T234621,S30,1729208781000,rejected_non_intersecting_native_grid
2024-10,NASA/HLS/HLSS30/v002/T01WCM_20241017T234621,S30,1729208781000,rejected_non_intersecting_native_grid
2024-10,NASA/HLS/HLSS30/v002/T01WCP_20241017T234621,S30,1729208781000,rejected_non_intersecting_native_grid
2024-10,NASA/HLS/HLSS30/v002/T60VXR_20241017T234621,S30,1729208781000,rejected_non_intersecting_native_grid
2024-10,NASA/HLS/HLSS30/v002/T51TXJ_20241019T023721,S30,1729305441000,native_grid_intersects_roi
2024-10,NASA/HLS/HLSS30/v002/T01KAA_20241019T221939,S30,1729376379000,rejected_non_intersecting_native_grid
2024-10,NASA/HLS/HLSS30/v002/T01KAB_20241019T221939,S30,1729376379000,rejected_non_intersecting_native_grid
2024-10,NASA/HLS/HLSS30/v002/T01KAU_20241019T221939,S30,1729376379000,rejected_non_intersecting_native_grid
2024-10,NASA/HLS/HLSS30/v002/T01KAV_20241019T221939,S30,1729376379000,rejected_non_intersecting_native_grid
2024-10,NASA/HLS/HLSS30/v002/T01LAC_20241019T221939,S30,1729376379000,rejected_non_intersecting_native_grid
2024-10,NASA/HLS/HLSS30/v002/T01UBT_20241020T230529,S30,1729465529000,rejected_non_intersecting_native_grid
2024-10,NASA/HLS/HLSL30/v002/T51TXJ_20241021T022741,L30,1729477661000,native_grid_intersects_roi
2024-10,NASA/HLS/HLSS30/v002/T01VCK_20241021T232631,S30,1729553191000,rejected_non_intersecting_native_grid
2024-10,NASA/HLS/HLSS30/v002/T60VXQ_20241021T232631,S30,1729553191000,rejected_non_intersecting_native_grid
2024-10,NASA/HLS/HLSL30/v002/T51TXJ_20241022T022134,L30,1729563694000,native_grid_intersects_roi
2024-10,NASA/HLS/HLSS30/v002/T01LAK_20241022T222759,S30,1729636079000,rejected_non_intersecting_native_grid
2024-10,NASA/HLS/HLSS30/v002/T01VCL_20241022T234619,S30,1729640779000,rejected_non_intersecting_native_grid
2024-10,NASA/HLS/HLSS30/v002/T01WCM_20241022T234619,S30,1729640779000,rejected_non_intersecting_native_grid
2024-10,NASA/HLS/HLSS30/v002/T60VXR_20241022T234619,S30,1729640779000,rejected_non_intersecting_native_grid
2024-10,NASA/HLS/HLSS30/v002/T51TXJ_20241024T023659,S30,1729737419000,native_grid_intersects_roi
2024-10,NASA/HLS/HLSS30/v002/T01KAA_20241024T221941,S30,1729808381000,rejected_non_intersecting_native_grid
2024-10,NASA/HLS/HLSS30/v002/T01KAB_20241024T221941,S30,1729808381000,rejected_non_intersecting_native_grid
2024-10,NASA/HLS/HLSS30/v002/T01KAU_20241024T221941,S30,1729808381000,rejected_non_intersecting_native_grid
2024-10,NASA/HLS/HLSS30/v002/T01KAV_20241024T221941,S30,1729808381000,rejected_non_intersecting_native_grid
2024-10,NASA/HLS/HLSS30/v002/T01LAC_20241024T221941,S30,1729808381000,rejected_non_intersecting_native_grid
2024-10,NASA/HLS/HLSS30/v002/T01VCK_20241024T233651,S30,1729813011000,rejected_non_intersecting_native_grid
2024-10,NASA/HLS/HLSS30/v002/T01VCL_20241024T233651,S30,1729813011000,rejected_non_intersecting_native_grid
2024-10,NASA/HLS/HLSS30/v002/T60VXQ_20241024T233651,S30,1729813011000,rejected_non_intersecting_native_grid
2024-10,NASA/HLS/HLSS30/v002/T60VXR_20241024T233651,S30,1729813011000,rejected_non_intersecting_native_grid
2024-10,NASA/HLS/HLSS30/v002/T01LAK_20241027T222801,S30,1730068081000,rejected_non_intersecting_native_grid
2024-10,NASA/HLS/HLSS30/v002/T01UBT_20241028T231701,S30,1730157421000,rejected_non_intersecting_native_grid
2024-10,NASA/HLS/HLSS30/v002/T60UXC_20241028T231701,S30,1730157421000,rejected_non_intersecting_native_grid
2024-10,NASA/HLS/HLSL30/v002/T51TXJ_20241029T022745,L30,1730168865000,native_grid_intersects_roi
2024-10,NASA/HLS/HLSS30/v002/T51TXJ_20241029T023821,S30,1730169501000,native_grid_intersects_roi
2024-10,NASA/HLS/HLSS30/v002/T01KAA_20241029T221939,S30,1730240379000,rejected_non_intersecting_native_grid
2024-10,NASA/HLS/HLSS30/v002/T01KAB_20241029T221939,S30,1730240379000,rejected_non_intersecting_native_grid
2024-10,NASA/HLS/HLSS30/v002/T01KAU_20241029T221939,S30,1730240379000,rejected_non_intersecting_native_grid
2024-10,NASA/HLS/HLSS30/v002/T01LAC_20241029T221939,S30,1730240379000,rejected_non_intersecting_native_grid
2024-10,NASA/HLS/HLSL30/v002/T51TXJ_20241030T022146,L30,1730254906000,native_grid_intersects_roi
2024-10,NASA/HLS/HLSS30/v002/T01UBS_20241030T230609,S30,1730329569000,rejected_non_intersecting_native_grid
2024-10,NASA/HLS/HLSS30/v002/T01UBT_20241030T230609,S30,1730329569000,rejected_non_intersecting_native_grid
2024-10,NASA/HLS/HLSS30/v002/T60UXB_20241030T230609,S30,1730329569000,rejected_non_intersecting_native_grid
2024-10,NASA/HLS/HLSS30/v002/T60UXC_20241030T230609,S30,1730329569000,rejected_non_intersecting_native_grid
2024-11,NASA/HLS/HLSS30/v002/T01FBF_20241101T214911,S30,1730497751000,rejected_non_intersecting_native_grid
2024-11,NASA/HLS/HLSS30/v002/T01UBT_20241102T231629,S30,1730589389000,rejected_non_intersecting_native_grid
2024-11,NASA/HLS/HLSS30/v002/T60UXC_20241102T231629,S30,1730589389000,rejected_non_intersecting_native_grid
2024-11,NASA/HLS/HLSS30/v002/T01KAA_20241103T221941,S30,1730672381000,rejected_non_intersecting_native_grid
2024-11,NASA/HLS/HLSS30/v002/T01KAB_20241103T221941,S30,1730672381000,rejected_non_intersecting_native_grid
2024-11,NASA/HLS/HLSS30/v002/T01KAU_20241103T221941,S30,1730672381000,rejected_non_intersecting_native_grid
2024-11,NASA/HLS/HLSS30/v002/T01KAV_20241103T221941,S30,1730672381000,rejected_non_intersecting_native_grid
2024-11,NASA/HLS/HLSS30/v002/T01LAC_20241103T221941,S30,1730672381000,rejected_non_intersecting_native_grid
2024-11,NASA/HLS/HLSS30/v002/T01UBS_20241104T230731,S30,1730761651000,rejected_non_intersecting_native_grid
2024-11,NASA/HLS/HLSS30/v002/T01UBT_20241104T230731,S30,1730761651000,rejected_non_intersecting_native_grid
2024-11,NASA/HLS/HLSS30/v002/T60UXB_20241104T230731,S30,1730761651000,rejected_non_intersecting_native_grid
2024-11,NASA/HLS/HLSS30/v002/T60UXC_20241104T230731,S30,1730761651000,rejected_non_intersecting_native_grid
2024-11,NASA/HLS/HLSL30/v002/T51TXJ_20241106T022736,L30,1730860056000,native_grid_intersects_roi
2024-11,NASA/HLS/HLSS30/v002/T01FBF_20241106T214859,S30,1730929739000,rejected_non_intersecting_native_grid
2024-11,NASA/HLS/HLSS30/v002/T01LAK_20241106T222751,S30,1730932071000,rejected_non_intersecting_native_grid
2024-11,NASA/HLS/HLSL30/v002/T51TXJ_20241107T022131,L30,1730946091000,native_grid_intersects_roi
2024-11,NASA/HLS/HLSS30/v002/T51TXJ_20241108T023921,S30,1731033561000,native_grid_intersects_roi
2024-11,NASA/HLS/HLSS30/v002/T01KAU_20241108T221929,S30,1731104369000,rejected_non_intersecting_native_grid
2024-11,NASA/HLS/HLSS30/v002/T01LAC_20241108T221929,S30,1731104369000,rejected_non_intersecting_native_grid
2024-11,NASA/HLS/HLSS30/v002/T01UBT_20241109T230659,S30,1731193619000,rejected_non_intersecting_native_grid
2024-11,NASA/HLS/HLSS30/v002/T60UXB_20241109T230659,S30,1731193619000,rejected_non_intersecting_native_grid
2024-11,NASA/HLS/HLSS30/v002/T60UXC_20241109T230659,S30,1731193619000,rejected_non_intersecting_native_grid
2024-11,NASA/HLS/HLSS30/v002/T01FBF_20241111T214911,S30,1731361751000,rejected_non_intersecting_native_grid
2024-11,NASA/HLS/HLSS30/v002/T01LAK_20241111T222749,S30,1731364069000,rejected_non_intersecting_native_grid
2024-11,NASA/HLS/HLSS30/v002/T01UBT_20241112T231719,S30,1731453439000,rejected_non_intersecting_native_grid
2024-11,NASA/HLS/HLSS30/v002/T60UXC_20241112T231719,S30,1731453439000,rejected_non_intersecting_native_grid
2024-11,NASA/HLS/HLSS30/v002/T51TXJ_20241113T023849,S30,1731465529000,native_grid_intersects_roi
2024-11,NASA/HLS/HLSS30/v002/T01KAA_20241113T221941,S30,1731536381000,rejected_non_intersecting_native_grid
2024-11,NASA/HLS/HLSS30/v002/T01KAB_20241113T221941,S30,1731536381000,rejected_non_intersecting_native_grid
2024-11,NASA/HLS/HLSS30/v002/T01KAU_20241113T221941,S30,1731536381000,rejected_non_intersecting_native_grid
2024-11,NASA/HLS/HLSS30/v002/T01KAV_20241113T221941,S30,1731536381000,rejected_non_intersecting_native_grid
2024-11,NASA/HLS/HLSL30/v002/T51TXJ_20241114T022738,L30,1731551258000,native_grid_intersects_roi
2024-11,NASA/HLS/HLSS30/v002/T01UBT_20241114T230821,S30,1731625701000,rejected_non_intersecting_native_grid
2024-11,NASA/HLS/HLSS30/v002/T60UXC_20241114T230821,S30,1731625701000,rejected_non_intersecting_native_grid
2024-11,NASA/HLS/HLSL30/v002/T51TXJ_20241115T022123,L30,1731637283000,native_grid_intersects_roi
2024-11,NASA/HLS/HLSS30/v002/T01FBF_20241116T214909,S30,1731793749000,rejected_non_intersecting_native_grid
2024-11,NASA/HLS/HLSS30/v002/T01LAK_20241116T222801,S30,1731796081000,rejected_non_intersecting_native_grid
2024-11,NASA/HLS/HLSS30/v002/T01UBT_20241117T231841,S30,1731885521000,rejected_non_intersecting_native_grid
2024-11,NASA/HLS/HLSS30/v002/T60UXC_20241117T231841,S30,1731885521000,rejected_non_intersecting_native_grid
2024-11,NASA/HLS/HLSS30/v002/T51TXJ_20241118T024011,S30,1731897611000,native_grid_intersects_roi
2024-11,NASA/HLS/HLSS30/v002/T01KAA_20241118T221939,S30,1731968379000,rejected_non_intersecting_native_grid
2024-11,NASA/HLS/HLSS30/v002/T01KAB_20241118T221939,S30,1731968379000,rejected_non_intersecting_native_grid
2024-11,NASA/HLS/HLSS30/v002/T01KAU_20241118T221939,S30,1731968379000,rejected_non_intersecting_native_grid
2024-11,NASA/HLS/HLSS30/v002/T01KAV_20241118T221939,S30,1731968379000,rejected_non_intersecting_native_grid
2024-11,NASA/HLS/HLSS30/v002/T01LAC_20241118T221939,S30,1731968379000,rejected_non_intersecting_native_grid
2024-11,NASA/HLS/HLSS30/v002/T01UBT_20241119T230749,S30,1732057669000,rejected_non_intersecting_native_grid
2024-11,NASA/HLS/HLSS30/v002/T60UXC_20241119T230749,S30,1732057669000,rejected_non_intersecting_native_grid
2024-11,NASA/HLS/HLSS30/v002/T01LAK_20241121T222759,S30,1732228079000,rejected_non_intersecting_native_grid
2024-11,NASA/HLS/HLSL30/v002/T51TXJ_20241122T022744,L30,1732242464000,native_grid_intersects_roi
2024-11,NASA/HLS/HLSS30/v002/T01UBT_20241122T231809,S30,1732317489000,rejected_non_intersecting_native_grid
2024-11,NASA/HLS/HLSS30/v002/T60UXC_20241122T231809,S30,1732317489000,rejected_non_intersecting_native_grid
2024-11,NASA/HLS/HLSL30/v002/T51TXJ_20241123T022139,L30,1732328499000,native_grid_intersects_roi
2024-11,NASA/HLS/HLSS30/v002/T51TXJ_20241123T023939,S30,1732329579000,native_grid_intersects_roi
2024-11,NASA/HLS/HLSS30/v002/T01KAA_20241123T221941,S30,1732400381000,rejected_non_intersecting_native_grid
2024-11,NASA/HLS/HLSS30/v002/T01KAB_20241123T221941,S30,1732400381000,rejected_non_intersecting_native_grid
2024-11,NASA/HLS/HLSS30/v002/T01KAU_20241123T221941,S30,1732400381000,rejected_non_intersecting_native_grid
2024-11,NASA/HLS/HLSS30/v002/T01KAV_20241123T221941,S30,1732400381000,rejected_non_intersecting_native_grid
2024-11,NASA/HLS/HLSS30/v002/T01LAC_20241123T221941,S30,1732400381000,rejected_non_intersecting_native_grid
2024-11,NASA/HLS/HLSS30/v002/T01UBT_20241124T230901,S30,1732489741000,rejected_non_intersecting_native_grid
2024-11,NASA/HLS/HLSS30/v002/T60UXC_20241124T230901,S30,1732489741000,rejected_non_intersecting_native_grid
2024-11,NASA/HLS/HLSS30/v002/T01FBF_20241126T214909,S30,1732657749000,rejected_non_intersecting_native_grid
2024-11,NASA/HLS/HLSS30/v002/T01LAK_20241126T222751,S30,1732660071000,rejected_non_intersecting_native_grid
2024-11,NASA/HLS/HLSS30/v002/T01UBT_20241127T231921,S30,1732749561000,rejected_non_intersecting_native_grid
2024-11,NASA/HLS/HLSS30/v002/T60UXC_20241127T231921,S30,1732749561000,rejected_non_intersecting_native_grid
2024-11,NASA/HLS/HLSS30/v002/T51TXJ_20241128T024031,S30,1732761631000,native_grid_intersects_roi
2024-11,NASA/HLS/HLSS30/v002/T01KAA_20241128T221939,S30,1732832379000,rejected_non_intersecting_native_grid
2024-11,NASA/HLS/HLSS30/v002/T01KAB_20241128T221939,S30,1732832379000,rejected_non_intersecting_native_grid
2024-11,NASA/HLS/HLSS30/v002/T01LAC_20241128T221939,S30,1732832379000,rejected_non_intersecting_native_grid
2024-11,NASA/HLS/HLSS30/v002/T01UBS_20241129T230829,S30,1732921709000,rejected_non_intersecting_native_grid
2024-11,NASA/HLS/HLSS30/v002/T01UBT_20241129T230829,S30,1732921709000,rejected_non_intersecting_native_grid
2024-11,NASA/HLS/HLSS30/v002/T60UXC_20241129T230829,S30,1732921709000,rejected_non_intersecting_native_grid
2024-11,NASA/HLS/HLSL30/v002/T51TXJ_20241130T022752,L30,1732933672000,native_grid_intersects_roi
2024-12,NASA/HLS/HLSL30/v002/T51TXJ_20241201T022200,L30,1733019720000,native_grid_intersects_roi
2024-12,NASA/HLS/HLSS30/v002/T01FBF_20241201T214911,S30,1733089751000,rejected_non_intersecting_native_grid
2024-12,NASA/HLS/HLSS30/v002/T01LAK_20241201T222759,S30,1733092079000,rejected_non_intersecting_native_grid
2024-12,NASA/HLS/HLSS30/v002/T01KAA_20241203T221941,S30,1733264381000,rejected_non_intersecting_native_grid
2024-12,NASA/HLS/HLSS30/v002/T01KAB_20241203T221941,S30,1733264381000,rejected_non_intersecting_native_grid
2024-12,NASA/HLS/HLSS30/v002/T01KAU_20241203T221941,S30,1733264381000,rejected_non_intersecting_native_grid
2024-12,NASA/HLS/HLSS30/v002/T01KAV_20241203T221941,S30,1733264381000,rejected_non_intersecting_native_grid
2024-12,NASA/HLS/HLSS30/v002/T01LAC_20241203T221941,S30,1733264381000,rejected_non_intersecting_native_grid
2024-12,NASA/HLS/HLSS30/v002/T01UBS_20241204T230931,S30,1733353771000,rejected_non_intersecting_native_grid
2024-12,NASA/HLS/HLSS30/v002/T01UBT_20241204T230931,S30,1733353771000,rejected_non_intersecting_native_grid
2024-12,NASA/HLS/HLSS30/v002/T60UXC_20241204T230931,S30,1733353771000,rejected_non_intersecting_native_grid
2024-12,NASA/HLS/HLSS30/v002/T01LAK_20241206T222801,S30,1733524081000,rejected_non_intersecting_native_grid
2024-12,NASA/HLS/HLSS30/v002/T01UBT_20241207T231951,S30,1733613591000,rejected_non_intersecting_native_grid
2024-12,NASA/HLS/HLSS30/v002/T60UXC_20241207T231951,S30,1733613591000,rejected_non_intersecting_native_grid
2024-12,NASA/HLS/HLSS30/v002/T51TXJ_20241208T024111,S30,1733625671000,native_grid_intersects_roi
2024-12,NASA/HLS/HLSS30/v002/T01KAA_20241208T221939,S30,1733696379000,rejected_non_intersecting_native_grid
2024-12,NASA/HLS/HLSS30/v002/T01KAB_20241208T221939,S30,1733696379000,rejected_non_intersecting_native_grid
2024-12,NASA/HLS/HLSS30/v002/T01KAU_20241208T221939,S30,1733696379000,rejected_non_intersecting_native_grid
2024-12,NASA/HLS/HLSS30/v002/T01KAV_20241208T221939,S30,1733696379000,rejected_non_intersecting_native_grid
2024-12,NASA/HLS/HLSS30/v002/T01LAC_20241208T221939,S30,1733696379000,rejected_non_intersecting_native_grid
2024-12,NASA/HLS/HLSL30/v002/T51TXJ_20241209T022130,L30,1733710890000,native_grid_intersects_roi
2024-12,NASA/HLS/HLSS30/v002/T01UBS_20241209T230849,S30,1733785729000,rejected_non_intersecting_native_grid
2024-12,NASA/HLS/HLSS30/v002/T01UBT_20241209T230849,S30,1733785729000,rejected_non_intersecting_native_grid
2024-12,NASA/HLS/HLSS30/v002/T60UXB_20241209T230849,S30,1733785729000,rejected_non_intersecting_native_grid
2024-12,NASA/HLS/HLSS30/v002/T60UXC_20241209T230849,S30,1733785729000,rejected_non_intersecting_native_grid
2024-12,NASA/HLS/HLSS30/v002/T01FBF_20241211T214911,S30,1733953751000,rejected_non_intersecting_native_grid
2024-12,NASA/HLS/HLSS30/v002/T01LAK_20241211T222759,S30,1733956079000,rejected_non_intersecting_native_grid
2024-12,NASA/HLS/HLSS30/v002/T51TXJ_20241213T024029,S30,1734057629000,native_grid_intersects_roi
2024-12,NASA/HLS/HLSS30/v002/T01KAA_20241213T221941,S30,1734128381000,rejected_non_intersecting_native_grid
2024-12,NASA/HLS/HLSS30/v002/T01KAB_20241213T221941,S30,1734128381000,rejected_non_intersecting_native_grid
2024-12,NASA/HLS/HLSS30/v002/T01KAU_20241213T221941,S30,1734128381000,rejected_non_intersecting_native_grid
2024-12,NASA/HLS/HLSS30/v002/T01KAV_20241213T221941,S30,1734128381000,rejected_non_intersecting_native_grid
2024-12,NASA/HLS/HLSS30/v002/T01LAC_20241213T221941,S30,1734128381000,rejected_non_intersecting_native_grid
2024-12,NASA/HLS/HLSS30/v002/T01FBF_20241216T214909,S30,1734385749000,rejected_non_intersecting_native_grid
2024-12,NASA/HLS/HLSS30/v002/T01LAK_20241216T222801,S30,1734388081000,rejected_non_intersecting_native_grid
2024-12,NASA/HLS/HLSL30/v002/T51TXJ_20241217T022126,L30,1734402086000,native_grid_intersects_roi
2024-12,NASA/HLS/HLSS30/v002/T01UBT_20241217T232001,S30,1734477601000,rejected_non_intersecting_native_grid
2024-12,NASA/HLS/HLSS30/v002/T60UXC_20241217T232001,S30,1734477601000,rejected_non_intersecting_native_grid
2024-12,NASA/HLS/HLSS30/v002/T51TXJ_20241218T024121,S30,1734489681000,native_grid_intersects_roi
2024-12,NASA/HLS/HLSS30/v002/T01KAA_20241218T221939,S30,1734560379000,rejected_non_intersecting_native_grid
2024-12,NASA/HLS/HLSS30/v002/T01KAB_20241218T221939,S30,1734560379000,rejected_non_intersecting_native_grid
2024-12,NASA/HLS/HLSS30/v002/T01KAU_20241218T221939,S30,1734560379000,rejected_non_intersecting_native_grid
2024-12,NASA/HLS/HLSS30/v002/T01KAV_20241218T221939,S30,1734560379000,rejected_non_intersecting_native_grid
2024-12,NASA/HLS/HLSS30/v002/T01LAC_20241218T221939,S30,1734560379000,rejected_non_intersecting_native_grid
2024-12,NASA/HLS/HLSS30/v002/T01UBS_20241219T230859,S30,1734649739000,rejected_non_intersecting_native_grid
2024-12,NASA/HLS/HLSS30/v002/T01UBT_20241219T230859,S30,1734649739000,rejected_non_intersecting_native_grid
2024-12,NASA/HLS/HLSS30/v002/T01FBF_20241221T214911,S30,1734817751000,rejected_non_intersecting_native_grid
2024-12,NASA/HLS/HLSS30/v002/T01LAK_20241221T222759,S30,1734820079000,rejected_non_intersecting_native_grid
2024-12,NASA/HLS/HLSS30/v002/T01UBT_20241222T231909,S30,1734909549000,rejected_non_intersecting_native_grid
2024-12,NASA/HLS/HLSS30/v002/T60UXC_20241222T231909,S30,1734909549000,rejected_non_intersecting_native_grid
2024-12,NASA/HLS/HLSS30/v002/T51TXJ_20241223T024029,S30,1734921629000,native_grid_intersects_roi
2024-12,NASA/HLS/HLSL30/v002/T51TXJ_20241224T022739,L30,1735007259000,native_grid_intersects_roi
2024-12,NASA/HLS/HLSS30/v002/T01UBS_20241224T231001,S30,1735081801000,rejected_non_intersecting_native_grid
2024-12,NASA/HLS/HLSL30/v002/T51TXJ_20241225T022136,L30,1735093296000,native_grid_intersects_roi
2024-12,NASA/HLS/HLSS30/v002/T01FBF_20241226T214909,S30,1735249749000,rejected_non_intersecting_native_grid
2024-12,NASA/HLS/HLSS30/v002/T01LAJ_20241226T222801,S30,1735252081000,rejected_non_intersecting_native_grid
2024-12,NASA/HLS/HLSS30/v002/T01LAK_20241226T222801,S30,1735252081000,rejected_non_intersecting_native_grid
2024-12,NASA/HLS/HLSS30/v002/T51TXJ_20241228T024121,S30,1735353681000,native_grid_intersects_roi
2024-12,NASA/HLS/HLSS30/v002/T01KAA_20241228T221939,S30,1735424379000,rejected_non_intersecting_native_grid
2024-12,NASA/HLS/HLSS30/v002/T01KAB_20241228T221939,S30,1735424379000,rejected_non_intersecting_native_grid
2024-12,NASA/HLS/HLSS30/v002/T01KAU_20241228T221939,S30,1735424379000,rejected_non_intersecting_native_grid
2024-12,NASA/HLS/HLSS30/v002/T01LAC_20241228T221939,S30,1735424379000,rejected_non_intersecting_native_grid
2024-12,NASA/HLS/HLSS30/v002/T01UBS_20241229T230859,S30,1735513739000,rejected_non_intersecting_native_grid
2024-12,NASA/HLS/HLSS30/v002/T01UBT_20241229T230859,S30,1735513739000,rejected_non_intersecting_native_grid
2024-12,NASA/HLS/HLSS30/v002/T60UXC_20241229T230859,S30,1735513739000,rejected_non_intersecting_native_grid
2024-12,NASA/HLS/HLSS30/v002/T01FBF_20241231T214911,S30,1735681751000,rejected_non_intersecting_native_grid
