roi_id,month,window_start,window_end_exclusive,output_file,band_index_1based,band_name,variable,acquisition_time_utc,time_start_ms,branch,source_id,source_collection,source_red,source_nir,source_qa,grid_crs,grid_transform,qa_applied,temporal_composite,interpolated,smoothed,ndvi_formula,ndvi_units,qa_storage,nodata,storage,version
NE_RICE,2024-01,2024-01-01,2024-02-01,NE_RICE_HLS_2024-01_g1_NDVI_FMASK_v1.tif,1,s0000_L30_20240104T015559000_NDVI,NDVI,2024-01-04T01:55:59.000Z,1704333359000,L30,NASA/HLS/HLSL30/v002/T52TGT_20240104T015559,NASA/HLS/HLSL30/v002,B4,B5,Fmask,EPSG:32652,"[30,0,699960,0,-30,5300040]",false,false,false,false,(NIR-RED)/(NIR+RED); mask denominator=0; keep source masks,dimensionless; no further scale needed,exact_uint8_values_in_Float32,-9999,Float32,1.0
NE_RICE,2024-01,2024-01-01,2024-02-01,NE_RICE_HLS_2024-01_g1_NDVI_FMASK_v1.tif,2,s0000_L30_20240104T015559000_FMASK,FMASK,2024-01-04T01:55:59.000Z,1704333359000,L30,NASA/HLS/HLSL30/v002/T52TGT_20240104T015559,NASA/HLS/HLSL30/v002,B4,B5,Fmask,EPSG:32652,"[30,0,699960,0,-30,5300040]",false,false,false,false,(NIR-RED)/(NIR+RED); mask denominator=0; keep source masks,dimensionless; no further scale needed,exact_uint8_values_in_Float32,-9999,Float32,1.0
NE_RICE,2024-01,2024-01-01,2024-02-01,NE_RICE_HLS_2024-01_g1_NDVI_FMASK_v1.tif,3,s0001_S30_20240104T021101000_NDVI,NDVI,2024-01-04T02:11:01.000Z,1704334261000,S30,NASA/HLS/HLSS30/v002/T52TGT_20240104T021101,NASA/HLS/HLSS30/v002,B4,B8A,Fmask,EPSG:32652,"[30,0,699960,0,-30,5300040]",false,false,false,false,(NIR-RED)/(NIR+RED); mask denominator=0; keep source masks,dimensionless; no further scale needed,exact_uint8_values_in_Float32,-9999,Float32,1.0
NE_RICE,2024-01,2024-01-01,2024-02-01,NE_RICE_HLS_2024-01_g1_NDVI_FMASK_v1.tif,4,s0001_S30_20240104T021101000_FMASK,FMASK,2024-01-04T02:11:01.000Z,1704334261000,S30,NASA/HLS/HLSS30/v002/T52TGT_20240104T021101,NASA/HLS/HLSS30/v002,B4,B8A,Fmask,EPSG:32652,"[30,0,699960,0,-30,5300040]",false,false,false,false,(NIR-RED)/(NIR+RED); mask denominator=0; keep source masks,dimensionless; no further scale needed,exact_uint8_values_in_Float32,-9999,Float32,1.0
NE_RICE,2024-01,2024-01-01,2024-02-01,NE_RICE_HLS_2024-01_g1_NDVI_FMASK_v1.tif,5,s0002_S30_20240109T021049000_NDVI,NDVI,2024-01-09T02:10:49.000Z,1704766249000,S30,NASA/HLS/HLSS30/v002/T52TGT_20240109T021049,NASA/HLS/HLSS30/v002,B4,B8A,Fmask,EPSG:32652,"[30,0,699960,0,-30,5300040]",false,false,false,false,(NIR-RED)/(NIR+RED); mask denominator=0; keep source masks,dimensionless; no further scale needed,exact_uint8_values_in_Float32,-9999,Float32,1.0
NE_RICE,2024-01,2024-01-01,2024-02-01,NE_RICE_HLS_2024-01_g1_NDVI_FMASK_v1.tif,6,s0002_S30_20240109T021049000_FMASK,FMASK,2024-01-09T02:10:49.000Z,1704766249000,S30,NASA/HLS/HLSS30/v002/T52TGT_20240109T021049,NASA/HLS/HLSS30/v002,B4,B8A,Fmask,EPSG:32652,"[30,0,699960,0,-30,5300040]",false,false,false,false,(NIR-RED)/(NIR+RED); mask denominator=0; keep source masks,dimensionless; no further scale needed,exact_uint8_values_in_Float32,-9999,Float32,1.0
NE_RICE,2024-01,2024-01-01,2024-02-01,NE_RICE_HLS_2024-01_g1_NDVI_FMASK_v1.tif,7,s0003_L30_20240112T015611000_NDVI,NDVI,2024-01-12T01:56:11.000Z,1705024571000,L30,NASA/HLS/HLSL30/v002/T52TGT_20240112T015611,NASA/HLS/HLSL30/v002,B4,B5,Fmask,EPSG:32652,"[30,0,699960,0,-30,5300040]",false,false,false,false,(NIR-RED)/(NIR+RED); mask denominator=0; keep source masks,dimensionless; no further scale needed,exact_uint8_values_in_Float32,-9999,Float32,1.0
NE_RICE,2024-01,2024-01-01,2024-02-01,NE_RICE_HLS_2024-01_g1_NDVI_FMASK_v1.tif,8,s0003_L30_20240112T015611000_FMASK,FMASK,2024-01-12T01:56:11.000Z,1705024571000,L30,NASA/HLS/HLSL30/v002/T52TGT_20240112T015611,NASA/HLS/HLSL30/v002,B4,B5,Fmask,EPSG:32652,"[30,0,699960,0,-30,5300040]",false,false,false,false,(NIR-RED)/(NIR+RED); mask denominator=0; keep source masks,dimensionless; no further scale needed,exact_uint8_values_in_Float32,-9999,Float32,1.0
NE_RICE,2024-01,2024-01-01,2024-02-01,NE_RICE_HLS_2024-01_g1_NDVI_FMASK_v1.tif,9,s0004_S30_20240119T021019000_NDVI,NDVI,2024-01-19T02:10:19.000Z,1705630219000,S30,NASA/HLS/HLSS30/v002/T52TGT_20240119T021019,NASA/HLS/HLSS30/v002,B4,B8A,Fmask,EPSG:32652,"[30,0,699960,0,-30,5300040]",false,false,false,false,(NIR-RED)/(NIR+RED); mask denominator=0; keep source masks,dimensionless; no further scale needed,exact_uint8_values_in_Float32,-9999,Float32,1.0
NE_RICE,2024-01,2024-01-01,2024-02-01,NE_RICE_HLS_2024-01_g1_NDVI_FMASK_v1.tif,10,s0004_S30_20240119T021019000_FMASK,FMASK,2024-01-19T02:10:19.000Z,1705630219000,S30,NASA/HLS/HLSS30/v002/T52TGT_20240119T021019,NASA/HLS/HLSS30/v002,B4,B8A,Fmask,EPSG:32652,"[30,0,699960,0,-30,5300040]",false,false,false,false,(NIR-RED)/(NIR+RED); mask denominator=0; keep source masks,dimensionless; no further scale needed,exact_uint8_values_in_Float32,-9999,Float32,1.0
NE_RICE,2024-01,2024-01-01,2024-02-01,NE_RICE_HLS_2024-01_g1_NDVI_FMASK_v1.tif,11,s0005_L30_20240120T015600000_NDVI,NDVI,2024-01-20T01:56:00.000Z,1705715760000,L30,NASA/HLS/HLSL30/v002/T52TGT_20240120T015600,NASA/HLS/HLSL30/v002,B4,B5,Fmask,EPSG:32652,"[30,0,699960,0,-30,5300040]",false,false,false,false,(NIR-RED)/(NIR+RED); mask denominator=0; keep source masks,dimensionless; no further scale needed,exact_uint8_values_in_Float32,-9999,Float32,1.0
NE_RICE,2024-01,2024-01-01,2024-02-01,NE_RICE_HLS_2024-01_g1_NDVI_FMASK_v1.tif,12,s0005_L30_20240120T015600000_FMASK,FMASK,2024-01-20T01:56:00.000Z,1705715760000,L30,NASA/HLS/HLSL30/v002/T52TGT_20240120T015600,NASA/HLS/HLSL30/v002,B4,B5,Fmask,EPSG:32652,"[30,0,699960,0,-30,5300040]",false,false,false,false,(NIR-RED)/(NIR+RED); mask denominator=0; keep source masks,dimensionless; no further scale needed,exact_uint8_values_in_Float32,-9999,Float32,1.0
NE_RICE,2024-01,2024-01-01,2024-02-01,NE_RICE_HLS_2024-01_g1_NDVI_FMASK_v1.tif,13,s0006_S30_20240124T020951000_NDVI,NDVI,2024-01-24T02:09:51.000Z,1706062191000,S30,NASA/HLS/HLSS30/v002/T52TGT_20240124T020951,NASA/HLS/HLSS30/v002,B4,B8A,Fmask,EPSG:32652,"[30,0,699960,0,-30,5300040]",false,false,false,false,(NIR-RED)/(NIR+RED); mask denominator=0; keep source masks,dimensionless; no further scale needed,exact_uint8_values_in_Float32,-9999,Float32,1.0
NE_RICE,2024-01,2024-01-01,2024-02-01,NE_RICE_HLS_2024-01_g1_NDVI_FMASK_v1.tif,14,s0006_S30_20240124T020951000_FMASK,FMASK,2024-01-24T02:09:51.000Z,1706062191000,S30,NASA/HLS/HLSS30/v002/T52TGT_20240124T020951,NASA/HLS/HLSS30/v002,B4,B8A,Fmask,EPSG:32652,"[30,0,699960,0,-30,5300040]",false,false,false,false,(NIR-RED)/(NIR+RED); mask denominator=0; keep source masks,dimensionless; no further scale needed,exact_uint8_values_in_Float32,-9999,Float32,1.0
NE_RICE,2024-01,2024-01-01,2024-02-01,NE_RICE_HLS_2024-01_g1_NDVI_FMASK_v1.tif,15,s0007_L30_20240128T015610000_NDVI,NDVI,2024-01-28T01:56:10.000Z,1706406970000,L30,NASA/HLS/HLSL30/v002/T52TGT_20240128T015610,NASA/HLS/HLSL30/v002,B4,B5,Fmask,EPSG:32652,"[30,0,699960,0,-30,5300040]",false,false,false,false,(NIR-RED)/(NIR+RED); mask denominator=0; keep source masks,dimensionless; no further scale needed,exact_uint8_values_in_Float32,-9999,Float32,1.0
NE_RICE,2024-01,2024-01-01,2024-02-01,NE_RICE_HLS_2024-01_g1_NDVI_FMASK_v1.tif,16,s0007_L30_20240128T015610000_FMASK,FMASK,2024-01-28T01:56:10.000Z,1706406970000,L30,NASA/HLS/HLSL30/v002/T52TGT_20240128T015610,NASA/HLS/HLSL30/v002,B4,B5,Fmask,EPSG:32652,"[30,0,699960,0,-30,5300040]",false,false,false,false,(NIR-RED)/(NIR+RED); mask denominator=0; keep source masks,dimensionless; no further scale needed,exact_uint8_values_in_Float32,-9999,Float32,1.0
NE_RICE,2024-01,2024-01-01,2024-02-01,NE_RICE_HLS_2024-01_g2_NDVI_FMASK_v1.tif,1,s0000_L30_20240104T015559000_NDVI,NDVI,2024-01-04T01:55:59.000Z,1704333359000,L30,NASA/HLS/HLSL30/v002/T53TLN_20240104T015559,NASA/HLS/HLSL30/v002,B4,B5,Fmask,EPSG:32653,"[30,0,300000,0,-30,5300040]",false,false,false,false,(NIR-RED)/(NIR+RED); mask denominator=0; keep source masks,dimensionless; no further scale needed,exact_uint8_values_in_Float32,-9999,Float32,1.0
NE_RICE,2024-01,2024-01-01,2024-02-01,NE_RICE_HLS_2024-01_g2_NDVI_FMASK_v1.tif,2,s0000_L30_20240104T015559000_FMASK,FMASK,2024-01-04T01:55:59.000Z,1704333359000,L30,NASA/HLS/HLSL30/v002/T53TLN_20240104T015559,NASA/HLS/HLSL30/v002,B4,B5,Fmask,EPSG:32653,"[30,0,300000,0,-30,5300040]",false,false,false,false,(NIR-RED)/(NIR+RED); mask denominator=0; keep source masks,dimensionless; no further scale needed,exact_uint8_values_in_Float32,-9999,Float32,1.0
NE_RICE,2024-01,2024-01-01,2024-02-01,NE_RICE_HLS_2024-01_g2_NDVI_FMASK_v1.tif,3,s0001_S30_20240104T021101000_NDVI,NDVI,2024-01-04T02:11:01.000Z,1704334261000,S30,NASA/HLS/HLSS30/v002/T53TLN_20240104T021101,NASA/HLS/HLSS30/v002,B4,B8A,Fmask,EPSG:32653,"[30,0,300000,0,-30,5300040]",false,false,false,false,(NIR-RED)/(NIR+RED); mask denominator=0; keep source masks,dimensionless; no further scale needed,exact_uint8_values_in_Float32,-9999,Float32,1.0
NE_RICE,2024-01,2024-01-01,2024-02-01,NE_RICE_HLS_2024-01_g2_NDVI_FMASK_v1.tif,4,s0001_S30_20240104T021101000_FMASK,FMASK,2024-01-04T02:11:01.000Z,1704334261000,S30,NASA/HLS/HLSS30/v002/T53TLN_20240104T021101,NASA/HLS/HLSS30/v002,B4,B8A,Fmask,EPSG:32653,"[30,0,300000,0,-30,5300040]",false,false,false,false,(NIR-RED)/(NIR+RED); mask denominator=0; keep source masks,dimensionless; no further scale needed,exact_uint8_values_in_Float32,-9999,Float32,1.0
NE_RICE,2024-01,2024-01-01,2024-02-01,NE_RICE_HLS_2024-01_g2_NDVI_FMASK_v1.tif,5,s0002_S30_20240109T021049000_NDVI,NDVI,2024-01-09T02:10:49.000Z,1704766249000,S30,NASA/HLS/HLSS30/v002/T53TLN_20240109T021049,NASA/HLS/HLSS30/v002,B4,B8A,Fmask,EPSG:32653,"[30,0,300000,0,-30,5300040]",false,false,false,false,(NIR-RED)/(NIR+RED); mask denominator=0; keep source masks,dimensionless; no further scale needed,exact_uint8_values_in_Float32,-9999,Float32,1.0
NE_RICE,2024-01,2024-01-01,2024-02-01,NE_RICE_HLS_2024-01_g2_NDVI_FMASK_v1.tif,6,s0002_S30_20240109T021049000_FMASK,FMASK,2024-01-09T02:10:49.000Z,1704766249000,S30,NASA/HLS/HLSS30/v002/T53TLN_20240109T021049,NASA/HLS/HLSS30/v002,B4,B8A,Fmask,EPSG:32653,"[30,0,300000,0,-30,5300040]",false,false,false,false,(NIR-RED)/(NIR+RED); mask denominator=0; keep source masks,dimensionless; no further scale needed,exact_uint8_values_in_Float32,-9999,Float32,1.0
NE_RICE,2024-01,2024-01-01,2024-02-01,NE_RICE_HLS_2024-01_g2_NDVI_FMASK_v1.tif,7,s0003_L30_20240112T015611000_NDVI,NDVI,2024-01-12T01:56:11.000Z,1705024571000,L30,NASA/HLS/HLSL30/v002/T53TLN_20240112T015611,NASA/HLS/HLSL30/v002,B4,B5,Fmask,EPSG:32653,"[30,0,300000,0,-30,5300040]",false,false,false,false,(NIR-RED)/(NIR+RED); mask denominator=0; keep source masks,dimensionless; no further scale needed,exact_uint8_values_in_Float32,-9999,Float32,1.0
NE_RICE,2024-01,2024-01-01,2024-02-01,NE_RICE_HLS_2024-01_g2_NDVI_FMASK_v1.tif,8,s0003_L30_20240112T015611000_FMASK,FMASK,2024-01-12T01:56:11.000Z,1705024571000,L30,NASA/HLS/HLSL30/v002/T53TLN_20240112T015611,NASA/HLS/HLSL30/v002,B4,B5,Fmask,EPSG:32653,"[30,0,300000,0,-30,5300040]",false,false,false,false,(NIR-RED)/(NIR+RED); mask denominator=0; keep source masks,dimensionless; no further scale needed,exact_uint8_values_in_Float32,-9999,Float32,1.0
NE_RICE,2024-01,2024-01-01,2024-02-01,NE_RICE_HLS_2024-01_g2_NDVI_FMASK_v1.tif,9,s0004_S30_20240119T021019000_NDVI,NDVI,2024-01-19T02:10:19.000Z,1705630219000,S30,NASA/HLS/HLSS30/v002/T53TLN_20240119T021019,NASA/HLS/HLSS30/v002,B4,B8A,Fmask,EPSG:32653,"[30,0,300000,0,-30,5300040]",false,false,false,false,(NIR-RED)/(NIR+RED); mask denominator=0; keep source masks,dimensionless; no further scale needed,exact_uint8_values_in_Float32,-9999,Float32,1.0
NE_RICE,2024-01,2024-01-01,2024-02-01,NE_RICE_HLS_2024-01_g2_NDVI_FMASK_v1.tif,10,s0004_S30_20240119T021019000_FMASK,FMASK,2024-01-19T02:10:19.000Z,1705630219000,S30,NASA/HLS/HLSS30/v002/T53TLN_20240119T021019,NASA/HLS/HLSS30/v002,B4,B8A,Fmask,EPSG:32653,"[30,0,300000,0,-30,5300040]",false,false,false,false,(NIR-RED)/(NIR+RED); mask denominator=0; keep source masks,dimensionless; no further scale needed,exact_uint8_values_in_Float32,-9999,Float32,1.0
NE_RICE,2024-01,2024-01-01,2024-02-01,NE_RICE_HLS_2024-01_g2_NDVI_FMASK_v1.tif,11,s0005_L30_20240120T015600000_NDVI,NDVI,2024-01-20T01:56:00.000Z,1705715760000,L30,NASA/HLS/HLSL30/v002/T53TLN_20240120T015600,NASA/HLS/HLSL30/v002,B4,B5,Fmask,EPSG:32653,"[30,0,300000,0,-30,5300040]",false,false,false,false,(NIR-RED)/(NIR+RED); mask denominator=0; keep source masks,dimensionless; no further scale needed,exact_uint8_values_in_Float32,-9999,Float32,1.0
NE_RICE,2024-01,2024-01-01,2024-02-01,NE_RICE_HLS_2024-01_g2_NDVI_FMASK_v1.tif,12,s0005_L30_20240120T015600000_FMASK,FMASK,2024-01-20T01:56:00.000Z,1705715760000,L30,NASA/HLS/HLSL30/v002/T53TLN_20240120T015600,NASA/HLS/HLSL30/v002,B4,B5,Fmask,EPSG:32653,"[30,0,300000,0,-30,5300040]",false,false,false,false,(NIR-RED)/(NIR+RED); mask denominator=0; keep source masks,dimensionless; no further scale needed,exact_uint8_values_in_Float32,-9999,Float32,1.0
NE_RICE,2024-01,2024-01-01,2024-02-01,NE_RICE_HLS_2024-01_g2_NDVI_FMASK_v1.tif,13,s0006_L30_20240128T015610000_NDVI,NDVI,2024-01-28T01:56:10.000Z,1706406970000,L30,NASA/HLS/HLSL30/v002/T53TLN_20240128T015610,NASA/HLS/HLSL30/v002,B4,B5,Fmask,EPSG:32653,"[30,0,300000,0,-30,5300040]",false,false,false,false,(NIR-RED)/(NIR+RED); mask denominator=0; keep source masks,dimensionless; no further scale needed,exact_uint8_values_in_Float32,-9999,Float32,1.0
NE_RICE,2024-01,2024-01-01,2024-02-01,NE_RICE_HLS_2024-01_g2_NDVI_FMASK_v1.tif,14,s0006_L30_20240128T015610000_FMASK,FMASK,2024-01-28T01:56:10.000Z,1706406970000,L30,NASA/HLS/HLSL30/v002/T53TLN_20240128T015610,NASA/HLS/HLSL30/v002,B4,B5,Fmask,EPSG:32653,"[30,0,300000,0,-30,5300040]",false,false,false,false,(NIR-RED)/(NIR+RED); mask denominator=0; keep source masks,dimensionless; no further scale needed,exact_uint8_values_in_Float32,-9999,Float32,1.0
NE_RICE,2024-02,2024-02-01,2024-03-01,NE_RICE_HLS_2024-02_g1_NDVI_FMASK_v1.tif,1,s0000_S30_20240203T020911000_NDVI,NDVI,2024-02-03T02:09:11.000Z,1706926151000,S30,NASA/HLS/HLSS30/v002/T52TGT_20240203T020911,NASA/HLS/HLSS30/v002,B4,B8A,Fmask,EPSG:32652,"[30,0,699960,0,-30,5300040]",false,false,false,false,(NIR-RED)/(NIR+RED); mask denominator=0; keep source masks,dimensionless; no further scale needed,exact_uint8_values_in_Float32,-9999,Float32,1.0
NE_RICE,2024-02,2024-02-01,2024-03-01,NE_RICE_HLS_2024-02_g1_NDVI_FMASK_v1.tif,2,s0000_S30_20240203T020911000_FMASK,FMASK,2024-02-03T02:09:11.000Z,1706926151000,S30,NASA/HLS/HLSS30/v002/T52TGT_20240203T020911,NASA/HLS/HLSS30/v002,B4,B8A,Fmask,EPSG:32652,"[30,0,699960,0,-30,5300040]",false,false,false,false,(NIR-RED)/(NIR+RED); mask denominator=0; keep source masks,dimensionless; no further scale needed,exact_uint8_values_in_Float32,-9999,Float32,1.0
NE_RICE,2024-02,2024-02-01,2024-03-01,NE_RICE_HLS_2024-02_g1_NDVI_FMASK_v1.tif,3,s0001_L30_20240205T015600000_NDVI,NDVI,2024-02-05T01:56:00.000Z,1707098160000,L30,NASA/HLS/HLSL30/v002/T52TGT_20240205T015600,NASA/HLS/HLSL30/v002,B4,B5,Fmask,EPSG:32652,"[30,0,699960,0,-30,5300040]",false,false,false,false,(NIR-RED)/(NIR+RED); mask denominator=0; keep source masks,dimensionless; no further scale needed,exact_uint8_values_in_Float32,-9999,Float32,1.0
NE_RICE,2024-02,2024-02-01,2024-03-01,NE_RICE_HLS_2024-02_g1_NDVI_FMASK_v1.tif,4,s0001_L30_20240205T015600000_FMASK,FMASK,2024-02-05T01:56:00.000Z,1707098160000,L30,NASA/HLS/HLSL30/v002/T52TGT_20240205T015600,NASA/HLS/HLSL30/v002,B4,B5,Fmask,EPSG:32652,"[30,0,699960,0,-30,5300040]",false,false,false,false,(NIR-RED)/(NIR+RED); mask denominator=0; keep source masks,dimensionless; no further scale needed,exact_uint8_values_in_Float32,-9999,Float32,1.0
NE_RICE,2024-02,2024-02-01,2024-03-01,NE_RICE_HLS_2024-02_g1_NDVI_FMASK_v1.tif,5,s0002_S30_20240208T020839000_NDVI,NDVI,2024-02-08T02:08:39.000Z,1707358119000,S30,NASA/HLS/HLSS30/v002/T52TGT_20240208T020839,NASA/HLS/HLSS30/v002,B4,B8A,Fmask,EPSG:32652,"[30,0,699960,0,-30,5300040]",false,false,false,false,(NIR-RED)/(NIR+RED); mask denominator=0; keep source masks,dimensionless; no further scale needed,exact_uint8_values_in_Float32,-9999,Float32,1.0
NE_RICE,2024-02,2024-02-01,2024-03-01,NE_RICE_HLS_2024-02_g1_NDVI_FMASK_v1.tif,6,s0002_S30_20240208T020839000_FMASK,FMASK,2024-02-08T02:08:39.000Z,1707358119000,S30,NASA/HLS/HLSS30/v002/T52TGT_20240208T020839,NASA/HLS/HLSS30/v002,B4,B8A,Fmask,EPSG:32652,"[30,0,699960,0,-30,5300040]",false,false,false,false,(NIR-RED)/(NIR+RED); mask denominator=0; keep source masks,dimensionless; no further scale needed,exact_uint8_values_in_Float32,-9999,Float32,1.0
NE_RICE,2024-02,2024-02-01,2024-03-01,NE_RICE_HLS_2024-02_g1_NDVI_FMASK_v1.tif,7,s0003_L30_20240213T015611000_NDVI,NDVI,2024-02-13T01:56:11.000Z,1707789371000,L30,NASA/HLS/HLSL30/v002/T52TGT_20240213T015611,NASA/HLS/HLSL30/v002,B4,B5,Fmask,EPSG:32652,"[30,0,699960,0,-30,5300040]",false,false,false,false,(NIR-RED)/(NIR+RED); mask denominator=0; keep source masks,dimensionless; no further scale needed,exact_uint8_values_in_Float32,-9999,Float32,1.0
NE_RICE,2024-02,2024-02-01,2024-03-01,NE_RICE_HLS_2024-02_g1_NDVI_FMASK_v1.tif,8,s0003_L30_20240213T015611000_FMASK,FMASK,2024-02-13T01:56:11.000Z,1707789371000,L30,NASA/HLS/HLSL30/v002/T52TGT_20240213T015611,NASA/HLS/HLSL30/v002,B4,B5,Fmask,EPSG:32652,"[30,0,699960,0,-30,5300040]",false,false,false,false,(NIR-RED)/(NIR+RED); mask denominator=0; keep source masks,dimensionless; no further scale needed,exact_uint8_values_in_Float32,-9999,Float32,1.0
NE_RICE,2024-02,2024-02-01,2024-03-01,NE_RICE_HLS_2024-02_g1_NDVI_FMASK_v1.tif,9,s0004_S30_20240213T020811000_NDVI,NDVI,2024-02-13T02:08:11.000Z,1707790091000,S30,NASA/HLS/HLSS30/v002/T52TGT_20240213T020811,NASA/HLS/HLSS30/v002,B4,B8A,Fmask,EPSG:32652,"[30,0,699960,0,-30,5300040]",false,false,false,false,(NIR-RED)/(NIR+RED); mask denominator=0; keep source masks,dimensionless; no further scale needed,exact_uint8_values_in_Float32,-9999,Float32,1.0
NE_RICE,2024-02,2024-02-01,2024-03-01,NE_RICE_HLS_2024-02_g1_NDVI_FMASK_v1.tif,10,s0004_S30_20240213T020811000_FMASK,FMASK,2024-02-13T02:08:11.000Z,1707790091000,S30,NASA/HLS/HLSS30/v002/T52TGT_20240213T020811,NASA/HLS/HLSS30/v002,B4,B8A,Fmask,EPSG:32652,"[30,0,699960,0,-30,5300040]",false,false,false,false,(NIR-RED)/(NIR+RED); mask denominator=0; keep source masks,dimensionless; no further scale needed,exact_uint8_values_in_Float32,-9999,Float32,1.0
NE_RICE,2024-02,2024-02-01,2024-03-01,NE_RICE_HLS_2024-02_g1_NDVI_FMASK_v1.tif,11,s0005_S30_20240218T020739000_NDVI,NDVI,2024-02-18T02:07:39.000Z,1708222059000,S30,NASA/HLS/HLSS30/v002/T52TGT_20240218T020739,NASA/HLS/HLSS30/v002,B4,B8A,Fmask,EPSG:32652,"[30,0,699960,0,-30,5300040]",false,false,false,false,(NIR-RED)/(NIR+RED); mask denominator=0; keep source masks,dimensionless; no further scale needed,exact_uint8_values_in_Float32,-9999,Float32,1.0
NE_RICE,2024-02,2024-02-01,2024-03-01,NE_RICE_HLS_2024-02_g1_NDVI_FMASK_v1.tif,12,s0005_S30_20240218T020739000_FMASK,FMASK,2024-02-18T02:07:39.000Z,1708222059000,S30,NASA/HLS/HLSS30/v002/T52TGT_20240218T020739,NASA/HLS/HLSS30/v002,B4,B8A,Fmask,EPSG:32652,"[30,0,699960,0,-30,5300040]",false,false,false,false,(NIR-RED)/(NIR+RED); mask denominator=0; keep source masks,dimensionless; no further scale needed,exact_uint8_values_in_Float32,-9999,Float32,1.0
NE_RICE,2024-02,2024-02-01,2024-03-01,NE_RICE_HLS_2024-02_g1_NDVI_FMASK_v1.tif,13,s0006_L30_20240221T015558000_NDVI,NDVI,2024-02-21T01:55:58.000Z,1708480558000,L30,NASA/HLS/HLSL30/v002/T52TGT_20240221T015558,NASA/HLS/HLSL30/v002,B4,B5,Fmask,EPSG:32652,"[30,0,699960,0,-30,5300040]",false,false,false,false,(NIR-RED)/(NIR+RED); mask denominator=0; keep source masks,dimensionless; no further scale needed,exact_uint8_values_in_Float32,-9999,Float32,1.0
NE_RICE,2024-02,2024-02-01,2024-03-01,NE_RICE_HLS_2024-02_g1_NDVI_FMASK_v1.tif,14,s0006_L30_20240221T015558000_FMASK,FMASK,2024-02-21T01:55:58.000Z,1708480558000,L30,NASA/HLS/HLSL30/v002/T52TGT_20240221T015558,NASA/HLS/HLSL30/v002,B4,B5,Fmask,EPSG:32652,"[30,0,699960,0,-30,5300040]",false,false,false,false,(NIR-RED)/(NIR+RED); mask denominator=0; keep source masks,dimensionless; no further scale needed,exact_uint8_values_in_Float32,-9999,Float32,1.0
NE_RICE,2024-02,2024-02-01,2024-03-01,NE_RICE_HLS_2024-02_g1_NDVI_FMASK_v1.tif,15,s0007_S30_20240223T020701000_NDVI,NDVI,2024-02-23T02:07:01.000Z,1708654021000,S30,NASA/HLS/HLSS30/v002/T52TGT_20240223T020701,NASA/HLS/HLSS30/v002,B4,B8A,Fmask,EPSG:32652,"[30,0,699960,0,-30,5300040]",false,false,false,false,(NIR-RED)/(NIR+RED); mask denominator=0; keep source masks,dimensionless; no further scale needed,exact_uint8_values_in_Float32,-9999,Float32,1.0
NE_RICE,2024-02,2024-02-01,2024-03-01,NE_RICE_HLS_2024-02_g1_NDVI_FMASK_v1.tif,16,s0007_S30_20240223T020701000_FMASK,FMASK,2024-02-23T02:07:01.000Z,1708654021000,S30,NASA/HLS/HLSS30/v002/T52TGT_20240223T020701,NASA/HLS/HLSS30/v002,B4,B8A,Fmask,EPSG:32652,"[30,0,699960,0,-30,5300040]",false,false,false,false,(NIR-RED)/(NIR+RED); mask denominator=0; keep source masks,dimensionless; no further scale needed,exact_uint8_values_in_Float32,-9999,Float32,1.0
NE_RICE,2024-02,2024-02-01,2024-03-01,NE_RICE_HLS_2024-02_g1_NDVI_FMASK_v1.tif,17,s0008_L30_20240229T015603000_NDVI,NDVI,2024-02-29T01:56:03.000Z,1709171763000,L30,NASA/HLS/HLSL30/v002/T52TGT_20240229T015603,NASA/HLS/HLSL30/v002,B4,B5,Fmask,EPSG:32652,"[30,0,699960,0,-30,5300040]",false,false,false,false,(NIR-RED)/(NIR+RED); mask denominator=0; keep source masks,dimensionless; no further scale needed,exact_uint8_values_in_Float32,-9999,Float32,1.0
NE_RICE,2024-02,2024-02-01,2024-03-01,NE_RICE_HLS_2024-02_g1_NDVI_FMASK_v1.tif,18,s0008_L30_20240229T015603000_FMASK,FMASK,2024-02-29T01:56:03.000Z,1709171763000,L30,NASA/HLS/HLSL30/v002/T52TGT_20240229T015603,NASA/HLS/HLSL30/v002,B4,B5,Fmask,EPSG:32652,"[30,0,699960,0,-30,5300040]",false,false,false,false,(NIR-RED)/(NIR+RED); mask denominator=0; keep source masks,dimensionless; no further scale needed,exact_uint8_values_in_Float32,-9999,Float32,1.0
NE_RICE,2024-02,2024-02-01,2024-03-01,NE_RICE_HLS_2024-02_g2_NDVI_FMASK_v1.tif,1,s0000_S30_20240203T020911000_NDVI,NDVI,2024-02-03T02:09:11.000Z,1706926151000,S30,NASA/HLS/HLSS30/v002/T53TLN_20240203T020911,NASA/HLS/HLSS30/v002,B4,B8A,Fmask,EPSG:32653,"[30,0,300000,0,-30,5300040]",false,false,false,false,(NIR-RED)/(NIR+RED); mask denominator=0; keep source masks,dimensionless; no further scale needed,exact_uint8_values_in_Float32,-9999,Float32,1.0
NE_RICE,2024-02,2024-02-01,2024-03-01,NE_RICE_HLS_2024-02_g2_NDVI_FMASK_v1.tif,2,s0000_S30_20240203T020911000_FMASK,FMASK,2024-02-03T02:09:11.000Z,1706926151000,S30,NASA/HLS/HLSS30/v002/T53TLN_20240203T020911,NASA/HLS/HLSS30/v002,B4,B8A,Fmask,EPSG:32653,"[30,0,300000,0,-30,5300040]",false,false,false,false,(NIR-RED)/(NIR+RED); mask denominator=0; keep source masks,dimensionless; no further scale needed,exact_uint8_values_in_Float32,-9999,Float32,1.0
NE_RICE,2024-02,2024-02-01,2024-03-01,NE_RICE_HLS_2024-02_g2_NDVI_FMASK_v1.tif,3,s0001_L30_20240205T015600000_NDVI,NDVI,2024-02-05T01:56:00.000Z,1707098160000,L30,NASA/HLS/HLSL30/v002/T53TLN_20240205T015600,NASA/HLS/HLSL30/v002,B4,B5,Fmask,EPSG:32653,"[30,0,300000,0,-30,5300040]",false,false,false,false,(NIR-RED)/(NIR+RED); mask denominator=0; keep source masks,dimensionless; no further scale needed,exact_uint8_values_in_Float32,-9999,Float32,1.0
NE_RICE,2024-02,2024-02-01,2024-03-01,NE_RICE_HLS_2024-02_g2_NDVI_FMASK_v1.tif,4,s0001_L30_20240205T015600000_FMASK,FMASK,2024-02-05T01:56:00.000Z,1707098160000,L30,NASA/HLS/HLSL30/v002/T53TLN_20240205T015600,NASA/HLS/HLSL30/v002,B4,B5,Fmask,EPSG:32653,"[30,0,300000,0,-30,5300040]",false,false,false,false,(NIR-RED)/(NIR+RED); mask denominator=0; keep source masks,dimensionless; no further scale needed,exact_uint8_values_in_Float32,-9999,Float32,1.0
NE_RICE,2024-02,2024-02-01,2024-03-01,NE_RICE_HLS_2024-02_g2_NDVI_FMASK_v1.tif,5,s0002_S30_20240208T020839000_NDVI,NDVI,2024-02-08T02:08:39.000Z,1707358119000,S30,NASA/HLS/HLSS30/v002/T53TLN_20240208T020839,NASA/HLS/HLSS30/v002,B4,B8A,Fmask,EPSG:32653,"[30,0,300000,0,-30,5300040]",false,false,false,false,(NIR-RED)/(NIR+RED); mask denominator=0; keep source masks,dimensionless; no further scale needed,exact_uint8_values_in_Float32,-9999,Float32,1.0
NE_RICE,2024-02,2024-02-01,2024-03-01,NE_RICE_HLS_2024-02_g2_NDVI_FMASK_v1.tif,6,s0002_S30_20240208T020839000_FMASK,FMASK,2024-02-08T02:08:39.000Z,1707358119000,S30,NASA/HLS/HLSS30/v002/T53TLN_20240208T020839,NASA/HLS/HLSS30/v002,B4,B8A,Fmask,EPSG:32653,"[30,0,300000,0,-30,5300040]",false,false,false,false,(NIR-RED)/(NIR+RED); mask denominator=0; keep source masks,dimensionless; no further scale needed,exact_uint8_values_in_Float32,-9999,Float32,1.0
NE_RICE,2024-02,2024-02-01,2024-03-01,NE_RICE_HLS_2024-02_g2_NDVI_FMASK_v1.tif,7,s0003_L30_20240213T015611000_NDVI,NDVI,2024-02-13T01:56:11.000Z,1707789371000,L30,NASA/HLS/HLSL30/v002/T53TLN_20240213T015611,NASA/HLS/HLSL30/v002,B4,B5,Fmask,EPSG:32653,"[30,0,300000,0,-30,5300040]",false,false,false,false,(NIR-RED)/(NIR+RED); mask denominator=0; keep source masks,dimensionless; no further scale needed,exact_uint8_values_in_Float32,-9999,Float32,1.0
NE_RICE,2024-02,2024-02-01,2024-03-01,NE_RICE_HLS_2024-02_g2_NDVI_FMASK_v1.tif,8,s0003_L30_20240213T015611000_FMASK,FMASK,2024-02-13T01:56:11.000Z,1707789371000,L30,NASA/HLS/HLSL30/v002/T53TLN_20240213T015611,NASA/HLS/HLSL30/v002,B4,B5,Fmask,EPSG:32653,"[30,0,300000,0,-30,5300040]",false,false,false,false,(NIR-RED)/(NIR+RED); mask denominator=0; keep source masks,dimensionless; no further scale needed,exact_uint8_values_in_Float32,-9999,Float32,1.0
NE_RICE,2024-02,2024-02-01,2024-03-01,NE_RICE_HLS_2024-02_g2_NDVI_FMASK_v1.tif,9,s0004_L30_20240221T015558000_NDVI,NDVI,2024-02-21T01:55:58.000Z,1708480558000,L30,NASA/HLS/HLSL30/v002/T53TLN_20240221T015558,NASA/HLS/HLSL30/v002,B4,B5,Fmask,EPSG:32653,"[30,0,300000,0,-30,5300040]",false,false,false,false,(NIR-RED)/(NIR+RED); mask denominator=0; keep source masks,dimensionless; no further scale needed,exact_uint8_values_in_Float32,-9999,Float32,1.0
NE_RICE,2024-02,2024-02-01,2024-03-01,NE_RICE_HLS_2024-02_g2_NDVI_FMASK_v1.tif,10,s0004_L30_20240221T015558000_FMASK,FMASK,2024-02-21T01:55:58.000Z,1708480558000,L30,NASA/HLS/HLSL30/v002/T53TLN_20240221T015558,NASA/HLS/HLSL30/v002,B4,B5,Fmask,EPSG:32653,"[30,0,300000,0,-30,5300040]",false,false,false,false,(NIR-RED)/(NIR+RED); mask denominator=0; keep source masks,dimensionless; no further scale needed,exact_uint8_values_in_Float32,-9999,Float32,1.0
NE_RICE,2024-02,2024-02-01,2024-03-01,NE_RICE_HLS_2024-02_g2_NDVI_FMASK_v1.tif,11,s0005_S30_20240223T020701000_NDVI,NDVI,2024-02-23T02:07:01.000Z,1708654021000,S30,NASA/HLS/HLSS30/v002/T53TLN_20240223T020701,NASA/HLS/HLSS30/v002,B4,B8A,Fmask,EPSG:32653,"[30,0,300000,0,-30,5300040]",false,false,false,false,(NIR-RED)/(NIR+RED); mask denominator=0; keep source masks,dimensionless; no further scale needed,exact_uint8_values_in_Float32,-9999,Float32,1.0
NE_RICE,2024-02,2024-02-01,2024-03-01,NE_RICE_HLS_2024-02_g2_NDVI_FMASK_v1.tif,12,s0005_S30_20240223T020701000_FMASK,FMASK,2024-02-23T02:07:01.000Z,1708654021000,S30,NASA/HLS/HLSS30/v002/T53TLN_20240223T020701,NASA/HLS/HLSS30/v002,B4,B8A,Fmask,EPSG:32653,"[30,0,300000,0,-30,5300040]",false,false,false,false,(NIR-RED)/(NIR+RED); mask denominator=0; keep source masks,dimensionless; no further scale needed,exact_uint8_values_in_Float32,-9999,Float32,1.0
NE_RICE,2024-02,2024-02-01,2024-03-01,NE_RICE_HLS_2024-02_g2_NDVI_FMASK_v1.tif,13,s0006_S30_20240228T020649000_NDVI,NDVI,2024-02-28T02:06:49.000Z,1709086009000,S30,NASA/HLS/HLSS30/v002/T53TLN_20240228T020649,NASA/HLS/HLSS30/v002,B4,B8A,Fmask,EPSG:32653,"[30,0,300000,0,-30,5300040]",false,false,false,false,(NIR-RED)/(NIR+RED); mask denominator=0; keep source masks,dimensionless; no further scale needed,exact_uint8_values_in_Float32,-9999,Float32,1.0
NE_RICE,2024-02,2024-02-01,2024-03-01,NE_RICE_HLS_2024-02_g2_NDVI_FMASK_v1.tif,14,s0006_S30_20240228T020649000_FMASK,FMASK,2024-02-28T02:06:49.000Z,1709086009000,S30,NASA/HLS/HLSS30/v002/T53TLN_20240228T020649,NASA/HLS/HLSS30/v002,B4,B8A,Fmask,EPSG:32653,"[30,0,300000,0,-30,5300040]",false,false,false,false,(NIR-RED)/(NIR+RED); mask denominator=0; keep source masks,dimensionless; no further scale needed,exact_uint8_values_in_Float32,-9999,Float32,1.0
NE_RICE,2024-02,2024-02-01,2024-03-01,NE_RICE_HLS_2024-02_g2_NDVI_FMASK_v1.tif,15,s0007_L30_20240229T015603000_NDVI,NDVI,2024-02-29T01:56:03.000Z,1709171763000,L30,NASA/HLS/HLSL30/v002/T53TLN_20240229T015603,NASA/HLS/HLSL30/v002,B4,B5,Fmask,EPSG:32653,"[30,0,300000,0,-30,5300040]",false,false,false,false,(NIR-RED)/(NIR+RED); mask denominator=0; keep source masks,dimensionless; no further scale needed,exact_uint8_values_in_Float32,-9999,Float32,1.0
NE_RICE,2024-02,2024-02-01,2024-03-01,NE_RICE_HLS_2024-02_g2_NDVI_FMASK_v1.tif,16,s0007_L30_20240229T015603000_FMASK,FMASK,2024-02-29T01:56:03.000Z,1709171763000,L30,NASA/HLS/HLSL30/v002/T53TLN_20240229T015603,NASA/HLS/HLSL30/v002,B4,B5,Fmask,EPSG:32653,"[30,0,300000,0,-30,5300040]",false,false,false,false,(NIR-RED)/(NIR+RED); mask denominator=0; keep source masks,dimensionless; no further scale needed,exact_uint8_values_in_Float32,-9999,Float32,1.0
NE_RICE,2024-03,2024-03-01,2024-04-01,NE_RICE_HLS_2024-03_g1_NDVI_FMASK_v1.tif,1,s0000_S30_20240304T020651000_NDVI,NDVI,2024-03-04T02:06:51.000Z,1709518011000,S30,NASA/HLS/HLSS30/v002/T52TGT_20240304T020651,NASA/HLS/HLSS30/v002,B4,B8A,Fmask,EPSG:32652,"[30,0,699960,0,-30,5300040]",false,false,false,false,(NIR-RED)/(NIR+RED); mask denominator=0; keep source masks,dimensionless; no further scale needed,exact_uint8_values_in_Float32,-9999,Float32,1.0
NE_RICE,2024-03,2024-03-01,2024-04-01,NE_RICE_HLS_2024-03_g1_NDVI_FMASK_v1.tif,2,s0000_S30_20240304T020651000_FMASK,FMASK,2024-03-04T02:06:51.000Z,1709518011000,S30,NASA/HLS/HLSS30/v002/T52TGT_20240304T020651,NASA/HLS/HLSS30/v002,B4,B8A,Fmask,EPSG:32652,"[30,0,699960,0,-30,5300040]",false,false,false,false,(NIR-RED)/(NIR+RED); mask denominator=0; keep source masks,dimensionless; no further scale needed,exact_uint8_values_in_Float32,-9999,Float32,1.0
NE_RICE,2024-03,2024-03-01,2024-04-01,NE_RICE_HLS_2024-03_g1_NDVI_FMASK_v1.tif,3,s0001_L30_20240308T015546000_NDVI,NDVI,2024-03-08T01:55:46.000Z,1709862946000,L30,NASA/HLS/HLSL30/v002/T52TGT_20240308T015546,NASA/HLS/HLSL30/v002,B4,B5,Fmask,EPSG:32652,"[30,0,699960,0,-30,5300040]",false,false,false,false,(NIR-RED)/(NIR+RED); mask denominator=0; keep source masks,dimensionless; no further scale needed,exact_uint8_values_in_Float32,-9999,Float32,1.0
NE_RICE,2024-03,2024-03-01,2024-04-01,NE_RICE_HLS_2024-03_g1_NDVI_FMASK_v1.tif,4,s0001_L30_20240308T015546000_FMASK,FMASK,2024-03-08T01:55:46.000Z,1709862946000,L30,NASA/HLS/HLSL30/v002/T52TGT_20240308T015546,NASA/HLS/HLSL30/v002,B4,B5,Fmask,EPSG:32652,"[30,0,699960,0,-30,5300040]",false,false,false,false,(NIR-RED)/(NIR+RED); mask denominator=0; keep source masks,dimensionless; no further scale needed,exact_uint8_values_in_Float32,-9999,Float32,1.0
NE_RICE,2024-03,2024-03-01,2024-04-01,NE_RICE_HLS_2024-03_g1_NDVI_FMASK_v1.tif,5,s0002_S30_20240309T020649000_NDVI,NDVI,2024-03-09T02:06:49.000Z,1709950009000,S30,NASA/HLS/HLSS30/v002/T52TGT_20240309T020649,NASA/HLS/HLSS30/v002,B4,B8A,Fmask,EPSG:32652,"[30,0,699960,0,-30,5300040]",false,false,false,false,(NIR-RED)/(NIR+RED); mask denominator=0; keep source masks,dimensionless; no further scale needed,exact_uint8_values_in_Float32,-9999,Float32,1.0
NE_RICE,2024-03,2024-03-01,2024-04-01,NE_RICE_HLS_2024-03_g1_NDVI_FMASK_v1.tif,6,s0002_S30_20240309T020649000_FMASK,FMASK,2024-03-09T02:06:49.000Z,1709950009000,S30,NASA/HLS/HLSS30/v002/T52TGT_20240309T020649,NASA/HLS/HLSS30/v002,B4,B8A,Fmask,EPSG:32652,"[30,0,699960,0,-30,5300040]",false,false,false,false,(NIR-RED)/(NIR+RED); mask denominator=0; keep source masks,dimensionless; no further scale needed,exact_uint8_values_in_Float32,-9999,Float32,1.0
NE_RICE,2024-03,2024-03-01,2024-04-01,NE_RICE_HLS_2024-03_g1_NDVI_FMASK_v1.tif,7,s0003_S30_20240314T020651000_NDVI,NDVI,2024-03-14T02:06:51.000Z,1710382011000,S30,NASA/HLS/HLSS30/v002/T52TGT_20240314T020651,NASA/HLS/HLSS30/v002,B4,B8A,Fmask,EPSG:32652,"[30,0,699960,0,-30,5300040]",false,false,false,false,(NIR-RED)/(NIR+RED); mask denominator=0; keep source masks,dimensionless; no further scale needed,exact_uint8_values_in_Float32,-9999,Float32,1.0
NE_RICE,2024-03,2024-03-01,2024-04-01,NE_RICE_HLS_2024-03_g1_NDVI_FMASK_v1.tif,8,s0003_S30_20240314T020651000_FMASK,FMASK,2024-03-14T02:06:51.000Z,1710382011000,S30,NASA/HLS/HLSS30/v002/T52TGT_20240314T020651,NASA/HLS/HLSS30/v002,B4,B8A,Fmask,EPSG:32652,"[30,0,699960,0,-30,5300040]",false,false,false,false,(NIR-RED)/(NIR+RED); mask denominator=0; keep source masks,dimensionless; no further scale needed,exact_uint8_values_in_Float32,-9999,Float32,1.0
NE_RICE,2024-03,2024-03-01,2024-04-01,NE_RICE_HLS_2024-03_g1_NDVI_FMASK_v1.tif,9,s0004_L30_20240316T015604000_NDVI,NDVI,2024-03-16T01:56:04.000Z,1710554164000,L30,NASA/HLS/HLSL30/v002/T52TGT_20240316T015604,NASA/HLS/HLSL30/v002,B4,B5,Fmask,EPSG:32652,"[30,0,699960,0,-30,5300040]",false,false,false,false,(NIR-RED)/(NIR+RED); mask denominator=0; keep source masks,dimensionless; no further scale needed,exact_uint8_values_in_Float32,-9999,Float32,1.0
NE_RICE,2024-03,2024-03-01,2024-04-01,NE_RICE_HLS_2024-03_g1_NDVI_FMASK_v1.tif,10,s0004_L30_20240316T015604000_FMASK,FMASK,2024-03-16T01:56:04.000Z,1710554164000,L30,NASA/HLS/HLSL30/v002/T52TGT_20240316T015604,NASA/HLS/HLSL30/v002,B4,B5,Fmask,EPSG:32652,"[30,0,699960,0,-30,5300040]",false,false,false,false,(NIR-RED)/(NIR+RED); mask denominator=0; keep source masks,dimensionless; no further scale needed,exact_uint8_values_in_Float32,-9999,Float32,1.0
NE_RICE,2024-03,2024-03-01,2024-04-01,NE_RICE_HLS_2024-03_g1_NDVI_FMASK_v1.tif,11,s0005_S30_20240319T020649000_NDVI,NDVI,2024-03-19T02:06:49.000Z,1710814009000,S30,NASA/HLS/HLSS30/v002/T52TGT_20240319T020649,NASA/HLS/HLSS30/v002,B4,B8A,Fmask,EPSG:32652,"[30,0,699960,0,-30,5300040]",false,false,false,false,(NIR-RED)/(NIR+RED); mask denominator=0; keep source masks,dimensionless; no further scale needed,exact_uint8_values_in_Float32,-9999,Float32,1.0
NE_RICE,2024-03,2024-03-01,2024-04-01,NE_RICE_HLS_2024-03_g1_NDVI_FMASK_v1.tif,12,s0005_S30_20240319T020649000_FMASK,FMASK,2024-03-19T02:06:49.000Z,1710814009000,S30,NASA/HLS/HLSS30/v002/T52TGT_20240319T020649,NASA/HLS/HLSS30/v002,B4,B8A,Fmask,EPSG:32652,"[30,0,699960,0,-30,5300040]",false,false,false,false,(NIR-RED)/(NIR+RED); mask denominator=0; keep source masks,dimensionless; no further scale needed,exact_uint8_values_in_Float32,-9999,Float32,1.0
NE_RICE,2024-03,2024-03-01,2024-04-01,NE_RICE_HLS_2024-03_g1_NDVI_FMASK_v1.tif,13,s0006_L30_20240324T015535000_NDVI,NDVI,2024-03-24T01:55:35.000Z,1711245335000,L30,NASA/HLS/HLSL30/v002/T52TGT_20240324T015535,NASA/HLS/HLSL30/v002,B4,B5,Fmask,EPSG:32652,"[30,0,699960,0,-30,5300040]",false,false,false,false,(NIR-RED)/(NIR+RED); mask denominator=0; keep source masks,dimensionless; no further scale needed,exact_uint8_values_in_Float32,-9999,Float32,1.0
NE_RICE,2024-03,2024-03-01,2024-04-01,NE_RICE_HLS_2024-03_g1_NDVI_FMASK_v1.tif,14,s0006_L30_20240324T015535000_FMASK,FMASK,2024-03-24T01:55:35.000Z,1711245335000,L30,NASA/HLS/HLSL30/v002/T52TGT_20240324T015535,NASA/HLS/HLSL30/v002,B4,B5,Fmask,EPSG:32652,"[30,0,699960,0,-30,5300040]",false,false,false,false,(NIR-RED)/(NIR+RED); mask denominator=0; keep source masks,dimensionless; no further scale needed,exact_uint8_values_in_Float32,-9999,Float32,1.0
NE_RICE,2024-03,2024-03-01,2024-04-01,NE_RICE_HLS_2024-03_g1_NDVI_FMASK_v1.tif,15,s0007_S30_20240324T020651000_NDVI,NDVI,2024-03-24T02:06:51.000Z,1711246011000,S30,NASA/HLS/HLSS30/v002/T52TGT_20240324T020651,NASA/HLS/HLSS30/v002,B4,B8A,Fmask,EPSG:32652,"[30,0,699960,0,-30,5300040]",false,false,false,false,(NIR-RED)/(NIR+RED); mask denominator=0; keep source masks,dimensionless; no further scale needed,exact_uint8_values_in_Float32,-9999,Float32,1.0
NE_RICE,2024-03,2024-03-01,2024-04-01,NE_RICE_HLS_2024-03_g1_NDVI_FMASK_v1.tif,16,s0007_S30_20240324T020651000_FMASK,FMASK,2024-03-24T02:06:51.000Z,1711246011000,S30,NASA/HLS/HLSS30/v002/T52TGT_20240324T020651,NASA/HLS/HLSS30/v002,B4,B8A,Fmask,EPSG:32652,"[30,0,699960,0,-30,5300040]",false,false,false,false,(NIR-RED)/(NIR+RED); mask denominator=0; keep source masks,dimensionless; no further scale needed,exact_uint8_values_in_Float32,-9999,Float32,1.0
NE_RICE,2024-03,2024-03-01,2024-04-01,NE_RICE_HLS_2024-03_g1_NDVI_FMASK_v1.tif,17,s0008_S30_20240329T020649000_NDVI,NDVI,2024-03-29T02:06:49.000Z,1711678009000,S30,NASA/HLS/HLSS30/v002/T52TGT_20240329T020649,NASA/HLS/HLSS30/v002,B4,B8A,Fmask,EPSG:32652,"[30,0,699960,0,-30,5300040]",false,false,false,false,(NIR-RED)/(NIR+RED); mask denominator=0; keep source masks,dimensionless; no further scale needed,exact_uint8_values_in_Float32,-9999,Float32,1.0
NE_RICE,2024-03,2024-03-01,2024-04-01,NE_RICE_HLS_2024-03_g1_NDVI_FMASK_v1.tif,18,s0008_S30_20240329T020649000_FMASK,FMASK,2024-03-29T02:06:49.000Z,1711678009000,S30,NASA/HLS/HLSS30/v002/T52TGT_20240329T020649,NASA/HLS/HLSS30/v002,B4,B8A,Fmask,EPSG:32652,"[30,0,699960,0,-30,5300040]",false,false,false,false,(NIR-RED)/(NIR+RED); mask denominator=0; keep source masks,dimensionless; no further scale needed,exact_uint8_values_in_Float32,-9999,Float32,1.0
NE_RICE,2024-03,2024-03-01,2024-04-01,NE_RICE_HLS_2024-03_g2_NDVI_FMASK_v1.tif,1,s0000_S30_20240304T020651000_NDVI,NDVI,2024-03-04T02:06:51.000Z,1709518011000,S30,NASA/HLS/HLSS30/v002/T53TLN_20240304T020651,NASA/HLS/HLSS30/v002,B4,B8A,Fmask,EPSG:32653,"[30,0,300000,0,-30,5300040]",false,false,false,false,(NIR-RED)/(NIR+RED); mask denominator=0; keep source masks,dimensionless; no further scale needed,exact_uint8_values_in_Float32,-9999,Float32,1.0
NE_RICE,2024-03,2024-03-01,2024-04-01,NE_RICE_HLS_2024-03_g2_NDVI_FMASK_v1.tif,2,s0000_S30_20240304T020651000_FMASK,FMASK,2024-03-04T02:06:51.000Z,1709518011000,S30,NASA/HLS/HLSS30/v002/T53TLN_20240304T020651,NASA/HLS/HLSS30/v002,B4,B8A,Fmask,EPSG:32653,"[30,0,300000,0,-30,5300040]",false,false,false,false,(NIR-RED)/(NIR+RED); mask denominator=0; keep source masks,dimensionless; no further scale needed,exact_uint8_values_in_Float32,-9999,Float32,1.0
NE_RICE,2024-03,2024-03-01,2024-04-01,NE_RICE_HLS_2024-03_g2_NDVI_FMASK_v1.tif,3,s0001_L30_20240308T015546000_NDVI,NDVI,2024-03-08T01:55:46.000Z,1709862946000,L30,NASA/HLS/HLSL30/v002/T53TLN_20240308T015546,NASA/HLS/HLSL30/v002,B4,B5,Fmask,EPSG:32653,"[30,0,300000,0,-30,5300040]",false,false,false,false,(NIR-RED)/(NIR+RED); mask denominator=0; keep source masks,dimensionless; no further scale needed,exact_uint8_values_in_Float32,-9999,Float32,1.0
NE_RICE,2024-03,2024-03-01,2024-04-01,NE_RICE_HLS_2024-03_g2_NDVI_FMASK_v1.tif,4,s0001_L30_20240308T015546000_FMASK,FMASK,2024-03-08T01:55:46.000Z,1709862946000,L30,NASA/HLS/HLSL30/v002/T53TLN_20240308T015546,NASA/HLS/HLSL30/v002,B4,B5,Fmask,EPSG:32653,"[30,0,300000,0,-30,5300040]",false,false,false,false,(NIR-RED)/(NIR+RED); mask denominator=0; keep source masks,dimensionless; no further scale needed,exact_uint8_values_in_Float32,-9999,Float32,1.0
NE_RICE,2024-03,2024-03-01,2024-04-01,NE_RICE_HLS_2024-03_g2_NDVI_FMASK_v1.tif,5,s0002_S30_20240309T020649000_NDVI,NDVI,2024-03-09T02:06:49.000Z,1709950009000,S30,NASA/HLS/HLSS30/v002/T53TLN_20240309T020649,NASA/HLS/HLSS30/v002,B4,B8A,Fmask,EPSG:32653,"[30,0,300000,0,-30,5300040]",false,false,false,false,(NIR-RED)/(NIR+RED); mask denominator=0; keep source masks,dimensionless; no further scale needed,exact_uint8_values_in_Float32,-9999,Float32,1.0
NE_RICE,2024-03,2024-03-01,2024-04-01,NE_RICE_HLS_2024-03_g2_NDVI_FMASK_v1.tif,6,s0002_S30_20240309T020649000_FMASK,FMASK,2024-03-09T02:06:49.000Z,1709950009000,S30,NASA/HLS/HLSS30/v002/T53TLN_20240309T020649,NASA/HLS/HLSS30/v002,B4,B8A,Fmask,EPSG:32653,"[30,0,300000,0,-30,5300040]",false,false,false,false,(NIR-RED)/(NIR+RED); mask denominator=0; keep source masks,dimensionless; no further scale needed,exact_uint8_values_in_Float32,-9999,Float32,1.0
NE_RICE,2024-03,2024-03-01,2024-04-01,NE_RICE_HLS_2024-03_g2_NDVI_FMASK_v1.tif,7,s0003_S30_20240314T020651000_NDVI,NDVI,2024-03-14T02:06:51.000Z,1710382011000,S30,NASA/HLS/HLSS30/v002/T53TLN_20240314T020651,NASA/HLS/HLSS30/v002,B4,B8A,Fmask,EPSG:32653,"[30,0,300000,0,-30,5300040]",false,false,false,false,(NIR-RED)/(NIR+RED); mask denominator=0; keep source masks,dimensionless; no further scale needed,exact_uint8_values_in_Float32,-9999,Float32,1.0
NE_RICE,2024-03,2024-03-01,2024-04-01,NE_RICE_HLS_2024-03_g2_NDVI_FMASK_v1.tif,8,s0003_S30_20240314T020651000_FMASK,FMASK,2024-03-14T02:06:51.000Z,1710382011000,S30,NASA/HLS/HLSS30/v002/T53TLN_20240314T020651,NASA/HLS/HLSS30/v002,B4,B8A,Fmask,EPSG:32653,"[30,0,300000,0,-30,5300040]",false,false,false,false,(NIR-RED)/(NIR+RED); mask denominator=0; keep source masks,dimensionless; no further scale needed,exact_uint8_values_in_Float32,-9999,Float32,1.0
NE_RICE,2024-03,2024-03-01,2024-04-01,NE_RICE_HLS_2024-03_g2_NDVI_FMASK_v1.tif,9,s0004_L30_20240316T015604000_NDVI,NDVI,2024-03-16T01:56:04.000Z,1710554164000,L30,NASA/HLS/HLSL30/v002/T53TLN_20240316T015604,NASA/HLS/HLSL30/v002,B4,B5,Fmask,EPSG:32653,"[30,0,300000,0,-30,5300040]",false,false,false,false,(NIR-RED)/(NIR+RED); mask denominator=0; keep source masks,dimensionless; no further scale needed,exact_uint8_values_in_Float32,-9999,Float32,1.0
NE_RICE,2024-03,2024-03-01,2024-04-01,NE_RICE_HLS_2024-03_g2_NDVI_FMASK_v1.tif,10,s0004_L30_20240316T015604000_FMASK,FMASK,2024-03-16T01:56:04.000Z,1710554164000,L30,NASA/HLS/HLSL30/v002/T53TLN_20240316T015604,NASA/HLS/HLSL30/v002,B4,B5,Fmask,EPSG:32653,"[30,0,300000,0,-30,5300040]",false,false,false,false,(NIR-RED)/(NIR+RED); mask denominator=0; keep source masks,dimensionless; no further scale needed,exact_uint8_values_in_Float32,-9999,Float32,1.0
NE_RICE,2024-03,2024-03-01,2024-04-01,NE_RICE_HLS_2024-03_g2_NDVI_FMASK_v1.tif,11,s0005_S30_20240319T020649000_NDVI,NDVI,2024-03-19T02:06:49.000Z,1710814009000,S30,NASA/HLS/HLSS30/v002/T53TLN_20240319T020649,NASA/HLS/HLSS30/v002,B4,B8A,Fmask,EPSG:32653,"[30,0,300000,0,-30,5300040]",false,false,false,false,(NIR-RED)/(NIR+RED); mask denominator=0; keep source masks,dimensionless; no further scale needed,exact_uint8_values_in_Float32,-9999,Float32,1.0
NE_RICE,2024-03,2024-03-01,2024-04-01,NE_RICE_HLS_2024-03_g2_NDVI_FMASK_v1.tif,12,s0005_S30_20240319T020649000_FMASK,FMASK,2024-03-19T02:06:49.000Z,1710814009000,S30,NASA/HLS/HLSS30/v002/T53TLN_20240319T020649,NASA/HLS/HLSS30/v002,B4,B8A,Fmask,EPSG:32653,"[30,0,300000,0,-30,5300040]",false,false,false,false,(NIR-RED)/(NIR+RED); mask denominator=0; keep source masks,dimensionless; no further scale needed,exact_uint8_values_in_Float32,-9999,Float32,1.0
NE_RICE,2024-03,2024-03-01,2024-04-01,NE_RICE_HLS_2024-03_g2_NDVI_FMASK_v1.tif,13,s0006_L30_20240324T015535000_NDVI,NDVI,2024-03-24T01:55:35.000Z,1711245335000,L30,NASA/HLS/HLSL30/v002/T53TLN_20240324T015535,NASA/HLS/HLSL30/v002,B4,B5,Fmask,EPSG:32653,"[30,0,300000,0,-30,5300040]",false,false,false,false,(NIR-RED)/(NIR+RED); mask denominator=0; keep source masks,dimensionless; no further scale needed,exact_uint8_values_in_Float32,-9999,Float32,1.0
NE_RICE,2024-03,2024-03-01,2024-04-01,NE_RICE_HLS_2024-03_g2_NDVI_FMASK_v1.tif,14,s0006_L30_20240324T015535000_FMASK,FMASK,2024-03-24T01:55:35.000Z,1711245335000,L30,NASA/HLS/HLSL30/v002/T53TLN_20240324T015535,NASA/HLS/HLSL30/v002,B4,B5,Fmask,EPSG:32653,"[30,0,300000,0,-30,5300040]",false,false,false,false,(NIR-RED)/(NIR+RED); mask denominator=0; keep source masks,dimensionless; no further scale needed,exact_uint8_values_in_Float32,-9999,Float32,1.0
NE_RICE,2024-03,2024-03-01,2024-04-01,NE_RICE_HLS_2024-03_g2_NDVI_FMASK_v1.tif,15,s0007_S30_20240324T020651000_NDVI,NDVI,2024-03-24T02:06:51.000Z,1711246011000,S30,NASA/HLS/HLSS30/v002/T53TLN_20240324T020651,NASA/HLS/HLSS30/v002,B4,B8A,Fmask,EPSG:32653,"[30,0,300000,0,-30,5300040]",false,false,false,false,(NIR-RED)/(NIR+RED); mask denominator=0; keep source masks,dimensionless; no further scale needed,exact_uint8_values_in_Float32,-9999,Float32,1.0
NE_RICE,2024-03,2024-03-01,2024-04-01,NE_RICE_HLS_2024-03_g2_NDVI_FMASK_v1.tif,16,s0007_S30_20240324T020651000_FMASK,FMASK,2024-03-24T02:06:51.000Z,1711246011000,S30,NASA/HLS/HLSS30/v002/T53TLN_20240324T020651,NASA/HLS/HLSS30/v002,B4,B8A,Fmask,EPSG:32653,"[30,0,300000,0,-30,5300040]",false,false,false,false,(NIR-RED)/(NIR+RED); mask denominator=0; keep source masks,dimensionless; no further scale needed,exact_uint8_values_in_Float32,-9999,Float32,1.0
NE_RICE,2024-03,2024-03-01,2024-04-01,NE_RICE_HLS_2024-03_g2_NDVI_FMASK_v1.tif,17,s0008_S30_20240329T020649000_NDVI,NDVI,2024-03-29T02:06:49.000Z,1711678009000,S30,NASA/HLS/HLSS30/v002/T53TLN_20240329T020649,NASA/HLS/HLSS30/v002,B4,B8A,Fmask,EPSG:32653,"[30,0,300000,0,-30,5300040]",false,false,false,false,(NIR-RED)/(NIR+RED); mask denominator=0; keep source masks,dimensionless; no further scale needed,exact_uint8_values_in_Float32,-9999,Float32,1.0
NE_RICE,2024-03,2024-03-01,2024-04-01,NE_RICE_HLS_2024-03_g2_NDVI_FMASK_v1.tif,18,s0008_S30_20240329T020649000_FMASK,FMASK,2024-03-29T02:06:49.000Z,1711678009000,S30,NASA/HLS/HLSS30/v002/T53TLN_20240329T020649,NASA/HLS/HLSS30/v002,B4,B8A,Fmask,EPSG:32653,"[30,0,300000,0,-30,5300040]",false,false,false,false,(NIR-RED)/(NIR+RED); mask denominator=0; keep source masks,dimensionless; no further scale needed,exact_uint8_values_in_Float32,-9999,Float32,1.0
NE_RICE,2024-04,2024-04-01,2024-05-01,NE_RICE_HLS_2024-04_g1_NDVI_FMASK_v1.tif,1,s0000_L30_20240401T015555000_NDVI,NDVI,2024-04-01T01:55:55.000Z,1711936555000,L30,NASA/HLS/HLSL30/v002/T52TGT_20240401T015555,NASA/HLS/HLSL30/v002,B4,B5,Fmask,EPSG:32652,"[30,0,699960,0,-30,5300040]",false,false,false,false,(NIR-RED)/(NIR+RED); mask denominator=0; keep source masks,dimensionless; no further scale needed,exact_uint8_values_in_Float32,-9999,Float32,1.0
NE_RICE,2024-04,2024-04-01,2024-05-01,NE_RICE_HLS_2024-04_g1_NDVI_FMASK_v1.tif,2,s0000_L30_20240401T015555000_FMASK,FMASK,2024-04-01T01:55:55.000Z,1711936555000,L30,NASA/HLS/HLSL30/v002/T52TGT_20240401T015555,NASA/HLS/HLSL30/v002,B4,B5,Fmask,EPSG:32652,"[30,0,699960,0,-30,5300040]",false,false,false,false,(NIR-RED)/(NIR+RED); mask denominator=0; keep source masks,dimensionless; no further scale needed,exact_uint8_values_in_Float32,-9999,Float32,1.0
NE_RICE,2024-04,2024-04-01,2024-05-01,NE_RICE_HLS_2024-04_g1_NDVI_FMASK_v1.tif,3,s0001_S30_20240403T020651000_NDVI,NDVI,2024-04-03T02:06:51.000Z,1712110011000,S30,NASA/HLS/HLSS30/v002/T52TGT_20240403T020651,NASA/HLS/HLSS30/v002,B4,B8A,Fmask,EPSG:32652,"[30,0,699960,0,-30,5300040]",false,false,false,false,(NIR-RED)/(NIR+RED); mask denominator=0; keep source masks,dimensionless; no further scale needed,exact_uint8_values_in_Float32,-9999,Float32,1.0
NE_RICE,2024-04,2024-04-01,2024-05-01,NE_RICE_HLS_2024-04_g1_NDVI_FMASK_v1.tif,4,s0001_S30_20240403T020651000_FMASK,FMASK,2024-04-03T02:06:51.000Z,1712110011000,S30,NASA/HLS/HLSS30/v002/T52TGT_20240403T020651,NASA/HLS/HLSS30/v002,B4,B8A,Fmask,EPSG:32652,"[30,0,699960,0,-30,5300040]",false,false,false,false,(NIR-RED)/(NIR+RED); mask denominator=0; keep source masks,dimensionless; no further scale needed,exact_uint8_values_in_Float32,-9999,Float32,1.0
NE_RICE,2024-04,2024-04-01,2024-05-01,NE_RICE_HLS_2024-04_g1_NDVI_FMASK_v1.tif,5,s0002_S30_20240408T020649000_NDVI,NDVI,2024-04-08T02:06:49.000Z,1712542009000,S30,NASA/HLS/HLSS30/v002/T52TGT_20240408T020649,NASA/HLS/HLSS30/v002,B4,B8A,Fmask,EPSG:32652,"[30,0,699960,0,-30,5300040]",false,false,false,false,(NIR-RED)/(NIR+RED); mask denominator=0; keep source masks,dimensionless; no further scale needed,exact_uint8_values_in_Float32,-9999,Float32,1.0
NE_RICE,2024-04,2024-04-01,2024-05-01,NE_RICE_HLS_2024-04_g1_NDVI_FMASK_v1.tif,6,s0002_S30_20240408T020649000_FMASK,FMASK,2024-04-08T02:06:49.000Z,1712542009000,S30,NASA/HLS/HLSS30/v002/T52TGT_20240408T020649,NASA/HLS/HLSS30/v002,B4,B8A,Fmask,EPSG:32652,"[30,0,699960,0,-30,5300040]",false,false,false,false,(NIR-RED)/(NIR+RED); mask denominator=0; keep source masks,dimensionless; no further scale needed,exact_uint8_values_in_Float32,-9999,Float32,1.0
NE_RICE,2024-04,2024-04-01,2024-05-01,NE_RICE_HLS_2024-04_g1_NDVI_FMASK_v1.tif,7,s0003_L30_20240409T015530000_NDVI,NDVI,2024-04-09T01:55:30.000Z,1712627730000,L30,NASA/HLS/HLSL30/v002/T52TGT_20240409T015530,NASA/HLS/HLSL30/v002,B4,B5,Fmask,EPSG:32652,"[30,0,699960,0,-30,5300040]",false,false,false,false,(NIR-RED)/(NIR+RED); mask denominator=0; keep source masks,dimensionless; no further scale needed,exact_uint8_values_in_Float32,-9999,Float32,1.0
NE_RICE,2024-04,2024-04-01,2024-05-01,NE_RICE_HLS_2024-04_g1_NDVI_FMASK_v1.tif,8,s0003_L30_20240409T015530000_FMASK,FMASK,2024-04-09T01:55:30.000Z,1712627730000,L30,NASA/HLS/HLSL30/v002/T52TGT_20240409T015530,NASA/HLS/HLSL30/v002,B4,B5,Fmask,EPSG:32652,"[30,0,699960,0,-30,5300040]",false,false,false,false,(NIR-RED)/(NIR+RED); mask denominator=0; keep source masks,dimensionless; no further scale needed,exact_uint8_values_in_Float32,-9999,Float32,1.0
NE_RICE,2024-04,2024-04-01,2024-05-01,NE_RICE_HLS_2024-04_g1_NDVI_FMASK_v1.tif,9,s0004_S30_20240413T020651000_NDVI,NDVI,2024-04-13T02:06:51.000Z,1712974011000,S30,NASA/HLS/HLSS30/v002/T52TGT_20240413T020651,NASA/HLS/HLSS30/v002,B4,B8A,Fmask,EPSG:32652,"[30,0,699960,0,-30,5300040]",false,false,false,false,(NIR-RED)/(NIR+RED); mask denominator=0; keep source masks,dimensionless; no further scale needed,exact_uint8_values_in_Float32,-9999,Float32,1.0
NE_RICE,2024-04,2024-04-01,2024-05-01,NE_RICE_HLS_2024-04_g1_NDVI_FMASK_v1.tif,10,s0004_S30_20240413T020651000_FMASK,FMASK,2024-04-13T02:06:51.000Z,1712974011000,S30,NASA/HLS/HLSS30/v002/T52TGT_20240413T020651,NASA/HLS/HLSS30/v002,B4,B8A,Fmask,EPSG:32652,"[30,0,699960,0,-30,5300040]",false,false,false,false,(NIR-RED)/(NIR+RED); mask denominator=0; keep source masks,dimensionless; no further scale needed,exact_uint8_values_in_Float32,-9999,Float32,1.0
NE_RICE,2024-04,2024-04-01,2024-05-01,NE_RICE_HLS_2024-04_g1_NDVI_FMASK_v1.tif,11,s0005_S30_20240423T020651000_NDVI,NDVI,2024-04-23T02:06:51.000Z,1713838011000,S30,NASA/HLS/HLSS30/v002/T52TGT_20240423T020651,NASA/HLS/HLSS30/v002,B4,B8A,Fmask,EPSG:32652,"[30,0,699960,0,-30,5300040]",false,false,false,false,(NIR-RED)/(NIR+RED); mask denominator=0; keep source masks,dimensionless; no further scale needed,exact_uint8_values_in_Float32,-9999,Float32,1.0
NE_RICE,2024-04,2024-04-01,2024-05-01,NE_RICE_HLS_2024-04_g1_NDVI_FMASK_v1.tif,12,s0005_S30_20240423T020651000_FMASK,FMASK,2024-04-23T02:06:51.000Z,1713838011000,S30,NASA/HLS/HLSS30/v002/T52TGT_20240423T020651,NASA/HLS/HLSS30/v002,B4,B8A,Fmask,EPSG:32652,"[30,0,699960,0,-30,5300040]",false,false,false,false,(NIR-RED)/(NIR+RED); mask denominator=0; keep source masks,dimensionless; no further scale needed,exact_uint8_values_in_Float32,-9999,Float32,1.0
NE_RICE,2024-04,2024-04-01,2024-05-01,NE_RICE_HLS_2024-04_g1_NDVI_FMASK_v1.tif,13,s0006_L30_20240425T015521000_NDVI,NDVI,2024-04-25T01:55:21.000Z,1714010121000,L30,NASA/HLS/HLSL30/v002/T52TGT_20240425T015521,NASA/HLS/HLSL30/v002,B4,B5,Fmask,EPSG:32652,"[30,0,699960,0,-30,5300040]",false,false,false,false,(NIR-RED)/(NIR+RED); mask denominator=0; keep source masks,dimensionless; no further scale needed,exact_uint8_values_in_Float32,-9999,Float32,1.0
NE_RICE,2024-04,2024-04-01,2024-05-01,NE_RICE_HLS_2024-04_g1_NDVI_FMASK_v1.tif,14,s0006_L30_20240425T015521000_FMASK,FMASK,2024-04-25T01:55:21.000Z,1714010121000,L30,NASA/HLS/HLSL30/v002/T52TGT_20240425T015521,NASA/HLS/HLSL30/v002,B4,B5,Fmask,EPSG:32652,"[30,0,699960,0,-30,5300040]",false,false,false,false,(NIR-RED)/(NIR+RED); mask denominator=0; keep source masks,dimensionless; no further scale needed,exact_uint8_values_in_Float32,-9999,Float32,1.0
NE_RICE,2024-04,2024-04-01,2024-05-01,NE_RICE_HLS_2024-04_g1_NDVI_FMASK_v1.tif,15,s0007_S30_20240428T020649000_NDVI,NDVI,2024-04-28T02:06:49.000Z,1714270009000,S30,NASA/HLS/HLSS30/v002/T52TGT_20240428T020649,NASA/HLS/HLSS30/v002,B4,B8A,Fmask,EPSG:32652,"[30,0,699960,0,-30,5300040]",false,false,false,false,(NIR-RED)/(NIR+RED); mask denominator=0; keep source masks,dimensionless; no further scale needed,exact_uint8_values_in_Float32,-9999,Float32,1.0
NE_RICE,2024-04,2024-04-01,2024-05-01,NE_RICE_HLS_2024-04_g1_NDVI_FMASK_v1.tif,16,s0007_S30_20240428T020649000_FMASK,FMASK,2024-04-28T02:06:49.000Z,1714270009000,S30,NASA/HLS/HLSS30/v002/T52TGT_20240428T020649,NASA/HLS/HLSS30/v002,B4,B8A,Fmask,EPSG:32652,"[30,0,699960,0,-30,5300040]",false,false,false,false,(NIR-RED)/(NIR+RED); mask denominator=0; keep source masks,dimensionless; no further scale needed,exact_uint8_values_in_Float32,-9999,Float32,1.0
NE_RICE,2024-04,2024-04-01,2024-05-01,NE_RICE_HLS_2024-04_g2_NDVI_FMASK_v1.tif,1,s0000_L30_20240401T015555000_NDVI,NDVI,2024-04-01T01:55:55.000Z,1711936555000,L30,NASA/HLS/HLSL30/v002/T53TLN_20240401T015555,NASA/HLS/HLSL30/v002,B4,B5,Fmask,EPSG:32653,"[30,0,300000,0,-30,5300040]",false,false,false,false,(NIR-RED)/(NIR+RED); mask denominator=0; keep source masks,dimensionless; no further scale needed,exact_uint8_values_in_Float32,-9999,Float32,1.0
NE_RICE,2024-04,2024-04-01,2024-05-01,NE_RICE_HLS_2024-04_g2_NDVI_FMASK_v1.tif,2,s0000_L30_20240401T015555000_FMASK,FMASK,2024-04-01T01:55:55.000Z,1711936555000,L30,NASA/HLS/HLSL30/v002/T53TLN_20240401T015555,NASA/HLS/HLSL30/v002,B4,B5,Fmask,EPSG:32653,"[30,0,300000,0,-30,5300040]",false,false,false,false,(NIR-RED)/(NIR+RED); mask denominator=0; keep source masks,dimensionless; no further scale needed,exact_uint8_values_in_Float32,-9999,Float32,1.0
NE_RICE,2024-04,2024-04-01,2024-05-01,NE_RICE_HLS_2024-04_g2_NDVI_FMASK_v1.tif,3,s0001_S30_20240403T020651000_NDVI,NDVI,2024-04-03T02:06:51.000Z,1712110011000,S30,NASA/HLS/HLSS30/v002/T53TLN_20240403T020651,NASA/HLS/HLSS30/v002,B4,B8A,Fmask,EPSG:32653,"[30,0,300000,0,-30,5300040]",false,false,false,false,(NIR-RED)/(NIR+RED); mask denominator=0; keep source masks,dimensionless; no further scale needed,exact_uint8_values_in_Float32,-9999,Float32,1.0
NE_RICE,2024-04,2024-04-01,2024-05-01,NE_RICE_HLS_2024-04_g2_NDVI_FMASK_v1.tif,4,s0001_S30_20240403T020651000_FMASK,FMASK,2024-04-03T02:06:51.000Z,1712110011000,S30,NASA/HLS/HLSS30/v002/T53TLN_20240403T020651,NASA/HLS/HLSS30/v002,B4,B8A,Fmask,EPSG:32653,"[30,0,300000,0,-30,5300040]",false,false,false,false,(NIR-RED)/(NIR+RED); mask denominator=0; keep source masks,dimensionless; no further scale needed,exact_uint8_values_in_Float32,-9999,Float32,1.0
NE_RICE,2024-04,2024-04-01,2024-05-01,NE_RICE_HLS_2024-04_g2_NDVI_FMASK_v1.tif,5,s0002_S30_20240408T020649000_NDVI,NDVI,2024-04-08T02:06:49.000Z,1712542009000,S30,NASA/HLS/HLSS30/v002/T53TLN_20240408T020649,NASA/HLS/HLSS30/v002,B4,B8A,Fmask,EPSG:32653,"[30,0,300000,0,-30,5300040]",false,false,false,false,(NIR-RED)/(NIR+RED); mask denominator=0; keep source masks,dimensionless; no further scale needed,exact_uint8_values_in_Float32,-9999,Float32,1.0
NE_RICE,2024-04,2024-04-01,2024-05-01,NE_RICE_HLS_2024-04_g2_NDVI_FMASK_v1.tif,6,s0002_S30_20240408T020649000_FMASK,FMASK,2024-04-08T02:06:49.000Z,1712542009000,S30,NASA/HLS/HLSS30/v002/T53TLN_20240408T020649,NASA/HLS/HLSS30/v002,B4,B8A,Fmask,EPSG:32653,"[30,0,300000,0,-30,5300040]",false,false,false,false,(NIR-RED)/(NIR+RED); mask denominator=0; keep source masks,dimensionless; no further scale needed,exact_uint8_values_in_Float32,-9999,Float32,1.0
NE_RICE,2024-04,2024-04-01,2024-05-01,NE_RICE_HLS_2024-04_g2_NDVI_FMASK_v1.tif,7,s0003_L30_20240409T015530000_NDVI,NDVI,2024-04-09T01:55:30.000Z,1712627730000,L30,NASA/HLS/HLSL30/v002/T53TLN_20240409T015530,NASA/HLS/HLSL30/v002,B4,B5,Fmask,EPSG:32653,"[30,0,300000,0,-30,5300040]",false,false,false,false,(NIR-RED)/(NIR+RED); mask denominator=0; keep source masks,dimensionless; no further scale needed,exact_uint8_values_in_Float32,-9999,Float32,1.0
NE_RICE,2024-04,2024-04-01,2024-05-01,NE_RICE_HLS_2024-04_g2_NDVI_FMASK_v1.tif,8,s0003_L30_20240409T015530000_FMASK,FMASK,2024-04-09T01:55:30.000Z,1712627730000,L30,NASA/HLS/HLSL30/v002/T53TLN_20240409T015530,NASA/HLS/HLSL30/v002,B4,B5,Fmask,EPSG:32653,"[30,0,300000,0,-30,5300040]",false,false,false,false,(NIR-RED)/(NIR+RED); mask denominator=0; keep source masks,dimensionless; no further scale needed,exact_uint8_values_in_Float32,-9999,Float32,1.0
NE_RICE,2024-04,2024-04-01,2024-05-01,NE_RICE_HLS_2024-04_g2_NDVI_FMASK_v1.tif,9,s0004_S30_20240413T020651000_NDVI,NDVI,2024-04-13T02:06:51.000Z,1712974011000,S30,NASA/HLS/HLSS30/v002/T53TLN_20240413T020651,NASA/HLS/HLSS30/v002,B4,B8A,Fmask,EPSG:32653,"[30,0,300000,0,-30,5300040]",false,false,false,false,(NIR-RED)/(NIR+RED); mask denominator=0; keep source masks,dimensionless; no further scale needed,exact_uint8_values_in_Float32,-9999,Float32,1.0
NE_RICE,2024-04,2024-04-01,2024-05-01,NE_RICE_HLS_2024-04_g2_NDVI_FMASK_v1.tif,10,s0004_S30_20240413T020651000_FMASK,FMASK,2024-04-13T02:06:51.000Z,1712974011000,S30,NASA/HLS/HLSS30/v002/T53TLN_20240413T020651,NASA/HLS/HLSS30/v002,B4,B8A,Fmask,EPSG:32653,"[30,0,300000,0,-30,5300040]",false,false,false,false,(NIR-RED)/(NIR+RED); mask denominator=0; keep source masks,dimensionless; no further scale needed,exact_uint8_values_in_Float32,-9999,Float32,1.0
NE_RICE,2024-04,2024-04-01,2024-05-01,NE_RICE_HLS_2024-04_g2_NDVI_FMASK_v1.tif,11,s0005_S30_20240423T020651000_NDVI,NDVI,2024-04-23T02:06:51.000Z,1713838011000,S30,NASA/HLS/HLSS30/v002/T53TLN_20240423T020651,NASA/HLS/HLSS30/v002,B4,B8A,Fmask,EPSG:32653,"[30,0,300000,0,-30,5300040]",false,false,false,false,(NIR-RED)/(NIR+RED); mask denominator=0; keep source masks,dimensionless; no further scale needed,exact_uint8_values_in_Float32,-9999,Float32,1.0
NE_RICE,2024-04,2024-04-01,2024-05-01,NE_RICE_HLS_2024-04_g2_NDVI_FMASK_v1.tif,12,s0005_S30_20240423T020651000_FMASK,FMASK,2024-04-23T02:06:51.000Z,1713838011000,S30,NASA/HLS/HLSS30/v002/T53TLN_20240423T020651,NASA/HLS/HLSS30/v002,B4,B8A,Fmask,EPSG:32653,"[30,0,300000,0,-30,5300040]",false,false,false,false,(NIR-RED)/(NIR+RED); mask denominator=0; keep source masks,dimensionless; no further scale needed,exact_uint8_values_in_Float32,-9999,Float32,1.0
NE_RICE,2024-04,2024-04-01,2024-05-01,NE_RICE_HLS_2024-04_g2_NDVI_FMASK_v1.tif,13,s0006_L30_20240425T015521000_NDVI,NDVI,2024-04-25T01:55:21.000Z,1714010121000,L30,NASA/HLS/HLSL30/v002/T53TLN_20240425T015521,NASA/HLS/HLSL30/v002,B4,B5,Fmask,EPSG:32653,"[30,0,300000,0,-30,5300040]",false,false,false,false,(NIR-RED)/(NIR+RED); mask denominator=0; keep source masks,dimensionless; no further scale needed,exact_uint8_values_in_Float32,-9999,Float32,1.0
NE_RICE,2024-04,2024-04-01,2024-05-01,NE_RICE_HLS_2024-04_g2_NDVI_FMASK_v1.tif,14,s0006_L30_20240425T015521000_FMASK,FMASK,2024-04-25T01:55:21.000Z,1714010121000,L30,NASA/HLS/HLSL30/v002/T53TLN_20240425T015521,NASA/HLS/HLSL30/v002,B4,B5,Fmask,EPSG:32653,"[30,0,300000,0,-30,5300040]",false,false,false,false,(NIR-RED)/(NIR+RED); mask denominator=0; keep source masks,dimensionless; no further scale needed,exact_uint8_values_in_Float32,-9999,Float32,1.0
NE_RICE,2024-04,2024-04-01,2024-05-01,NE_RICE_HLS_2024-04_g2_NDVI_FMASK_v1.tif,15,s0007_S30_20240428T020649000_NDVI,NDVI,2024-04-28T02:06:49.000Z,1714270009000,S30,NASA/HLS/HLSS30/v002/T53TLN_20240428T020649,NASA/HLS/HLSS30/v002,B4,B8A,Fmask,EPSG:32653,"[30,0,300000,0,-30,5300040]",false,false,false,false,(NIR-RED)/(NIR+RED); mask denominator=0; keep source masks,dimensionless; no further scale needed,exact_uint8_values_in_Float32,-9999,Float32,1.0
NE_RICE,2024-04,2024-04-01,2024-05-01,NE_RICE_HLS_2024-04_g2_NDVI_FMASK_v1.tif,16,s0007_S30_20240428T020649000_FMASK,FMASK,2024-04-28T02:06:49.000Z,1714270009000,S30,NASA/HLS/HLSS30/v002/T53TLN_20240428T020649,NASA/HLS/HLSS30/v002,B4,B8A,Fmask,EPSG:32653,"[30,0,300000,0,-30,5300040]",false,false,false,false,(NIR-RED)/(NIR+RED); mask denominator=0; keep source masks,dimensionless; no further scale needed,exact_uint8_values_in_Float32,-9999,Float32,1.0
NE_RICE,2024-05,2024-05-01,2024-06-01,NE_RICE_HLS_2024-05_g1_NDVI_FMASK_v1.tif,1,s0000_L30_20240503T015530000_NDVI,NDVI,2024-05-03T01:55:30.000Z,1714701330000,L30,NASA/HLS/HLSL30/v002/T52TGT_20240503T015530,NASA/HLS/HLSL30/v002,B4,B5,Fmask,EPSG:32652,"[30,0,699960,0,-30,5300040]",false,false,false,false,(NIR-RED)/(NIR+RED); mask denominator=0; keep source masks,dimensionless; no further scale needed,exact_uint8_values_in_Float32,-9999,Float32,1.0
NE_RICE,2024-05,2024-05-01,2024-06-01,NE_RICE_HLS_2024-05_g1_NDVI_FMASK_v1.tif,2,s0000_L30_20240503T015530000_FMASK,FMASK,2024-05-03T01:55:30.000Z,1714701330000,L30,NASA/HLS/HLSL30/v002/T52TGT_20240503T015530,NASA/HLS/HLSL30/v002,B4,B5,Fmask,EPSG:32652,"[30,0,699960,0,-30,5300040]",false,false,false,false,(NIR-RED)/(NIR+RED); mask denominator=0; keep source masks,dimensionless; no further scale needed,exact_uint8_values_in_Float32,-9999,Float32,1.0
NE_RICE,2024-05,2024-05-01,2024-06-01,NE_RICE_HLS_2024-05_g1_NDVI_FMASK_v1.tif,3,s0001_S30_20240503T020651000_NDVI,NDVI,2024-05-03T02:06:51.000Z,1714702011000,S30,NASA/HLS/HLSS30/v002/T52TGT_20240503T020651,NASA/HLS/HLSS30/v002,B4,B8A,Fmask,EPSG:32652,"[30,0,699960,0,-30,5300040]",false,false,false,false,(NIR-RED)/(NIR+RED); mask denominator=0; keep source masks,dimensionless; no further scale needed,exact_uint8_values_in_Float32,-9999,Float32,1.0
NE_RICE,2024-05,2024-05-01,2024-06-01,NE_RICE_HLS_2024-05_g1_NDVI_FMASK_v1.tif,4,s0001_S30_20240503T020651000_FMASK,FMASK,2024-05-03T02:06:51.000Z,1714702011000,S30,NASA/HLS/HLSS30/v002/T52TGT_20240503T020651,NASA/HLS/HLSS30/v002,B4,B8A,Fmask,EPSG:32652,"[30,0,699960,0,-30,5300040]",false,false,false,false,(NIR-RED)/(NIR+RED); mask denominator=0; keep source masks,dimensionless; no further scale needed,exact_uint8_values_in_Float32,-9999,Float32,1.0
NE_RICE,2024-05,2024-05-01,2024-06-01,NE_RICE_HLS_2024-05_g1_NDVI_FMASK_v1.tif,5,s0002_S30_20240508T020649000_NDVI,NDVI,2024-05-08T02:06:49.000Z,1715134009000,S30,NASA/HLS/HLSS30/v002/T52TGT_20240508T020649,NASA/HLS/HLSS30/v002,B4,B8A,Fmask,EPSG:32652,"[30,0,699960,0,-30,5300040]",false,false,false,false,(NIR-RED)/(NIR+RED); mask denominator=0; keep source masks,dimensionless; no further scale needed,exact_uint8_values_in_Float32,-9999,Float32,1.0
NE_RICE,2024-05,2024-05-01,2024-06-01,NE_RICE_HLS_2024-05_g1_NDVI_FMASK_v1.tif,6,s0002_S30_20240508T020649000_FMASK,FMASK,2024-05-08T02:06:49.000Z,1715134009000,S30,NASA/HLS/HLSS30/v002/T52TGT_20240508T020649,NASA/HLS/HLSS30/v002,B4,B8A,Fmask,EPSG:32652,"[30,0,699960,0,-30,5300040]",false,false,false,false,(NIR-RED)/(NIR+RED); mask denominator=0; keep source masks,dimensionless; no further scale needed,exact_uint8_values_in_Float32,-9999,Float32,1.0
NE_RICE,2024-05,2024-05-01,2024-06-01,NE_RICE_HLS_2024-05_g1_NDVI_FMASK_v1.tif,7,s0003_S30_20240513T020651000_NDVI,NDVI,2024-05-13T02:06:51.000Z,1715566011000,S30,NASA/HLS/HLSS30/v002/T52TGT_20240513T020651,NASA/HLS/HLSS30/v002,B4,B8A,Fmask,EPSG:32652,"[30,0,699960,0,-30,5300040]",false,false,false,false,(NIR-RED)/(NIR+RED); mask denominator=0; keep source masks,dimensionless; no further scale needed,exact_uint8_values_in_Float32,-9999,Float32,1.0
NE_RICE,2024-05,2024-05-01,2024-06-01,NE_RICE_HLS_2024-05_g1_NDVI_FMASK_v1.tif,8,s0003_S30_20240513T020651000_FMASK,FMASK,2024-05-13T02:06:51.000Z,1715566011000,S30,NASA/HLS/HLSS30/v002/T52TGT_20240513T020651,NASA/HLS/HLSS30/v002,B4,B8A,Fmask,EPSG:32652,"[30,0,699960,0,-30,5300040]",false,false,false,false,(NIR-RED)/(NIR+RED); mask denominator=0; keep source masks,dimensionless; no further scale needed,exact_uint8_values_in_Float32,-9999,Float32,1.0
NE_RICE,2024-05,2024-05-01,2024-06-01,NE_RICE_HLS_2024-05_g1_NDVI_FMASK_v1.tif,9,s0004_S30_20240518T020649000_NDVI,NDVI,2024-05-18T02:06:49.000Z,1715998009000,S30,NASA/HLS/HLSS30/v002/T52TGT_20240518T020649,NASA/HLS/HLSS30/v002,B4,B8A,Fmask,EPSG:32652,"[30,0,699960,0,-30,5300040]",false,false,false,false,(NIR-RED)/(NIR+RED); mask denominator=0; keep source masks,dimensionless; no further scale needed,exact_uint8_values_in_Float32,-9999,Float32,1.0
NE_RICE,2024-05,2024-05-01,2024-06-01,NE_RICE_HLS_2024-05_g1_NDVI_FMASK_v1.tif,10,s0004_S30_20240518T020649000_FMASK,FMASK,2024-05-18T02:06:49.000Z,1715998009000,S30,NASA/HLS/HLSS30/v002/T52TGT_20240518T020649,NASA/HLS/HLSS30/v002,B4,B8A,Fmask,EPSG:32652,"[30,0,699960,0,-30,5300040]",false,false,false,false,(NIR-RED)/(NIR+RED); mask denominator=0; keep source masks,dimensionless; no further scale needed,exact_uint8_values_in_Float32,-9999,Float32,1.0
NE_RICE,2024-05,2024-05-01,2024-06-01,NE_RICE_HLS_2024-05_g1_NDVI_FMASK_v1.tif,11,s0005_L30_20240519T015522000_NDVI,NDVI,2024-05-19T01:55:22.000Z,1716083722000,L30,NASA/HLS/HLSL30/v002/T52TGT_20240519T015522,NASA/HLS/HLSL30/v002,B4,B5,Fmask,EPSG:32652,"[30,0,699960,0,-30,5300040]",false,false,false,false,(NIR-RED)/(NIR+RED); mask denominator=0; keep source masks,dimensionless; no further scale needed,exact_uint8_values_in_Float32,-9999,Float32,1.0
NE_RICE,2024-05,2024-05-01,2024-06-01,NE_RICE_HLS_2024-05_g1_NDVI_FMASK_v1.tif,12,s0005_L30_20240519T015522000_FMASK,FMASK,2024-05-19T01:55:22.000Z,1716083722000,L30,NASA/HLS/HLSL30/v002/T52TGT_20240519T015522,NASA/HLS/HLSL30/v002,B4,B5,Fmask,EPSG:32652,"[30,0,699960,0,-30,5300040]",false,false,false,false,(NIR-RED)/(NIR+RED); mask denominator=0; keep source masks,dimensionless; no further scale needed,exact_uint8_values_in_Float32,-9999,Float32,1.0
NE_RICE,2024-05,2024-05-01,2024-06-01,NE_RICE_HLS_2024-05_g1_NDVI_FMASK_v1.tif,13,s0006_S30_20240523T020651000_NDVI,NDVI,2024-05-23T02:06:51.000Z,1716430011000,S30,NASA/HLS/HLSS30/v002/T52TGT_20240523T020651,NASA/HLS/HLSS30/v002,B4,B8A,Fmask,EPSG:32652,"[30,0,699960,0,-30,5300040]",false,false,false,false,(NIR-RED)/(NIR+RED); mask denominator=0; keep source masks,dimensionless; no further scale needed,exact_uint8_values_in_Float32,-9999,Float32,1.0
NE_RICE,2024-05,2024-05-01,2024-06-01,NE_RICE_HLS_2024-05_g1_NDVI_FMASK_v1.tif,14,s0006_S30_20240523T020651000_FMASK,FMASK,2024-05-23T02:06:51.000Z,1716430011000,S30,NASA/HLS/HLSS30/v002/T52TGT_20240523T020651,NASA/HLS/HLSS30/v002,B4,B8A,Fmask,EPSG:32652,"[30,0,699960,0,-30,5300040]",false,false,false,false,(NIR-RED)/(NIR+RED); mask denominator=0; keep source masks,dimensionless; no further scale needed,exact_uint8_values_in_Float32,-9999,Float32,1.0
NE_RICE,2024-05,2024-05-01,2024-06-01,NE_RICE_HLS_2024-05_g1_NDVI_FMASK_v1.tif,15,s0007_L30_20240527T015457000_NDVI,NDVI,2024-05-27T01:54:57.000Z,1716774897000,L30,NASA/HLS/HLSL30/v002/T52TGT_20240527T015457,NASA/HLS/HLSL30/v002,B4,B5,Fmask,EPSG:32652,"[30,0,699960,0,-30,5300040]",false,false,false,false,(NIR-RED)/(NIR+RED); mask denominator=0; keep source masks,dimensionless; no further scale needed,exact_uint8_values_in_Float32,-9999,Float32,1.0
NE_RICE,2024-05,2024-05-01,2024-06-01,NE_RICE_HLS_2024-05_g1_NDVI_FMASK_v1.tif,16,s0007_L30_20240527T015457000_FMASK,FMASK,2024-05-27T01:54:57.000Z,1716774897000,L30,NASA/HLS/HLSL30/v002/T52TGT_20240527T015457,NASA/HLS/HLSL30/v002,B4,B5,Fmask,EPSG:32652,"[30,0,699960,0,-30,5300040]",false,false,false,false,(NIR-RED)/(NIR+RED); mask denominator=0; keep source masks,dimensionless; no further scale needed,exact_uint8_values_in_Float32,-9999,Float32,1.0
NE_RICE,2024-05,2024-05-01,2024-06-01,NE_RICE_HLS_2024-05_g1_NDVI_FMASK_v1.tif,17,s0008_S30_20240528T020649000_NDVI,NDVI,2024-05-28T02:06:49.000Z,1716862009000,S30,NASA/HLS/HLSS30/v002/T52TGT_20240528T020649,NASA/HLS/HLSS30/v002,B4,B8A,Fmask,EPSG:32652,"[30,0,699960,0,-30,5300040]",false,false,false,false,(NIR-RED)/(NIR+RED); mask denominator=0; keep source masks,dimensionless; no further scale needed,exact_uint8_values_in_Float32,-9999,Float32,1.0
NE_RICE,2024-05,2024-05-01,2024-06-01,NE_RICE_HLS_2024-05_g1_NDVI_FMASK_v1.tif,18,s0008_S30_20240528T020649000_FMASK,FMASK,2024-05-28T02:06:49.000Z,1716862009000,S30,NASA/HLS/HLSS30/v002/T52TGT_20240528T020649,NASA/HLS/HLSS30/v002,B4,B8A,Fmask,EPSG:32652,"[30,0,699960,0,-30,5300040]",false,false,false,false,(NIR-RED)/(NIR+RED); mask denominator=0; keep source masks,dimensionless; no further scale needed,exact_uint8_values_in_Float32,-9999,Float32,1.0
NE_RICE,2024-05,2024-05-01,2024-06-01,NE_RICE_HLS_2024-05_g2_NDVI_FMASK_v1.tif,1,s0000_L30_20240503T015530000_NDVI,NDVI,2024-05-03T01:55:30.000Z,1714701330000,L30,NASA/HLS/HLSL30/v002/T53TLN_20240503T015530,NASA/HLS/HLSL30/v002,B4,B5,Fmask,EPSG:32653,"[30,0,300000,0,-30,5300040]",false,false,false,false,(NIR-RED)/(NIR+RED); mask denominator=0; keep source masks,dimensionless; no further scale needed,exact_uint8_values_in_Float32,-9999,Float32,1.0
NE_RICE,2024-05,2024-05-01,2024-06-01,NE_RICE_HLS_2024-05_g2_NDVI_FMASK_v1.tif,2,s0000_L30_20240503T015530000_FMASK,FMASK,2024-05-03T01:55:30.000Z,1714701330000,L30,NASA/HLS/HLSL30/v002/T53TLN_20240503T015530,NASA/HLS/HLSL30/v002,B4,B5,Fmask,EPSG:32653,"[30,0,300000,0,-30,5300040]",false,false,false,false,(NIR-RED)/(NIR+RED); mask denominator=0; keep source masks,dimensionless; no further scale needed,exact_uint8_values_in_Float32,-9999,Float32,1.0
NE_RICE,2024-05,2024-05-01,2024-06-01,NE_RICE_HLS_2024-05_g2_NDVI_FMASK_v1.tif,3,s0001_S30_20240503T020651000_NDVI,NDVI,2024-05-03T02:06:51.000Z,1714702011000,S30,NASA/HLS/HLSS30/v002/T53TLN_20240503T020651,NASA/HLS/HLSS30/v002,B4,B8A,Fmask,EPSG:32653,"[30,0,300000,0,-30,5300040]",false,false,false,false,(NIR-RED)/(NIR+RED); mask denominator=0; keep source masks,dimensionless; no further scale needed,exact_uint8_values_in_Float32,-9999,Float32,1.0
NE_RICE,2024-05,2024-05-01,2024-06-01,NE_RICE_HLS_2024-05_g2_NDVI_FMASK_v1.tif,4,s0001_S30_20240503T020651000_FMASK,FMASK,2024-05-03T02:06:51.000Z,1714702011000,S30,NASA/HLS/HLSS30/v002/T53TLN_20240503T020651,NASA/HLS/HLSS30/v002,B4,B8A,Fmask,EPSG:32653,"[30,0,300000,0,-30,5300040]",false,false,false,false,(NIR-RED)/(NIR+RED); mask denominator=0; keep source masks,dimensionless; no further scale needed,exact_uint8_values_in_Float32,-9999,Float32,1.0
NE_RICE,2024-05,2024-05-01,2024-06-01,NE_RICE_HLS_2024-05_g2_NDVI_FMASK_v1.tif,5,s0002_S30_20240508T020649000_NDVI,NDVI,2024-05-08T02:06:49.000Z,1715134009000,S30,NASA/HLS/HLSS30/v002/T53TLN_20240508T020649,NASA/HLS/HLSS30/v002,B4,B8A,Fmask,EPSG:32653,"[30,0,300000,0,-30,5300040]",false,false,false,false,(NIR-RED)/(NIR+RED); mask denominator=0; keep source masks,dimensionless; no further scale needed,exact_uint8_values_in_Float32,-9999,Float32,1.0
NE_RICE,2024-05,2024-05-01,2024-06-01,NE_RICE_HLS_2024-05_g2_NDVI_FMASK_v1.tif,6,s0002_S30_20240508T020649000_FMASK,FMASK,2024-05-08T02:06:49.000Z,1715134009000,S30,NASA/HLS/HLSS30/v002/T53TLN_20240508T020649,NASA/HLS/HLSS30/v002,B4,B8A,Fmask,EPSG:32653,"[30,0,300000,0,-30,5300040]",false,false,false,false,(NIR-RED)/(NIR+RED); mask denominator=0; keep source masks,dimensionless; no further scale needed,exact_uint8_values_in_Float32,-9999,Float32,1.0
NE_RICE,2024-05,2024-05-01,2024-06-01,NE_RICE_HLS_2024-05_g2_NDVI_FMASK_v1.tif,7,s0003_S30_20240513T020651000_NDVI,NDVI,2024-05-13T02:06:51.000Z,1715566011000,S30,NASA/HLS/HLSS30/v002/T53TLN_20240513T020651,NASA/HLS/HLSS30/v002,B4,B8A,Fmask,EPSG:32653,"[30,0,300000,0,-30,5300040]",false,false,false,false,(NIR-RED)/(NIR+RED); mask denominator=0; keep source masks,dimensionless; no further scale needed,exact_uint8_values_in_Float32,-9999,Float32,1.0
NE_RICE,2024-05,2024-05-01,2024-06-01,NE_RICE_HLS_2024-05_g2_NDVI_FMASK_v1.tif,8,s0003_S30_20240513T020651000_FMASK,FMASK,2024-05-13T02:06:51.000Z,1715566011000,S30,NASA/HLS/HLSS30/v002/T53TLN_20240513T020651,NASA/HLS/HLSS30/v002,B4,B8A,Fmask,EPSG:32653,"[30,0,300000,0,-30,5300040]",false,false,false,false,(NIR-RED)/(NIR+RED); mask denominator=0; keep source masks,dimensionless; no further scale needed,exact_uint8_values_in_Float32,-9999,Float32,1.0
NE_RICE,2024-05,2024-05-01,2024-06-01,NE_RICE_HLS_2024-05_g2_NDVI_FMASK_v1.tif,9,s0004_S30_20240518T020649000_NDVI,NDVI,2024-05-18T02:06:49.000Z,1715998009000,S30,NASA/HLS/HLSS30/v002/T53TLN_20240518T020649,NASA/HLS/HLSS30/v002,B4,B8A,Fmask,EPSG:32653,"[30,0,300000,0,-30,5300040]",false,false,false,false,(NIR-RED)/(NIR+RED); mask denominator=0; keep source masks,dimensionless; no further scale needed,exact_uint8_values_in_Float32,-9999,Float32,1.0
NE_RICE,2024-05,2024-05-01,2024-06-01,NE_RICE_HLS_2024-05_g2_NDVI_FMASK_v1.tif,10,s0004_S30_20240518T020649000_FMASK,FMASK,2024-05-18T02:06:49.000Z,1715998009000,S30,NASA/HLS/HLSS30/v002/T53TLN_20240518T020649,NASA/HLS/HLSS30/v002,B4,B8A,Fmask,EPSG:32653,"[30,0,300000,0,-30,5300040]",false,false,false,false,(NIR-RED)/(NIR+RED); mask denominator=0; keep source masks,dimensionless; no further scale needed,exact_uint8_values_in_Float32,-9999,Float32,1.0
NE_RICE,2024-05,2024-05-01,2024-06-01,NE_RICE_HLS_2024-05_g2_NDVI_FMASK_v1.tif,11,s0005_L30_20240519T015522000_NDVI,NDVI,2024-05-19T01:55:22.000Z,1716083722000,L30,NASA/HLS/HLSL30/v002/T53TLN_20240519T015522,NASA/HLS/HLSL30/v002,B4,B5,Fmask,EPSG:32653,"[30,0,300000,0,-30,5300040]",false,false,false,false,(NIR-RED)/(NIR+RED); mask denominator=0; keep source masks,dimensionless; no further scale needed,exact_uint8_values_in_Float32,-9999,Float32,1.0
NE_RICE,2024-05,2024-05-01,2024-06-01,NE_RICE_HLS_2024-05_g2_NDVI_FMASK_v1.tif,12,s0005_L30_20240519T015522000_FMASK,FMASK,2024-05-19T01:55:22.000Z,1716083722000,L30,NASA/HLS/HLSL30/v002/T53TLN_20240519T015522,NASA/HLS/HLSL30/v002,B4,B5,Fmask,EPSG:32653,"[30,0,300000,0,-30,5300040]",false,false,false,false,(NIR-RED)/(NIR+RED); mask denominator=0; keep source masks,dimensionless; no further scale needed,exact_uint8_values_in_Float32,-9999,Float32,1.0
NE_RICE,2024-05,2024-05-01,2024-06-01,NE_RICE_HLS_2024-05_g2_NDVI_FMASK_v1.tif,13,s0006_S30_20240523T020651000_NDVI,NDVI,2024-05-23T02:06:51.000Z,1716430011000,S30,NASA/HLS/HLSS30/v002/T53TLN_20240523T020651,NASA/HLS/HLSS30/v002,B4,B8A,Fmask,EPSG:32653,"[30,0,300000,0,-30,5300040]",false,false,false,false,(NIR-RED)/(NIR+RED); mask denominator=0; keep source masks,dimensionless; no further scale needed,exact_uint8_values_in_Float32,-9999,Float32,1.0
NE_RICE,2024-05,2024-05-01,2024-06-01,NE_RICE_HLS_2024-05_g2_NDVI_FMASK_v1.tif,14,s0006_S30_20240523T020651000_FMASK,FMASK,2024-05-23T02:06:51.000Z,1716430011000,S30,NASA/HLS/HLSS30/v002/T53TLN_20240523T020651,NASA/HLS/HLSS30/v002,B4,B8A,Fmask,EPSG:32653,"[30,0,300000,0,-30,5300040]",false,false,false,false,(NIR-RED)/(NIR+RED); mask denominator=0; keep source masks,dimensionless; no further scale needed,exact_uint8_values_in_Float32,-9999,Float32,1.0
NE_RICE,2024-05,2024-05-01,2024-06-01,NE_RICE_HLS_2024-05_g2_NDVI_FMASK_v1.tif,15,s0007_L30_20240527T015457000_NDVI,NDVI,2024-05-27T01:54:57.000Z,1716774897000,L30,NASA/HLS/HLSL30/v002/T53TLN_20240527T015457,NASA/HLS/HLSL30/v002,B4,B5,Fmask,EPSG:32653,"[30,0,300000,0,-30,5300040]",false,false,false,false,(NIR-RED)/(NIR+RED); mask denominator=0; keep source masks,dimensionless; no further scale needed,exact_uint8_values_in_Float32,-9999,Float32,1.0
NE_RICE,2024-05,2024-05-01,2024-06-01,NE_RICE_HLS_2024-05_g2_NDVI_FMASK_v1.tif,16,s0007_L30_20240527T015457000_FMASK,FMASK,2024-05-27T01:54:57.000Z,1716774897000,L30,NASA/HLS/HLSL30/v002/T53TLN_20240527T015457,NASA/HLS/HLSL30/v002,B4,B5,Fmask,EPSG:32653,"[30,0,300000,0,-30,5300040]",false,false,false,false,(NIR-RED)/(NIR+RED); mask denominator=0; keep source masks,dimensionless; no further scale needed,exact_uint8_values_in_Float32,-9999,Float32,1.0
NE_RICE,2024-05,2024-05-01,2024-06-01,NE_RICE_HLS_2024-05_g2_NDVI_FMASK_v1.tif,17,s0008_S30_20240528T020649000_NDVI,NDVI,2024-05-28T02:06:49.000Z,1716862009000,S30,NASA/HLS/HLSS30/v002/T53TLN_20240528T020649,NASA/HLS/HLSS30/v002,B4,B8A,Fmask,EPSG:32653,"[30,0,300000,0,-30,5300040]",false,false,false,false,(NIR-RED)/(NIR+RED); mask denominator=0; keep source masks,dimensionless; no further scale needed,exact_uint8_values_in_Float32,-9999,Float32,1.0
NE_RICE,2024-05,2024-05-01,2024-06-01,NE_RICE_HLS_2024-05_g2_NDVI_FMASK_v1.tif,18,s0008_S30_20240528T020649000_FMASK,FMASK,2024-05-28T02:06:49.000Z,1716862009000,S30,NASA/HLS/HLSS30/v002/T53TLN_20240528T020649,NASA/HLS/HLSS30/v002,B4,B8A,Fmask,EPSG:32653,"[30,0,300000,0,-30,5300040]",false,false,false,false,(NIR-RED)/(NIR+RED); mask denominator=0; keep source masks,dimensionless; no further scale needed,exact_uint8_values_in_Float32,-9999,Float32,1.0
NE_RICE,2024-06,2024-06-01,2024-07-01,NE_RICE_HLS_2024-06_g1_NDVI_FMASK_v1.tif,1,s0000_S30_20240602T020701000_NDVI,NDVI,2024-06-02T02:07:01.000Z,1717294021000,S30,NASA/HLS/HLSS30/v002/T52TGT_20240602T020701,NASA/HLS/HLSS30/v002,B4,B8A,Fmask,EPSG:32652,"[30,0,699960,0,-30,5300040]",false,false,false,false,(NIR-RED)/(NIR+RED); mask denominator=0; keep source masks,dimensionless; no further scale needed,exact_uint8_values_in_Float32,-9999,Float32,1.0
NE_RICE,2024-06,2024-06-01,2024-07-01,NE_RICE_HLS_2024-06_g1_NDVI_FMASK_v1.tif,2,s0000_S30_20240602T020701000_FMASK,FMASK,2024-06-02T02:07:01.000Z,1717294021000,S30,NASA/HLS/HLSS30/v002/T52TGT_20240602T020701,NASA/HLS/HLSS30/v002,B4,B8A,Fmask,EPSG:32652,"[30,0,699960,0,-30,5300040]",false,false,false,false,(NIR-RED)/(NIR+RED); mask denominator=0; keep source masks,dimensionless; no further scale needed,exact_uint8_values_in_Float32,-9999,Float32,1.0
NE_RICE,2024-06,2024-06-01,2024-07-01,NE_RICE_HLS_2024-06_g1_NDVI_FMASK_v1.tif,3,s0001_L30_20240604T015516000_NDVI,NDVI,2024-06-04T01:55:16.000Z,1717466116000,L30,NASA/HLS/HLSL30/v002/T52TGT_20240604T015516,NASA/HLS/HLSL30/v002,B4,B5,Fmask,EPSG:32652,"[30,0,699960,0,-30,5300040]",false,false,false,false,(NIR-RED)/(NIR+RED); mask denominator=0; keep source masks,dimensionless; no further scale needed,exact_uint8_values_in_Float32,-9999,Float32,1.0
NE_RICE,2024-06,2024-06-01,2024-07-01,NE_RICE_HLS_2024-06_g1_NDVI_FMASK_v1.tif,4,s0001_L30_20240604T015516000_FMASK,FMASK,2024-06-04T01:55:16.000Z,1717466116000,L30,NASA/HLS/HLSL30/v002/T52TGT_20240604T015516,NASA/HLS/HLSL30/v002,B4,B5,Fmask,EPSG:32652,"[30,0,699960,0,-30,5300040]",false,false,false,false,(NIR-RED)/(NIR+RED); mask denominator=0; keep source masks,dimensionless; no further scale needed,exact_uint8_values_in_Float32,-9999,Float32,1.0
NE_RICE,2024-06,2024-06-01,2024-07-01,NE_RICE_HLS_2024-06_g1_NDVI_FMASK_v1.tif,5,s0002_S30_20240607T020659000_NDVI,NDVI,2024-06-07T02:06:59.000Z,1717726019000,S30,NASA/HLS/HLSS30/v002/T52TGT_20240607T020659,NASA/HLS/HLSS30/v002,B4,B8A,Fmask,EPSG:32652,"[30,0,699960,0,-30,5300040]",false,false,false,false,(NIR-RED)/(NIR+RED); mask denominator=0; keep source masks,dimensionless; no further scale needed,exact_uint8_values_in_Float32,-9999,Float32,1.0
NE_RICE,2024-06,2024-06-01,2024-07-01,NE_RICE_HLS_2024-06_g1_NDVI_FMASK_v1.tif,6,s0002_S30_20240607T020659000_FMASK,FMASK,2024-06-07T02:06:59.000Z,1717726019000,S30,NASA/HLS/HLSS30/v002/T52TGT_20240607T020659,NASA/HLS/HLSS30/v002,B4,B8A,Fmask,EPSG:32652,"[30,0,699960,0,-30,5300040]",false,false,false,false,(NIR-RED)/(NIR+RED); mask denominator=0; keep source masks,dimensionless; no further scale needed,exact_uint8_values_in_Float32,-9999,Float32,1.0
NE_RICE,2024-06,2024-06-01,2024-07-01,NE_RICE_HLS_2024-06_g1_NDVI_FMASK_v1.tif,7,s0003_L30_20240612T015458000_NDVI,NDVI,2024-06-12T01:54:58.000Z,1718157298000,L30,NASA/HLS/HLSL30/v002/T52TGT_20240612T015458,NASA/HLS/HLSL30/v002,B4,B5,Fmask,EPSG:32652,"[30,0,699960,0,-30,5300040]",false,false,false,false,(NIR-RED)/(NIR+RED); mask denominator=0; keep source masks,dimensionless; no further scale needed,exact_uint8_values_in_Float32,-9999,Float32,1.0
NE_RICE,2024-06,2024-06-01,2024-07-01,NE_RICE_HLS_2024-06_g1_NDVI_FMASK_v1.tif,8,s0003_L30_20240612T015458000_FMASK,FMASK,2024-06-12T01:54:58.000Z,1718157298000,L30,NASA/HLS/HLSL30/v002/T52TGT_20240612T015458,NASA/HLS/HLSL30/v002,B4,B5,Fmask,EPSG:32652,"[30,0,699960,0,-30,5300040]",false,false,false,false,(NIR-RED)/(NIR+RED); mask denominator=0; keep source masks,dimensionless; no further scale needed,exact_uint8_values_in_Float32,-9999,Float32,1.0
NE_RICE,2024-06,2024-06-01,2024-07-01,NE_RICE_HLS_2024-06_g1_NDVI_FMASK_v1.tif,9,s0004_S30_20240612T020701000_NDVI,NDVI,2024-06-12T02:07:01.000Z,1718158021000,S30,NASA/HLS/HLSS30/v002/T52TGT_20240612T020701,NASA/HLS/HLSS30/v002,B4,B8A,Fmask,EPSG:32652,"[30,0,699960,0,-30,5300040]",false,false,false,false,(NIR-RED)/(NIR+RED); mask denominator=0; keep source masks,dimensionless; no further scale needed,exact_uint8_values_in_Float32,-9999,Float32,1.0
NE_RICE,2024-06,2024-06-01,2024-07-01,NE_RICE_HLS_2024-06_g1_NDVI_FMASK_v1.tif,10,s0004_S30_20240612T020701000_FMASK,FMASK,2024-06-12T02:07:01.000Z,1718158021000,S30,NASA/HLS/HLSS30/v002/T52TGT_20240612T020701,NASA/HLS/HLSS30/v002,B4,B8A,Fmask,EPSG:32652,"[30,0,699960,0,-30,5300040]",false,false,false,false,(NIR-RED)/(NIR+RED); mask denominator=0; keep source masks,dimensionless; no further scale needed,exact_uint8_values_in_Float32,-9999,Float32,1.0
NE_RICE,2024-06,2024-06-01,2024-07-01,NE_RICE_HLS_2024-06_g1_NDVI_FMASK_v1.tif,11,s0005_S30_20240627T020659000_NDVI,NDVI,2024-06-27T02:06:59.000Z,1719454019000,S30,NASA/HLS/HLSS30/v002/T52TGT_20240627T020659,NASA/HLS/HLSS30/v002,B4,B8A,Fmask,EPSG:32652,"[30,0,699960,0,-30,5300040]",false,false,false,false,(NIR-RED)/(NIR+RED); mask denominator=0; keep source masks,dimensionless; no further scale needed,exact_uint8_values_in_Float32,-9999,Float32,1.0
NE_RICE,2024-06,2024-06-01,2024-07-01,NE_RICE_HLS_2024-06_g1_NDVI_FMASK_v1.tif,12,s0005_S30_20240627T020659000_FMASK,FMASK,2024-06-27T02:06:59.000Z,1719454019000,S30,NASA/HLS/HLSS30/v002/T52TGT_20240627T020659,NASA/HLS/HLSS30/v002,B4,B8A,Fmask,EPSG:32652,"[30,0,699960,0,-30,5300040]",false,false,false,false,(NIR-RED)/(NIR+RED); mask denominator=0; keep source masks,dimensionless; no further scale needed,exact_uint8_values_in_Float32,-9999,Float32,1.0
NE_RICE,2024-06,2024-06-01,2024-07-01,NE_RICE_HLS_2024-06_g1_NDVI_FMASK_v1.tif,13,s0006_L30_20240628T015511000_NDVI,NDVI,2024-06-28T01:55:11.000Z,1719539711000,L30,NASA/HLS/HLSL30/v002/T52TGT_20240628T015511,NASA/HLS/HLSL30/v002,B4,B5,Fmask,EPSG:32652,"[30,0,699960,0,-30,5300040]",false,false,false,false,(NIR-RED)/(NIR+RED); mask denominator=0; keep source masks,dimensionless; no further scale needed,exact_uint8_values_in_Float32,-9999,Float32,1.0
NE_RICE,2024-06,2024-06-01,2024-07-01,NE_RICE_HLS_2024-06_g1_NDVI_FMASK_v1.tif,14,s0006_L30_20240628T015511000_FMASK,FMASK,2024-06-28T01:55:11.000Z,1719539711000,L30,NASA/HLS/HLSL30/v002/T52TGT_20240628T015511,NASA/HLS/HLSL30/v002,B4,B5,Fmask,EPSG:32652,"[30,0,699960,0,-30,5300040]",false,false,false,false,(NIR-RED)/(NIR+RED); mask denominator=0; keep source masks,dimensionless; no further scale needed,exact_uint8_values_in_Float32,-9999,Float32,1.0
NE_RICE,2024-06,2024-06-01,2024-07-01,NE_RICE_HLS_2024-06_g2_NDVI_FMASK_v1.tif,1,s0000_S30_20240602T020701000_NDVI,NDVI,2024-06-02T02:07:01.000Z,1717294021000,S30,NASA/HLS/HLSS30/v002/T53TLN_20240602T020701,NASA/HLS/HLSS30/v002,B4,B8A,Fmask,EPSG:32653,"[30,0,300000,0,-30,5300040]",false,false,false,false,(NIR-RED)/(NIR+RED); mask denominator=0; keep source masks,dimensionless; no further scale needed,exact_uint8_values_in_Float32,-9999,Float32,1.0
NE_RICE,2024-06,2024-06-01,2024-07-01,NE_RICE_HLS_2024-06_g2_NDVI_FMASK_v1.tif,2,s0000_S30_20240602T020701000_FMASK,FMASK,2024-06-02T02:07:01.000Z,1717294021000,S30,NASA/HLS/HLSS30/v002/T53TLN_20240602T020701,NASA/HLS/HLSS30/v002,B4,B8A,Fmask,EPSG:32653,"[30,0,300000,0,-30,5300040]",false,false,false,false,(NIR-RED)/(NIR+RED); mask denominator=0; keep source masks,dimensionless; no further scale needed,exact_uint8_values_in_Float32,-9999,Float32,1.0
NE_RICE,2024-06,2024-06-01,2024-07-01,NE_RICE_HLS_2024-06_g2_NDVI_FMASK_v1.tif,3,s0001_L30_20240604T015516000_NDVI,NDVI,2024-06-04T01:55:16.000Z,1717466116000,L30,NASA/HLS/HLSL30/v002/T53TLN_20240604T015516,NASA/HLS/HLSL30/v002,B4,B5,Fmask,EPSG:32653,"[30,0,300000,0,-30,5300040]",false,false,false,false,(NIR-RED)/(NIR+RED); mask denominator=0; keep source masks,dimensionless; no further scale needed,exact_uint8_values_in_Float32,-9999,Float32,1.0
NE_RICE,2024-06,2024-06-01,2024-07-01,NE_RICE_HLS_2024-06_g2_NDVI_FMASK_v1.tif,4,s0001_L30_20240604T015516000_FMASK,FMASK,2024-06-04T01:55:16.000Z,1717466116000,L30,NASA/HLS/HLSL30/v002/T53TLN_20240604T015516,NASA/HLS/HLSL30/v002,B4,B5,Fmask,EPSG:32653,"[30,0,300000,0,-30,5300040]",false,false,false,false,(NIR-RED)/(NIR+RED); mask denominator=0; keep source masks,dimensionless; no further scale needed,exact_uint8_values_in_Float32,-9999,Float32,1.0
NE_RICE,2024-06,2024-06-01,2024-07-01,NE_RICE_HLS_2024-06_g2_NDVI_FMASK_v1.tif,5,s0002_S30_20240607T020659000_NDVI,NDVI,2024-06-07T02:06:59.000Z,1717726019000,S30,NASA/HLS/HLSS30/v002/T53TLN_20240607T020659,NASA/HLS/HLSS30/v002,B4,B8A,Fmask,EPSG:32653,"[30,0,300000,0,-30,5300040]",false,false,false,false,(NIR-RED)/(NIR+RED); mask denominator=0; keep source masks,dimensionless; no further scale needed,exact_uint8_values_in_Float32,-9999,Float32,1.0
NE_RICE,2024-06,2024-06-01,2024-07-01,NE_RICE_HLS_2024-06_g2_NDVI_FMASK_v1.tif,6,s0002_S30_20240607T020659000_FMASK,FMASK,2024-06-07T02:06:59.000Z,1717726019000,S30,NASA/HLS/HLSS30/v002/T53TLN_20240607T020659,NASA/HLS/HLSS30/v002,B4,B8A,Fmask,EPSG:32653,"[30,0,300000,0,-30,5300040]",false,false,false,false,(NIR-RED)/(NIR+RED); mask denominator=0; keep source masks,dimensionless; no further scale needed,exact_uint8_values_in_Float32,-9999,Float32,1.0
NE_RICE,2024-06,2024-06-01,2024-07-01,NE_RICE_HLS_2024-06_g2_NDVI_FMASK_v1.tif,7,s0003_L30_20240612T015458000_NDVI,NDVI,2024-06-12T01:54:58.000Z,1718157298000,L30,NASA/HLS/HLSL30/v002/T53TLN_20240612T015458,NASA/HLS/HLSL30/v002,B4,B5,Fmask,EPSG:32653,"[30,0,300000,0,-30,5300040]",false,false,false,false,(NIR-RED)/(NIR+RED); mask denominator=0; keep source masks,dimensionless; no further scale needed,exact_uint8_values_in_Float32,-9999,Float32,1.0
NE_RICE,2024-06,2024-06-01,2024-07-01,NE_RICE_HLS_2024-06_g2_NDVI_FMASK_v1.tif,8,s0003_L30_20240612T015458000_FMASK,FMASK,2024-06-12T01:54:58.000Z,1718157298000,L30,NASA/HLS/HLSL30/v002/T53TLN_20240612T015458,NASA/HLS/HLSL30/v002,B4,B5,Fmask,EPSG:32653,"[30,0,300000,0,-30,5300040]",false,false,false,false,(NIR-RED)/(NIR+RED); mask denominator=0; keep source masks,dimensionless; no further scale needed,exact_uint8_values_in_Float32,-9999,Float32,1.0
NE_RICE,2024-06,2024-06-01,2024-07-01,NE_RICE_HLS_2024-06_g2_NDVI_FMASK_v1.tif,9,s0004_S30_20240612T020701000_NDVI,NDVI,2024-06-12T02:07:01.000Z,1718158021000,S30,NASA/HLS/HLSS30/v002/T53TLN_20240612T020701,NASA/HLS/HLSS30/v002,B4,B8A,Fmask,EPSG:32653,"[30,0,300000,0,-30,5300040]",false,false,false,false,(NIR-RED)/(NIR+RED); mask denominator=0; keep source masks,dimensionless; no further scale needed,exact_uint8_values_in_Float32,-9999,Float32,1.0
NE_RICE,2024-06,2024-06-01,2024-07-01,NE_RICE_HLS_2024-06_g2_NDVI_FMASK_v1.tif,10,s0004_S30_20240612T020701000_FMASK,FMASK,2024-06-12T02:07:01.000Z,1718158021000,S30,NASA/HLS/HLSS30/v002/T53TLN_20240612T020701,NASA/HLS/HLSS30/v002,B4,B8A,Fmask,EPSG:32653,"[30,0,300000,0,-30,5300040]",false,false,false,false,(NIR-RED)/(NIR+RED); mask denominator=0; keep source masks,dimensionless; no further scale needed,exact_uint8_values_in_Float32,-9999,Float32,1.0
NE_RICE,2024-06,2024-06-01,2024-07-01,NE_RICE_HLS_2024-06_g2_NDVI_FMASK_v1.tif,11,s0005_S30_20240627T020659000_NDVI,NDVI,2024-06-27T02:06:59.000Z,1719454019000,S30,NASA/HLS/HLSS30/v002/T53TLN_20240627T020659,NASA/HLS/HLSS30/v002,B4,B8A,Fmask,EPSG:32653,"[30,0,300000,0,-30,5300040]",false,false,false,false,(NIR-RED)/(NIR+RED); mask denominator=0; keep source masks,dimensionless; no further scale needed,exact_uint8_values_in_Float32,-9999,Float32,1.0
NE_RICE,2024-06,2024-06-01,2024-07-01,NE_RICE_HLS_2024-06_g2_NDVI_FMASK_v1.tif,12,s0005_S30_20240627T020659000_FMASK,FMASK,2024-06-27T02:06:59.000Z,1719454019000,S30,NASA/HLS/HLSS30/v002/T53TLN_20240627T020659,NASA/HLS/HLSS30/v002,B4,B8A,Fmask,EPSG:32653,"[30,0,300000,0,-30,5300040]",false,false,false,false,(NIR-RED)/(NIR+RED); mask denominator=0; keep source masks,dimensionless; no further scale needed,exact_uint8_values_in_Float32,-9999,Float32,1.0
NE_RICE,2024-06,2024-06-01,2024-07-01,NE_RICE_HLS_2024-06_g2_NDVI_FMASK_v1.tif,13,s0006_L30_20240628T015511000_NDVI,NDVI,2024-06-28T01:55:11.000Z,1719539711000,L30,NASA/HLS/HLSL30/v002/T53TLN_20240628T015511,NASA/HLS/HLSL30/v002,B4,B5,Fmask,EPSG:32653,"[30,0,300000,0,-30,5300040]",false,false,false,false,(NIR-RED)/(NIR+RED); mask denominator=0; keep source masks,dimensionless; no further scale needed,exact_uint8_values_in_Float32,-9999,Float32,1.0
NE_RICE,2024-06,2024-06-01,2024-07-01,NE_RICE_HLS_2024-06_g2_NDVI_FMASK_v1.tif,14,s0006_L30_20240628T015511000_FMASK,FMASK,2024-06-28T01:55:11.000Z,1719539711000,L30,NASA/HLS/HLSL30/v002/T53TLN_20240628T015511,NASA/HLS/HLSL30/v002,B4,B5,Fmask,EPSG:32653,"[30,0,300000,0,-30,5300040]",false,false,false,false,(NIR-RED)/(NIR+RED); mask denominator=0; keep source masks,dimensionless; no further scale needed,exact_uint8_values_in_Float32,-9999,Float32,1.0
NE_RICE,2024-07,2024-07-01,2024-08-01,NE_RICE_HLS_2024-07_g1_NDVI_FMASK_v1.tif,1,s0000_S30_20240702T020651000_NDVI,NDVI,2024-07-02T02:06:51.000Z,1719886011000,S30,NASA/HLS/HLSS30/v002/T52TGT_20240702T020651,NASA/HLS/HLSS30/v002,B4,B8A,Fmask,EPSG:32652,"[30,0,699960,0,-30,5300040]",false,false,false,false,(NIR-RED)/(NIR+RED); mask denominator=0; keep source masks,dimensionless; no further scale needed,exact_uint8_values_in_Float32,-9999,Float32,1.0
NE_RICE,2024-07,2024-07-01,2024-08-01,NE_RICE_HLS_2024-07_g1_NDVI_FMASK_v1.tif,2,s0000_S30_20240702T020651000_FMASK,FMASK,2024-07-02T02:06:51.000Z,1719886011000,S30,NASA/HLS/HLSS30/v002/T52TGT_20240702T020651,NASA/HLS/HLSS30/v002,B4,B8A,Fmask,EPSG:32652,"[30,0,699960,0,-30,5300040]",false,false,false,false,(NIR-RED)/(NIR+RED); mask denominator=0; keep source masks,dimensionless; no further scale needed,exact_uint8_values_in_Float32,-9999,Float32,1.0
NE_RICE,2024-07,2024-07-01,2024-08-01,NE_RICE_HLS_2024-07_g1_NDVI_FMASK_v1.tif,3,s0001_L30_20240706T015512000_NDVI,NDVI,2024-07-06T01:55:12.000Z,1720230912000,L30,NASA/HLS/HLSL30/v002/T52TGT_20240706T015512,NASA/HLS/HLSL30/v002,B4,B5,Fmask,EPSG:32652,"[30,0,699960,0,-30,5300040]",false,false,false,false,(NIR-RED)/(NIR+RED); mask denominator=0; keep source masks,dimensionless; no further scale needed,exact_uint8_values_in_Float32,-9999,Float32,1.0
NE_RICE,2024-07,2024-07-01,2024-08-01,NE_RICE_HLS_2024-07_g1_NDVI_FMASK_v1.tif,4,s0001_L30_20240706T015512000_FMASK,FMASK,2024-07-06T01:55:12.000Z,1720230912000,L30,NASA/HLS/HLSL30/v002/T52TGT_20240706T015512,NASA/HLS/HLSL30/v002,B4,B5,Fmask,EPSG:32652,"[30,0,699960,0,-30,5300040]",false,false,false,false,(NIR-RED)/(NIR+RED); mask denominator=0; keep source masks,dimensionless; no further scale needed,exact_uint8_values_in_Float32,-9999,Float32,1.0
NE_RICE,2024-07,2024-07-01,2024-08-01,NE_RICE_HLS_2024-07_g1_NDVI_FMASK_v1.tif,5,s0002_L30_20240714T015521000_NDVI,NDVI,2024-07-14T01:55:21.000Z,1720922121000,L30,NASA/HLS/HLSL30/v002/T52TGT_20240714T015521,NASA/HLS/HLSL30/v002,B4,B5,Fmask,EPSG:32652,"[30,0,699960,0,-30,5300040]",false,false,false,false,(NIR-RED)/(NIR+RED); mask denominator=0; keep source masks,dimensionless; no further scale needed,exact_uint8_values_in_Float32,-9999,Float32,1.0
NE_RICE,2024-07,2024-07-01,2024-08-01,NE_RICE_HLS_2024-07_g1_NDVI_FMASK_v1.tif,6,s0002_L30_20240714T015521000_FMASK,FMASK,2024-07-14T01:55:21.000Z,1720922121000,L30,NASA/HLS/HLSL30/v002/T52TGT_20240714T015521,NASA/HLS/HLSL30/v002,B4,B5,Fmask,EPSG:32652,"[30,0,699960,0,-30,5300040]",false,false,false,false,(NIR-RED)/(NIR+RED); mask denominator=0; keep source masks,dimensionless; no further scale needed,exact_uint8_values_in_Float32,-9999,Float32,1.0
NE_RICE,2024-07,2024-07-01,2024-08-01,NE_RICE_HLS_2024-07_g1_NDVI_FMASK_v1.tif,7,s0003_S30_20240717T020659000_NDVI,NDVI,2024-07-17T02:06:59.000Z,1721182019000,S30,NASA/HLS/HLSS30/v002/T52TGT_20240717T020659,NASA/HLS/HLSS30/v002,B4,B8A,Fmask,EPSG:32652,"[30,0,699960,0,-30,5300040]",false,false,false,false,(NIR-RED)/(NIR+RED); mask denominator=0; keep source masks,dimensionless; no further scale needed,exact_uint8_values_in_Float32,-9999,Float32,1.0
NE_RICE,2024-07,2024-07-01,2024-08-01,NE_RICE_HLS_2024-07_g1_NDVI_FMASK_v1.tif,8,s0003_S30_20240717T020659000_FMASK,FMASK,2024-07-17T02:06:59.000Z,1721182019000,S30,NASA/HLS/HLSS30/v002/T52TGT_20240717T020659,NASA/HLS/HLSS30/v002,B4,B8A,Fmask,EPSG:32652,"[30,0,699960,0,-30,5300040]",false,false,false,false,(NIR-RED)/(NIR+RED); mask denominator=0; keep source masks,dimensionless; no further scale needed,exact_uint8_values_in_Float32,-9999,Float32,1.0
NE_RICE,2024-07,2024-07-01,2024-08-01,NE_RICE_HLS_2024-07_g1_NDVI_FMASK_v1.tif,9,s0004_L30_20240722T015521000_NDVI,NDVI,2024-07-22T01:55:21.000Z,1721613321000,L30,NASA/HLS/HLSL30/v002/T52TGT_20240722T015521,NASA/HLS/HLSL30/v002,B4,B5,Fmask,EPSG:32652,"[30,0,699960,0,-30,5300040]",false,false,false,false,(NIR-RED)/(NIR+RED); mask denominator=0; keep source masks,dimensionless; no further scale needed,exact_uint8_values_in_Float32,-9999,Float32,1.0
NE_RICE,2024-07,2024-07-01,2024-08-01,NE_RICE_HLS_2024-07_g1_NDVI_FMASK_v1.tif,10,s0004_L30_20240722T015521000_FMASK,FMASK,2024-07-22T01:55:21.000Z,1721613321000,L30,NASA/HLS/HLSL30/v002/T52TGT_20240722T015521,NASA/HLS/HLSL30/v002,B4,B5,Fmask,EPSG:32652,"[30,0,699960,0,-30,5300040]",false,false,false,false,(NIR-RED)/(NIR+RED); mask denominator=0; keep source masks,dimensionless; no further scale needed,exact_uint8_values_in_Float32,-9999,Float32,1.0
NE_RICE,2024-07,2024-07-01,2024-08-01,NE_RICE_HLS_2024-07_g1_NDVI_FMASK_v1.tif,11,s0005_S30_20240722T020651000_NDVI,NDVI,2024-07-22T02:06:51.000Z,1721614011000,S30,NASA/HLS/HLSS30/v002/T52TGT_20240722T020651,NASA/HLS/HLSS30/v002,B4,B8A,Fmask,EPSG:32652,"[30,0,699960,0,-30,5300040]",false,false,false,false,(NIR-RED)/(NIR+RED); mask denominator=0; keep source masks,dimensionless; no further scale needed,exact_uint8_values_in_Float32,-9999,Float32,1.0
NE_RICE,2024-07,2024-07-01,2024-08-01,NE_RICE_HLS_2024-07_g1_NDVI_FMASK_v1.tif,12,s0005_S30_20240722T020651000_FMASK,FMASK,2024-07-22T02:06:51.000Z,1721614011000,S30,NASA/HLS/HLSS30/v002/T52TGT_20240722T020651,NASA/HLS/HLSS30/v002,B4,B8A,Fmask,EPSG:32652,"[30,0,699960,0,-30,5300040]",false,false,false,false,(NIR-RED)/(NIR+RED); mask denominator=0; keep source masks,dimensionless; no further scale needed,exact_uint8_values_in_Float32,-9999,Float32,1.0
NE_RICE,2024-07,2024-07-01,2024-08-01,NE_RICE_HLS_2024-07_g1_NDVI_FMASK_v1.tif,13,s0006_L30_20240730T015531000_NDVI,NDVI,2024-07-30T01:55:31.000Z,1722304531000,L30,NASA/HLS/HLSL30/v002/T52TGT_20240730T015531,NASA/HLS/HLSL30/v002,B4,B5,Fmask,EPSG:32652,"[30,0,699960,0,-30,5300040]",false,false,false,false,(NIR-RED)/(NIR+RED); mask denominator=0; keep source masks,dimensionless; no further scale needed,exact_uint8_values_in_Float32,-9999,Float32,1.0
NE_RICE,2024-07,2024-07-01,2024-08-01,NE_RICE_HLS_2024-07_g1_NDVI_FMASK_v1.tif,14,s0006_L30_20240730T015531000_FMASK,FMASK,2024-07-30T01:55:31.000Z,1722304531000,L30,NASA/HLS/HLSL30/v002/T52TGT_20240730T015531,NASA/HLS/HLSL30/v002,B4,B5,Fmask,EPSG:32652,"[30,0,699960,0,-30,5300040]",false,false,false,false,(NIR-RED)/(NIR+RED); mask denominator=0; keep source masks,dimensionless; no further scale needed,exact_uint8_values_in_Float32,-9999,Float32,1.0
NE_RICE,2024-07,2024-07-01,2024-08-01,NE_RICE_HLS_2024-07_g2_NDVI_FMASK_v1.tif,1,s0000_S30_20240702T020651000_NDVI,NDVI,2024-07-02T02:06:51.000Z,1719886011000,S30,NASA/HLS/HLSS30/v002/T53TLN_20240702T020651,NASA/HLS/HLSS30/v002,B4,B8A,Fmask,EPSG:32653,"[30,0,300000,0,-30,5300040]",false,false,false,false,(NIR-RED)/(NIR+RED); mask denominator=0; keep source masks,dimensionless; no further scale needed,exact_uint8_values_in_Float32,-9999,Float32,1.0
NE_RICE,2024-07,2024-07-01,2024-08-01,NE_RICE_HLS_2024-07_g2_NDVI_FMASK_v1.tif,2,s0000_S30_20240702T020651000_FMASK,FMASK,2024-07-02T02:06:51.000Z,1719886011000,S30,NASA/HLS/HLSS30/v002/T53TLN_20240702T020651,NASA/HLS/HLSS30/v002,B4,B8A,Fmask,EPSG:32653,"[30,0,300000,0,-30,5300040]",false,false,false,false,(NIR-RED)/(NIR+RED); mask denominator=0; keep source masks,dimensionless; no further scale needed,exact_uint8_values_in_Float32,-9999,Float32,1.0
NE_RICE,2024-07,2024-07-01,2024-08-01,NE_RICE_HLS_2024-07_g2_NDVI_FMASK_v1.tif,3,s0001_L30_20240706T015512000_NDVI,NDVI,2024-07-06T01:55:12.000Z,1720230912000,L30,NASA/HLS/HLSL30/v002/T53TLN_20240706T015512,NASA/HLS/HLSL30/v002,B4,B5,Fmask,EPSG:32653,"[30,0,300000,0,-30,5300040]",false,false,false,false,(NIR-RED)/(NIR+RED); mask denominator=0; keep source masks,dimensionless; no further scale needed,exact_uint8_values_in_Float32,-9999,Float32,1.0
NE_RICE,2024-07,2024-07-01,2024-08-01,NE_RICE_HLS_2024-07_g2_NDVI_FMASK_v1.tif,4,s0001_L30_20240706T015512000_FMASK,FMASK,2024-07-06T01:55:12.000Z,1720230912000,L30,NASA/HLS/HLSL30/v002/T53TLN_20240706T015512,NASA/HLS/HLSL30/v002,B4,B5,Fmask,EPSG:32653,"[30,0,300000,0,-30,5300040]",false,false,false,false,(NIR-RED)/(NIR+RED); mask denominator=0; keep source masks,dimensionless; no further scale needed,exact_uint8_values_in_Float32,-9999,Float32,1.0
NE_RICE,2024-07,2024-07-01,2024-08-01,NE_RICE_HLS_2024-07_g2_NDVI_FMASK_v1.tif,5,s0002_S30_20240707T020659000_NDVI,NDVI,2024-07-07T02:06:59.000Z,1720318019000,S30,NASA/HLS/HLSS30/v002/T53TLN_20240707T020659,NASA/HLS/HLSS30/v002,B4,B8A,Fmask,EPSG:32653,"[30,0,300000,0,-30,5300040]",false,false,false,false,(NIR-RED)/(NIR+RED); mask denominator=0; keep source masks,dimensionless; no further scale needed,exact_uint8_values_in_Float32,-9999,Float32,1.0
NE_RICE,2024-07,2024-07-01,2024-08-01,NE_RICE_HLS_2024-07_g2_NDVI_FMASK_v1.tif,6,s0002_S30_20240707T020659000_FMASK,FMASK,2024-07-07T02:06:59.000Z,1720318019000,S30,NASA/HLS/HLSS30/v002/T53TLN_20240707T020659,NASA/HLS/HLSS30/v002,B4,B8A,Fmask,EPSG:32653,"[30,0,300000,0,-30,5300040]",false,false,false,false,(NIR-RED)/(NIR+RED); mask denominator=0; keep source masks,dimensionless; no further scale needed,exact_uint8_values_in_Float32,-9999,Float32,1.0
NE_RICE,2024-07,2024-07-01,2024-08-01,NE_RICE_HLS_2024-07_g2_NDVI_FMASK_v1.tif,7,s0003_L30_20240714T015521000_NDVI,NDVI,2024-07-14T01:55:21.000Z,1720922121000,L30,NASA/HLS/HLSL30/v002/T53TLN_20240714T015521,NASA/HLS/HLSL30/v002,B4,B5,Fmask,EPSG:32653,"[30,0,300000,0,-30,5300040]",false,false,false,false,(NIR-RED)/(NIR+RED); mask denominator=0; keep source masks,dimensionless; no further scale needed,exact_uint8_values_in_Float32,-9999,Float32,1.0
NE_RICE,2024-07,2024-07-01,2024-08-01,NE_RICE_HLS_2024-07_g2_NDVI_FMASK_v1.tif,8,s0003_L30_20240714T015521000_FMASK,FMASK,2024-07-14T01:55:21.000Z,1720922121000,L30,NASA/HLS/HLSL30/v002/T53TLN_20240714T015521,NASA/HLS/HLSL30/v002,B4,B5,Fmask,EPSG:32653,"[30,0,300000,0,-30,5300040]",false,false,false,false,(NIR-RED)/(NIR+RED); mask denominator=0; keep source masks,dimensionless; no further scale needed,exact_uint8_values_in_Float32,-9999,Float32,1.0
NE_RICE,2024-07,2024-07-01,2024-08-01,NE_RICE_HLS_2024-07_g2_NDVI_FMASK_v1.tif,9,s0004_S30_20240717T020659000_NDVI,NDVI,2024-07-17T02:06:59.000Z,1721182019000,S30,NASA/HLS/HLSS30/v002/T53TLN_20240717T020659,NASA/HLS/HLSS30/v002,B4,B8A,Fmask,EPSG:32653,"[30,0,300000,0,-30,5300040]",false,false,false,false,(NIR-RED)/(NIR+RED); mask denominator=0; keep source masks,dimensionless; no further scale needed,exact_uint8_values_in_Float32,-9999,Float32,1.0
NE_RICE,2024-07,2024-07-01,2024-08-01,NE_RICE_HLS_2024-07_g2_NDVI_FMASK_v1.tif,10,s0004_S30_20240717T020659000_FMASK,FMASK,2024-07-17T02:06:59.000Z,1721182019000,S30,NASA/HLS/HLSS30/v002/T53TLN_20240717T020659,NASA/HLS/HLSS30/v002,B4,B8A,Fmask,EPSG:32653,"[30,0,300000,0,-30,5300040]",false,false,false,false,(NIR-RED)/(NIR+RED); mask denominator=0; keep source masks,dimensionless; no further scale needed,exact_uint8_values_in_Float32,-9999,Float32,1.0
NE_RICE,2024-07,2024-07-01,2024-08-01,NE_RICE_HLS_2024-07_g2_NDVI_FMASK_v1.tif,11,s0005_L30_20240722T015521000_NDVI,NDVI,2024-07-22T01:55:21.000Z,1721613321000,L30,NASA/HLS/HLSL30/v002/T53TLN_20240722T015521,NASA/HLS/HLSL30/v002,B4,B5,Fmask,EPSG:32653,"[30,0,300000,0,-30,5300040]",false,false,false,false,(NIR-RED)/(NIR+RED); mask denominator=0; keep source masks,dimensionless; no further scale needed,exact_uint8_values_in_Float32,-9999,Float32,1.0
NE_RICE,2024-07,2024-07-01,2024-08-01,NE_RICE_HLS_2024-07_g2_NDVI_FMASK_v1.tif,12,s0005_L30_20240722T015521000_FMASK,FMASK,2024-07-22T01:55:21.000Z,1721613321000,L30,NASA/HLS/HLSL30/v002/T53TLN_20240722T015521,NASA/HLS/HLSL30/v002,B4,B5,Fmask,EPSG:32653,"[30,0,300000,0,-30,5300040]",false,false,false,false,(NIR-RED)/(NIR+RED); mask denominator=0; keep source masks,dimensionless; no further scale needed,exact_uint8_values_in_Float32,-9999,Float32,1.0
NE_RICE,2024-07,2024-07-01,2024-08-01,NE_RICE_HLS_2024-07_g2_NDVI_FMASK_v1.tif,13,s0006_S30_20240722T020651000_NDVI,NDVI,2024-07-22T02:06:51.000Z,1721614011000,S30,NASA/HLS/HLSS30/v002/T53TLN_20240722T020651,NASA/HLS/HLSS30/v002,B4,B8A,Fmask,EPSG:32653,"[30,0,300000,0,-30,5300040]",false,false,false,false,(NIR-RED)/(NIR+RED); mask denominator=0; keep source masks,dimensionless; no further scale needed,exact_uint8_values_in_Float32,-9999,Float32,1.0
NE_RICE,2024-07,2024-07-01,2024-08-01,NE_RICE_HLS_2024-07_g2_NDVI_FMASK_v1.tif,14,s0006_S30_20240722T020651000_FMASK,FMASK,2024-07-22T02:06:51.000Z,1721614011000,S30,NASA/HLS/HLSS30/v002/T53TLN_20240722T020651,NASA/HLS/HLSS30/v002,B4,B8A,Fmask,EPSG:32653,"[30,0,300000,0,-30,5300040]",false,false,false,false,(NIR-RED)/(NIR+RED); mask denominator=0; keep source masks,dimensionless; no further scale needed,exact_uint8_values_in_Float32,-9999,Float32,1.0
NE_RICE,2024-07,2024-07-01,2024-08-01,NE_RICE_HLS_2024-07_g2_NDVI_FMASK_v1.tif,15,s0007_L30_20240730T015531000_NDVI,NDVI,2024-07-30T01:55:31.000Z,1722304531000,L30,NASA/HLS/HLSL30/v002/T53TLN_20240730T015531,NASA/HLS/HLSL30/v002,B4,B5,Fmask,EPSG:32653,"[30,0,300000,0,-30,5300040]",false,false,false,false,(NIR-RED)/(NIR+RED); mask denominator=0; keep source masks,dimensionless; no further scale needed,exact_uint8_values_in_Float32,-9999,Float32,1.0
NE_RICE,2024-07,2024-07-01,2024-08-01,NE_RICE_HLS_2024-07_g2_NDVI_FMASK_v1.tif,16,s0007_L30_20240730T015531000_FMASK,FMASK,2024-07-30T01:55:31.000Z,1722304531000,L30,NASA/HLS/HLSL30/v002/T53TLN_20240730T015531,NASA/HLS/HLSL30/v002,B4,B5,Fmask,EPSG:32653,"[30,0,300000,0,-30,5300040]",false,false,false,false,(NIR-RED)/(NIR+RED); mask denominator=0; keep source masks,dimensionless; no further scale needed,exact_uint8_values_in_Float32,-9999,Float32,1.0
NE_RICE,2024-08,2024-08-01,2024-09-01,NE_RICE_HLS_2024-08_g1_NDVI_FMASK_v1.tif,1,s0000_S30_20240806T020659000_NDVI,NDVI,2024-08-06T02:06:59.000Z,1722910019000,S30,NASA/HLS/HLSS30/v002/T52TGT_20240806T020659,NASA/HLS/HLSS30/v002,B4,B8A,Fmask,EPSG:32652,"[30,0,699960,0,-30,5300040]",false,false,false,false,(NIR-RED)/(NIR+RED); mask denominator=0; keep source masks,dimensionless; no further scale needed,exact_uint8_values_in_Float32,-9999,Float32,1.0
NE_RICE,2024-08,2024-08-01,2024-09-01,NE_RICE_HLS_2024-08_g1_NDVI_FMASK_v1.tif,2,s0000_S30_20240806T020659000_FMASK,FMASK,2024-08-06T02:06:59.000Z,1722910019000,S30,NASA/HLS/HLSS30/v002/T52TGT_20240806T020659,NASA/HLS/HLSS30/v002,B4,B8A,Fmask,EPSG:32652,"[30,0,699960,0,-30,5300040]",false,false,false,false,(NIR-RED)/(NIR+RED); mask denominator=0; keep source masks,dimensionless; no further scale needed,exact_uint8_values_in_Float32,-9999,Float32,1.0
NE_RICE,2024-08,2024-08-01,2024-09-01,NE_RICE_HLS_2024-08_g1_NDVI_FMASK_v1.tif,3,s0001_L30_20240815T015534000_NDVI,NDVI,2024-08-15T01:55:34.000Z,1723686934000,L30,NASA/HLS/HLSL30/v002/T52TGT_20240815T015534,NASA/HLS/HLSL30/v002,B4,B5,Fmask,EPSG:32652,"[30,0,699960,0,-30,5300040]",false,false,false,false,(NIR-RED)/(NIR+RED); mask denominator=0; keep source masks,dimensionless; no further scale needed,exact_uint8_values_in_Float32,-9999,Float32,1.0
NE_RICE,2024-08,2024-08-01,2024-09-01,NE_RICE_HLS_2024-08_g1_NDVI_FMASK_v1.tif,4,s0001_L30_20240815T015534000_FMASK,FMASK,2024-08-15T01:55:34.000Z,1723686934000,L30,NASA/HLS/HLSL30/v002/T52TGT_20240815T015534,NASA/HLS/HLSL30/v002,B4,B5,Fmask,EPSG:32652,"[30,0,699960,0,-30,5300040]",false,false,false,false,(NIR-RED)/(NIR+RED); mask denominator=0; keep source masks,dimensionless; no further scale needed,exact_uint8_values_in_Float32,-9999,Float32,1.0
NE_RICE,2024-08,2024-08-01,2024-09-01,NE_RICE_HLS_2024-08_g1_NDVI_FMASK_v1.tif,5,s0002_S30_20240816T020659000_NDVI,NDVI,2024-08-16T02:06:59.000Z,1723774019000,S30,NASA/HLS/HLSS30/v002/T52TGT_20240816T020659,NASA/HLS/HLSS30/v002,B4,B8A,Fmask,EPSG:32652,"[30,0,699960,0,-30,5300040]",false,false,false,false,(NIR-RED)/(NIR+RED); mask denominator=0; keep source masks,dimensionless; no further scale needed,exact_uint8_values_in_Float32,-9999,Float32,1.0
NE_RICE,2024-08,2024-08-01,2024-09-01,NE_RICE_HLS_2024-08_g1_NDVI_FMASK_v1.tif,6,s0002_S30_20240816T020659000_FMASK,FMASK,2024-08-16T02:06:59.000Z,1723774019000,S30,NASA/HLS/HLSS30/v002/T52TGT_20240816T020659,NASA/HLS/HLSS30/v002,B4,B8A,Fmask,EPSG:32652,"[30,0,699960,0,-30,5300040]",false,false,false,false,(NIR-RED)/(NIR+RED); mask denominator=0; keep source masks,dimensionless; no further scale needed,exact_uint8_values_in_Float32,-9999,Float32,1.0
NE_RICE,2024-08,2024-08-01,2024-09-01,NE_RICE_HLS_2024-08_g1_NDVI_FMASK_v1.tif,7,s0003_S30_20240821T020651000_NDVI,NDVI,2024-08-21T02:06:51.000Z,1724206011000,S30,NASA/HLS/HLSS30/v002/T52TGT_20240821T020651,NASA/HLS/HLSS30/v002,B4,B8A,Fmask,EPSG:32652,"[30,0,699960,0,-30,5300040]",false,false,false,false,(NIR-RED)/(NIR+RED); mask denominator=0; keep source masks,dimensionless; no further scale needed,exact_uint8_values_in_Float32,-9999,Float32,1.0
NE_RICE,2024-08,2024-08-01,2024-09-01,NE_RICE_HLS_2024-08_g1_NDVI_FMASK_v1.tif,8,s0003_S30_20240821T020651000_FMASK,FMASK,2024-08-21T02:06:51.000Z,1724206011000,S30,NASA/HLS/HLSS30/v002/T52TGT_20240821T020651,NASA/HLS/HLSS30/v002,B4,B8A,Fmask,EPSG:32652,"[30,0,699960,0,-30,5300040]",false,false,false,false,(NIR-RED)/(NIR+RED); mask denominator=0; keep source masks,dimensionless; no further scale needed,exact_uint8_values_in_Float32,-9999,Float32,1.0
NE_RICE,2024-08,2024-08-01,2024-09-01,NE_RICE_HLS_2024-08_g1_NDVI_FMASK_v1.tif,9,s0004_S30_20240826T020649000_NDVI,NDVI,2024-08-26T02:06:49.000Z,1724638009000,S30,NASA/HLS/HLSS30/v002/T52TGT_20240826T020649,NASA/HLS/HLSS30/v002,B4,B8A,Fmask,EPSG:32652,"[30,0,699960,0,-30,5300040]",false,false,false,false,(NIR-RED)/(NIR+RED); mask denominator=0; keep source masks,dimensionless; no further scale needed,exact_uint8_values_in_Float32,-9999,Float32,1.0
NE_RICE,2024-08,2024-08-01,2024-09-01,NE_RICE_HLS_2024-08_g1_NDVI_FMASK_v1.tif,10,s0004_S30_20240826T020649000_FMASK,FMASK,2024-08-26T02:06:49.000Z,1724638009000,S30,NASA/HLS/HLSS30/v002/T52TGT_20240826T020649,NASA/HLS/HLSS30/v002,B4,B8A,Fmask,EPSG:32652,"[30,0,699960,0,-30,5300040]",false,false,false,false,(NIR-RED)/(NIR+RED); mask denominator=0; keep source masks,dimensionless; no further scale needed,exact_uint8_values_in_Float32,-9999,Float32,1.0
NE_RICE,2024-08,2024-08-01,2024-09-01,NE_RICE_HLS_2024-08_g1_NDVI_FMASK_v1.tif,11,s0005_L30_20240831T015542000_NDVI,NDVI,2024-08-31T01:55:42.000Z,1725069342000,L30,NASA/HLS/HLSL30/v002/T52TGT_20240831T015542,NASA/HLS/HLSL30/v002,B4,B5,Fmask,EPSG:32652,"[30,0,699960,0,-30,5300040]",false,false,false,false,(NIR-RED)/(NIR+RED); mask denominator=0; keep source masks,dimensionless; no further scale needed,exact_uint8_values_in_Float32,-9999,Float32,1.0
NE_RICE,2024-08,2024-08-01,2024-09-01,NE_RICE_HLS_2024-08_g1_NDVI_FMASK_v1.tif,12,s0005_L30_20240831T015542000_FMASK,FMASK,2024-08-31T01:55:42.000Z,1725069342000,L30,NASA/HLS/HLSL30/v002/T52TGT_20240831T015542,NASA/HLS/HLSL30/v002,B4,B5,Fmask,EPSG:32652,"[30,0,699960,0,-30,5300040]",false,false,false,false,(NIR-RED)/(NIR+RED); mask denominator=0; keep source masks,dimensionless; no further scale needed,exact_uint8_values_in_Float32,-9999,Float32,1.0
NE_RICE,2024-08,2024-08-01,2024-09-01,NE_RICE_HLS_2024-08_g1_NDVI_FMASK_v1.tif,13,s0006_S30_20240831T020651000_NDVI,NDVI,2024-08-31T02:06:51.000Z,1725070011000,S30,NASA/HLS/HLSS30/v002/T52TGT_20240831T020651,NASA/HLS/HLSS30/v002,B4,B8A,Fmask,EPSG:32652,"[30,0,699960,0,-30,5300040]",false,false,false,false,(NIR-RED)/(NIR+RED); mask denominator=0; keep source masks,dimensionless; no further scale needed,exact_uint8_values_in_Float32,-9999,Float32,1.0
NE_RICE,2024-08,2024-08-01,2024-09-01,NE_RICE_HLS_2024-08_g1_NDVI_FMASK_v1.tif,14,s0006_S30_20240831T020651000_FMASK,FMASK,2024-08-31T02:06:51.000Z,1725070011000,S30,NASA/HLS/HLSS30/v002/T52TGT_20240831T020651,NASA/HLS/HLSS30/v002,B4,B8A,Fmask,EPSG:32652,"[30,0,699960,0,-30,5300040]",false,false,false,false,(NIR-RED)/(NIR+RED); mask denominator=0; keep source masks,dimensionless; no further scale needed,exact_uint8_values_in_Float32,-9999,Float32,1.0
NE_RICE,2024-08,2024-08-01,2024-09-01,NE_RICE_HLS_2024-08_g2_NDVI_FMASK_v1.tif,1,s0000_S30_20240806T020659000_NDVI,NDVI,2024-08-06T02:06:59.000Z,1722910019000,S30,NASA/HLS/HLSS30/v002/T53TLN_20240806T020659,NASA/HLS/HLSS30/v002,B4,B8A,Fmask,EPSG:32653,"[30,0,300000,0,-30,5300040]",false,false,false,false,(NIR-RED)/(NIR+RED); mask denominator=0; keep source masks,dimensionless; no further scale needed,exact_uint8_values_in_Float32,-9999,Float32,1.0
NE_RICE,2024-08,2024-08-01,2024-09-01,NE_RICE_HLS_2024-08_g2_NDVI_FMASK_v1.tif,2,s0000_S30_20240806T020659000_FMASK,FMASK,2024-08-06T02:06:59.000Z,1722910019000,S30,NASA/HLS/HLSS30/v002/T53TLN_20240806T020659,NASA/HLS/HLSS30/v002,B4,B8A,Fmask,EPSG:32653,"[30,0,300000,0,-30,5300040]",false,false,false,false,(NIR-RED)/(NIR+RED); mask denominator=0; keep source masks,dimensionless; no further scale needed,exact_uint8_values_in_Float32,-9999,Float32,1.0
NE_RICE,2024-08,2024-08-01,2024-09-01,NE_RICE_HLS_2024-08_g2_NDVI_FMASK_v1.tif,3,s0001_L30_20240815T015534000_NDVI,NDVI,2024-08-15T01:55:34.000Z,1723686934000,L30,NASA/HLS/HLSL30/v002/T53TLN_20240815T015534,NASA/HLS/HLSL30/v002,B4,B5,Fmask,EPSG:32653,"[30,0,300000,0,-30,5300040]",false,false,false,false,(NIR-RED)/(NIR+RED); mask denominator=0; keep source masks,dimensionless; no further scale needed,exact_uint8_values_in_Float32,-9999,Float32,1.0
NE_RICE,2024-08,2024-08-01,2024-09-01,NE_RICE_HLS_2024-08_g2_NDVI_FMASK_v1.tif,4,s0001_L30_20240815T015534000_FMASK,FMASK,2024-08-15T01:55:34.000Z,1723686934000,L30,NASA/HLS/HLSL30/v002/T53TLN_20240815T015534,NASA/HLS/HLSL30/v002,B4,B5,Fmask,EPSG:32653,"[30,0,300000,0,-30,5300040]",false,false,false,false,(NIR-RED)/(NIR+RED); mask denominator=0; keep source masks,dimensionless; no further scale needed,exact_uint8_values_in_Float32,-9999,Float32,1.0
NE_RICE,2024-08,2024-08-01,2024-09-01,NE_RICE_HLS_2024-08_g2_NDVI_FMASK_v1.tif,5,s0002_S30_20240816T020659000_NDVI,NDVI,2024-08-16T02:06:59.000Z,1723774019000,S30,NASA/HLS/HLSS30/v002/T53TLN_20240816T020659,NASA/HLS/HLSS30/v002,B4,B8A,Fmask,EPSG:32653,"[30,0,300000,0,-30,5300040]",false,false,false,false,(NIR-RED)/(NIR+RED); mask denominator=0; keep source masks,dimensionless; no further scale needed,exact_uint8_values_in_Float32,-9999,Float32,1.0
NE_RICE,2024-08,2024-08-01,2024-09-01,NE_RICE_HLS_2024-08_g2_NDVI_FMASK_v1.tif,6,s0002_S30_20240816T020659000_FMASK,FMASK,2024-08-16T02:06:59.000Z,1723774019000,S30,NASA/HLS/HLSS30/v002/T53TLN_20240816T020659,NASA/HLS/HLSS30/v002,B4,B8A,Fmask,EPSG:32653,"[30,0,300000,0,-30,5300040]",false,false,false,false,(NIR-RED)/(NIR+RED); mask denominator=0; keep source masks,dimensionless; no further scale needed,exact_uint8_values_in_Float32,-9999,Float32,1.0
NE_RICE,2024-08,2024-08-01,2024-09-01,NE_RICE_HLS_2024-08_g2_NDVI_FMASK_v1.tif,7,s0003_S30_20240821T020651000_NDVI,NDVI,2024-08-21T02:06:51.000Z,1724206011000,S30,NASA/HLS/HLSS30/v002/T53TLN_20240821T020651,NASA/HLS/HLSS30/v002,B4,B8A,Fmask,EPSG:32653,"[30,0,300000,0,-30,5300040]",false,false,false,false,(NIR-RED)/(NIR+RED); mask denominator=0; keep source masks,dimensionless; no further scale needed,exact_uint8_values_in_Float32,-9999,Float32,1.0
NE_RICE,2024-08,2024-08-01,2024-09-01,NE_RICE_HLS_2024-08_g2_NDVI_FMASK_v1.tif,8,s0003_S30_20240821T020651000_FMASK,FMASK,2024-08-21T02:06:51.000Z,1724206011000,S30,NASA/HLS/HLSS30/v002/T53TLN_20240821T020651,NASA/HLS/HLSS30/v002,B4,B8A,Fmask,EPSG:32653,"[30,0,300000,0,-30,5300040]",false,false,false,false,(NIR-RED)/(NIR+RED); mask denominator=0; keep source masks,dimensionless; no further scale needed,exact_uint8_values_in_Float32,-9999,Float32,1.0
NE_RICE,2024-08,2024-08-01,2024-09-01,NE_RICE_HLS_2024-08_g2_NDVI_FMASK_v1.tif,9,s0004_S30_20240826T020649000_NDVI,NDVI,2024-08-26T02:06:49.000Z,1724638009000,S30,NASA/HLS/HLSS30/v002/T53TLN_20240826T020649,NASA/HLS/HLSS30/v002,B4,B8A,Fmask,EPSG:32653,"[30,0,300000,0,-30,5300040]",false,false,false,false,(NIR-RED)/(NIR+RED); mask denominator=0; keep source masks,dimensionless; no further scale needed,exact_uint8_values_in_Float32,-9999,Float32,1.0
NE_RICE,2024-08,2024-08-01,2024-09-01,NE_RICE_HLS_2024-08_g2_NDVI_FMASK_v1.tif,10,s0004_S30_20240826T020649000_FMASK,FMASK,2024-08-26T02:06:49.000Z,1724638009000,S30,NASA/HLS/HLSS30/v002/T53TLN_20240826T020649,NASA/HLS/HLSS30/v002,B4,B8A,Fmask,EPSG:32653,"[30,0,300000,0,-30,5300040]",false,false,false,false,(NIR-RED)/(NIR+RED); mask denominator=0; keep source masks,dimensionless; no further scale needed,exact_uint8_values_in_Float32,-9999,Float32,1.0
NE_RICE,2024-08,2024-08-01,2024-09-01,NE_RICE_HLS_2024-08_g2_NDVI_FMASK_v1.tif,11,s0005_L30_20240831T015542000_NDVI,NDVI,2024-08-31T01:55:42.000Z,1725069342000,L30,NASA/HLS/HLSL30/v002/T53TLN_20240831T015542,NASA/HLS/HLSL30/v002,B4,B5,Fmask,EPSG:32653,"[30,0,300000,0,-30,5300040]",false,false,false,false,(NIR-RED)/(NIR+RED); mask denominator=0; keep source masks,dimensionless; no further scale needed,exact_uint8_values_in_Float32,-9999,Float32,1.0
NE_RICE,2024-08,2024-08-01,2024-09-01,NE_RICE_HLS_2024-08_g2_NDVI_FMASK_v1.tif,12,s0005_L30_20240831T015542000_FMASK,FMASK,2024-08-31T01:55:42.000Z,1725069342000,L30,NASA/HLS/HLSL30/v002/T53TLN_20240831T015542,NASA/HLS/HLSL30/v002,B4,B5,Fmask,EPSG:32653,"[30,0,300000,0,-30,5300040]",false,false,false,false,(NIR-RED)/(NIR+RED); mask denominator=0; keep source masks,dimensionless; no further scale needed,exact_uint8_values_in_Float32,-9999,Float32,1.0
NE_RICE,2024-08,2024-08-01,2024-09-01,NE_RICE_HLS_2024-08_g2_NDVI_FMASK_v1.tif,13,s0006_S30_20240831T020651000_NDVI,NDVI,2024-08-31T02:06:51.000Z,1725070011000,S30,NASA/HLS/HLSS30/v002/T53TLN_20240831T020651,NASA/HLS/HLSS30/v002,B4,B8A,Fmask,EPSG:32653,"[30,0,300000,0,-30,5300040]",false,false,false,false,(NIR-RED)/(NIR+RED); mask denominator=0; keep source masks,dimensionless; no further scale needed,exact_uint8_values_in_Float32,-9999,Float32,1.0
NE_RICE,2024-08,2024-08-01,2024-09-01,NE_RICE_HLS_2024-08_g2_NDVI_FMASK_v1.tif,14,s0006_S30_20240831T020651000_FMASK,FMASK,2024-08-31T02:06:51.000Z,1725070011000,S30,NASA/HLS/HLSS30/v002/T53TLN_20240831T020651,NASA/HLS/HLSS30/v002,B4,B8A,Fmask,EPSG:32653,"[30,0,300000,0,-30,5300040]",false,false,false,false,(NIR-RED)/(NIR+RED); mask denominator=0; keep source masks,dimensionless; no further scale needed,exact_uint8_values_in_Float32,-9999,Float32,1.0
NE_RICE,2024-09,2024-09-01,2024-10-01,NE_RICE_HLS_2024-09_g1_NDVI_FMASK_v1.tif,1,s0000_L30_20240908T015539000_NDVI,NDVI,2024-09-08T01:55:39.000Z,1725760539000,L30,NASA/HLS/HLSL30/v002/T52TGT_20240908T015539,NASA/HLS/HLSL30/v002,B4,B5,Fmask,EPSG:32652,"[30,0,699960,0,-30,5300040]",false,false,false,false,(NIR-RED)/(NIR+RED); mask denominator=0; keep source masks,dimensionless; no further scale needed,exact_uint8_values_in_Float32,-9999,Float32,1.0
NE_RICE,2024-09,2024-09-01,2024-10-01,NE_RICE_HLS_2024-09_g1_NDVI_FMASK_v1.tif,2,s0000_L30_20240908T015539000_FMASK,FMASK,2024-09-08T01:55:39.000Z,1725760539000,L30,NASA/HLS/HLSL30/v002/T52TGT_20240908T015539,NASA/HLS/HLSL30/v002,B4,B5,Fmask,EPSG:32652,"[30,0,699960,0,-30,5300040]",false,false,false,false,(NIR-RED)/(NIR+RED); mask denominator=0; keep source masks,dimensionless; no further scale needed,exact_uint8_values_in_Float32,-9999,Float32,1.0
NE_RICE,2024-09,2024-09-01,2024-10-01,NE_RICE_HLS_2024-09_g1_NDVI_FMASK_v1.tif,3,s0001_S30_20240910T020651000_NDVI,NDVI,2024-09-10T02:06:51.000Z,1725934011000,S30,NASA/HLS/HLSS30/v002/T52TGT_20240910T020651,NASA/HLS/HLSS30/v002,B4,B8A,Fmask,EPSG:32652,"[30,0,699960,0,-30,5300040]",false,false,false,false,(NIR-RED)/(NIR+RED); mask denominator=0; keep source masks,dimensionless; no further scale needed,exact_uint8_values_in_Float32,-9999,Float32,1.0
NE_RICE,2024-09,2024-09-01,2024-10-01,NE_RICE_HLS_2024-09_g1_NDVI_FMASK_v1.tif,4,s0001_S30_20240910T020651000_FMASK,FMASK,2024-09-10T02:06:51.000Z,1725934011000,S30,NASA/HLS/HLSS30/v002/T52TGT_20240910T020651,NASA/HLS/HLSS30/v002,B4,B8A,Fmask,EPSG:32652,"[30,0,699960,0,-30,5300040]",false,false,false,false,(NIR-RED)/(NIR+RED); mask denominator=0; keep source masks,dimensionless; no further scale needed,exact_uint8_values_in_Float32,-9999,Float32,1.0
NE_RICE,2024-09,2024-09-01,2024-10-01,NE_RICE_HLS_2024-09_g1_NDVI_FMASK_v1.tif,5,s0002_S30_20240915T020649000_NDVI,NDVI,2024-09-15T02:06:49.000Z,1726366009000,S30,NASA/HLS/HLSS30/v002/T52TGT_20240915T020649,NASA/HLS/HLSS30/v002,B4,B8A,Fmask,EPSG:32652,"[30,0,699960,0,-30,5300040]",false,false,false,false,(NIR-RED)/(NIR+RED); mask denominator=0; keep source masks,dimensionless; no further scale needed,exact_uint8_values_in_Float32,-9999,Float32,1.0
NE_RICE,2024-09,2024-09-01,2024-10-01,NE_RICE_HLS_2024-09_g1_NDVI_FMASK_v1.tif,6,s0002_S30_20240915T020649000_FMASK,FMASK,2024-09-15T02:06:49.000Z,1726366009000,S30,NASA/HLS/HLSS30/v002/T52TGT_20240915T020649,NASA/HLS/HLSS30/v002,B4,B8A,Fmask,EPSG:32652,"[30,0,699960,0,-30,5300040]",false,false,false,false,(NIR-RED)/(NIR+RED); mask denominator=0; keep source masks,dimensionless; no further scale needed,exact_uint8_values_in_Float32,-9999,Float32,1.0
NE_RICE,2024-09,2024-09-01,2024-10-01,NE_RICE_HLS_2024-09_g1_NDVI_FMASK_v1.tif,7,s0003_S30_20240920T020651000_NDVI,NDVI,2024-09-20T02:06:51.000Z,1726798011000,S30,NASA/HLS/HLSS30/v002/T52TGT_20240920T020651,NASA/HLS/HLSS30/v002,B4,B8A,Fmask,EPSG:32652,"[30,0,699960,0,-30,5300040]",false,false,false,false,(NIR-RED)/(NIR+RED); mask denominator=0; keep source masks,dimensionless; no further scale needed,exact_uint8_values_in_Float32,-9999,Float32,1.0
NE_RICE,2024-09,2024-09-01,2024-10-01,NE_RICE_HLS_2024-09_g1_NDVI_FMASK_v1.tif,8,s0003_S30_20240920T020651000_FMASK,FMASK,2024-09-20T02:06:51.000Z,1726798011000,S30,NASA/HLS/HLSS30/v002/T52TGT_20240920T020651,NASA/HLS/HLSS30/v002,B4,B8A,Fmask,EPSG:32652,"[30,0,699960,0,-30,5300040]",false,false,false,false,(NIR-RED)/(NIR+RED); mask denominator=0; keep source masks,dimensionless; no further scale needed,exact_uint8_values_in_Float32,-9999,Float32,1.0
NE_RICE,2024-09,2024-09-01,2024-10-01,NE_RICE_HLS_2024-09_g1_NDVI_FMASK_v1.tif,9,s0004_L30_20240924T015540000_NDVI,NDVI,2024-09-24T01:55:40.000Z,1727142940000,L30,NASA/HLS/HLSL30/v002/T52TGT_20240924T015540,NASA/HLS/HLSL30/v002,B4,B5,Fmask,EPSG:32652,"[30,0,699960,0,-30,5300040]",false,false,false,false,(NIR-RED)/(NIR+RED); mask denominator=0; keep source masks,dimensionless; no further scale needed,exact_uint8_values_in_Float32,-9999,Float32,1.0
NE_RICE,2024-09,2024-09-01,2024-10-01,NE_RICE_HLS_2024-09_g1_NDVI_FMASK_v1.tif,10,s0004_L30_20240924T015540000_FMASK,FMASK,2024-09-24T01:55:40.000Z,1727142940000,L30,NASA/HLS/HLSL30/v002/T52TGT_20240924T015540,NASA/HLS/HLSL30/v002,B4,B5,Fmask,EPSG:32652,"[30,0,699960,0,-30,5300040]",false,false,false,false,(NIR-RED)/(NIR+RED); mask denominator=0; keep source masks,dimensionless; no further scale needed,exact_uint8_values_in_Float32,-9999,Float32,1.0
NE_RICE,2024-09,2024-09-01,2024-10-01,NE_RICE_HLS_2024-09_g1_NDVI_FMASK_v1.tif,11,s0005_S30_20240930T020651000_NDVI,NDVI,2024-09-30T02:06:51.000Z,1727662011000,S30,NASA/HLS/HLSS30/v002/T52TGT_20240930T020651,NASA/HLS/HLSS30/v002,B4,B8A,Fmask,EPSG:32652,"[30,0,699960,0,-30,5300040]",false,false,false,false,(NIR-RED)/(NIR+RED); mask denominator=0; keep source masks,dimensionless; no further scale needed,exact_uint8_values_in_Float32,-9999,Float32,1.0
NE_RICE,2024-09,2024-09-01,2024-10-01,NE_RICE_HLS_2024-09_g1_NDVI_FMASK_v1.tif,12,s0005_S30_20240930T020651000_FMASK,FMASK,2024-09-30T02:06:51.000Z,1727662011000,S30,NASA/HLS/HLSS30/v002/T52TGT_20240930T020651,NASA/HLS/HLSS30/v002,B4,B8A,Fmask,EPSG:32652,"[30,0,699960,0,-30,5300040]",false,false,false,false,(NIR-RED)/(NIR+RED); mask denominator=0; keep source masks,dimensionless; no further scale needed,exact_uint8_values_in_Float32,-9999,Float32,1.0
NE_RICE,2024-09,2024-09-01,2024-10-01,NE_RICE_HLS_2024-09_g2_NDVI_FMASK_v1.tif,1,s0000_L30_20240908T015539000_NDVI,NDVI,2024-09-08T01:55:39.000Z,1725760539000,L30,NASA/HLS/HLSL30/v002/T53TLN_20240908T015539,NASA/HLS/HLSL30/v002,B4,B5,Fmask,EPSG:32653,"[30,0,300000,0,-30,5300040]",false,false,false,false,(NIR-RED)/(NIR+RED); mask denominator=0; keep source masks,dimensionless; no further scale needed,exact_uint8_values_in_Float32,-9999,Float32,1.0
NE_RICE,2024-09,2024-09-01,2024-10-01,NE_RICE_HLS_2024-09_g2_NDVI_FMASK_v1.tif,2,s0000_L30_20240908T015539000_FMASK,FMASK,2024-09-08T01:55:39.000Z,1725760539000,L30,NASA/HLS/HLSL30/v002/T53TLN_20240908T015539,NASA/HLS/HLSL30/v002,B4,B5,Fmask,EPSG:32653,"[30,0,300000,0,-30,5300040]",false,false,false,false,(NIR-RED)/(NIR+RED); mask denominator=0; keep source masks,dimensionless; no further scale needed,exact_uint8_values_in_Float32,-9999,Float32,1.0
NE_RICE,2024-09,2024-09-01,2024-10-01,NE_RICE_HLS_2024-09_g2_NDVI_FMASK_v1.tif,3,s0001_S30_20240910T020651000_NDVI,NDVI,2024-09-10T02:06:51.000Z,1725934011000,S30,NASA/HLS/HLSS30/v002/T53TLN_20240910T020651,NASA/HLS/HLSS30/v002,B4,B8A,Fmask,EPSG:32653,"[30,0,300000,0,-30,5300040]",false,false,false,false,(NIR-RED)/(NIR+RED); mask denominator=0; keep source masks,dimensionless; no further scale needed,exact_uint8_values_in_Float32,-9999,Float32,1.0
NE_RICE,2024-09,2024-09-01,2024-10-01,NE_RICE_HLS_2024-09_g2_NDVI_FMASK_v1.tif,4,s0001_S30_20240910T020651000_FMASK,FMASK,2024-09-10T02:06:51.000Z,1725934011000,S30,NASA/HLS/HLSS30/v002/T53TLN_20240910T020651,NASA/HLS/HLSS30/v002,B4,B8A,Fmask,EPSG:32653,"[30,0,300000,0,-30,5300040]",false,false,false,false,(NIR-RED)/(NIR+RED); mask denominator=0; keep source masks,dimensionless; no further scale needed,exact_uint8_values_in_Float32,-9999,Float32,1.0
NE_RICE,2024-09,2024-09-01,2024-10-01,NE_RICE_HLS_2024-09_g2_NDVI_FMASK_v1.tif,5,s0002_S30_20240915T020649000_NDVI,NDVI,2024-09-15T02:06:49.000Z,1726366009000,S30,NASA/HLS/HLSS30/v002/T53TLN_20240915T020649,NASA/HLS/HLSS30/v002,B4,B8A,Fmask,EPSG:32653,"[30,0,300000,0,-30,5300040]",false,false,false,false,(NIR-RED)/(NIR+RED); mask denominator=0; keep source masks,dimensionless; no further scale needed,exact_uint8_values_in_Float32,-9999,Float32,1.0
NE_RICE,2024-09,2024-09-01,2024-10-01,NE_RICE_HLS_2024-09_g2_NDVI_FMASK_v1.tif,6,s0002_S30_20240915T020649000_FMASK,FMASK,2024-09-15T02:06:49.000Z,1726366009000,S30,NASA/HLS/HLSS30/v002/T53TLN_20240915T020649,NASA/HLS/HLSS30/v002,B4,B8A,Fmask,EPSG:32653,"[30,0,300000,0,-30,5300040]",false,false,false,false,(NIR-RED)/(NIR+RED); mask denominator=0; keep source masks,dimensionless; no further scale needed,exact_uint8_values_in_Float32,-9999,Float32,1.0
NE_RICE,2024-09,2024-09-01,2024-10-01,NE_RICE_HLS_2024-09_g2_NDVI_FMASK_v1.tif,7,s0003_S30_20240920T020651000_NDVI,NDVI,2024-09-20T02:06:51.000Z,1726798011000,S30,NASA/HLS/HLSS30/v002/T53TLN_20240920T020651,NASA/HLS/HLSS30/v002,B4,B8A,Fmask,EPSG:32653,"[30,0,300000,0,-30,5300040]",false,false,false,false,(NIR-RED)/(NIR+RED); mask denominator=0; keep source masks,dimensionless; no further scale needed,exact_uint8_values_in_Float32,-9999,Float32,1.0
NE_RICE,2024-09,2024-09-01,2024-10-01,NE_RICE_HLS_2024-09_g2_NDVI_FMASK_v1.tif,8,s0003_S30_20240920T020651000_FMASK,FMASK,2024-09-20T02:06:51.000Z,1726798011000,S30,NASA/HLS/HLSS30/v002/T53TLN_20240920T020651,NASA/HLS/HLSS30/v002,B4,B8A,Fmask,EPSG:32653,"[30,0,300000,0,-30,5300040]",false,false,false,false,(NIR-RED)/(NIR+RED); mask denominator=0; keep source masks,dimensionless; no further scale needed,exact_uint8_values_in_Float32,-9999,Float32,1.0
NE_RICE,2024-09,2024-09-01,2024-10-01,NE_RICE_HLS_2024-09_g2_NDVI_FMASK_v1.tif,9,s0004_L30_20240924T015540000_NDVI,NDVI,2024-09-24T01:55:40.000Z,1727142940000,L30,NASA/HLS/HLSL30/v002/T53TLN_20240924T015540,NASA/HLS/HLSL30/v002,B4,B5,Fmask,EPSG:32653,"[30,0,300000,0,-30,5300040]",false,false,false,false,(NIR-RED)/(NIR+RED); mask denominator=0; keep source masks,dimensionless; no further scale needed,exact_uint8_values_in_Float32,-9999,Float32,1.0
NE_RICE,2024-09,2024-09-01,2024-10-01,NE_RICE_HLS_2024-09_g2_NDVI_FMASK_v1.tif,10,s0004_L30_20240924T015540000_FMASK,FMASK,2024-09-24T01:55:40.000Z,1727142940000,L30,NASA/HLS/HLSL30/v002/T53TLN_20240924T015540,NASA/HLS/HLSL30/v002,B4,B5,Fmask,EPSG:32653,"[30,0,300000,0,-30,5300040]",false,false,false,false,(NIR-RED)/(NIR+RED); mask denominator=0; keep source masks,dimensionless; no further scale needed,exact_uint8_values_in_Float32,-9999,Float32,1.0
NE_RICE,2024-09,2024-09-01,2024-10-01,NE_RICE_HLS_2024-09_g2_NDVI_FMASK_v1.tif,11,s0005_S30_20240925T020649000_NDVI,NDVI,2024-09-25T02:06:49.000Z,1727230009000,S30,NASA/HLS/HLSS30/v002/T53TLN_20240925T020649,NASA/HLS/HLSS30/v002,B4,B8A,Fmask,EPSG:32653,"[30,0,300000,0,-30,5300040]",false,false,false,false,(NIR-RED)/(NIR+RED); mask denominator=0; keep source masks,dimensionless; no further scale needed,exact_uint8_values_in_Float32,-9999,Float32,1.0
NE_RICE,2024-09,2024-09-01,2024-10-01,NE_RICE_HLS_2024-09_g2_NDVI_FMASK_v1.tif,12,s0005_S30_20240925T020649000_FMASK,FMASK,2024-09-25T02:06:49.000Z,1727230009000,S30,NASA/HLS/HLSS30/v002/T53TLN_20240925T020649,NASA/HLS/HLSS30/v002,B4,B8A,Fmask,EPSG:32653,"[30,0,300000,0,-30,5300040]",false,false,false,false,(NIR-RED)/(NIR+RED); mask denominator=0; keep source masks,dimensionless; no further scale needed,exact_uint8_values_in_Float32,-9999,Float32,1.0
NE_RICE,2024-09,2024-09-01,2024-10-01,NE_RICE_HLS_2024-09_g2_NDVI_FMASK_v1.tif,13,s0006_S30_20240930T020651000_NDVI,NDVI,2024-09-30T02:06:51.000Z,1727662011000,S30,NASA/HLS/HLSS30/v002/T53TLN_20240930T020651,NASA/HLS/HLSS30/v002,B4,B8A,Fmask,EPSG:32653,"[30,0,300000,0,-30,5300040]",false,false,false,false,(NIR-RED)/(NIR+RED); mask denominator=0; keep source masks,dimensionless; no further scale needed,exact_uint8_values_in_Float32,-9999,Float32,1.0
NE_RICE,2024-09,2024-09-01,2024-10-01,NE_RICE_HLS_2024-09_g2_NDVI_FMASK_v1.tif,14,s0006_S30_20240930T020651000_FMASK,FMASK,2024-09-30T02:06:51.000Z,1727662011000,S30,NASA/HLS/HLSS30/v002/T53TLN_20240930T020651,NASA/HLS/HLSS30/v002,B4,B8A,Fmask,EPSG:32653,"[30,0,300000,0,-30,5300040]",false,false,false,false,(NIR-RED)/(NIR+RED); mask denominator=0; keep source masks,dimensionless; no further scale needed,exact_uint8_values_in_Float32,-9999,Float32,1.0
NE_RICE,2024-10,2024-10-01,2024-11-01,NE_RICE_HLS_2024-10_g1_NDVI_FMASK_v1.tif,1,s0000_L30_20241002T015545000_NDVI,NDVI,2024-10-02T01:55:45.000Z,1727834145000,L30,NASA/HLS/HLSL30/v002/T52TGT_20241002T015545,NASA/HLS/HLSL30/v002,B4,B5,Fmask,EPSG:32652,"[30,0,699960,0,-30,5300040]",false,false,false,false,(NIR-RED)/(NIR+RED); mask denominator=0; keep source masks,dimensionless; no further scale needed,exact_uint8_values_in_Float32,-9999,Float32,1.0
NE_RICE,2024-10,2024-10-01,2024-11-01,NE_RICE_HLS_2024-10_g1_NDVI_FMASK_v1.tif,2,s0000_L30_20241002T015545000_FMASK,FMASK,2024-10-02T01:55:45.000Z,1727834145000,L30,NASA/HLS/HLSL30/v002/T52TGT_20241002T015545,NASA/HLS/HLSL30/v002,B4,B5,Fmask,EPSG:32652,"[30,0,699960,0,-30,5300040]",false,false,false,false,(NIR-RED)/(NIR+RED); mask denominator=0; keep source masks,dimensionless; no further scale needed,exact_uint8_values_in_Float32,-9999,Float32,1.0
NE_RICE,2024-10,2024-10-01,2024-11-01,NE_RICE_HLS_2024-10_g1_NDVI_FMASK_v1.tif,3,s0001_S30_20241005T020649000_NDVI,NDVI,2024-10-05T02:06:49.000Z,1728094009000,S30,NASA/HLS/HLSS30/v002/T52TGT_20241005T020649,NASA/HLS/HLSS30/v002,B4,B8A,Fmask,EPSG:32652,"[30,0,699960,0,-30,5300040]",false,false,false,false,(NIR-RED)/(NIR+RED); mask denominator=0; keep source masks,dimensionless; no further scale needed,exact_uint8_values_in_Float32,-9999,Float32,1.0
NE_RICE,2024-10,2024-10-01,2024-11-01,NE_RICE_HLS_2024-10_g1_NDVI_FMASK_v1.tif,4,s0001_S30_20241005T020649000_FMASK,FMASK,2024-10-05T02:06:49.000Z,1728094009000,S30,NASA/HLS/HLSS30/v002/T52TGT_20241005T020649,NASA/HLS/HLSS30/v002,B4,B8A,Fmask,EPSG:32652,"[30,0,699960,0,-30,5300040]",false,false,false,false,(NIR-RED)/(NIR+RED); mask denominator=0; keep source masks,dimensionless; no further scale needed,exact_uint8_values_in_Float32,-9999,Float32,1.0
NE_RICE,2024-10,2024-10-01,2024-11-01,NE_RICE_HLS_2024-10_g1_NDVI_FMASK_v1.tif,5,s0002_L30_20241010T015549000_NDVI,NDVI,2024-10-10T01:55:49.000Z,1728525349000,L30,NASA/HLS/HLSL30/v002/T52TGT_20241010T015549,NASA/HLS/HLSL30/v002,B4,B5,Fmask,EPSG:32652,"[30,0,699960,0,-30,5300040]",false,false,false,false,(NIR-RED)/(NIR+RED); mask denominator=0; keep source masks,dimensionless; no further scale needed,exact_uint8_values_in_Float32,-9999,Float32,1.0
NE_RICE,2024-10,2024-10-01,2024-11-01,NE_RICE_HLS_2024-10_g1_NDVI_FMASK_v1.tif,6,s0002_L30_20241010T015549000_FMASK,FMASK,2024-10-10T01:55:49.000Z,1728525349000,L30,NASA/HLS/HLSL30/v002/T52TGT_20241010T015549,NASA/HLS/HLSL30/v002,B4,B5,Fmask,EPSG:32652,"[30,0,699960,0,-30,5300040]",false,false,false,false,(NIR-RED)/(NIR+RED); mask denominator=0; keep source masks,dimensionless; no further scale needed,exact_uint8_values_in_Float32,-9999,Float32,1.0
NE_RICE,2024-10,2024-10-01,2024-11-01,NE_RICE_HLS_2024-10_g1_NDVI_FMASK_v1.tif,7,s0003_S30_20241010T020651000_NDVI,NDVI,2024-10-10T02:06:51.000Z,1728526011000,S30,NASA/HLS/HLSS30/v002/T52TGT_20241010T020651,NASA/HLS/HLSS30/v002,B4,B8A,Fmask,EPSG:32652,"[30,0,699960,0,-30,5300040]",false,false,false,false,(NIR-RED)/(NIR+RED); mask denominator=0; keep source masks,dimensionless; no further scale needed,exact_uint8_values_in_Float32,-9999,Float32,1.0
NE_RICE,2024-10,2024-10-01,2024-11-01,NE_RICE_HLS_2024-10_g1_NDVI_FMASK_v1.tif,8,s0003_S30_20241010T020651000_FMASK,FMASK,2024-10-10T02:06:51.000Z,1728526011000,S30,NASA/HLS/HLSS30/v002/T52TGT_20241010T020651,NASA/HLS/HLSS30/v002,B4,B8A,Fmask,EPSG:32652,"[30,0,699960,0,-30,5300040]",false,false,false,false,(NIR-RED)/(NIR+RED); mask denominator=0; keep source masks,dimensionless; no further scale needed,exact_uint8_values_in_Float32,-9999,Float32,1.0
NE_RICE,2024-10,2024-10-01,2024-11-01,NE_RICE_HLS_2024-10_g1_NDVI_FMASK_v1.tif,9,s0004_S30_20241015T020649000_NDVI,NDVI,2024-10-15T02:06:49.000Z,1728958009000,S30,NASA/HLS/HLSS30/v002/T52TGT_20241015T020649,NASA/HLS/HLSS30/v002,B4,B8A,Fmask,EPSG:32652,"[30,0,699960,0,-30,5300040]",false,false,false,false,(NIR-RED)/(NIR+RED); mask denominator=0; keep source masks,dimensionless; no further scale needed,exact_uint8_values_in_Float32,-9999,Float32,1.0
NE_RICE,2024-10,2024-10-01,2024-11-01,NE_RICE_HLS_2024-10_g1_NDVI_FMASK_v1.tif,10,s0004_S30_20241015T020649000_FMASK,FMASK,2024-10-15T02:06:49.000Z,1728958009000,S30,NASA/HLS/HLSS30/v002/T52TGT_20241015T020649,NASA/HLS/HLSS30/v002,B4,B8A,Fmask,EPSG:32652,"[30,0,699960,0,-30,5300040]",false,false,false,false,(NIR-RED)/(NIR+RED); mask denominator=0; keep source masks,dimensionless; no further scale needed,exact_uint8_values_in_Float32,-9999,Float32,1.0
NE_RICE,2024-10,2024-10-01,2024-11-01,NE_RICE_HLS_2024-10_g1_NDVI_FMASK_v1.tif,11,s0005_S30_20241020T020721000_NDVI,NDVI,2024-10-20T02:07:21.000Z,1729390041000,S30,NASA/HLS/HLSS30/v002/T52TGT_20241020T020721,NASA/HLS/HLSS30/v002,B4,B8A,Fmask,EPSG:32652,"[30,0,699960,0,-30,5300040]",false,false,false,false,(NIR-RED)/(NIR+RED); mask denominator=0; keep source masks,dimensionless; no further scale needed,exact_uint8_values_in_Float32,-9999,Float32,1.0
NE_RICE,2024-10,2024-10-01,2024-11-01,NE_RICE_HLS_2024-10_g1_NDVI_FMASK_v1.tif,12,s0005_S30_20241020T020721000_FMASK,FMASK,2024-10-20T02:07:21.000Z,1729390041000,S30,NASA/HLS/HLSS30/v002/T52TGT_20241020T020721,NASA/HLS/HLSS30/v002,B4,B8A,Fmask,EPSG:32652,"[30,0,699960,0,-30,5300040]",false,false,false,false,(NIR-RED)/(NIR+RED); mask denominator=0; keep source masks,dimensionless; no further scale needed,exact_uint8_values_in_Float32,-9999,Float32,1.0
NE_RICE,2024-10,2024-10-01,2024-11-01,NE_RICE_HLS_2024-10_g1_NDVI_FMASK_v1.tif,13,s0006_S30_20241025T020659000_NDVI,NDVI,2024-10-25T02:06:59.000Z,1729822019000,S30,NASA/HLS/HLSS30/v002/T52TGT_20241025T020659,NASA/HLS/HLSS30/v002,B4,B8A,Fmask,EPSG:32652,"[30,0,699960,0,-30,5300040]",false,false,false,false,(NIR-RED)/(NIR+RED); mask denominator=0; keep source masks,dimensionless; no further scale needed,exact_uint8_values_in_Float32,-9999,Float32,1.0
NE_RICE,2024-10,2024-10-01,2024-11-01,NE_RICE_HLS_2024-10_g1_NDVI_FMASK_v1.tif,14,s0006_S30_20241025T020659000_FMASK,FMASK,2024-10-25T02:06:59.000Z,1729822019000,S30,NASA/HLS/HLSS30/v002/T52TGT_20241025T020659,NASA/HLS/HLSS30/v002,B4,B8A,Fmask,EPSG:32652,"[30,0,699960,0,-30,5300040]",false,false,false,false,(NIR-RED)/(NIR+RED); mask denominator=0; keep source masks,dimensionless; no further scale needed,exact_uint8_values_in_Float32,-9999,Float32,1.0
NE_RICE,2024-10,2024-10-01,2024-11-01,NE_RICE_HLS_2024-10_g1_NDVI_FMASK_v1.tif,15,s0007_L30_20241026T015604000_NDVI,NDVI,2024-10-26T01:56:04.000Z,1729907764000,L30,NASA/HLS/HLSL30/v002/T52TGT_20241026T015604,NASA/HLS/HLSL30/v002,B4,B5,Fmask,EPSG:32652,"[30,0,699960,0,-30,5300040]",false,false,false,false,(NIR-RED)/(NIR+RED); mask denominator=0; keep source masks,dimensionless; no further scale needed,exact_uint8_values_in_Float32,-9999,Float32,1.0
NE_RICE,2024-10,2024-10-01,2024-11-01,NE_RICE_HLS_2024-10_g1_NDVI_FMASK_v1.tif,16,s0007_L30_20241026T015604000_FMASK,FMASK,2024-10-26T01:56:04.000Z,1729907764000,L30,NASA/HLS/HLSL30/v002/T52TGT_20241026T015604,NASA/HLS/HLSL30/v002,B4,B5,Fmask,EPSG:32652,"[30,0,699960,0,-30,5300040]",false,false,false,false,(NIR-RED)/(NIR+RED); mask denominator=0; keep source masks,dimensionless; no further scale needed,exact_uint8_values_in_Float32,-9999,Float32,1.0
NE_RICE,2024-10,2024-10-01,2024-11-01,NE_RICE_HLS_2024-10_g1_NDVI_FMASK_v1.tif,17,s0008_S30_20241030T020821000_NDVI,NDVI,2024-10-30T02:08:21.000Z,1730254101000,S30,NASA/HLS/HLSS30/v002/T52TGT_20241030T020821,NASA/HLS/HLSS30/v002,B4,B8A,Fmask,EPSG:32652,"[30,0,699960,0,-30,5300040]",false,false,false,false,(NIR-RED)/(NIR+RED); mask denominator=0; keep source masks,dimensionless; no further scale needed,exact_uint8_values_in_Float32,-9999,Float32,1.0
NE_RICE,2024-10,2024-10-01,2024-11-01,NE_RICE_HLS_2024-10_g1_NDVI_FMASK_v1.tif,18,s0008_S30_20241030T020821000_FMASK,FMASK,2024-10-30T02:08:21.000Z,1730254101000,S30,NASA/HLS/HLSS30/v002/T52TGT_20241030T020821,NASA/HLS/HLSS30/v002,B4,B8A,Fmask,EPSG:32652,"[30,0,699960,0,-30,5300040]",false,false,false,false,(NIR-RED)/(NIR+RED); mask denominator=0; keep source masks,dimensionless; no further scale needed,exact_uint8_values_in_Float32,-9999,Float32,1.0
NE_RICE,2024-10,2024-10-01,2024-11-01,NE_RICE_HLS_2024-10_g2_NDVI_FMASK_v1.tif,1,s0000_L30_20241002T015545000_NDVI,NDVI,2024-10-02T01:55:45.000Z,1727834145000,L30,NASA/HLS/HLSL30/v002/T53TLN_20241002T015545,NASA/HLS/HLSL30/v002,B4,B5,Fmask,EPSG:32653,"[30,0,300000,0,-30,5300040]",false,false,false,false,(NIR-RED)/(NIR+RED); mask denominator=0; keep source masks,dimensionless; no further scale needed,exact_uint8_values_in_Float32,-9999,Float32,1.0
NE_RICE,2024-10,2024-10-01,2024-11-01,NE_RICE_HLS_2024-10_g2_NDVI_FMASK_v1.tif,2,s0000_L30_20241002T015545000_FMASK,FMASK,2024-10-02T01:55:45.000Z,1727834145000,L30,NASA/HLS/HLSL30/v002/T53TLN_20241002T015545,NASA/HLS/HLSL30/v002,B4,B5,Fmask,EPSG:32653,"[30,0,300000,0,-30,5300040]",false,false,false,false,(NIR-RED)/(NIR+RED); mask denominator=0; keep source masks,dimensionless; no further scale needed,exact_uint8_values_in_Float32,-9999,Float32,1.0
NE_RICE,2024-10,2024-10-01,2024-11-01,NE_RICE_HLS_2024-10_g2_NDVI_FMASK_v1.tif,3,s0001_S30_20241005T020649000_NDVI,NDVI,2024-10-05T02:06:49.000Z,1728094009000,S30,NASA/HLS/HLSS30/v002/T53TLN_20241005T020649,NASA/HLS/HLSS30/v002,B4,B8A,Fmask,EPSG:32653,"[30,0,300000,0,-30,5300040]",false,false,false,false,(NIR-RED)/(NIR+RED); mask denominator=0; keep source masks,dimensionless; no further scale needed,exact_uint8_values_in_Float32,-9999,Float32,1.0
NE_RICE,2024-10,2024-10-01,2024-11-01,NE_RICE_HLS_2024-10_g2_NDVI_FMASK_v1.tif,4,s0001_S30_20241005T020649000_FMASK,FMASK,2024-10-05T02:06:49.000Z,1728094009000,S30,NASA/HLS/HLSS30/v002/T53TLN_20241005T020649,NASA/HLS/HLSS30/v002,B4,B8A,Fmask,EPSG:32653,"[30,0,300000,0,-30,5300040]",false,false,false,false,(NIR-RED)/(NIR+RED); mask denominator=0; keep source masks,dimensionless; no further scale needed,exact_uint8_values_in_Float32,-9999,Float32,1.0
NE_RICE,2024-10,2024-10-01,2024-11-01,NE_RICE_HLS_2024-10_g2_NDVI_FMASK_v1.tif,5,s0002_L30_20241010T015549000_NDVI,NDVI,2024-10-10T01:55:49.000Z,1728525349000,L30,NASA/HLS/HLSL30/v002/T53TLN_20241010T015549,NASA/HLS/HLSL30/v002,B4,B5,Fmask,EPSG:32653,"[30,0,300000,0,-30,5300040]",false,false,false,false,(NIR-RED)/(NIR+RED); mask denominator=0; keep source masks,dimensionless; no further scale needed,exact_uint8_values_in_Float32,-9999,Float32,1.0
NE_RICE,2024-10,2024-10-01,2024-11-01,NE_RICE_HLS_2024-10_g2_NDVI_FMASK_v1.tif,6,s0002_L30_20241010T015549000_FMASK,FMASK,2024-10-10T01:55:49.000Z,1728525349000,L30,NASA/HLS/HLSL30/v002/T53TLN_20241010T015549,NASA/HLS/HLSL30/v002,B4,B5,Fmask,EPSG:32653,"[30,0,300000,0,-30,5300040]",false,false,false,false,(NIR-RED)/(NIR+RED); mask denominator=0; keep source masks,dimensionless; no further scale needed,exact_uint8_values_in_Float32,-9999,Float32,1.0
NE_RICE,2024-10,2024-10-01,2024-11-01,NE_RICE_HLS_2024-10_g2_NDVI_FMASK_v1.tif,7,s0003_S30_20241010T020651000_NDVI,NDVI,2024-10-10T02:06:51.000Z,1728526011000,S30,NASA/HLS/HLSS30/v002/T53TLN_20241010T020651,NASA/HLS/HLSS30/v002,B4,B8A,Fmask,EPSG:32653,"[30,0,300000,0,-30,5300040]",false,false,false,false,(NIR-RED)/(NIR+RED); mask denominator=0; keep source masks,dimensionless; no further scale needed,exact_uint8_values_in_Float32,-9999,Float32,1.0
NE_RICE,2024-10,2024-10-01,2024-11-01,NE_RICE_HLS_2024-10_g2_NDVI_FMASK_v1.tif,8,s0003_S30_20241010T020651000_FMASK,FMASK,2024-10-10T02:06:51.000Z,1728526011000,S30,NASA/HLS/HLSS30/v002/T53TLN_20241010T020651,NASA/HLS/HLSS30/v002,B4,B8A,Fmask,EPSG:32653,"[30,0,300000,0,-30,5300040]",false,false,false,false,(NIR-RED)/(NIR+RED); mask denominator=0; keep source masks,dimensionless; no further scale needed,exact_uint8_values_in_Float32,-9999,Float32,1.0
NE_RICE,2024-10,2024-10-01,2024-11-01,NE_RICE_HLS_2024-10_g2_NDVI_FMASK_v1.tif,9,s0004_S30_20241015T020649000_NDVI,NDVI,2024-10-15T02:06:49.000Z,1728958009000,S30,NASA/HLS/HLSS30/v002/T53TLN_20241015T020649,NASA/HLS/HLSS30/v002,B4,B8A,Fmask,EPSG:32653,"[30,0,300000,0,-30,5300040]",false,false,false,false,(NIR-RED)/(NIR+RED); mask denominator=0; keep source masks,dimensionless; no further scale needed,exact_uint8_values_in_Float32,-9999,Float32,1.0
NE_RICE,2024-10,2024-10-01,2024-11-01,NE_RICE_HLS_2024-10_g2_NDVI_FMASK_v1.tif,10,s0004_S30_20241015T020649000_FMASK,FMASK,2024-10-15T02:06:49.000Z,1728958009000,S30,NASA/HLS/HLSS30/v002/T53TLN_20241015T020649,NASA/HLS/HLSS30/v002,B4,B8A,Fmask,EPSG:32653,"[30,0,300000,0,-30,5300040]",false,false,false,false,(NIR-RED)/(NIR+RED); mask denominator=0; keep source masks,dimensionless; no further scale needed,exact_uint8_values_in_Float32,-9999,Float32,1.0
NE_RICE,2024-10,2024-10-01,2024-11-01,NE_RICE_HLS_2024-10_g2_NDVI_FMASK_v1.tif,11,s0005_S30_20241020T020721000_NDVI,NDVI,2024-10-20T02:07:21.000Z,1729390041000,S30,NASA/HLS/HLSS30/v002/T53TLN_20241020T020721,NASA/HLS/HLSS30/v002,B4,B8A,Fmask,EPSG:32653,"[30,0,300000,0,-30,5300040]",false,false,false,false,(NIR-RED)/(NIR+RED); mask denominator=0; keep source masks,dimensionless; no further scale needed,exact_uint8_values_in_Float32,-9999,Float32,1.0
NE_RICE,2024-10,2024-10-01,2024-11-01,NE_RICE_HLS_2024-10_g2_NDVI_FMASK_v1.tif,12,s0005_S30_20241020T020721000_FMASK,FMASK,2024-10-20T02:07:21.000Z,1729390041000,S30,NASA/HLS/HLSS30/v002/T53TLN_20241020T020721,NASA/HLS/HLSS30/v002,B4,B8A,Fmask,EPSG:32653,"[30,0,300000,0,-30,5300040]",false,false,false,false,(NIR-RED)/(NIR+RED); mask denominator=0; keep source masks,dimensionless; no further scale needed,exact_uint8_values_in_Float32,-9999,Float32,1.0
NE_RICE,2024-10,2024-10-01,2024-11-01,NE_RICE_HLS_2024-10_g2_NDVI_FMASK_v1.tif,13,s0006_S30_20241025T020659000_NDVI,NDVI,2024-10-25T02:06:59.000Z,1729822019000,S30,NASA/HLS/HLSS30/v002/T53TLN_20241025T020659,NASA/HLS/HLSS30/v002,B4,B8A,Fmask,EPSG:32653,"[30,0,300000,0,-30,5300040]",false,false,false,false,(NIR-RED)/(NIR+RED); mask denominator=0; keep source masks,dimensionless; no further scale needed,exact_uint8_values_in_Float32,-9999,Float32,1.0
NE_RICE,2024-10,2024-10-01,2024-11-01,NE_RICE_HLS_2024-10_g2_NDVI_FMASK_v1.tif,14,s0006_S30_20241025T020659000_FMASK,FMASK,2024-10-25T02:06:59.000Z,1729822019000,S30,NASA/HLS/HLSS30/v002/T53TLN_20241025T020659,NASA/HLS/HLSS30/v002,B4,B8A,Fmask,EPSG:32653,"[30,0,300000,0,-30,5300040]",false,false,false,false,(NIR-RED)/(NIR+RED); mask denominator=0; keep source masks,dimensionless; no further scale needed,exact_uint8_values_in_Float32,-9999,Float32,1.0
NE_RICE,2024-10,2024-10-01,2024-11-01,NE_RICE_HLS_2024-10_g2_NDVI_FMASK_v1.tif,15,s0007_L30_20241026T015604000_NDVI,NDVI,2024-10-26T01:56:04.000Z,1729907764000,L30,NASA/HLS/HLSL30/v002/T53TLN_20241026T015604,NASA/HLS/HLSL30/v002,B4,B5,Fmask,EPSG:32653,"[30,0,300000,0,-30,5300040]",false,false,false,false,(NIR-RED)/(NIR+RED); mask denominator=0; keep source masks,dimensionless; no further scale needed,exact_uint8_values_in_Float32,-9999,Float32,1.0
NE_RICE,2024-10,2024-10-01,2024-11-01,NE_RICE_HLS_2024-10_g2_NDVI_FMASK_v1.tif,16,s0007_L30_20241026T015604000_FMASK,FMASK,2024-10-26T01:56:04.000Z,1729907764000,L30,NASA/HLS/HLSL30/v002/T53TLN_20241026T015604,NASA/HLS/HLSL30/v002,B4,B5,Fmask,EPSG:32653,"[30,0,300000,0,-30,5300040]",false,false,false,false,(NIR-RED)/(NIR+RED); mask denominator=0; keep source masks,dimensionless; no further scale needed,exact_uint8_values_in_Float32,-9999,Float32,1.0
NE_RICE,2024-10,2024-10-01,2024-11-01,NE_RICE_HLS_2024-10_g2_NDVI_FMASK_v1.tif,17,s0008_S30_20241030T020821000_NDVI,NDVI,2024-10-30T02:08:21.000Z,1730254101000,S30,NASA/HLS/HLSS30/v002/T53TLN_20241030T020821,NASA/HLS/HLSS30/v002,B4,B8A,Fmask,EPSG:32653,"[30,0,300000,0,-30,5300040]",false,false,false,false,(NIR-RED)/(NIR+RED); mask denominator=0; keep source masks,dimensionless; no further scale needed,exact_uint8_values_in_Float32,-9999,Float32,1.0
NE_RICE,2024-10,2024-10-01,2024-11-01,NE_RICE_HLS_2024-10_g2_NDVI_FMASK_v1.tif,18,s0008_S30_20241030T020821000_FMASK,FMASK,2024-10-30T02:08:21.000Z,1730254101000,S30,NASA/HLS/HLSS30/v002/T53TLN_20241030T020821,NASA/HLS/HLSS30/v002,B4,B8A,Fmask,EPSG:32653,"[30,0,300000,0,-30,5300040]",false,false,false,false,(NIR-RED)/(NIR+RED); mask denominator=0; keep source masks,dimensionless; no further scale needed,exact_uint8_values_in_Float32,-9999,Float32,1.0
NE_RICE,2024-11,2024-11-01,2024-12-01,NE_RICE_HLS_2024-11_g1_NDVI_FMASK_v1.tif,1,s0000_L30_20241103T015551000_NDVI,NDVI,2024-11-03T01:55:51.000Z,1730598951000,L30,NASA/HLS/HLSL30/v002/T52TGT_20241103T015551,NASA/HLS/HLSL30/v002,B4,B5,Fmask,EPSG:32652,"[30,0,699960,0,-30,5300040]",false,false,false,false,(NIR-RED)/(NIR+RED); mask denominator=0; keep source masks,dimensionless; no further scale needed,exact_uint8_values_in_Float32,-9999,Float32,1.0
NE_RICE,2024-11,2024-11-01,2024-12-01,NE_RICE_HLS_2024-11_g1_NDVI_FMASK_v1.tif,2,s0000_L30_20241103T015551000_FMASK,FMASK,2024-11-03T01:55:51.000Z,1730598951000,L30,NASA/HLS/HLSL30/v002/T52TGT_20241103T015551,NASA/HLS/HLSL30/v002,B4,B5,Fmask,EPSG:32652,"[30,0,699960,0,-30,5300040]",false,false,false,false,(NIR-RED)/(NIR+RED); mask denominator=0; keep source masks,dimensionless; no further scale needed,exact_uint8_values_in_Float32,-9999,Float32,1.0
NE_RICE,2024-11,2024-11-01,2024-12-01,NE_RICE_HLS_2024-11_g1_NDVI_FMASK_v1.tif,3,s0001_S30_20241104T020749000_NDVI,NDVI,2024-11-04T02:07:49.000Z,1730686069000,S30,NASA/HLS/HLSS30/v002/T52TGT_20241104T020749,NASA/HLS/HLSS30/v002,B4,B8A,Fmask,EPSG:32652,"[30,0,699960,0,-30,5300040]",false,false,false,false,(NIR-RED)/(NIR+RED); mask denominator=0; keep source masks,dimensionless; no further scale needed,exact_uint8_values_in_Float32,-9999,Float32,1.0
NE_RICE,2024-11,2024-11-01,2024-12-01,NE_RICE_HLS_2024-11_g1_NDVI_FMASK_v1.tif,4,s0001_S30_20241104T020749000_FMASK,FMASK,2024-11-04T02:07:49.000Z,1730686069000,S30,NASA/HLS/HLSS30/v002/T52TGT_20241104T020749,NASA/HLS/HLSS30/v002,B4,B8A,Fmask,EPSG:32652,"[30,0,699960,0,-30,5300040]",false,false,false,false,(NIR-RED)/(NIR+RED); mask denominator=0; keep source masks,dimensionless; no further scale needed,exact_uint8_values_in_Float32,-9999,Float32,1.0
NE_RICE,2024-11,2024-11-01,2024-12-01,NE_RICE_HLS_2024-11_g1_NDVI_FMASK_v1.tif,5,s0002_S30_20241109T020911000_NDVI,NDVI,2024-11-09T02:09:11.000Z,1731118151000,S30,NASA/HLS/HLSS30/v002/T52TGT_20241109T020911,NASA/HLS/HLSS30/v002,B4,B8A,Fmask,EPSG:32652,"[30,0,699960,0,-30,5300040]",false,false,false,false,(NIR-RED)/(NIR+RED); mask denominator=0; keep source masks,dimensionless; no further scale needed,exact_uint8_values_in_Float32,-9999,Float32,1.0
NE_RICE,2024-11,2024-11-01,2024-12-01,NE_RICE_HLS_2024-11_g1_NDVI_FMASK_v1.tif,6,s0002_S30_20241109T020911000_FMASK,FMASK,2024-11-09T02:09:11.000Z,1731118151000,S30,NASA/HLS/HLSS30/v002/T52TGT_20241109T020911,NASA/HLS/HLSS30/v002,B4,B8A,Fmask,EPSG:32652,"[30,0,699960,0,-30,5300040]",false,false,false,false,(NIR-RED)/(NIR+RED); mask denominator=0; keep source masks,dimensionless; no further scale needed,exact_uint8_values_in_Float32,-9999,Float32,1.0
NE_RICE,2024-11,2024-11-01,2024-12-01,NE_RICE_HLS_2024-11_g1_NDVI_FMASK_v1.tif,7,s0003_L30_20241111T015557000_NDVI,NDVI,2024-11-11T01:55:57.000Z,1731290157000,L30,NASA/HLS/HLSL30/v002/T52TGT_20241111T015557,NASA/HLS/HLSL30/v002,B4,B5,Fmask,EPSG:32652,"[30,0,699960,0,-30,5300040]",false,false,false,false,(NIR-RED)/(NIR+RED); mask denominator=0; keep source masks,dimensionless; no further scale needed,exact_uint8_values_in_Float32,-9999,Float32,1.0
NE_RICE,2024-11,2024-11-01,2024-12-01,NE_RICE_HLS_2024-11_g1_NDVI_FMASK_v1.tif,8,s0003_L30_20241111T015557000_FMASK,FMASK,2024-11-11T01:55:57.000Z,1731290157000,L30,NASA/HLS/HLSL30/v002/T52TGT_20241111T015557,NASA/HLS/HLSL30/v002,B4,B5,Fmask,EPSG:32652,"[30,0,699960,0,-30,5300040]",false,false,false,false,(NIR-RED)/(NIR+RED); mask denominator=0; keep source masks,dimensionless; no further scale needed,exact_uint8_values_in_Float32,-9999,Float32,1.0
NE_RICE,2024-11,2024-11-01,2024-12-01,NE_RICE_HLS_2024-11_g1_NDVI_FMASK_v1.tif,9,s0004_S30_20241114T020839000_NDVI,NDVI,2024-11-14T02:08:39.000Z,1731550119000,S30,NASA/HLS/HLSS30/v002/T52TGT_20241114T020839,NASA/HLS/HLSS30/v002,B4,B8A,Fmask,EPSG:32652,"[30,0,699960,0,-30,5300040]",false,false,false,false,(NIR-RED)/(NIR+RED); mask denominator=0; keep source masks,dimensionless; no further scale needed,exact_uint8_values_in_Float32,-9999,Float32,1.0
NE_RICE,2024-11,2024-11-01,2024-12-01,NE_RICE_HLS_2024-11_g1_NDVI_FMASK_v1.tif,10,s0004_S30_20241114T020839000_FMASK,FMASK,2024-11-14T02:08:39.000Z,1731550119000,S30,NASA/HLS/HLSS30/v002/T52TGT_20241114T020839,NASA/HLS/HLSS30/v002,B4,B8A,Fmask,EPSG:32652,"[30,0,699960,0,-30,5300040]",false,false,false,false,(NIR-RED)/(NIR+RED); mask denominator=0; keep source masks,dimensionless; no further scale needed,exact_uint8_values_in_Float32,-9999,Float32,1.0
NE_RICE,2024-11,2024-11-01,2024-12-01,NE_RICE_HLS_2024-11_g1_NDVI_FMASK_v1.tif,11,s0005_L30_20241119T015559000_NDVI,NDVI,2024-11-19T01:55:59.000Z,1731981359000,L30,NASA/HLS/HLSL30/v002/T52TGT_20241119T015559,NASA/HLS/HLSL30/v002,B4,B5,Fmask,EPSG:32652,"[30,0,699960,0,-30,5300040]",false,false,false,false,(NIR-RED)/(NIR+RED); mask denominator=0; keep source masks,dimensionless; no further scale needed,exact_uint8_values_in_Float32,-9999,Float32,1.0
NE_RICE,2024-11,2024-11-01,2024-12-01,NE_RICE_HLS_2024-11_g1_NDVI_FMASK_v1.tif,12,s0005_L30_20241119T015559000_FMASK,FMASK,2024-11-19T01:55:59.000Z,1731981359000,L30,NASA/HLS/HLSL30/v002/T52TGT_20241119T015559,NASA/HLS/HLSL30/v002,B4,B5,Fmask,EPSG:32652,"[30,0,699960,0,-30,5300040]",false,false,false,false,(NIR-RED)/(NIR+RED); mask denominator=0; keep source masks,dimensionless; no further scale needed,exact_uint8_values_in_Float32,-9999,Float32,1.0
NE_RICE,2024-11,2024-11-01,2024-12-01,NE_RICE_HLS_2024-11_g1_NDVI_FMASK_v1.tif,13,s0006_S30_20241119T021001000_NDVI,NDVI,2024-11-19T02:10:01.000Z,1731982201000,S30,NASA/HLS/HLSS30/v002/T52TGT_20241119T021001,NASA/HLS/HLSS30/v002,B4,B8A,Fmask,EPSG:32652,"[30,0,699960,0,-30,5300040]",false,false,false,false,(NIR-RED)/(NIR+RED); mask denominator=0; keep source masks,dimensionless; no further scale needed,exact_uint8_values_in_Float32,-9999,Float32,1.0
NE_RICE,2024-11,2024-11-01,2024-12-01,NE_RICE_HLS_2024-11_g1_NDVI_FMASK_v1.tif,14,s0006_S30_20241119T021001000_FMASK,FMASK,2024-11-19T02:10:01.000Z,1731982201000,S30,NASA/HLS/HLSS30/v002/T52TGT_20241119T021001,NASA/HLS/HLSS30/v002,B4,B8A,Fmask,EPSG:32652,"[30,0,699960,0,-30,5300040]",false,false,false,false,(NIR-RED)/(NIR+RED); mask denominator=0; keep source masks,dimensionless; no further scale needed,exact_uint8_values_in_Float32,-9999,Float32,1.0
NE_RICE,2024-11,2024-11-01,2024-12-01,NE_RICE_HLS_2024-11_g1_NDVI_FMASK_v1.tif,15,s0007_S30_20241124T020929000_NDVI,NDVI,2024-11-24T02:09:29.000Z,1732414169000,S30,NASA/HLS/HLSS30/v002/T52TGT_20241124T020929,NASA/HLS/HLSS30/v002,B4,B8A,Fmask,EPSG:32652,"[30,0,699960,0,-30,5300040]",false,false,false,false,(NIR-RED)/(NIR+RED); mask denominator=0; keep source masks,dimensionless; no further scale needed,exact_uint8_values_in_Float32,-9999,Float32,1.0
NE_RICE,2024-11,2024-11-01,2024-12-01,NE_RICE_HLS_2024-11_g1_NDVI_FMASK_v1.tif,16,s0007_S30_20241124T020929000_FMASK,FMASK,2024-11-24T02:09:29.000Z,1732414169000,S30,NASA/HLS/HLSS30/v002/T52TGT_20241124T020929,NASA/HLS/HLSS30/v002,B4,B8A,Fmask,EPSG:32652,"[30,0,699960,0,-30,5300040]",false,false,false,false,(NIR-RED)/(NIR+RED); mask denominator=0; keep source masks,dimensionless; no further scale needed,exact_uint8_values_in_Float32,-9999,Float32,1.0
NE_RICE,2024-11,2024-11-01,2024-12-01,NE_RICE_HLS_2024-11_g1_NDVI_FMASK_v1.tif,17,s0008_L30_20241127T015610000_NDVI,NDVI,2024-11-27T01:56:10.000Z,1732672570000,L30,NASA/HLS/HLSL30/v002/T52TGT_20241127T015610,NASA/HLS/HLSL30/v002,B4,B5,Fmask,EPSG:32652,"[30,0,699960,0,-30,5300040]",false,false,false,false,(NIR-RED)/(NIR+RED); mask denominator=0; keep source masks,dimensionless; no further scale needed,exact_uint8_values_in_Float32,-9999,Float32,1.0
NE_RICE,2024-11,2024-11-01,2024-12-01,NE_RICE_HLS_2024-11_g1_NDVI_FMASK_v1.tif,18,s0008_L30_20241127T015610000_FMASK,FMASK,2024-11-27T01:56:10.000Z,1732672570000,L30,NASA/HLS/HLSL30/v002/T52TGT_20241127T015610,NASA/HLS/HLSL30/v002,B4,B5,Fmask,EPSG:32652,"[30,0,699960,0,-30,5300040]",false,false,false,false,(NIR-RED)/(NIR+RED); mask denominator=0; keep source masks,dimensionless; no further scale needed,exact_uint8_values_in_Float32,-9999,Float32,1.0
NE_RICE,2024-11,2024-11-01,2024-12-01,NE_RICE_HLS_2024-11_g1_NDVI_FMASK_v1.tif,19,s0009_S30_20241129T021031000_NDVI,NDVI,2024-11-29T02:10:31.000Z,1732846231000,S30,NASA/HLS/HLSS30/v002/T52TGT_20241129T021031,NASA/HLS/HLSS30/v002,B4,B8A,Fmask,EPSG:32652,"[30,0,699960,0,-30,5300040]",false,false,false,false,(NIR-RED)/(NIR+RED); mask denominator=0; keep source masks,dimensionless; no further scale needed,exact_uint8_values_in_Float32,-9999,Float32,1.0
NE_RICE,2024-11,2024-11-01,2024-12-01,NE_RICE_HLS_2024-11_g1_NDVI_FMASK_v1.tif,20,s0009_S30_20241129T021031000_FMASK,FMASK,2024-11-29T02:10:31.000Z,1732846231000,S30,NASA/HLS/HLSS30/v002/T52TGT_20241129T021031,NASA/HLS/HLSS30/v002,B4,B8A,Fmask,EPSG:32652,"[30,0,699960,0,-30,5300040]",false,false,false,false,(NIR-RED)/(NIR+RED); mask denominator=0; keep source masks,dimensionless; no further scale needed,exact_uint8_values_in_Float32,-9999,Float32,1.0
NE_RICE,2024-11,2024-11-01,2024-12-01,NE_RICE_HLS_2024-11_g2_NDVI_FMASK_v1.tif,1,s0000_L30_20241103T015551000_NDVI,NDVI,2024-11-03T01:55:51.000Z,1730598951000,L30,NASA/HLS/HLSL30/v002/T53TLN_20241103T015551,NASA/HLS/HLSL30/v002,B4,B5,Fmask,EPSG:32653,"[30,0,300000,0,-30,5300040]",false,false,false,false,(NIR-RED)/(NIR+RED); mask denominator=0; keep source masks,dimensionless; no further scale needed,exact_uint8_values_in_Float32,-9999,Float32,1.0
NE_RICE,2024-11,2024-11-01,2024-12-01,NE_RICE_HLS_2024-11_g2_NDVI_FMASK_v1.tif,2,s0000_L30_20241103T015551000_FMASK,FMASK,2024-11-03T01:55:51.000Z,1730598951000,L30,NASA/HLS/HLSL30/v002/T53TLN_20241103T015551,NASA/HLS/HLSL30/v002,B4,B5,Fmask,EPSG:32653,"[30,0,300000,0,-30,5300040]",false,false,false,false,(NIR-RED)/(NIR+RED); mask denominator=0; keep source masks,dimensionless; no further scale needed,exact_uint8_values_in_Float32,-9999,Float32,1.0
NE_RICE,2024-11,2024-11-01,2024-12-01,NE_RICE_HLS_2024-11_g2_NDVI_FMASK_v1.tif,3,s0001_S30_20241104T020749000_NDVI,NDVI,2024-11-04T02:07:49.000Z,1730686069000,S30,NASA/HLS/HLSS30/v002/T53TLN_20241104T020749,NASA/HLS/HLSS30/v002,B4,B8A,Fmask,EPSG:32653,"[30,0,300000,0,-30,5300040]",false,false,false,false,(NIR-RED)/(NIR+RED); mask denominator=0; keep source masks,dimensionless; no further scale needed,exact_uint8_values_in_Float32,-9999,Float32,1.0
NE_RICE,2024-11,2024-11-01,2024-12-01,NE_RICE_HLS_2024-11_g2_NDVI_FMASK_v1.tif,4,s0001_S30_20241104T020749000_FMASK,FMASK,2024-11-04T02:07:49.000Z,1730686069000,S30,NASA/HLS/HLSS30/v002/T53TLN_20241104T020749,NASA/HLS/HLSS30/v002,B4,B8A,Fmask,EPSG:32653,"[30,0,300000,0,-30,5300040]",false,false,false,false,(NIR-RED)/(NIR+RED); mask denominator=0; keep source masks,dimensionless; no further scale needed,exact_uint8_values_in_Float32,-9999,Float32,1.0
NE_RICE,2024-11,2024-11-01,2024-12-01,NE_RICE_HLS_2024-11_g2_NDVI_FMASK_v1.tif,5,s0002_S30_20241109T020911000_NDVI,NDVI,2024-11-09T02:09:11.000Z,1731118151000,S30,NASA/HLS/HLSS30/v002/T53TLN_20241109T020911,NASA/HLS/HLSS30/v002,B4,B8A,Fmask,EPSG:32653,"[30,0,300000,0,-30,5300040]",false,false,false,false,(NIR-RED)/(NIR+RED); mask denominator=0; keep source masks,dimensionless; no further scale needed,exact_uint8_values_in_Float32,-9999,Float32,1.0
NE_RICE,2024-11,2024-11-01,2024-12-01,NE_RICE_HLS_2024-11_g2_NDVI_FMASK_v1.tif,6,s0002_S30_20241109T020911000_FMASK,FMASK,2024-11-09T02:09:11.000Z,1731118151000,S30,NASA/HLS/HLSS30/v002/T53TLN_20241109T020911,NASA/HLS/HLSS30/v002,B4,B8A,Fmask,EPSG:32653,"[30,0,300000,0,-30,5300040]",false,false,false,false,(NIR-RED)/(NIR+RED); mask denominator=0; keep source masks,dimensionless; no further scale needed,exact_uint8_values_in_Float32,-9999,Float32,1.0
NE_RICE,2024-11,2024-11-01,2024-12-01,NE_RICE_HLS_2024-11_g2_NDVI_FMASK_v1.tif,7,s0003_L30_20241111T015557000_NDVI,NDVI,2024-11-11T01:55:57.000Z,1731290157000,L30,NASA/HLS/HLSL30/v002/T53TLN_20241111T015557,NASA/HLS/HLSL30/v002,B4,B5,Fmask,EPSG:32653,"[30,0,300000,0,-30,5300040]",false,false,false,false,(NIR-RED)/(NIR+RED); mask denominator=0; keep source masks,dimensionless; no further scale needed,exact_uint8_values_in_Float32,-9999,Float32,1.0
NE_RICE,2024-11,2024-11-01,2024-12-01,NE_RICE_HLS_2024-11_g2_NDVI_FMASK_v1.tif,8,s0003_L30_20241111T015557000_FMASK,FMASK,2024-11-11T01:55:57.000Z,1731290157000,L30,NASA/HLS/HLSL30/v002/T53TLN_20241111T015557,NASA/HLS/HLSL30/v002,B4,B5,Fmask,EPSG:32653,"[30,0,300000,0,-30,5300040]",false,false,false,false,(NIR-RED)/(NIR+RED); mask denominator=0; keep source masks,dimensionless; no further scale needed,exact_uint8_values_in_Float32,-9999,Float32,1.0
NE_RICE,2024-11,2024-11-01,2024-12-01,NE_RICE_HLS_2024-11_g2_NDVI_FMASK_v1.tif,9,s0004_S30_20241114T020839000_NDVI,NDVI,2024-11-14T02:08:39.000Z,1731550119000,S30,NASA/HLS/HLSS30/v002/T53TLN_20241114T020839,NASA/HLS/HLSS30/v002,B4,B8A,Fmask,EPSG:32653,"[30,0,300000,0,-30,5300040]",false,false,false,false,(NIR-RED)/(NIR+RED); mask denominator=0; keep source masks,dimensionless; no further scale needed,exact_uint8_values_in_Float32,-9999,Float32,1.0
NE_RICE,2024-11,2024-11-01,2024-12-01,NE_RICE_HLS_2024-11_g2_NDVI_FMASK_v1.tif,10,s0004_S30_20241114T020839000_FMASK,FMASK,2024-11-14T02:08:39.000Z,1731550119000,S30,NASA/HLS/HLSS30/v002/T53TLN_20241114T020839,NASA/HLS/HLSS30/v002,B4,B8A,Fmask,EPSG:32653,"[30,0,300000,0,-30,5300040]",false,false,false,false,(NIR-RED)/(NIR+RED); mask denominator=0; keep source masks,dimensionless; no further scale needed,exact_uint8_values_in_Float32,-9999,Float32,1.0
NE_RICE,2024-11,2024-11-01,2024-12-01,NE_RICE_HLS_2024-11_g2_NDVI_FMASK_v1.tif,11,s0005_L30_20241119T015559000_NDVI,NDVI,2024-11-19T01:55:59.000Z,1731981359000,L30,NASA/HLS/HLSL30/v002/T53TLN_20241119T015559,NASA/HLS/HLSL30/v002,B4,B5,Fmask,EPSG:32653,"[30,0,300000,0,-30,5300040]",false,false,false,false,(NIR-RED)/(NIR+RED); mask denominator=0; keep source masks,dimensionless; no further scale needed,exact_uint8_values_in_Float32,-9999,Float32,1.0
NE_RICE,2024-11,2024-11-01,2024-12-01,NE_RICE_HLS_2024-11_g2_NDVI_FMASK_v1.tif,12,s0005_L30_20241119T015559000_FMASK,FMASK,2024-11-19T01:55:59.000Z,1731981359000,L30,NASA/HLS/HLSL30/v002/T53TLN_20241119T015559,NASA/HLS/HLSL30/v002,B4,B5,Fmask,EPSG:32653,"[30,0,300000,0,-30,5300040]",false,false,false,false,(NIR-RED)/(NIR+RED); mask denominator=0; keep source masks,dimensionless; no further scale needed,exact_uint8_values_in_Float32,-9999,Float32,1.0
NE_RICE,2024-11,2024-11-01,2024-12-01,NE_RICE_HLS_2024-11_g2_NDVI_FMASK_v1.tif,13,s0006_S30_20241119T021001000_NDVI,NDVI,2024-11-19T02:10:01.000Z,1731982201000,S30,NASA/HLS/HLSS30/v002/T53TLN_20241119T021001,NASA/HLS/HLSS30/v002,B4,B8A,Fmask,EPSG:32653,"[30,0,300000,0,-30,5300040]",false,false,false,false,(NIR-RED)/(NIR+RED); mask denominator=0; keep source masks,dimensionless; no further scale needed,exact_uint8_values_in_Float32,-9999,Float32,1.0
NE_RICE,2024-11,2024-11-01,2024-12-01,NE_RICE_HLS_2024-11_g2_NDVI_FMASK_v1.tif,14,s0006_S30_20241119T021001000_FMASK,FMASK,2024-11-19T02:10:01.000Z,1731982201000,S30,NASA/HLS/HLSS30/v002/T53TLN_20241119T021001,NASA/HLS/HLSS30/v002,B4,B8A,Fmask,EPSG:32653,"[30,0,300000,0,-30,5300040]",false,false,false,false,(NIR-RED)/(NIR+RED); mask denominator=0; keep source masks,dimensionless; no further scale needed,exact_uint8_values_in_Float32,-9999,Float32,1.0
NE_RICE,2024-11,2024-11-01,2024-12-01,NE_RICE_HLS_2024-11_g2_NDVI_FMASK_v1.tif,15,s0007_S30_20241124T020929000_NDVI,NDVI,2024-11-24T02:09:29.000Z,1732414169000,S30,NASA/HLS/HLSS30/v002/T53TLN_20241124T020929,NASA/HLS/HLSS30/v002,B4,B8A,Fmask,EPSG:32653,"[30,0,300000,0,-30,5300040]",false,false,false,false,(NIR-RED)/(NIR+RED); mask denominator=0; keep source masks,dimensionless; no further scale needed,exact_uint8_values_in_Float32,-9999,Float32,1.0
NE_RICE,2024-11,2024-11-01,2024-12-01,NE_RICE_HLS_2024-11_g2_NDVI_FMASK_v1.tif,16,s0007_S30_20241124T020929000_FMASK,FMASK,2024-11-24T02:09:29.000Z,1732414169000,S30,NASA/HLS/HLSS30/v002/T53TLN_20241124T020929,NASA/HLS/HLSS30/v002,B4,B8A,Fmask,EPSG:32653,"[30,0,300000,0,-30,5300040]",false,false,false,false,(NIR-RED)/(NIR+RED); mask denominator=0; keep source masks,dimensionless; no further scale needed,exact_uint8_values_in_Float32,-9999,Float32,1.0
NE_RICE,2024-11,2024-11-01,2024-12-01,NE_RICE_HLS_2024-11_g2_NDVI_FMASK_v1.tif,17,s0008_L30_20241127T015610000_NDVI,NDVI,2024-11-27T01:56:10.000Z,1732672570000,L30,NASA/HLS/HLSL30/v002/T53TLN_20241127T015610,NASA/HLS/HLSL30/v002,B4,B5,Fmask,EPSG:32653,"[30,0,300000,0,-30,5300040]",false,false,false,false,(NIR-RED)/(NIR+RED); mask denominator=0; keep source masks,dimensionless; no further scale needed,exact_uint8_values_in_Float32,-9999,Float32,1.0
NE_RICE,2024-11,2024-11-01,2024-12-01,NE_RICE_HLS_2024-11_g2_NDVI_FMASK_v1.tif,18,s0008_L30_20241127T015610000_FMASK,FMASK,2024-11-27T01:56:10.000Z,1732672570000,L30,NASA/HLS/HLSL30/v002/T53TLN_20241127T015610,NASA/HLS/HLSL30/v002,B4,B5,Fmask,EPSG:32653,"[30,0,300000,0,-30,5300040]",false,false,false,false,(NIR-RED)/(NIR+RED); mask denominator=0; keep source masks,dimensionless; no further scale needed,exact_uint8_values_in_Float32,-9999,Float32,1.0
NE_RICE,2024-11,2024-11-01,2024-12-01,NE_RICE_HLS_2024-11_g2_NDVI_FMASK_v1.tif,19,s0009_S30_20241129T021031000_NDVI,NDVI,2024-11-29T02:10:31.000Z,1732846231000,S30,NASA/HLS/HLSS30/v002/T53TLN_20241129T021031,NASA/HLS/HLSS30/v002,B4,B8A,Fmask,EPSG:32653,"[30,0,300000,0,-30,5300040]",false,false,false,false,(NIR-RED)/(NIR+RED); mask denominator=0; keep source masks,dimensionless; no further scale needed,exact_uint8_values_in_Float32,-9999,Float32,1.0
NE_RICE,2024-11,2024-11-01,2024-12-01,NE_RICE_HLS_2024-11_g2_NDVI_FMASK_v1.tif,20,s0009_S30_20241129T021031000_FMASK,FMASK,2024-11-29T02:10:31.000Z,1732846231000,S30,NASA/HLS/HLSS30/v002/T53TLN_20241129T021031,NASA/HLS/HLSS30/v002,B4,B8A,Fmask,EPSG:32653,"[30,0,300000,0,-30,5300040]",false,false,false,false,(NIR-RED)/(NIR+RED); mask denominator=0; keep source masks,dimensionless; no further scale needed,exact_uint8_values_in_Float32,-9999,Float32,1.0
NE_RICE,2024-12,2024-12-01,2025-01-01,NE_RICE_HLS_2024-12_g1_NDVI_FMASK_v1.tif,1,s0000_S30_20241204T020959000_NDVI,NDVI,2024-12-04T02:09:59.000Z,1733278199000,S30,NASA/HLS/HLSS30/v002/T52TGT_20241204T020959,NASA/HLS/HLSS30/v002,B4,B8A,Fmask,EPSG:32652,"[30,0,699960,0,-30,5300040]",false,false,false,false,(NIR-RED)/(NIR+RED); mask denominator=0; keep source masks,dimensionless; no further scale needed,exact_uint8_values_in_Float32,-9999,Float32,1.0
NE_RICE,2024-12,2024-12-01,2025-01-01,NE_RICE_HLS_2024-12_g1_NDVI_FMASK_v1.tif,2,s0000_S30_20241204T020959000_FMASK,FMASK,2024-12-04T02:09:59.000Z,1733278199000,S30,NASA/HLS/HLSS30/v002/T52TGT_20241204T020959,NASA/HLS/HLSS30/v002,B4,B8A,Fmask,EPSG:32652,"[30,0,699960,0,-30,5300040]",false,false,false,false,(NIR-RED)/(NIR+RED); mask denominator=0; keep source masks,dimensionless; no further scale needed,exact_uint8_values_in_Float32,-9999,Float32,1.0
NE_RICE,2024-12,2024-12-01,2025-01-01,NE_RICE_HLS_2024-12_g1_NDVI_FMASK_v1.tif,3,s0001_L30_20241205T015602000_NDVI,NDVI,2024-12-05T01:56:02.000Z,1733363762000,L30,NASA/HLS/HLSL30/v002/T52TGT_20241205T015602,NASA/HLS/HLSL30/v002,B4,B5,Fmask,EPSG:32652,"[30,0,699960,0,-30,5300040]",false,false,false,false,(NIR-RED)/(NIR+RED); mask denominator=0; keep source masks,dimensionless; no further scale needed,exact_uint8_values_in_Float32,-9999,Float32,1.0
NE_RICE,2024-12,2024-12-01,2025-01-01,NE_RICE_HLS_2024-12_g1_NDVI_FMASK_v1.tif,4,s0001_L30_20241205T015602000_FMASK,FMASK,2024-12-05T01:56:02.000Z,1733363762000,L30,NASA/HLS/HLSL30/v002/T52TGT_20241205T015602,NASA/HLS/HLSL30/v002,B4,B5,Fmask,EPSG:32652,"[30,0,699960,0,-30,5300040]",false,false,false,false,(NIR-RED)/(NIR+RED); mask denominator=0; keep source masks,dimensionless; no further scale needed,exact_uint8_values_in_Float32,-9999,Float32,1.0
NE_RICE,2024-12,2024-12-01,2025-01-01,NE_RICE_HLS_2024-12_g1_NDVI_FMASK_v1.tif,5,s0002_S30_20241209T021101000_NDVI,NDVI,2024-12-09T02:11:01.000Z,1733710261000,S30,NASA/HLS/HLSS30/v002/T52TGT_20241209T021101,NASA/HLS/HLSS30/v002,B4,B8A,Fmask,EPSG:32652,"[30,0,699960,0,-30,5300040]",false,false,false,false,(NIR-RED)/(NIR+RED); mask denominator=0; keep source masks,dimensionless; no further scale needed,exact_uint8_values_in_Float32,-9999,Float32,1.0
NE_RICE,2024-12,2024-12-01,2025-01-01,NE_RICE_HLS_2024-12_g1_NDVI_FMASK_v1.tif,6,s0002_S30_20241209T021101000_FMASK,FMASK,2024-12-09T02:11:01.000Z,1733710261000,S30,NASA/HLS/HLSS30/v002/T52TGT_20241209T021101,NASA/HLS/HLSS30/v002,B4,B8A,Fmask,EPSG:32652,"[30,0,699960,0,-30,5300040]",false,false,false,false,(NIR-RED)/(NIR+RED); mask denominator=0; keep source masks,dimensionless; no further scale needed,exact_uint8_values_in_Float32,-9999,Float32,1.0
NE_RICE,2024-12,2024-12-01,2025-01-01,NE_RICE_HLS_2024-12_g1_NDVI_FMASK_v1.tif,7,s0003_L30_20241213T015601000_NDVI,NDVI,2024-12-13T01:56:01.000Z,1734054961000,L30,NASA/HLS/HLSL30/v002/T52TGT_20241213T015601,NASA/HLS/HLSL30/v002,B4,B5,Fmask,EPSG:32652,"[30,0,699960,0,-30,5300040]",false,false,false,false,(NIR-RED)/(NIR+RED); mask denominator=0; keep source masks,dimensionless; no further scale needed,exact_uint8_values_in_Float32,-9999,Float32,1.0
NE_RICE,2024-12,2024-12-01,2025-01-01,NE_RICE_HLS_2024-12_g1_NDVI_FMASK_v1.tif,8,s0003_L30_20241213T015601000_FMASK,FMASK,2024-12-13T01:56:01.000Z,1734054961000,L30,NASA/HLS/HLSL30/v002/T52TGT_20241213T015601,NASA/HLS/HLSL30/v002,B4,B5,Fmask,EPSG:32652,"[30,0,699960,0,-30,5300040]",false,false,false,false,(NIR-RED)/(NIR+RED); mask denominator=0; keep source masks,dimensionless; no further scale needed,exact_uint8_values_in_Float32,-9999,Float32,1.0
NE_RICE,2024-12,2024-12-01,2025-01-01,NE_RICE_HLS_2024-12_g1_NDVI_FMASK_v1.tif,9,s0004_S30_20241214T021019000_NDVI,NDVI,2024-12-14T02:10:19.000Z,1734142219000,S30,NASA/HLS/HLSS30/v002/T52TGT_20241214T021019,NASA/HLS/HLSS30/v002,B4,B8A,Fmask,EPSG:32652,"[30,0,699960,0,-30,5300040]",false,false,false,false,(NIR-RED)/(NIR+RED); mask denominator=0; keep source masks,dimensionless; no further scale needed,exact_uint8_values_in_Float32,-9999,Float32,1.0
NE_RICE,2024-12,2024-12-01,2025-01-01,NE_RICE_HLS_2024-12_g1_NDVI_FMASK_v1.tif,10,s0004_S30_20241214T021019000_FMASK,FMASK,2024-12-14T02:10:19.000Z,1734142219000,S30,NASA/HLS/HLSS30/v002/T52TGT_20241214T021019,NASA/HLS/HLSS30/v002,B4,B8A,Fmask,EPSG:32652,"[30,0,699960,0,-30,5300040]",false,false,false,false,(NIR-RED)/(NIR+RED); mask denominator=0; keep source masks,dimensionless; no further scale needed,exact_uint8_values_in_Float32,-9999,Float32,1.0
NE_RICE,2024-12,2024-12-01,2025-01-01,NE_RICE_HLS_2024-12_g1_NDVI_FMASK_v1.tif,11,s0005_S30_20241219T021111000_NDVI,NDVI,2024-12-19T02:11:11.000Z,1734574271000,S30,NASA/HLS/HLSS30/v002/T52TGT_20241219T021111,NASA/HLS/HLSS30/v002,B4,B8A,Fmask,EPSG:32652,"[30,0,699960,0,-30,5300040]",false,false,false,false,(NIR-RED)/(NIR+RED); mask denominator=0; keep source masks,dimensionless; no further scale needed,exact_uint8_values_in_Float32,-9999,Float32,1.0
NE_RICE,2024-12,2024-12-01,2025-01-01,NE_RICE_HLS_2024-12_g1_NDVI_FMASK_v1.tif,12,s0005_S30_20241219T021111000_FMASK,FMASK,2024-12-19T02:11:11.000Z,1734574271000,S30,NASA/HLS/HLSS30/v002/T52TGT_20241219T021111,NASA/HLS/HLSS30/v002,B4,B8A,Fmask,EPSG:32652,"[30,0,699960,0,-30,5300040]",false,false,false,false,(NIR-RED)/(NIR+RED); mask denominator=0; keep source masks,dimensionless; no further scale needed,exact_uint8_values_in_Float32,-9999,Float32,1.0
NE_RICE,2024-12,2024-12-01,2025-01-01,NE_RICE_HLS_2024-12_g1_NDVI_FMASK_v1.tif,13,s0006_L30_20241221T015556000_NDVI,NDVI,2024-12-21T01:55:56.000Z,1734746156000,L30,NASA/HLS/HLSL30/v002/T52TGT_20241221T015556,NASA/HLS/HLSL30/v002,B4,B5,Fmask,EPSG:32652,"[30,0,699960,0,-30,5300040]",false,false,false,false,(NIR-RED)/(NIR+RED); mask denominator=0; keep source masks,dimensionless; no further scale needed,exact_uint8_values_in_Float32,-9999,Float32,1.0
NE_RICE,2024-12,2024-12-01,2025-01-01,NE_RICE_HLS_2024-12_g1_NDVI_FMASK_v1.tif,14,s0006_L30_20241221T015556000_FMASK,FMASK,2024-12-21T01:55:56.000Z,1734746156000,L30,NASA/HLS/HLSL30/v002/T52TGT_20241221T015556,NASA/HLS/HLSL30/v002,B4,B5,Fmask,EPSG:32652,"[30,0,699960,0,-30,5300040]",false,false,false,false,(NIR-RED)/(NIR+RED); mask denominator=0; keep source masks,dimensionless; no further scale needed,exact_uint8_values_in_Float32,-9999,Float32,1.0
NE_RICE,2024-12,2024-12-01,2025-01-01,NE_RICE_HLS_2024-12_g1_NDVI_FMASK_v1.tif,15,s0007_S30_20241224T021019000_NDVI,NDVI,2024-12-24T02:10:19.000Z,1735006219000,S30,NASA/HLS/HLSS30/v002/T52TGT_20241224T021019,NASA/HLS/HLSS30/v002,B4,B8A,Fmask,EPSG:32652,"[30,0,699960,0,-30,5300040]",false,false,false,false,(NIR-RED)/(NIR+RED); mask denominator=0; keep source masks,dimensionless; no further scale needed,exact_uint8_values_in_Float32,-9999,Float32,1.0
NE_RICE,2024-12,2024-12-01,2025-01-01,NE_RICE_HLS_2024-12_g1_NDVI_FMASK_v1.tif,16,s0007_S30_20241224T021019000_FMASK,FMASK,2024-12-24T02:10:19.000Z,1735006219000,S30,NASA/HLS/HLSS30/v002/T52TGT_20241224T021019,NASA/HLS/HLSS30/v002,B4,B8A,Fmask,EPSG:32652,"[30,0,699960,0,-30,5300040]",false,false,false,false,(NIR-RED)/(NIR+RED); mask denominator=0; keep source masks,dimensionless; no further scale needed,exact_uint8_values_in_Float32,-9999,Float32,1.0
NE_RICE,2024-12,2024-12-01,2025-01-01,NE_RICE_HLS_2024-12_g1_NDVI_FMASK_v1.tif,17,s0008_L30_20241229T015603000_NDVI,NDVI,2024-12-29T01:56:03.000Z,1735437363000,L30,NASA/HLS/HLSL30/v002/T52TGT_20241229T015603,NASA/HLS/HLSL30/v002,B4,B5,Fmask,EPSG:32652,"[30,0,699960,0,-30,5300040]",false,false,false,false,(NIR-RED)/(NIR+RED); mask denominator=0; keep source masks,dimensionless; no further scale needed,exact_uint8_values_in_Float32,-9999,Float32,1.0
NE_RICE,2024-12,2024-12-01,2025-01-01,NE_RICE_HLS_2024-12_g1_NDVI_FMASK_v1.tif,18,s0008_L30_20241229T015603000_FMASK,FMASK,2024-12-29T01:56:03.000Z,1735437363000,L30,NASA/HLS/HLSL30/v002/T52TGT_20241229T015603,NASA/HLS/HLSL30/v002,B4,B5,Fmask,EPSG:32652,"[30,0,699960,0,-30,5300040]",false,false,false,false,(NIR-RED)/(NIR+RED); mask denominator=0; keep source masks,dimensionless; no further scale needed,exact_uint8_values_in_Float32,-9999,Float32,1.0
NE_RICE,2024-12,2024-12-01,2025-01-01,NE_RICE_HLS_2024-12_g1_NDVI_FMASK_v1.tif,19,s0009_S30_20241229T021111000_NDVI,NDVI,2024-12-29T02:11:11.000Z,1735438271000,S30,NASA/HLS/HLSS30/v002/T52TGT_20241229T021111,NASA/HLS/HLSS30/v002,B4,B8A,Fmask,EPSG:32652,"[30,0,699960,0,-30,5300040]",false,false,false,false,(NIR-RED)/(NIR+RED); mask denominator=0; keep source masks,dimensionless; no further scale needed,exact_uint8_values_in_Float32,-9999,Float32,1.0
NE_RICE,2024-12,2024-12-01,2025-01-01,NE_RICE_HLS_2024-12_g1_NDVI_FMASK_v1.tif,20,s0009_S30_20241229T021111000_FMASK,FMASK,2024-12-29T02:11:11.000Z,1735438271000,S30,NASA/HLS/HLSS30/v002/T52TGT_20241229T021111,NASA/HLS/HLSS30/v002,B4,B8A,Fmask,EPSG:32652,"[30,0,699960,0,-30,5300040]",false,false,false,false,(NIR-RED)/(NIR+RED); mask denominator=0; keep source masks,dimensionless; no further scale needed,exact_uint8_values_in_Float32,-9999,Float32,1.0
NE_RICE,2024-12,2024-12-01,2025-01-01,NE_RICE_HLS_2024-12_g2_NDVI_FMASK_v1.tif,1,s0000_L30_20241205T015602000_NDVI,NDVI,2024-12-05T01:56:02.000Z,1733363762000,L30,NASA/HLS/HLSL30/v002/T53TLN_20241205T015602,NASA/HLS/HLSL30/v002,B4,B5,Fmask,EPSG:32653,"[30,0,300000,0,-30,5300040]",false,false,false,false,(NIR-RED)/(NIR+RED); mask denominator=0; keep source masks,dimensionless; no further scale needed,exact_uint8_values_in_Float32,-9999,Float32,1.0
NE_RICE,2024-12,2024-12-01,2025-01-01,NE_RICE_HLS_2024-12_g2_NDVI_FMASK_v1.tif,2,s0000_L30_20241205T015602000_FMASK,FMASK,2024-12-05T01:56:02.000Z,1733363762000,L30,NASA/HLS/HLSL30/v002/T53TLN_20241205T015602,NASA/HLS/HLSL30/v002,B4,B5,Fmask,EPSG:32653,"[30,0,300000,0,-30,5300040]",false,false,false,false,(NIR-RED)/(NIR+RED); mask denominator=0; keep source masks,dimensionless; no further scale needed,exact_uint8_values_in_Float32,-9999,Float32,1.0
NE_RICE,2024-12,2024-12-01,2025-01-01,NE_RICE_HLS_2024-12_g2_NDVI_FMASK_v1.tif,3,s0001_S30_20241209T021101000_NDVI,NDVI,2024-12-09T02:11:01.000Z,1733710261000,S30,NASA/HLS/HLSS30/v002/T53TLN_20241209T021101,NASA/HLS/HLSS30/v002,B4,B8A,Fmask,EPSG:32653,"[30,0,300000,0,-30,5300040]",false,false,false,false,(NIR-RED)/(NIR+RED); mask denominator=0; keep source masks,dimensionless; no further scale needed,exact_uint8_values_in_Float32,-9999,Float32,1.0
NE_RICE,2024-12,2024-12-01,2025-01-01,NE_RICE_HLS_2024-12_g2_NDVI_FMASK_v1.tif,4,s0001_S30_20241209T021101000_FMASK,FMASK,2024-12-09T02:11:01.000Z,1733710261000,S30,NASA/HLS/HLSS30/v002/T53TLN_20241209T021101,NASA/HLS/HLSS30/v002,B4,B8A,Fmask,EPSG:32653,"[30,0,300000,0,-30,5300040]",false,false,false,false,(NIR-RED)/(NIR+RED); mask denominator=0; keep source masks,dimensionless; no further scale needed,exact_uint8_values_in_Float32,-9999,Float32,1.0
NE_RICE,2024-12,2024-12-01,2025-01-01,NE_RICE_HLS_2024-12_g2_NDVI_FMASK_v1.tif,5,s0002_L30_20241213T015601000_NDVI,NDVI,2024-12-13T01:56:01.000Z,1734054961000,L30,NASA/HLS/HLSL30/v002/T53TLN_20241213T015601,NASA/HLS/HLSL30/v002,B4,B5,Fmask,EPSG:32653,"[30,0,300000,0,-30,5300040]",false,false,false,false,(NIR-RED)/(NIR+RED); mask denominator=0; keep source masks,dimensionless; no further scale needed,exact_uint8_values_in_Float32,-9999,Float32,1.0
NE_RICE,2024-12,2024-12-01,2025-01-01,NE_RICE_HLS_2024-12_g2_NDVI_FMASK_v1.tif,6,s0002_L30_20241213T015601000_FMASK,FMASK,2024-12-13T01:56:01.000Z,1734054961000,L30,NASA/HLS/HLSL30/v002/T53TLN_20241213T015601,NASA/HLS/HLSL30/v002,B4,B5,Fmask,EPSG:32653,"[30,0,300000,0,-30,5300040]",false,false,false,false,(NIR-RED)/(NIR+RED); mask denominator=0; keep source masks,dimensionless; no further scale needed,exact_uint8_values_in_Float32,-9999,Float32,1.0
NE_RICE,2024-12,2024-12-01,2025-01-01,NE_RICE_HLS_2024-12_g2_NDVI_FMASK_v1.tif,7,s0003_S30_20241214T021019000_NDVI,NDVI,2024-12-14T02:10:19.000Z,1734142219000,S30,NASA/HLS/HLSS30/v002/T53TLN_20241214T021019,NASA/HLS/HLSS30/v002,B4,B8A,Fmask,EPSG:32653,"[30,0,300000,0,-30,5300040]",false,false,false,false,(NIR-RED)/(NIR+RED); mask denominator=0; keep source masks,dimensionless; no further scale needed,exact_uint8_values_in_Float32,-9999,Float32,1.0
NE_RICE,2024-12,2024-12-01,2025-01-01,NE_RICE_HLS_2024-12_g2_NDVI_FMASK_v1.tif,8,s0003_S30_20241214T021019000_FMASK,FMASK,2024-12-14T02:10:19.000Z,1734142219000,S30,NASA/HLS/HLSS30/v002/T53TLN_20241214T021019,NASA/HLS/HLSS30/v002,B4,B8A,Fmask,EPSG:32653,"[30,0,300000,0,-30,5300040]",false,false,false,false,(NIR-RED)/(NIR+RED); mask denominator=0; keep source masks,dimensionless; no further scale needed,exact_uint8_values_in_Float32,-9999,Float32,1.0
NE_RICE,2024-12,2024-12-01,2025-01-01,NE_RICE_HLS_2024-12_g2_NDVI_FMASK_v1.tif,9,s0004_S30_20241219T021111000_NDVI,NDVI,2024-12-19T02:11:11.000Z,1734574271000,S30,NASA/HLS/HLSS30/v002/T53TLN_20241219T021111,NASA/HLS/HLSS30/v002,B4,B8A,Fmask,EPSG:32653,"[30,0,300000,0,-30,5300040]",false,false,false,false,(NIR-RED)/(NIR+RED); mask denominator=0; keep source masks,dimensionless; no further scale needed,exact_uint8_values_in_Float32,-9999,Float32,1.0
NE_RICE,2024-12,2024-12-01,2025-01-01,NE_RICE_HLS_2024-12_g2_NDVI_FMASK_v1.tif,10,s0004_S30_20241219T021111000_FMASK,FMASK,2024-12-19T02:11:11.000Z,1734574271000,S30,NASA/HLS/HLSS30/v002/T53TLN_20241219T021111,NASA/HLS/HLSS30/v002,B4,B8A,Fmask,EPSG:32653,"[30,0,300000,0,-30,5300040]",false,false,false,false,(NIR-RED)/(NIR+RED); mask denominator=0; keep source masks,dimensionless; no further scale needed,exact_uint8_values_in_Float32,-9999,Float32,1.0
NE_RICE,2024-12,2024-12-01,2025-01-01,NE_RICE_HLS_2024-12_g2_NDVI_FMASK_v1.tif,11,s0005_L30_20241221T015556000_NDVI,NDVI,2024-12-21T01:55:56.000Z,1734746156000,L30,NASA/HLS/HLSL30/v002/T53TLN_20241221T015556,NASA/HLS/HLSL30/v002,B4,B5,Fmask,EPSG:32653,"[30,0,300000,0,-30,5300040]",false,false,false,false,(NIR-RED)/(NIR+RED); mask denominator=0; keep source masks,dimensionless; no further scale needed,exact_uint8_values_in_Float32,-9999,Float32,1.0
NE_RICE,2024-12,2024-12-01,2025-01-01,NE_RICE_HLS_2024-12_g2_NDVI_FMASK_v1.tif,12,s0005_L30_20241221T015556000_FMASK,FMASK,2024-12-21T01:55:56.000Z,1734746156000,L30,NASA/HLS/HLSL30/v002/T53TLN_20241221T015556,NASA/HLS/HLSL30/v002,B4,B5,Fmask,EPSG:32653,"[30,0,300000,0,-30,5300040]",false,false,false,false,(NIR-RED)/(NIR+RED); mask denominator=0; keep source masks,dimensionless; no further scale needed,exact_uint8_values_in_Float32,-9999,Float32,1.0
NE_RICE,2024-12,2024-12-01,2025-01-01,NE_RICE_HLS_2024-12_g2_NDVI_FMASK_v1.tif,13,s0006_S30_20241224T021019000_NDVI,NDVI,2024-12-24T02:10:19.000Z,1735006219000,S30,NASA/HLS/HLSS30/v002/T53TLN_20241224T021019,NASA/HLS/HLSS30/v002,B4,B8A,Fmask,EPSG:32653,"[30,0,300000,0,-30,5300040]",false,false,false,false,(NIR-RED)/(NIR+RED); mask denominator=0; keep source masks,dimensionless; no further scale needed,exact_uint8_values_in_Float32,-9999,Float32,1.0
NE_RICE,2024-12,2024-12-01,2025-01-01,NE_RICE_HLS_2024-12_g2_NDVI_FMASK_v1.tif,14,s0006_S30_20241224T021019000_FMASK,FMASK,2024-12-24T02:10:19.000Z,1735006219000,S30,NASA/HLS/HLSS30/v002/T53TLN_20241224T021019,NASA/HLS/HLSS30/v002,B4,B8A,Fmask,EPSG:32653,"[30,0,300000,0,-30,5300040]",false,false,false,false,(NIR-RED)/(NIR+RED); mask denominator=0; keep source masks,dimensionless; no further scale needed,exact_uint8_values_in_Float32,-9999,Float32,1.0
NE_RICE,2024-12,2024-12-01,2025-01-01,NE_RICE_HLS_2024-12_g2_NDVI_FMASK_v1.tif,15,s0007_L30_20241229T015603000_NDVI,NDVI,2024-12-29T01:56:03.000Z,1735437363000,L30,NASA/HLS/HLSL30/v002/T53TLN_20241229T015603,NASA/HLS/HLSL30/v002,B4,B5,Fmask,EPSG:32653,"[30,0,300000,0,-30,5300040]",false,false,false,false,(NIR-RED)/(NIR+RED); mask denominator=0; keep source masks,dimensionless; no further scale needed,exact_uint8_values_in_Float32,-9999,Float32,1.0
NE_RICE,2024-12,2024-12-01,2025-01-01,NE_RICE_HLS_2024-12_g2_NDVI_FMASK_v1.tif,16,s0007_L30_20241229T015603000_FMASK,FMASK,2024-12-29T01:56:03.000Z,1735437363000,L30,NASA/HLS/HLSL30/v002/T53TLN_20241229T015603,NASA/HLS/HLSL30/v002,B4,B5,Fmask,EPSG:32653,"[30,0,300000,0,-30,5300040]",false,false,false,false,(NIR-RED)/(NIR+RED); mask denominator=0; keep source masks,dimensionless; no further scale needed,exact_uint8_values_in_Float32,-9999,Float32,1.0
NE_RICE,2024-12,2024-12-01,2025-01-01,NE_RICE_HLS_2024-12_g2_NDVI_FMASK_v1.tif,17,s0008_S30_20241229T021111000_NDVI,NDVI,2024-12-29T02:11:11.000Z,1735438271000,S30,NASA/HLS/HLSS30/v002/T53TLN_20241229T021111,NASA/HLS/HLSS30/v002,B4,B8A,Fmask,EPSG:32653,"[30,0,300000,0,-30,5300040]",false,false,false,false,(NIR-RED)/(NIR+RED); mask denominator=0; keep source masks,dimensionless; no further scale needed,exact_uint8_values_in_Float32,-9999,Float32,1.0
NE_RICE,2024-12,2024-12-01,2025-01-01,NE_RICE_HLS_2024-12_g2_NDVI_FMASK_v1.tif,18,s0008_S30_20241229T021111000_FMASK,FMASK,2024-12-29T02:11:11.000Z,1735438271000,S30,NASA/HLS/HLSS30/v002/T53TLN_20241229T021111,NASA/HLS/HLSS30/v002,B4,B8A,Fmask,EPSG:32653,"[30,0,300000,0,-30,5300040]",false,false,false,false,(NIR-RED)/(NIR+RED); mask denominator=0; keep source masks,dimensionless; no further scale needed,exact_uint8_values_in_Float32,-9999,Float32,1.0
