month,source_id,branch,time_start_ms,spatial_status
2023-09,NASA/HLS/HLSS30/v002/T01WCV_20230901T002609,S30,1693527969000,rejected_non_intersecting_native_grid
2023-09,NASA/HLS/HLSS30/v002/T60WWE_20230901T002609,S30,1693527969000,rejected_non_intersecting_native_grid
2023-09,NASA/HLS/HLSS30/v002/T01WCP_20230901T235619,S30,1693612579000,rejected_non_intersecting_native_grid
2023-09,NASA/HLS/HLSS30/v002/T01WCQ_20230901T235619,S30,1693612579000,rejected_non_intersecting_native_grid
2023-09,NASA/HLS/HLSS30/v002/T01WCR_20230901T235619,S30,1693612579000,rejected_non_intersecting_native_grid
2023-09,NASA/HLS/HLSS30/v002/T01WCS_20230901T235619,S30,1693612579000,rejected_non_intersecting_native_grid
2023-09,NASA/HLS/HLSS30/v002/T01WCT_20230901T235619,S30,1693612579000,rejected_non_intersecting_native_grid
2023-09,NASA/HLS/HLSS30/v002/T01WCU_20230901T235619,S30,1693612579000,rejected_non_intersecting_native_grid
2023-09,NASA/HLS/HLSS30/v002/T01WCT_20230903T001611,S30,1693700171000,rejected_non_intersecting_native_grid
2023-09,NASA/HLS/HLSS30/v002/T01WCU_20230903T001611,S30,1693700171000,rejected_non_intersecting_native_grid
2023-09,NASA/HLS/HLSS30/v002/T01WCV_20230903T001611,S30,1693700171000,rejected_non_intersecting_native_grid
2023-09,NASA/HLS/HLSS30/v002/T60WWE_20230903T001611,S30,1693700171000,rejected_non_intersecting_native_grid
2023-09,NASA/HLS/HLSS30/v002/T01FBF_20230903T214919,S30,1693777759000,rejected_non_intersecting_native_grid
2023-09,NASA/HLS/HLSS30/v002/T01LAK_20230903T222801,S30,1693780081000,rejected_non_intersecting_native_grid
2023-09,NASA/HLS/HLSS30/v002/T01VCL_20230903T234631,S30,1693784791000,rejected_non_intersecting_native_grid
2023-09,NASA/HLS/HLSS30/v002/T01WCM_20230903T234631,S30,1693784791000,rejected_non_intersecting_native_grid
2023-09,NASA/HLS/HLSS30/v002/T01WCN_20230903T234631,S30,1693784791000,rejected_non_intersecting_native_grid
2023-09,NASA/HLS/HLSS30/v002/T01WCP_20230903T234631,S30,1693784791000,rejected_non_intersecting_native_grid
2023-09,NASA/HLS/HLSS30/v002/T01WCQ_20230903T234631,S30,1693784791000,rejected_non_intersecting_native_grid
2023-09,NASA/HLS/HLSS30/v002/T01WCR_20230903T234631,S30,1693784791000,rejected_non_intersecting_native_grid
2023-09,NASA/HLS/HLSS30/v002/T60VXR_20230903T234631,S30,1693784791000,rejected_non_intersecting_native_grid
2023-09,NASA/HLS/HLSL30/v002/T50SLG_20230904T030028,L30,1693796428000,native_grid_intersects_roi
2023-09,NASA/HLS/HLSS30/v002/T01WCU_20230905T000619,S30,1693872379000,rejected_non_intersecting_native_grid
2023-09,NASA/HLS/HLSS30/v002/T01WCV_20230905T000619,S30,1693872379000,rejected_non_intersecting_native_grid
2023-09,NASA/HLS/HLSS30/v002/T60WWE_20230905T000619,S30,1693872379000,rejected_non_intersecting_native_grid
2023-09,NASA/HLS/HLSL30/v002/T50SLG_20230905T025418,L30,1693882458000,native_grid_intersects_roi
2023-09,NASA/HLS/HLSS30/v002/T01KAA_20230905T221939,S30,1693952379000,rejected_non_intersecting_native_grid
2023-09,NASA/HLS/HLSS30/v002/T01KAB_20230905T221939,S30,1693952379000,rejected_non_intersecting_native_grid
2023-09,NASA/HLS/HLSS30/v002/T01KAU_20230905T221939,S30,1693952379000,rejected_non_intersecting_native_grid
2023-09,NASA/HLS/HLSS30/v002/T01KAV_20230905T221939,S30,1693952379000,rejected_non_intersecting_native_grid
2023-09,NASA/HLS/HLSS30/v002/T01LAC_20230905T221939,S30,1693952379000,rejected_non_intersecting_native_grid
2023-09,NASA/HLS/HLSS30/v002/T01VCK_20230905T233649,S30,1693957009000,rejected_non_intersecting_native_grid
2023-09,NASA/HLS/HLSS30/v002/T01VCL_20230905T233649,S30,1693957009000,rejected_non_intersecting_native_grid
2023-09,NASA/HLS/HLSS30/v002/T01WCM_20230905T233649,S30,1693957009000,rejected_non_intersecting_native_grid
2023-09,NASA/HLS/HLSS30/v002/T01WCN_20230905T233649,S30,1693957009000,rejected_non_intersecting_native_grid
2023-09,NASA/HLS/HLSS30/v002/T01WCP_20230905T233649,S30,1693957009000,rejected_non_intersecting_native_grid
2023-09,NASA/HLS/HLSS30/v002/T60VXQ_20230905T233649,S30,1693957009000,rejected_non_intersecting_native_grid
2023-09,NASA/HLS/HLSS30/v002/T60VXR_20230905T233649,S30,1693957009000,rejected_non_intersecting_native_grid
2023-09,NASA/HLS/HLSS30/v002/T01WCV_20230906T002611,S30,1693959971000,rejected_non_intersecting_native_grid
2023-09,NASA/HLS/HLSS30/v002/T60WWE_20230906T002611,S30,1693959971000,rejected_non_intersecting_native_grid
2023-09,NASA/HLS/HLSS30/v002/T01UBS_20230906T230539,S30,1694041539000,rejected_non_intersecting_native_grid
2023-09,NASA/HLS/HLSS30/v002/T01UBT_20230906T230539,S30,1694041539000,rejected_non_intersecting_native_grid
2023-09,NASA/HLS/HLSS30/v002/T01WCP_20230906T235621,S30,1694044581000,rejected_non_intersecting_native_grid
2023-09,NASA/HLS/HLSS30/v002/T01WCQ_20230906T235621,S30,1694044581000,rejected_non_intersecting_native_grid
2023-09,NASA/HLS/HLSS30/v002/T01WCR_20230906T235621,S30,1694044581000,rejected_non_intersecting_native_grid
2023-09,NASA/HLS/HLSS30/v002/T01WCS_20230906T235621,S30,1694044581000,rejected_non_intersecting_native_grid
2023-09,NASA/HLS/HLSS30/v002/T01WCT_20230906T235621,S30,1694044581000,rejected_non_intersecting_native_grid
2023-09,NASA/HLS/HLSS30/v002/T01WCU_20230906T235621,S30,1694044581000,rejected_non_intersecting_native_grid
2023-09,NASA/HLS/HLSS30/v002/T01VCK_20230907T232641,S30,1694129201000,rejected_non_intersecting_native_grid
2023-09,NASA/HLS/HLSS30/v002/T60VXQ_20230907T232641,S30,1694129201000,rejected_non_intersecting_native_grid
2023-09,NASA/HLS/HLSS30/v002/T01WCT_20230908T001609,S30,1694132169000,rejected_non_intersecting_native_grid
2023-09,NASA/HLS/HLSS30/v002/T01WCU_20230908T001609,S30,1694132169000,rejected_non_intersecting_native_grid
2023-09,NASA/HLS/HLSS30/v002/T01WCV_20230908T001609,S30,1694132169000,rejected_non_intersecting_native_grid
2023-09,NASA/HLS/HLSS30/v002/T60WWE_20230908T001609,S30,1694132169000,rejected_non_intersecting_native_grid
2023-09,NASA/HLS/HLSS30/v002/T01FBF_20230908T214911,S30,1694209751000,rejected_non_intersecting_native_grid
2023-09,NASA/HLS/HLSS30/v002/T01LAK_20230908T222759,S30,1694212079000,rejected_non_intersecting_native_grid
2023-09,NASA/HLS/HLSS30/v002/T01WCM_20230908T234629,S30,1694216789000,rejected_non_intersecting_native_grid
2023-09,NASA/HLS/HLSS30/v002/T01WCN_20230908T234629,S30,1694216789000,rejected_non_intersecting_native_grid
2023-09,NASA/HLS/HLSS30/v002/T01WCP_20230908T234629,S30,1694216789000,rejected_non_intersecting_native_grid
2023-09,NASA/HLS/HLSS30/v002/T01WCQ_20230908T234629,S30,1694216789000,rejected_non_intersecting_native_grid
2023-09,NASA/HLS/HLSS30/v002/T01WCR_20230908T234629,S30,1694216789000,rejected_non_intersecting_native_grid
2023-09,NASA/HLS/HLSS30/v002/T50SLG_20230909T030529,S30,1694228729000,native_grid_intersects_roi
2023-09,NASA/HLS/HLSS30/v002/T01UBT_20230909T231559,S30,1694301359000,rejected_non_intersecting_native_grid
2023-09,NASA/HLS/HLSS30/v002/T60UXC_20230909T231559,S30,1694301359000,rejected_non_intersecting_native_grid
2023-09,NASA/HLS/HLSS30/v002/T01WCR_20230910T000621,S30,1694304381000,rejected_non_intersecting_native_grid
2023-09,NASA/HLS/HLSS30/v002/T01WCS_20230910T000621,S30,1694304381000,rejected_non_intersecting_native_grid
2023-09,NASA/HLS/HLSS30/v002/T01WCT_20230910T000621,S30,1694304381000,rejected_non_intersecting_native_grid
2023-09,NASA/HLS/HLSS30/v002/T01WCU_20230910T000621,S30,1694304381000,rejected_non_intersecting_native_grid
2023-09,NASA/HLS/HLSS30/v002/T01WCV_20230910T000621,S30,1694304381000,rejected_non_intersecting_native_grid
2023-09,NASA/HLS/HLSS30/v002/T60WWE_20230910T000621,S30,1694304381000,rejected_non_intersecting_native_grid
2023-09,NASA/HLS/HLSS30/v002/T01KAA_20230910T221941,S30,1694384381000,rejected_non_intersecting_native_grid
2023-09,NASA/HLS/HLSS30/v002/T01KAB_20230910T221941,S30,1694384381000,rejected_non_intersecting_native_grid
2023-09,NASA/HLS/HLSS30/v002/T01KAU_20230910T221941,S30,1694384381000,rejected_non_intersecting_native_grid
2023-09,NASA/HLS/HLSS30/v002/T01KAV_20230910T221941,S30,1694384381000,rejected_non_intersecting_native_grid
2023-09,NASA/HLS/HLSS30/v002/T01LAC_20230910T221941,S30,1694384381000,rejected_non_intersecting_native_grid
2023-09,NASA/HLS/HLSS30/v002/T01VCK_20230910T233651,S30,1694389011000,rejected_non_intersecting_native_grid
2023-09,NASA/HLS/HLSS30/v002/T01VCL_20230910T233651,S30,1694389011000,rejected_non_intersecting_native_grid
2023-09,NASA/HLS/HLSS30/v002/T01WCM_20230910T233651,S30,1694389011000,rejected_non_intersecting_native_grid
2023-09,NASA/HLS/HLSS30/v002/T01WCN_20230910T233651,S30,1694389011000,rejected_non_intersecting_native_grid
2023-09,NASA/HLS/HLSS30/v002/T01WCP_20230910T233651,S30,1694389011000,rejected_non_intersecting_native_grid
2023-09,NASA/HLS/HLSS30/v002/T60VXQ_20230910T233651,S30,1694389011000,rejected_non_intersecting_native_grid
2023-09,NASA/HLS/HLSS30/v002/T60VXR_20230910T233651,S30,1694389011000,rejected_non_intersecting_native_grid
2023-09,NASA/HLS/HLSS30/v002/T01WCV_20230911T002609,S30,1694391969000,rejected_non_intersecting_native_grid
2023-09,NASA/HLS/HLSS30/v002/T60WWE_20230911T002609,S30,1694391969000,rejected_non_intersecting_native_grid
2023-09,NASA/HLS/HLSS30/v002/T01UBS_20230911T230531,S30,1694473531000,rejected_non_intersecting_native_grid
2023-09,NASA/HLS/HLSS30/v002/T01UBT_20230911T230531,S30,1694473531000,rejected_non_intersecting_native_grid
2023-09,NASA/HLS/HLSS30/v002/T60UXC_20230911T230531,S30,1694473531000,rejected_non_intersecting_native_grid
2023-09,NASA/HLS/HLSS30/v002/T01WCP_20230911T235619,S30,1694476579000,rejected_non_intersecting_native_grid
2023-09,NASA/HLS/HLSS30/v002/T01WCQ_20230911T235619,S30,1694476579000,rejected_non_intersecting_native_grid
2023-09,NASA/HLS/HLSS30/v002/T01WCR_20230911T235619,S30,1694476579000,rejected_non_intersecting_native_grid
2023-09,NASA/HLS/HLSS30/v002/T01WCS_20230911T235619,S30,1694476579000,rejected_non_intersecting_native_grid
2023-09,NASA/HLS/HLSL30/v002/T50SLG_20230912T030033,L30,1694487633000,native_grid_intersects_roi
2023-09,NASA/HLS/HLSS30/v002/T01VCK_20230912T232639,S30,1694561199000,rejected_non_intersecting_native_grid
2023-09,NASA/HLS/HLSS30/v002/T60VXQ_20230912T232639,S30,1694561199000,rejected_non_intersecting_native_grid
2023-09,NASA/HLS/HLSS30/v002/T01WCV_20230913T001611,S30,1694564171000,rejected_non_intersecting_native_grid
2023-09,NASA/HLS/HLSS30/v002/T60WWE_20230913T001611,S30,1694564171000,rejected_non_intersecting_native_grid
2023-09,NASA/HLS/HLSL30/v002/T50SLG_20230913T025421,L30,1694573661000,native_grid_intersects_roi
2023-09,NASA/HLS/HLSS30/v002/T01LAK_20230913T222801,S30,1694644081000,rejected_non_intersecting_native_grid
2023-09,NASA/HLS/HLSS30/v002/T50SLG_20230914T030531,S30,1694660731000,native_grid_intersects_roi
2023-09,NASA/HLS/HLSS30/v002/T01UBS_20230916T230529,S30,1694905529000,rejected_non_intersecting_native_grid
2023-09,NASA/HLS/HLSS30/v002/T01UBT_20230916T230529,S30,1694905529000,rejected_non_intersecting_native_grid
2023-09,NASA/HLS/HLSS30/v002/T60UXC_20230916T230529,S30,1694905529000,rejected_non_intersecting_native_grid
2023-09,NASA/HLS/HLSS30/v002/T01WCP_20230916T235621,S30,1694908581000,rejected_non_intersecting_native_grid
2023-09,NASA/HLS/HLSS30/v002/T01WCQ_20230916T235621,S30,1694908581000,rejected_non_intersecting_native_grid
2023-09,NASA/HLS/HLSS30/v002/T01WCR_20230916T235621,S30,1694908581000,rejected_non_intersecting_native_grid
2023-09,NASA/HLS/HLSS30/v002/T01WCS_20230916T235621,S30,1694908581000,rejected_non_intersecting_native_grid
2023-09,NASA/HLS/HLSS30/v002/T01WCT_20230916T235621,S30,1694908581000,rejected_non_intersecting_native_grid
2023-09,NASA/HLS/HLSS30/v002/T01WCU_20230916T235621,S30,1694908581000,rejected_non_intersecting_native_grid
2023-09,NASA/HLS/HLSS30/v002/T01VCK_20230917T232641,S30,1694993201000,rejected_non_intersecting_native_grid
2023-09,NASA/HLS/HLSS30/v002/T60VXQ_20230917T232641,S30,1694993201000,rejected_non_intersecting_native_grid
2023-09,NASA/HLS/HLSS30/v002/T01FBF_20230918T214911,S30,1695073751000,rejected_non_intersecting_native_grid
2023-09,NASA/HLS/HLSS30/v002/T01LAK_20230918T222759,S30,1695076079000,rejected_non_intersecting_native_grid
2023-09,NASA/HLS/HLSS30/v002/T01VCL_20230918T234629,S30,1695080789000,rejected_non_intersecting_native_grid
2023-09,NASA/HLS/HLSS30/v002/T01WCM_20230918T234629,S30,1695080789000,rejected_non_intersecting_native_grid
2023-09,NASA/HLS/HLSS30/v002/T01WCN_20230918T234629,S30,1695080789000,rejected_non_intersecting_native_grid
2023-09,NASA/HLS/HLSS30/v002/T01WCR_20230918T234629,S30,1695080789000,rejected_non_intersecting_native_grid
2023-09,NASA/HLS/HLSS30/v002/T60VXR_20230918T234629,S30,1695080789000,rejected_non_intersecting_native_grid
2023-09,NASA/HLS/HLSS30/v002/T01UBT_20230919T231559,S30,1695165359000,rejected_non_intersecting_native_grid
2023-09,NASA/HLS/HLSS30/v002/T60UXC_20230919T231559,S30,1695165359000,rejected_non_intersecting_native_grid
2023-09,NASA/HLS/HLSS30/v002/T01WCR_20230920T000611,S30,1695168371000,rejected_non_intersecting_native_grid
2023-09,NASA/HLS/HLSL30/v002/T50SLG_20230920T030034,L30,1695178834000,native_grid_intersects_roi
2023-09,NASA/HLS/HLSS30/v002/T01KAU_20230920T221941,S30,1695248381000,rejected_non_intersecting_native_grid
2023-09,NASA/HLS/HLSS30/v002/T01KAV_20230920T221941,S30,1695248381000,rejected_non_intersecting_native_grid
2023-09,NASA/HLS/HLSS30/v002/T01LAC_20230920T221941,S30,1695248381000,rejected_non_intersecting_native_grid
2023-09,NASA/HLS/HLSS30/v002/T01VCL_20230920T233651,S30,1695253011000,rejected_non_intersecting_native_grid
2023-09,NASA/HLS/HLSS30/v002/T01WCM_20230920T233651,S30,1695253011000,rejected_non_intersecting_native_grid
2023-09,NASA/HLS/HLSL30/v002/T50SLG_20230921T025423,L30,1695264863000,native_grid_intersects_roi
2023-09,NASA/HLS/HLSS30/v002/T01WCU_20230923T001611,S30,1695428171000,rejected_non_intersecting_native_grid
2023-09,NASA/HLS/HLSS30/v002/T01FBF_20230923T214909,S30,1695505749000,rejected_non_intersecting_native_grid
2023-09,NASA/HLS/HLSS30/v002/T01VCK_20230923T234621,S30,1695512781000,rejected_non_intersecting_native_grid
2023-09,NASA/HLS/HLSS30/v002/T01VCL_20230923T234621,S30,1695512781000,rejected_non_intersecting_native_grid
2023-09,NASA/HLS/HLSS30/v002/T01WCM_20230923T234621,S30,1695512781000,rejected_non_intersecting_native_grid
2023-09,NASA/HLS/HLSS30/v002/T01WCP_20230923T234621,S30,1695512781000,rejected_non_intersecting_native_grid
2023-09,NASA/HLS/HLSS30/v002/T60VXR_20230923T234621,S30,1695512781000,rejected_non_intersecting_native_grid
2023-09,NASA/HLS/HLSS30/v002/T01WCS_20230925T000619,S30,1695600379000,rejected_non_intersecting_native_grid
2023-09,NASA/HLS/HLSS30/v002/T01WCT_20230925T000619,S30,1695600379000,rejected_non_intersecting_native_grid
2023-09,NASA/HLS/HLSS30/v002/T01WCU_20230925T000619,S30,1695600379000,rejected_non_intersecting_native_grid
2023-09,NASA/HLS/HLSS30/v002/T01WCV_20230925T000619,S30,1695600379000,rejected_non_intersecting_native_grid
2023-09,NASA/HLS/HLSS30/v002/T60WWE_20230925T000619,S30,1695600379000,rejected_non_intersecting_native_grid
2023-09,NASA/HLS/HLSS30/v002/T01KAU_20230925T221939,S30,1695680379000,rejected_non_intersecting_native_grid
2023-09,NASA/HLS/HLSS30/v002/T01KAV_20230925T221939,S30,1695680379000,rejected_non_intersecting_native_grid
2023-09,NASA/HLS/HLSS30/v002/T01LAC_20230925T221939,S30,1695680379000,rejected_non_intersecting_native_grid
2023-09,NASA/HLS/HLSS30/v002/T01VCK_20230925T233649,S30,1695685009000,rejected_non_intersecting_native_grid
2023-09,NASA/HLS/HLSS30/v002/T01VCL_20230925T233649,S30,1695685009000,rejected_non_intersecting_native_grid
2023-09,NASA/HLS/HLSS30/v002/T01WCM_20230925T233649,S30,1695685009000,rejected_non_intersecting_native_grid
2023-09,NASA/HLS/HLSS30/v002/T01WCN_20230925T233649,S30,1695685009000,rejected_non_intersecting_native_grid
2023-09,NASA/HLS/HLSS30/v002/T01WCP_20230925T233649,S30,1695685009000,rejected_non_intersecting_native_grid
2023-09,NASA/HLS/HLSS30/v002/T60VXR_20230925T233649,S30,1695685009000,rejected_non_intersecting_native_grid
2023-09,NASA/HLS/HLSS30/v002/T01WCV_20230926T002611,S30,1695687971000,rejected_non_intersecting_native_grid
2023-09,NASA/HLS/HLSS30/v002/T60WWE_20230926T002611,S30,1695687971000,rejected_non_intersecting_native_grid
2023-09,NASA/HLS/HLSS30/v002/T01WCS_20230926T235621,S30,1695772581000,rejected_non_intersecting_native_grid
2023-09,NASA/HLS/HLSS30/v002/T01WCT_20230926T235621,S30,1695772581000,rejected_non_intersecting_native_grid
2023-09,NASA/HLS/HLSS30/v002/T01WCU_20230926T235621,S30,1695772581000,rejected_non_intersecting_native_grid
2023-09,NASA/HLS/HLSL30/v002/T50SLG_20230928T030029,L30,1695870029000,native_grid_intersects_roi
2023-09,NASA/HLS/HLSS30/v002/T01FBF_20230928T214911,S30,1695937751000,rejected_non_intersecting_native_grid
2023-09,NASA/HLS/HLSS30/v002/T01LAK_20230928T222759,S30,1695940079000,rejected_non_intersecting_native_grid
2023-09,NASA/HLS/HLSS30/v002/T01VCL_20230928T234629,S30,1695944789000,rejected_non_intersecting_native_grid
2023-09,NASA/HLS/HLSS30/v002/T01WCM_20230928T234629,S30,1695944789000,rejected_non_intersecting_native_grid
2023-09,NASA/HLS/HLSS30/v002/T01WCN_20230928T234629,S30,1695944789000,rejected_non_intersecting_native_grid
2023-09,NASA/HLS/HLSS30/v002/T01WCP_20230928T234629,S30,1695944789000,rejected_non_intersecting_native_grid
2023-09,NASA/HLS/HLSS30/v002/T01WCQ_20230928T234629,S30,1695944789000,rejected_non_intersecting_native_grid
2023-09,NASA/HLS/HLSS30/v002/T60VXR_20230928T234629,S30,1695944789000,rejected_non_intersecting_native_grid
2023-09,NASA/HLS/HLSL30/v002/T50SLG_20230929T025426,L30,1695956066000,native_grid_intersects_roi
2023-09,NASA/HLS/HLSS30/v002/T50SLG_20230929T030529,S30,1695956729000,native_grid_intersects_roi
2023-09,NASA/HLS/HLSS30/v002/T01UBT_20230929T231559,S30,1696029359000,rejected_non_intersecting_native_grid
2023-09,NASA/HLS/HLSS30/v002/T60UXC_20230929T231559,S30,1696029359000,rejected_non_intersecting_native_grid
2023-09,NASA/HLS/HLSS30/v002/T01WCR_20230930T000611,S30,1696032371000,rejected_non_intersecting_native_grid
2023-09,NASA/HLS/HLSS30/v002/T01WCS_20230930T000611,S30,1696032371000,rejected_non_intersecting_native_grid
2023-09,NASA/HLS/HLSS30/v002/T01KAA_20230930T221941,S30,1696112381000,rejected_non_intersecting_native_grid
2023-09,NASA/HLS/HLSS30/v002/T01KAB_20230930T221941,S30,1696112381000,rejected_non_intersecting_native_grid
2023-09,NASA/HLS/HLSS30/v002/T01KAU_20230930T221941,S30,1696112381000,rejected_non_intersecting_native_grid
2023-09,NASA/HLS/HLSS30/v002/T01KAV_20230930T221941,S30,1696112381000,rejected_non_intersecting_native_grid
2023-09,NASA/HLS/HLSS30/v002/T01LAC_20230930T221941,S30,1696112381000,rejected_non_intersecting_native_grid
2023-09,NASA/HLS/HLSS30/v002/T01VCK_20230930T233651,S30,1696117011000,rejected_non_intersecting_native_grid
2023-09,NASA/HLS/HLSS30/v002/T01VCL_20230930T233651,S30,1696117011000,rejected_non_intersecting_native_grid
2023-09,NASA/HLS/HLSS30/v002/T01WCM_20230930T233651,S30,1696117011000,rejected_non_intersecting_native_grid
2023-09,NASA/HLS/HLSS30/v002/T01WCN_20230930T233651,S30,1696117011000,rejected_non_intersecting_native_grid
2023-09,NASA/HLS/HLSS30/v002/T01WCP_20230930T233651,S30,1696117011000,rejected_non_intersecting_native_grid
2023-09,NASA/HLS/HLSS30/v002/T60VXQ_20230930T233651,S30,1696117011000,rejected_non_intersecting_native_grid
2023-09,NASA/HLS/HLSS30/v002/T60VXR_20230930T233651,S30,1696117011000,rejected_non_intersecting_native_grid
2023-10,NASA/HLS/HLSS30/v002/T01WCV_20231001T002609,S30,1696119969000,rejected_non_intersecting_native_grid
2023-10,NASA/HLS/HLSS30/v002/T60WWE_20231001T002609,S30,1696119969000,rejected_non_intersecting_native_grid
2023-10,NASA/HLS/HLSS30/v002/T01WCP_20231001T235619,S30,1696204579000,rejected_non_intersecting_native_grid
2023-10,NASA/HLS/HLSS30/v002/T01WCQ_20231001T235619,S30,1696204579000,rejected_non_intersecting_native_grid
2023-10,NASA/HLS/HLSS30/v002/T01WCR_20231001T235619,S30,1696204579000,rejected_non_intersecting_native_grid
2023-10,NASA/HLS/HLSS30/v002/T01WCT_20231001T235619,S30,1696204579000,rejected_non_intersecting_native_grid
2023-10,NASA/HLS/HLSS30/v002/T01WCU_20231001T235619,S30,1696204579000,rejected_non_intersecting_native_grid
2023-10,NASA/HLS/HLSS30/v002/T01VCK_20231002T232629,S30,1696289189000,rejected_non_intersecting_native_grid
2023-10,NASA/HLS/HLSS30/v002/T60VXQ_20231002T232629,S30,1696289189000,rejected_non_intersecting_native_grid
2023-10,NASA/HLS/HLSS30/v002/T01WCT_20231003T001611,S30,1696292171000,rejected_non_intersecting_native_grid
2023-10,NASA/HLS/HLSS30/v002/T01WCU_20231003T001611,S30,1696292171000,rejected_non_intersecting_native_grid
2023-10,NASA/HLS/HLSS30/v002/T01WCV_20231003T001611,S30,1696292171000,rejected_non_intersecting_native_grid
2023-10,NASA/HLS/HLSS30/v002/T60WWE_20231003T001611,S30,1696292171000,rejected_non_intersecting_native_grid
2023-10,NASA/HLS/HLSS30/v002/T01FBF_20231003T214909,S30,1696369749000,rejected_non_intersecting_native_grid
2023-10,NASA/HLS/HLSS30/v002/T01WCM_20231003T234621,S30,1696376781000,rejected_non_intersecting_native_grid
2023-10,NASA/HLS/HLSS30/v002/T01WCN_20231003T234621,S30,1696376781000,rejected_non_intersecting_native_grid
2023-10,NASA/HLS/HLSS30/v002/T01WCQ_20231003T234621,S30,1696376781000,rejected_non_intersecting_native_grid
2023-10,NASA/HLS/HLSS30/v002/T01WCR_20231003T234621,S30,1696376781000,rejected_non_intersecting_native_grid
2023-10,NASA/HLS/HLSS30/v002/T01UBT_20231004T231601,S30,1696461361000,rejected_non_intersecting_native_grid
2023-10,NASA/HLS/HLSS30/v002/T60UXC_20231004T231601,S30,1696461361000,rejected_non_intersecting_native_grid
2023-10,NASA/HLS/HLSS30/v002/T01WCR_20231005T000609,S30,1696464369000,rejected_non_intersecting_native_grid
2023-10,NASA/HLS/HLSS30/v002/T01WCS_20231005T000609,S30,1696464369000,rejected_non_intersecting_native_grid
2023-10,NASA/HLS/HLSS30/v002/T01WCT_20231005T000609,S30,1696464369000,rejected_non_intersecting_native_grid
2023-10,NASA/HLS/HLSS30/v002/T01WCU_20231005T000609,S30,1696464369000,rejected_non_intersecting_native_grid
2023-10,NASA/HLS/HLSS30/v002/T01KAA_20231005T221939,S30,1696544379000,rejected_non_intersecting_native_grid
2023-10,NASA/HLS/HLSS30/v002/T01KAB_20231005T221939,S30,1696544379000,rejected_non_intersecting_native_grid
2023-10,NASA/HLS/HLSS30/v002/T01KAU_20231005T221939,S30,1696544379000,rejected_non_intersecting_native_grid
2023-10,NASA/HLS/HLSS30/v002/T01KAV_20231005T221939,S30,1696544379000,rejected_non_intersecting_native_grid
2023-10,NASA/HLS/HLSS30/v002/T01LAC_20231005T221939,S30,1696544379000,rejected_non_intersecting_native_grid
2023-10,NASA/HLS/HLSS30/v002/T01VCL_20231005T233649,S30,1696549009000,rejected_non_intersecting_native_grid
2023-10,NASA/HLS/HLSS30/v002/T01WCM_20231005T233649,S30,1696549009000,rejected_non_intersecting_native_grid
2023-10,NASA/HLS/HLSS30/v002/T01WCN_20231005T233649,S30,1696549009000,rejected_non_intersecting_native_grid
2023-10,NASA/HLS/HLSS30/v002/T01WCP_20231005T233649,S30,1696549009000,rejected_non_intersecting_native_grid
2023-10,NASA/HLS/HLSS30/v002/T60VXR_20231005T233649,S30,1696549009000,rejected_non_intersecting_native_grid
2023-10,NASA/HLS/HLSS30/v002/T01UBS_20231006T230529,S30,1696633529000,rejected_non_intersecting_native_grid
2023-10,NASA/HLS/HLSS30/v002/T01UBT_20231006T230529,S30,1696633529000,rejected_non_intersecting_native_grid
2023-10,NASA/HLS/HLSS30/v002/T60UXB_20231006T230529,S30,1696633529000,rejected_non_intersecting_native_grid
2023-10,NASA/HLS/HLSS30/v002/T60UXC_20231006T230529,S30,1696633529000,rejected_non_intersecting_native_grid
2023-10,NASA/HLS/HLSS30/v002/T01WCQ_20231006T235611,S30,1696636571000,rejected_non_intersecting_native_grid
2023-10,NASA/HLS/HLSS30/v002/T01WCR_20231006T235611,S30,1696636571000,rejected_non_intersecting_native_grid
2023-10,NASA/HLS/HLSS30/v002/T01WCS_20231006T235611,S30,1696636571000,rejected_non_intersecting_native_grid
2023-10,NASA/HLS/HLSS30/v002/T01WCT_20231006T235611,S30,1696636571000,rejected_non_intersecting_native_grid
2023-10,NASA/HLS/HLSS30/v002/T01WCU_20231006T235611,S30,1696636571000,rejected_non_intersecting_native_grid
2023-10,NASA/HLS/HLSS30/v002/T01VCK_20231007T232631,S30,1696721191000,rejected_non_intersecting_native_grid
2023-10,NASA/HLS/HLSS30/v002/T60VXQ_20231007T232631,S30,1696721191000,rejected_non_intersecting_native_grid
2023-10,NASA/HLS/HLSS30/v002/T01WCT_20231008T001609,S30,1696724169000,rejected_non_intersecting_native_grid
2023-10,NASA/HLS/HLSS30/v002/T01FBF_20231008T214911,S30,1696801751000,rejected_non_intersecting_native_grid
2023-10,NASA/HLS/HLSS30/v002/T01LAK_20231008T222759,S30,1696804079000,rejected_non_intersecting_native_grid
2023-10,NASA/HLS/HLSS30/v002/T01VCL_20231008T234619,S30,1696808779000,rejected_non_intersecting_native_grid
2023-10,NASA/HLS/HLSS30/v002/T01WCM_20231008T234619,S30,1696808779000,rejected_non_intersecting_native_grid
2023-10,NASA/HLS/HLSS30/v002/T01WCN_20231008T234619,S30,1696808779000,rejected_non_intersecting_native_grid
2023-10,NASA/HLS/HLSS30/v002/T01WCP_20231008T234619,S30,1696808779000,rejected_non_intersecting_native_grid
2023-10,NASA/HLS/HLSS30/v002/T01WCR_20231008T234619,S30,1696808779000,rejected_non_intersecting_native_grid
2023-10,NASA/HLS/HLSS30/v002/T60VXR_20231008T234619,S30,1696808779000,rejected_non_intersecting_native_grid
2023-10,NASA/HLS/HLSS30/v002/T50SLG_20231009T030629,S30,1696820789000,native_grid_intersects_roi
2023-10,NASA/HLS/HLSS30/v002/T01UBT_20231009T231559,S30,1696893359000,rejected_non_intersecting_native_grid
2023-10,NASA/HLS/HLSS30/v002/T60UXC_20231009T231559,S30,1696893359000,rejected_non_intersecting_native_grid
2023-10,NASA/HLS/HLSS30/v002/T01WCR_20231010T000611,S30,1696896371000,rejected_non_intersecting_native_grid
2023-10,NASA/HLS/HLSS30/v002/T01LAC_20231010T221941,S30,1696976381000,rejected_non_intersecting_native_grid
2023-10,NASA/HLS/HLSS30/v002/T01VCL_20231010T233651,S30,1696981011000,rejected_non_intersecting_native_grid
2023-10,NASA/HLS/HLSS30/v002/T01WCM_20231010T233651,S30,1696981011000,rejected_non_intersecting_native_grid
2023-10,NASA/HLS/HLSS30/v002/T01WCN_20231010T233651,S30,1696981011000,rejected_non_intersecting_native_grid
2023-10,NASA/HLS/HLSS30/v002/T01WCP_20231010T233651,S30,1696981011000,rejected_non_intersecting_native_grid
2023-10,NASA/HLS/HLSS30/v002/T60VXQ_20231010T233651,S30,1696981011000,rejected_non_intersecting_native_grid
2023-10,NASA/HLS/HLSS30/v002/T01WCP_20231011T235619,S30,1697068579000,rejected_non_intersecting_native_grid
2023-10,NASA/HLS/HLSS30/v002/T01WCQ_20231011T235619,S30,1697068579000,rejected_non_intersecting_native_grid
2023-10,NASA/HLS/HLSS30/v002/T01WCR_20231011T235619,S30,1697068579000,rejected_non_intersecting_native_grid
2023-10,NASA/HLS/HLSS30/v002/T01FBF_20231013T214909,S30,1697233749000,rejected_non_intersecting_native_grid
2023-10,NASA/HLS/HLSS30/v002/T01LAK_20231013T222751,S30,1697236071000,rejected_non_intersecting_native_grid
2023-10,NASA/HLS/HLSS30/v002/T01VCL_20231013T234621,S30,1697240781000,rejected_non_intersecting_native_grid
2023-10,NASA/HLS/HLSS30/v002/T01WCM_20231013T234621,S30,1697240781000,rejected_non_intersecting_native_grid
2023-10,NASA/HLS/HLSS30/v002/T01WCN_20231013T234621,S30,1697240781000,rejected_non_intersecting_native_grid
2023-10,NASA/HLS/HLSS30/v002/T01WCR_20231013T234621,S30,1697240781000,rejected_non_intersecting_native_grid
2023-10,NASA/HLS/HLSS30/v002/T60VXR_20231013T234621,S30,1697240781000,rejected_non_intersecting_native_grid
2023-10,NASA/HLS/HLSL30/v002/T50SLG_20231014T030042,L30,1697252442000,native_grid_intersects_roi
2023-10,NASA/HLS/HLSS30/v002/T50SLG_20231014T030651,S30,1697252811000,native_grid_intersects_roi
2023-10,NASA/HLS/HLSL30/v002/T50SLG_20231015T025428,L30,1697338468000,native_grid_intersects_roi
2023-10,NASA/HLS/HLSS30/v002/T01KAA_20231015T221939,S30,1697408379000,rejected_non_intersecting_native_grid
2023-10,NASA/HLS/HLSS30/v002/T01KAU_20231015T221939,S30,1697408379000,rejected_non_intersecting_native_grid
2023-10,NASA/HLS/HLSS30/v002/T01KAV_20231015T221939,S30,1697408379000,rejected_non_intersecting_native_grid
2023-10,NASA/HLS/HLSS30/v002/T01LAC_20231015T221939,S30,1697408379000,rejected_non_intersecting_native_grid
2023-10,NASA/HLS/HLSS30/v002/T01VCK_20231015T233649,S30,1697413009000,rejected_non_intersecting_native_grid
2023-10,NASA/HLS/HLSS30/v002/T01VCL_20231015T233649,S30,1697413009000,rejected_non_intersecting_native_grid
2023-10,NASA/HLS/HLSS30/v002/T01WCM_20231015T233649,S30,1697413009000,rejected_non_intersecting_native_grid
2023-10,NASA/HLS/HLSS30/v002/T01WCN_20231015T233649,S30,1697413009000,rejected_non_intersecting_native_grid
2023-10,NASA/HLS/HLSS30/v002/T01WCP_20231015T233649,S30,1697413009000,rejected_non_intersecting_native_grid
2023-10,NASA/HLS/HLSS30/v002/T60VXQ_20231015T233649,S30,1697413009000,rejected_non_intersecting_native_grid
2023-10,NASA/HLS/HLSS30/v002/T60VXR_20231015T233649,S30,1697413009000,rejected_non_intersecting_native_grid
2023-10,NASA/HLS/HLSS30/v002/T01UBT_20231016T230539,S30,1697497539000,rejected_non_intersecting_native_grid
2023-10,NASA/HLS/HLSS30/v002/T60UXB_20231016T230539,S30,1697497539000,rejected_non_intersecting_native_grid
2023-10,NASA/HLS/HLSS30/v002/T60UXC_20231016T230539,S30,1697497539000,rejected_non_intersecting_native_grid
2023-10,NASA/HLS/HLSS30/v002/T01WCP_20231016T235611,S30,1697500571000,rejected_non_intersecting_native_grid
2023-10,NASA/HLS/HLSS30/v002/T01FBF_20231018T214911,S30,1697665751000,rejected_non_intersecting_native_grid
2023-10,NASA/HLS/HLSS30/v002/T01LAK_20231018T222759,S30,1697668079000,rejected_non_intersecting_native_grid
2023-10,NASA/HLS/HLSS30/v002/T01VCL_20231018T234629,S30,1697672789000,rejected_non_intersecting_native_grid
2023-10,NASA/HLS/HLSS30/v002/T01WCM_20231018T234629,S30,1697672789000,rejected_non_intersecting_native_grid
2023-10,NASA/HLS/HLSS30/v002/T60VXR_20231018T234629,S30,1697672789000,rejected_non_intersecting_native_grid
2023-10,NASA/HLS/HLSS30/v002/T01UBT_20231019T231559,S30,1697757359000,rejected_non_intersecting_native_grid
2023-10,NASA/HLS/HLSS30/v002/T60UXC_20231019T231559,S30,1697757359000,rejected_non_intersecting_native_grid
2023-10,NASA/HLS/HLSS30/v002/T01KAA_20231020T221941,S30,1697840381000,rejected_non_intersecting_native_grid
2023-10,NASA/HLS/HLSS30/v002/T01KAB_20231020T221941,S30,1697840381000,rejected_non_intersecting_native_grid
2023-10,NASA/HLS/HLSS30/v002/T01KAU_20231020T221941,S30,1697840381000,rejected_non_intersecting_native_grid
2023-10,NASA/HLS/HLSS30/v002/T01KAV_20231020T221941,S30,1697840381000,rejected_non_intersecting_native_grid
2023-10,NASA/HLS/HLSS30/v002/T01LAC_20231020T221941,S30,1697840381000,rejected_non_intersecting_native_grid
2023-10,NASA/HLS/HLSS30/v002/T01WCM_20231020T233651,S30,1697845011000,rejected_non_intersecting_native_grid
2023-10,NASA/HLS/HLSS30/v002/T01WCN_20231020T233651,S30,1697845011000,rejected_non_intersecting_native_grid
2023-10,NASA/HLS/HLSS30/v002/T01UBT_20231021T230611,S30,1697929571000,rejected_non_intersecting_native_grid
2023-10,NASA/HLS/HLSS30/v002/T60UXC_20231021T230611,S30,1697929571000,rejected_non_intersecting_native_grid
2023-10,NASA/HLS/HLSL30/v002/T50SLG_20231022T030039,L30,1697943639000,native_grid_intersects_roi
2023-10,NASA/HLS/HLSL30/v002/T50SLG_20231023T025433,L30,1698029673000,native_grid_intersects_roi
2023-10,NASA/HLS/HLSS30/v002/T01LAK_20231023T222801,S30,1698100081000,rejected_non_intersecting_native_grid
2023-10,NASA/HLS/HLSS30/v002/T01VCL_20231023T234641,S30,1698104801000,rejected_non_intersecting_native_grid
2023-10,NASA/HLS/HLSS30/v002/T01WCM_20231023T234641,S30,1698104801000,rejected_non_intersecting_native_grid
2023-10,NASA/HLS/HLSS30/v002/T60VXR_20231023T234641,S30,1698104801000,rejected_non_intersecting_native_grid
2023-10,NASA/HLS/HLSS30/v002/T50SLG_20231024T030801,S30,1698116881000,native_grid_intersects_roi
2023-10,NASA/HLS/HLSS30/v002/T01UBT_20231024T231631,S30,1698189391000,rejected_non_intersecting_native_grid
2023-10,NASA/HLS/HLSS30/v002/T60UXC_20231024T231631,S30,1698189391000,rejected_non_intersecting_native_grid
2023-10,NASA/HLS/HLSS30/v002/T01KAA_20231025T221939,S30,1698272379000,rejected_non_intersecting_native_grid
2023-10,NASA/HLS/HLSS30/v002/T01KAB_20231025T221939,S30,1698272379000,rejected_non_intersecting_native_grid
2023-10,NASA/HLS/HLSS30/v002/T01KAU_20231025T221939,S30,1698272379000,rejected_non_intersecting_native_grid
2023-10,NASA/HLS/HLSS30/v002/T01KAV_20231025T221939,S30,1698272379000,rejected_non_intersecting_native_grid
2023-10,NASA/HLS/HLSS30/v002/T01LAC_20231025T221939,S30,1698272379000,rejected_non_intersecting_native_grid
2023-10,NASA/HLS/HLSS30/v002/T01VCK_20231025T233649,S30,1698277009000,rejected_non_intersecting_native_grid
2023-10,NASA/HLS/HLSS30/v002/T01VCL_20231025T233649,S30,1698277009000,rejected_non_intersecting_native_grid
2023-10,NASA/HLS/HLSS30/v002/T60VXQ_20231025T233649,S30,1698277009000,rejected_non_intersecting_native_grid
2023-10,NASA/HLS/HLSS30/v002/T60VXR_20231025T233649,S30,1698277009000,rejected_non_intersecting_native_grid
2023-10,NASA/HLS/HLSS30/v002/T01UBT_20231026T230639,S30,1698361599000,rejected_non_intersecting_native_grid
2023-10,NASA/HLS/HLSS30/v002/T60UXC_20231026T230639,S30,1698361599000,rejected_non_intersecting_native_grid
2023-10,NASA/HLS/HLSS30/v002/T60VXQ_20231027T232651,S30,1698449211000,rejected_non_intersecting_native_grid
2023-10,NASA/HLS/HLSS30/v002/T01FBF_20231028T214911,S30,1698529751000,rejected_non_intersecting_native_grid
2023-10,NASA/HLS/HLSS30/v002/T01UBT_20231029T231659,S30,1698621419000,rejected_non_intersecting_native_grid
2023-10,NASA/HLS/HLSS30/v002/T60UXC_20231029T231659,S30,1698621419000,rejected_non_intersecting_native_grid
2023-10,NASA/HLS/HLSL30/v002/T50SLG_20231030T030040,L30,1698634840000,native_grid_intersects_roi
2023-10,NASA/HLS/HLSS30/v002/T01KAA_20231030T221941,S30,1698704381000,rejected_non_intersecting_native_grid
2023-10,NASA/HLS/HLSS30/v002/T01KAB_20231030T221941,S30,1698704381000,rejected_non_intersecting_native_grid
2023-10,NASA/HLS/HLSS30/v002/T01KAU_20231030T221941,S30,1698704381000,rejected_non_intersecting_native_grid
2023-10,NASA/HLS/HLSS30/v002/T01LAC_20231030T221941,S30,1698704381000,rejected_non_intersecting_native_grid
2023-10,NASA/HLS/HLSL30/v002/T50SLG_20231031T025432,L30,1698720872000,native_grid_intersects_roi
2023-10,NASA/HLS/HLSS30/v002/T01UBT_20231031T230711,S30,1698793631000,rejected_non_intersecting_native_grid
2023-10,NASA/HLS/HLSS30/v002/T60UXB_20231031T230711,S30,1698793631000,rejected_non_intersecting_native_grid
2023-11,NASA/HLS/HLSS30/v002/T01FBF_20231102T214909,S30,1698961749000,rejected_non_intersecting_native_grid
2023-11,NASA/HLS/HLSS30/v002/T01LAK_20231102T222751,S30,1698964071000,rejected_non_intersecting_native_grid
2023-11,NASA/HLS/HLSS30/v002/T50SLG_20231103T030901,S30,1698980941000,native_grid_intersects_roi
2023-11,NASA/HLS/HLSS30/v002/T01KAA_20231104T221939,S30,1699136379000,rejected_non_intersecting_native_grid
2023-11,NASA/HLS/HLSS30/v002/T01KAV_20231104T221939,S30,1699136379000,rejected_non_intersecting_native_grid
2023-11,NASA/HLS/HLSS30/v002/T01LAC_20231104T221939,S30,1699136379000,rejected_non_intersecting_native_grid
2023-11,NASA/HLS/HLSL30/v002/T50SLG_20231107T030039,L30,1699326039000,native_grid_intersects_roi
2023-11,NASA/HLS/HLSS30/v002/T01LAK_20231107T222759,S30,1699396079000,rejected_non_intersecting_native_grid
2023-11,NASA/HLS/HLSL30/v002/T50SLG_20231108T025429,L30,1699412069000,native_grid_intersects_roi
2023-11,NASA/HLS/HLSS30/v002/T50SLG_20231108T030929,S30,1699412969000,native_grid_intersects_roi
2023-11,NASA/HLS/HLSS30/v002/T01UBT_20231108T231759,S30,1699485479000,rejected_non_intersecting_native_grid
2023-11,NASA/HLS/HLSS30/v002/T60UXC_20231108T231759,S30,1699485479000,rejected_non_intersecting_native_grid
2023-11,NASA/HLS/HLSS30/v002/T01KAA_20231109T221941,S30,1699568381000,rejected_non_intersecting_native_grid
2023-11,NASA/HLS/HLSS30/v002/T01KAB_20231109T221941,S30,1699568381000,rejected_non_intersecting_native_grid
2023-11,NASA/HLS/HLSS30/v002/T01KAU_20231109T221941,S30,1699568381000,rejected_non_intersecting_native_grid
2023-11,NASA/HLS/HLSS30/v002/T01KAV_20231109T221941,S30,1699568381000,rejected_non_intersecting_native_grid
2023-11,NASA/HLS/HLSS30/v002/T01LAC_20231109T221941,S30,1699568381000,rejected_non_intersecting_native_grid
2023-11,NASA/HLS/HLSS30/v002/T01UBS_20231110T230801,S30,1699657681000,rejected_non_intersecting_native_grid
2023-11,NASA/HLS/HLSS30/v002/T01UBT_20231110T230801,S30,1699657681000,rejected_non_intersecting_native_grid
2023-11,NASA/HLS/HLSS30/v002/T60UXC_20231110T230801,S30,1699657681000,rejected_non_intersecting_native_grid
2023-11,NASA/HLS/HLSS30/v002/T01FBF_20231112T214909,S30,1699825749000,rejected_non_intersecting_native_grid
2023-11,NASA/HLS/HLSS30/v002/T50SLG_20231113T030951,S30,1699844991000,native_grid_intersects_roi
2023-11,NASA/HLS/HLSS30/v002/T01UBT_20231115T230829,S30,1700089709000,rejected_non_intersecting_native_grid
2023-11,NASA/HLS/HLSS30/v002/T60UXC_20231115T230829,S30,1700089709000,rejected_non_intersecting_native_grid
2023-11,NASA/HLS/HLSL30/v002/T50SLG_20231116T025431,L30,1700103271000,native_grid_intersects_roi
2023-11,NASA/HLS/HLSS30/v002/T01FBF_20231117T214911,S30,1700257751000,rejected_non_intersecting_native_grid
2023-11,NASA/HLS/HLSS30/v002/T50SLG_20231118T031019,S30,1700277019000,native_grid_intersects_roi
2023-11,NASA/HLS/HLSS30/v002/T01KAA_20231119T221941,S30,1700432381000,rejected_non_intersecting_native_grid
2023-11,NASA/HLS/HLSS30/v002/T01KAB_20231119T221941,S30,1700432381000,rejected_non_intersecting_native_grid
2023-11,NASA/HLS/HLSS30/v002/T01KAU_20231119T221941,S30,1700432381000,rejected_non_intersecting_native_grid
2023-11,NASA/HLS/HLSS30/v002/T01KAV_20231119T221941,S30,1700432381000,rejected_non_intersecting_native_grid
2023-11,NASA/HLS/HLSS30/v002/T01LAC_20231119T221941,S30,1700432381000,rejected_non_intersecting_native_grid
2023-11,NASA/HLS/HLSS30/v002/T01UBT_20231120T230841,S30,1700521721000,rejected_non_intersecting_native_grid
2023-11,NASA/HLS/HLSS30/v002/T60UXC_20231120T230841,S30,1700521721000,rejected_non_intersecting_native_grid
2023-11,NASA/HLS/HLSS30/v002/T01LAK_20231122T222751,S30,1700692071000,rejected_non_intersecting_native_grid
2023-11,NASA/HLS/HLSL30/v002/T50SLG_20231123T030044,L30,1700708444000,native_grid_intersects_roi
2023-11,NASA/HLS/HLSS30/v002/T50SLG_20231123T031021,S30,1700709021000,native_grid_intersects_roi
2023-11,NASA/HLS/HLSL30/v002/T50SLG_20231124T025436,L30,1700794476000,native_grid_intersects_roi
2023-11,NASA/HLS/HLSS30/v002/T01KAA_20231124T221939,S30,1700864379000,rejected_non_intersecting_native_grid
2023-11,NASA/HLS/HLSS30/v002/T01KAB_20231124T221939,S30,1700864379000,rejected_non_intersecting_native_grid
2023-11,NASA/HLS/HLSS30/v002/T01KAU_20231124T221939,S30,1700864379000,rejected_non_intersecting_native_grid
2023-11,NASA/HLS/HLSS30/v002/T01KAV_20231124T221939,S30,1700864379000,rejected_non_intersecting_native_grid
2023-11,NASA/HLS/HLSS30/v002/T01LAC_20231124T221939,S30,1700864379000,rejected_non_intersecting_native_grid
2023-11,NASA/HLS/HLSS30/v002/T01UBT_20231125T230859,S30,1700953739000,rejected_non_intersecting_native_grid
2023-11,NASA/HLS/HLSS30/v002/T60UXC_20231125T230859,S30,1700953739000,rejected_non_intersecting_native_grid
2023-11,NASA/HLS/HLSS30/v002/T01LAK_20231127T222749,S30,1701124069000,rejected_non_intersecting_native_grid
2023-11,NASA/HLS/HLSS30/v002/T50SLG_20231128T031049,S30,1701141049000,native_grid_intersects_roi
2023-11,NASA/HLS/HLSS30/v002/T01UBT_20231128T231919,S30,1701213559000,rejected_non_intersecting_native_grid
2023-11,NASA/HLS/HLSS30/v002/T60UXC_20231128T231919,S30,1701213559000,rejected_non_intersecting_native_grid
2023-11,NASA/HLS/HLSS30/v002/T01KAA_20231129T221931,S30,1701296371000,rejected_non_intersecting_native_grid
2023-11,NASA/HLS/HLSS30/v002/T01KAB_20231129T221931,S30,1701296371000,rejected_non_intersecting_native_grid
2023-11,NASA/HLS/HLSS30/v002/T01KAU_20231129T221931,S30,1701296371000,rejected_non_intersecting_native_grid
2023-11,NASA/HLS/HLSS30/v002/T01KAV_20231129T221931,S30,1701296371000,rejected_non_intersecting_native_grid
2023-11,NASA/HLS/HLSS30/v002/T01LAC_20231129T221931,S30,1701296371000,rejected_non_intersecting_native_grid
2023-11,NASA/HLS/HLSS30/v002/T01UBS_20231130T230911,S30,1701385751000,rejected_non_intersecting_native_grid
2023-11,NASA/HLS/HLSS30/v002/T01UBT_20231130T230911,S30,1701385751000,rejected_non_intersecting_native_grid
2023-11,NASA/HLS/HLSS30/v002/T60UXC_20231130T230911,S30,1701385751000,rejected_non_intersecting_native_grid
2023-12,NASA/HLS/HLSL30/v002/T50SLG_20231201T030047,L30,1701399647000,native_grid_intersects_roi
2023-12,NASA/HLS/HLSL30/v002/T50SLG_20231202T025429,L30,1701485669000,native_grid_intersects_roi
2023-12,NASA/HLS/HLSS30/v002/T50SLG_20231203T031101,S30,1701573061000,native_grid_intersects_roi
2023-12,NASA/HLS/HLSS30/v002/T01UBT_20231203T231931,S30,1701645571000,rejected_non_intersecting_native_grid
2023-12,NASA/HLS/HLSS30/v002/T01UBS_20231205T230929,S30,1701817769000,rejected_non_intersecting_native_grid
2023-12,NASA/HLS/HLSS30/v002/T01UBT_20231205T230929,S30,1701817769000,rejected_non_intersecting_native_grid
2023-12,NASA/HLS/HLSS30/v002/T60UXC_20231205T230929,S30,1701817769000,rejected_non_intersecting_native_grid
2023-12,NASA/HLS/HLSS30/v002/T01FBF_20231207T214901,S30,1701985741000,rejected_non_intersecting_native_grid
2023-12,NASA/HLS/HLSS30/v002/T01LAJ_20231207T222749,S30,1701988069000,rejected_non_intersecting_native_grid
2023-12,NASA/HLS/HLSS30/v002/T01LAK_20231207T222749,S30,1701988069000,rejected_non_intersecting_native_grid
2023-12,NASA/HLS/HLSS30/v002/T50SLG_20231208T031119,S30,1702005079000,native_grid_intersects_roi
2023-12,NASA/HLS/HLSS30/v002/T01UBT_20231208T231939,S30,1702077579000,rejected_non_intersecting_native_grid
2023-12,NASA/HLS/HLSS30/v002/T60UXC_20231208T231939,S30,1702077579000,rejected_non_intersecting_native_grid
2023-12,NASA/HLS/HLSL30/v002/T50SLG_20231209T030036,L30,1702090836000,native_grid_intersects_roi
2023-12,NASA/HLS/HLSS30/v002/T01KAA_20231209T221931,S30,1702160371000,rejected_non_intersecting_native_grid
2023-12,NASA/HLS/HLSS30/v002/T01KAB_20231209T221931,S30,1702160371000,rejected_non_intersecting_native_grid
2023-12,NASA/HLS/HLSS30/v002/T01KAU_20231209T221931,S30,1702160371000,rejected_non_intersecting_native_grid
2023-12,NASA/HLS/HLSS30/v002/T01KAV_20231209T221931,S30,1702160371000,rejected_non_intersecting_native_grid
2023-12,NASA/HLS/HLSS30/v002/T01UBS_20231210T230941,S30,1702249781000,rejected_non_intersecting_native_grid
2023-12,NASA/HLS/HLSS30/v002/T01UBT_20231210T230941,S30,1702249781000,rejected_non_intersecting_native_grid
2023-12,NASA/HLS/HLSS30/v002/T60UXC_20231210T230941,S30,1702249781000,rejected_non_intersecting_native_grid
2023-12,NASA/HLS/HLSS30/v002/T01FBF_20231212T214909,S30,1702417749000,rejected_non_intersecting_native_grid
2023-12,NASA/HLS/HLSS30/v002/T01KAA_20231214T221939,S30,1702592379000,rejected_non_intersecting_native_grid
2023-12,NASA/HLS/HLSS30/v002/T01KAB_20231214T221939,S30,1702592379000,rejected_non_intersecting_native_grid
2023-12,NASA/HLS/HLSS30/v002/T01KAU_20231214T221939,S30,1702592379000,rejected_non_intersecting_native_grid
2023-12,NASA/HLS/HLSS30/v002/T01KAV_20231214T221939,S30,1702592379000,rejected_non_intersecting_native_grid
2023-12,NASA/HLS/HLSS30/v002/T01LAC_20231214T221939,S30,1702592379000,rejected_non_intersecting_native_grid
2023-12,NASA/HLS/HLSS30/v002/T01UBS_20231215T230949,S30,1702681789000,rejected_non_intersecting_native_grid
2023-12,NASA/HLS/HLSS30/v002/T01UBT_20231215T230949,S30,1702681789000,rejected_non_intersecting_native_grid
2023-12,NASA/HLS/HLSS30/v002/T60UXB_20231215T230949,S30,1702681789000,rejected_non_intersecting_native_grid
2023-12,NASA/HLS/HLSS30/v002/T60UXC_20231215T230949,S30,1702681789000,rejected_non_intersecting_native_grid
2023-12,NASA/HLS/HLSL30/v002/T50SLG_20231217T030049,L30,1702782049000,native_grid_intersects_roi
2023-12,NASA/HLS/HLSS30/v002/T01FBF_20231217T214901,S30,1702849741000,rejected_non_intersecting_native_grid
2023-12,NASA/HLS/HLSS30/v002/T01LAK_20231217T222759,S30,1702852079000,rejected_non_intersecting_native_grid
2023-12,NASA/HLS/HLSL30/v002/T50SLG_20231218T025431,L30,1702868071000,native_grid_intersects_roi
2023-12,NASA/HLS/HLSS30/v002/T01UBT_20231218T231959,S30,1702941599000,rejected_non_intersecting_native_grid
2023-12,NASA/HLS/HLSS30/v002/T60UXC_20231218T231959,S30,1702941599000,rejected_non_intersecting_native_grid
2023-12,NASA/HLS/HLSS30/v002/T01KAA_20231219T221931,S30,1703024371000,rejected_non_intersecting_native_grid
2023-12,NASA/HLS/HLSS30/v002/T01KAB_20231219T221931,S30,1703024371000,rejected_non_intersecting_native_grid
2023-12,NASA/HLS/HLSS30/v002/T01KAV_20231219T221931,S30,1703024371000,rejected_non_intersecting_native_grid
2023-12,NASA/HLS/HLSS30/v002/T01LAC_20231219T221931,S30,1703024371000,rejected_non_intersecting_native_grid
2023-12,NASA/HLS/HLSS30/v002/T01UBS_20231220T230951,S30,1703113791000,rejected_non_intersecting_native_grid
2023-12,NASA/HLS/HLSS30/v002/T01UBT_20231220T230951,S30,1703113791000,rejected_non_intersecting_native_grid
2023-12,NASA/HLS/HLSS30/v002/T01FBF_20231222T214909,S30,1703281749000,rejected_non_intersecting_native_grid
2023-12,NASA/HLS/HLSS30/v002/T50SLG_20231223T031131,S30,1703301091000,native_grid_intersects_roi
2023-12,NASA/HLS/HLSS30/v002/T01UBT_20231223T232001,S30,1703373601000,rejected_non_intersecting_native_grid
2023-12,NASA/HLS/HLSS30/v002/T60UXC_20231223T232001,S30,1703373601000,rejected_non_intersecting_native_grid
2023-12,NASA/HLS/HLSS30/v002/T01KAA_20231224T221939,S30,1703456379000,rejected_non_intersecting_native_grid
2023-12,NASA/HLS/HLSS30/v002/T01KAB_20231224T221939,S30,1703456379000,rejected_non_intersecting_native_grid
2023-12,NASA/HLS/HLSS30/v002/T01KAU_20231224T221939,S30,1703456379000,rejected_non_intersecting_native_grid
2023-12,NASA/HLS/HLSS30/v002/T01KAV_20231224T221939,S30,1703456379000,rejected_non_intersecting_native_grid
2023-12,NASA/HLS/HLSS30/v002/T01LAC_20231224T221939,S30,1703456379000,rejected_non_intersecting_native_grid
2023-12,NASA/HLS/HLSL30/v002/T50SLG_20231225T030042,L30,1703473242000,native_grid_intersects_roi
2023-12,NASA/HLS/HLSS30/v002/T01UBS_20231225T230959,S30,1703545799000,rejected_non_intersecting_native_grid
2023-12,NASA/HLS/HLSS30/v002/T01UBT_20231225T230959,S30,1703545799000,rejected_non_intersecting_native_grid
2023-12,NASA/HLS/HLSL30/v002/T50SLG_20231226T025439,L30,1703559279000,native_grid_intersects_roi
2023-12,NASA/HLS/HLSS30/v002/T01FBF_20231227T214911,S30,1703713751000,rejected_non_intersecting_native_grid
2023-12,NASA/HLS/HLSS30/v002/T01LAK_20231227T222759,S30,1703716079000,rejected_non_intersecting_native_grid
2023-12,NASA/HLS/HLSS30/v002/T50SLG_20231228T031139,S30,1703733099000,native_grid_intersects_roi
2023-12,NASA/HLS/HLSS30/v002/T01UBT_20231228T231959,S30,1703805599000,rejected_non_intersecting_native_grid
2023-12,NASA/HLS/HLSS30/v002/T60UXC_20231228T231959,S30,1703805599000,rejected_non_intersecting_native_grid
2023-12,NASA/HLS/HLSS30/v002/T01KAA_20231229T221941,S30,1703888381000,rejected_non_intersecting_native_grid
2023-12,NASA/HLS/HLSS30/v002/T01KAB_20231229T221941,S30,1703888381000,rejected_non_intersecting_native_grid
2023-12,NASA/HLS/HLSS30/v002/T01KAU_20231229T221941,S30,1703888381000,rejected_non_intersecting_native_grid
2023-12,NASA/HLS/HLSS30/v002/T01KAV_20231229T221941,S30,1703888381000,rejected_non_intersecting_native_grid
2023-12,NASA/HLS/HLSS30/v002/T01LAC_20231229T221941,S30,1703888381000,rejected_non_intersecting_native_grid
2023-12,NASA/HLS/HLSS30/v002/T01UBS_20231230T230951,S30,1703977791000,rejected_non_intersecting_native_grid
2023-12,NASA/HLS/HLSS30/v002/T01UBT_20231230T230951,S30,1703977791000,rejected_non_intersecting_native_grid
2023-12,NASA/HLS/HLSS30/v002/T60UXC_20231230T230951,S30,1703977791000,rejected_non_intersecting_native_grid
2024-01,NASA/HLS/HLSL30/v002/T50SLG_20240102T030046,L30,1704164446000,native_grid_intersects_roi
2024-01,NASA/HLS/HLSS30/v002/T50SLG_20240102T031131,S30,1704165091000,native_grid_intersects_roi
2024-01,NASA/HLS/HLSL30/v002/T50SLG_20240103T025424,L30,1704250464000,native_grid_intersects_roi
2024-01,NASA/HLS/HLSS30/v002/T01KAA_20240103T221939,S30,1704320379000,rejected_non_intersecting_native_grid
2024-01,NASA/HLS/HLSS30/v002/T01KAB_20240103T221939,S30,1704320379000,rejected_non_intersecting_native_grid
2024-01,NASA/HLS/HLSS30/v002/T01KAU_20240103T221939,S30,1704320379000,rejected_non_intersecting_native_grid
2024-01,NASA/HLS/HLSS30/v002/T01KAV_20240103T221939,S30,1704320379000,rejected_non_intersecting_native_grid
2024-01,NASA/HLS/HLSS30/v002/T01LAC_20240103T221939,S30,1704320379000,rejected_non_intersecting_native_grid
2024-01,NASA/HLS/HLSS30/v002/T01UBT_20240104T230939,S30,1704409779000,rejected_non_intersecting_native_grid
2024-01,NASA/HLS/HLSS30/v002/T60UXC_20240104T230939,S30,1704409779000,rejected_non_intersecting_native_grid
2024-01,NASA/HLS/HLSS30/v002/T01FBF_20240106T214901,S30,1704577741000,rejected_non_intersecting_native_grid
2024-01,NASA/HLS/HLSS30/v002/T01LAK_20240106T222759,S30,1704580079000,rejected_non_intersecting_native_grid
2024-01,NASA/HLS/HLSS30/v002/T50SLG_20240107T031119,S30,1704597079000,native_grid_intersects_roi
2024-01,NASA/HLS/HLSS30/v002/T01UBT_20240107T231939,S30,1704669579000,rejected_non_intersecting_native_grid
2024-01,NASA/HLS/HLSS30/v002/T60UXC_20240107T231939,S30,1704669579000,rejected_non_intersecting_native_grid
2024-01,NASA/HLS/HLSS30/v002/T01KAA_20240108T221931,S30,1704752371000,rejected_non_intersecting_native_grid
2024-01,NASA/HLS/HLSS30/v002/T01KAB_20240108T221931,S30,1704752371000,rejected_non_intersecting_native_grid
2024-01,NASA/HLS/HLSS30/v002/T01KAU_20240108T221931,S30,1704752371000,rejected_non_intersecting_native_grid
2024-01,NASA/HLS/HLSS30/v002/T01KAV_20240108T221931,S30,1704752371000,rejected_non_intersecting_native_grid
2024-01,NASA/HLS/HLSS30/v002/T01LAC_20240108T221931,S30,1704752371000,rejected_non_intersecting_native_grid
2024-01,NASA/HLS/HLSS30/v002/T01UBS_20240109T230931,S30,1704841771000,rejected_non_intersecting_native_grid
2024-01,NASA/HLS/HLSS30/v002/T01UBT_20240109T230931,S30,1704841771000,rejected_non_intersecting_native_grid
2024-01,NASA/HLS/HLSS30/v002/T60UXC_20240109T230931,S30,1704841771000,rejected_non_intersecting_native_grid
2024-01,NASA/HLS/HLSL30/v002/T50SLG_20240110T030036,L30,1704855636000,native_grid_intersects_roi
2024-01,NASA/HLS/HLSL30/v002/T50SLG_20240111T025435,L30,1704941675000,native_grid_intersects_roi
2024-01,NASA/HLS/HLSS30/v002/T01FBF_20240111T214909,S30,1705009749000,rejected_non_intersecting_native_grid
2024-01,NASA/HLS/HLSS30/v002/T01LAK_20240111T222751,S30,1705012071000,rejected_non_intersecting_native_grid
2024-01,NASA/HLS/HLSS30/v002/T50SLG_20240112T031101,S30,1705029061000,native_grid_intersects_roi
2024-01,NASA/HLS/HLSS30/v002/T01UBT_20240112T231921,S30,1705101561000,rejected_non_intersecting_native_grid
2024-01,NASA/HLS/HLSS30/v002/T60UXC_20240112T231921,S30,1705101561000,rejected_non_intersecting_native_grid
2024-01,NASA/HLS/HLSS30/v002/T01KAA_20240113T221939,S30,1705184379000,rejected_non_intersecting_native_grid
2024-01,NASA/HLS/HLSS30/v002/T01KAU_20240113T221939,S30,1705184379000,rejected_non_intersecting_native_grid
2024-01,NASA/HLS/HLSS30/v002/T01KAV_20240113T221939,S30,1705184379000,rejected_non_intersecting_native_grid
2024-01,NASA/HLS/HLSS30/v002/T01LAK_20240116T222759,S30,1705444079000,rejected_non_intersecting_native_grid
2024-01,NASA/HLS/HLSS30/v002/T01UBT_20240117T231909,S30,1705533549000,rejected_non_intersecting_native_grid
2024-01,NASA/HLS/HLSS30/v002/T60UXC_20240117T231909,S30,1705533549000,rejected_non_intersecting_native_grid
2024-01,NASA/HLS/HLSL30/v002/T50SLG_20240118T030046,L30,1705546846000,native_grid_intersects_roi
2024-01,NASA/HLS/HLSS30/v002/T01KAA_20240118T221931,S30,1705616371000,rejected_non_intersecting_native_grid
2024-01,NASA/HLS/HLSS30/v002/T01KAB_20240118T221931,S30,1705616371000,rejected_non_intersecting_native_grid
2024-01,NASA/HLS/HLSS30/v002/T01KAU_20240118T221931,S30,1705616371000,rejected_non_intersecting_native_grid
2024-01,NASA/HLS/HLSS30/v002/T01KAV_20240118T221931,S30,1705616371000,rejected_non_intersecting_native_grid
2024-01,NASA/HLS/HLSS30/v002/T01LAC_20240118T221931,S30,1705616371000,rejected_non_intersecting_native_grid
2024-01,NASA/HLS/HLSL30/v002/T50SLG_20240119T025425,L30,1705632865000,native_grid_intersects_roi
2024-01,NASA/HLS/HLSS30/v002/T01UBS_20240119T230851,S30,1705705731000,rejected_non_intersecting_native_grid
2024-01,NASA/HLS/HLSS30/v002/T01UBT_20240119T230851,S30,1705705731000,rejected_non_intersecting_native_grid
2024-01,NASA/HLS/HLSS30/v002/T60UXB_20240119T230851,S30,1705705731000,rejected_non_intersecting_native_grid
2024-01,NASA/HLS/HLSS30/v002/T60UXC_20240119T230851,S30,1705705731000,rejected_non_intersecting_native_grid
2024-01,NASA/HLS/HLSS30/v002/T01LAK_20240121T222751,S30,1705876071000,rejected_non_intersecting_native_grid
2024-01,NASA/HLS/HLSS30/v002/T50SLG_20240122T031021,S30,1705893021000,native_grid_intersects_roi
2024-01,NASA/HLS/HLSS30/v002/T01UBT_20240122T231851,S30,1705965531000,rejected_non_intersecting_native_grid
2024-01,NASA/HLS/HLSS30/v002/T60UXC_20240122T231851,S30,1705965531000,rejected_non_intersecting_native_grid
2024-01,NASA/HLS/HLSS30/v002/T01KAA_20240123T221939,S30,1706048379000,rejected_non_intersecting_native_grid
2024-01,NASA/HLS/HLSS30/v002/T01KAB_20240123T221939,S30,1706048379000,rejected_non_intersecting_native_grid
2024-01,NASA/HLS/HLSS30/v002/T01KAU_20240123T221939,S30,1706048379000,rejected_non_intersecting_native_grid
2024-01,NASA/HLS/HLSS30/v002/T01KAV_20240123T221939,S30,1706048379000,rejected_non_intersecting_native_grid
2024-01,NASA/HLS/HLSS30/v002/T01LAC_20240123T221939,S30,1706048379000,rejected_non_intersecting_native_grid
2024-01,NASA/HLS/HLSS30/v002/T01UBS_20240124T230839,S30,1706137719000,rejected_non_intersecting_native_grid
2024-01,NASA/HLS/HLSS30/v002/T01UBT_20240124T230839,S30,1706137719000,rejected_non_intersecting_native_grid
2024-01,NASA/HLS/HLSS30/v002/T60UXC_20240124T230839,S30,1706137719000,rejected_non_intersecting_native_grid
2024-01,NASA/HLS/HLSL30/v002/T50SLG_20240126T030029,L30,1706238029000,native_grid_intersects_roi
2024-01,NASA/HLS/HLSL30/v002/T50SLG_20240127T025433,L30,1706324073000,native_grid_intersects_roi
2024-01,NASA/HLS/HLSS30/v002/T50SLG_20240127T031009,S30,1706325009000,native_grid_intersects_roi
2024-01,NASA/HLS/HLSS30/v002/T01KAA_20240128T221931,S30,1706480371000,rejected_non_intersecting_native_grid
2024-01,NASA/HLS/HLSS30/v002/T01KAB_20240128T221931,S30,1706480371000,rejected_non_intersecting_native_grid
2024-01,NASA/HLS/HLSS30/v002/T01KAU_20240128T221931,S30,1706480371000,rejected_non_intersecting_native_grid
2024-01,NASA/HLS/HLSS30/v002/T01KAV_20240128T221931,S30,1706480371000,rejected_non_intersecting_native_grid
2024-01,NASA/HLS/HLSS30/v002/T01LAC_20240128T221931,S30,1706480371000,rejected_non_intersecting_native_grid
2024-01,NASA/HLS/HLSS30/v002/T01UBT_20240129T230811,S30,1706569691000,rejected_non_intersecting_native_grid
2024-01,NASA/HLS/HLSS30/v002/T60UXB_20240129T230811,S30,1706569691000,rejected_non_intersecting_native_grid
2024-01,NASA/HLS/HLSS30/v002/T60UXC_20240129T230811,S30,1706569691000,rejected_non_intersecting_native_grid
2024-01,NASA/HLS/HLSS30/v002/T01FBF_20240131T214909,S30,1706737749000,rejected_non_intersecting_native_grid
2024-01,NASA/HLS/HLSS30/v002/T01LAK_20240131T222751,S30,1706740071000,rejected_non_intersecting_native_grid
2024-02,NASA/HLS/HLSS30/v002/T50SLG_20240201T030941,S30,1706756981000,native_grid_intersects_roi
2024-02,NASA/HLS/HLSS30/v002/T01UBT_20240201T231801,S30,1706829481000,rejected_non_intersecting_native_grid
2024-02,NASA/HLS/HLSS30/v002/T60UXC_20240201T231801,S30,1706829481000,rejected_non_intersecting_native_grid
2024-02,NASA/HLS/HLSS30/v002/T01KAA_20240202T221939,S30,1706912379000,rejected_non_intersecting_native_grid
2024-02,NASA/HLS/HLSS30/v002/T01KAB_20240202T221939,S30,1706912379000,rejected_non_intersecting_native_grid
2024-02,NASA/HLS/HLSS30/v002/T01KAU_20240202T221939,S30,1706912379000,rejected_non_intersecting_native_grid
2024-02,NASA/HLS/HLSS30/v002/T01KAV_20240202T221939,S30,1706912379000,rejected_non_intersecting_native_grid
2024-02,NASA/HLS/HLSS30/v002/T01LAC_20240202T221939,S30,1706912379000,rejected_non_intersecting_native_grid
2024-02,NASA/HLS/HLSL30/v002/T50SLG_20240203T030048,L30,1706929248000,native_grid_intersects_roi
2024-02,NASA/HLS/HLSS30/v002/T01UBT_20240203T230749,S30,1707001669000,rejected_non_intersecting_native_grid
2024-02,NASA/HLS/HLSS30/v002/T60UXC_20240203T230749,S30,1707001669000,rejected_non_intersecting_native_grid
2024-02,NASA/HLS/HLSS30/v002/T50SLG_20240206T030919,S30,1707188959000,native_grid_intersects_roi
2024-02,NASA/HLS/HLSS30/v002/T01UBT_20240206T231739,S30,1707261459000,rejected_non_intersecting_native_grid
2024-02,NASA/HLS/HLSS30/v002/T60UXC_20240206T231739,S30,1707261459000,rejected_non_intersecting_native_grid
2024-02,NASA/HLS/HLSS30/v002/T01KAA_20240207T221931,S30,1707344371000,rejected_non_intersecting_native_grid
2024-02,NASA/HLS/HLSS30/v002/T01KAB_20240207T221931,S30,1707344371000,rejected_non_intersecting_native_grid
2024-02,NASA/HLS/HLSS30/v002/T01KAU_20240207T221931,S30,1707344371000,rejected_non_intersecting_native_grid
2024-02,NASA/HLS/HLSS30/v002/T01KAV_20240207T221931,S30,1707344371000,rejected_non_intersecting_native_grid
2024-02,NASA/HLS/HLSS30/v002/T01LAC_20240207T221931,S30,1707344371000,rejected_non_intersecting_native_grid
2024-02,NASA/HLS/HLSS30/v002/T01UBS_20240208T230721,S30,1707433641000,rejected_non_intersecting_native_grid
2024-02,NASA/HLS/HLSS30/v002/T01UBT_20240208T230721,S30,1707433641000,rejected_non_intersecting_native_grid
2024-02,NASA/HLS/HLSS30/v002/T60UXB_20240208T230721,S30,1707433641000,rejected_non_intersecting_native_grid
2024-02,NASA/HLS/HLSS30/v002/T60UXC_20240208T230721,S30,1707433641000,rejected_non_intersecting_native_grid
2024-02,NASA/HLS/HLSS30/v002/T01FBF_20240210T214909,S30,1707601749000,rejected_non_intersecting_native_grid
2024-02,NASA/HLS/HLSS30/v002/T01LAK_20240210T222751,S30,1707604071000,rejected_non_intersecting_native_grid
2024-02,NASA/HLS/HLSL30/v002/T50SLG_20240211T030035,L30,1707620435000,native_grid_intersects_roi
2024-02,NASA/HLS/HLSS30/v002/T50SLG_20240211T030851,S30,1707620931000,native_grid_intersects_roi
2024-02,NASA/HLS/HLSS30/v002/T01UBT_20240211T231701,S30,1707693421000,rejected_non_intersecting_native_grid
2024-02,NASA/HLS/HLSS30/v002/T60UXC_20240211T231701,S30,1707693421000,rejected_non_intersecting_native_grid
2024-02,NASA/HLS/HLSL30/v002/T50SLG_20240212T025436,L30,1707706476000,native_grid_intersects_roi
2024-02,NASA/HLS/HLSS30/v002/T01KAA_20240212T221939,S30,1707776379000,rejected_non_intersecting_native_grid
2024-02,NASA/HLS/HLSS30/v002/T01KAB_20240212T221939,S30,1707776379000,rejected_non_intersecting_native_grid
2024-02,NASA/HLS/HLSS30/v002/T01KAU_20240212T221939,S30,1707776379000,rejected_non_intersecting_native_grid
2024-02,NASA/HLS/HLSS30/v002/T01KAV_20240212T221939,S30,1707776379000,rejected_non_intersecting_native_grid
2024-02,NASA/HLS/HLSS30/v002/T01LAC_20240212T221939,S30,1707776379000,rejected_non_intersecting_native_grid
2024-02,NASA/HLS/HLSS30/v002/T01UBS_20240213T230649,S30,1707865609000,rejected_non_intersecting_native_grid
2024-02,NASA/HLS/HLSS30/v002/T01UBT_20240213T230649,S30,1707865609000,rejected_non_intersecting_native_grid
2024-02,NASA/HLS/HLSS30/v002/T60UXC_20240213T230649,S30,1707865609000,rejected_non_intersecting_native_grid
2024-02,NASA/HLS/HLSS30/v002/T01FBF_20240215T214911,S30,1708033751000,rejected_non_intersecting_native_grid
2024-02,NASA/HLS/HLSS30/v002/T01LAK_20240215T222759,S30,1708036079000,rejected_non_intersecting_native_grid
2024-02,NASA/HLS/HLSS30/v002/T50SLG_20240216T030819,S30,1708052899000,native_grid_intersects_roi
2024-02,NASA/HLS/HLSS30/v002/T01KAA_20240217T221941,S30,1708208381000,rejected_non_intersecting_native_grid
2024-02,NASA/HLS/HLSS30/v002/T01KAB_20240217T221941,S30,1708208381000,rejected_non_intersecting_native_grid
2024-02,NASA/HLS/HLSS30/v002/T01KAU_20240217T221941,S30,1708208381000,rejected_non_intersecting_native_grid
2024-02,NASA/HLS/HLSS30/v002/T01KAV_20240217T221941,S30,1708208381000,rejected_non_intersecting_native_grid
2024-02,NASA/HLS/HLSS30/v002/T01LAC_20240217T221941,S30,1708208381000,rejected_non_intersecting_native_grid
2024-02,NASA/HLS/HLSS30/v002/T01VCL_20240217T233651,S30,1708213011000,rejected_non_intersecting_native_grid
2024-02,NASA/HLS/HLSS30/v002/T60VXR_20240217T233651,S30,1708213011000,rejected_non_intersecting_native_grid
2024-02,NASA/HLS/HLSS30/v002/T01UBS_20240218T230611,S30,1708297571000,rejected_non_intersecting_native_grid
2024-02,NASA/HLS/HLSS30/v002/T01UBT_20240218T230611,S30,1708297571000,rejected_non_intersecting_native_grid
2024-02,NASA/HLS/HLSS30/v002/T60UXC_20240218T230611,S30,1708297571000,rejected_non_intersecting_native_grid
2024-02,NASA/HLS/HLSS30/v002/T60VXQ_20240219T232629,S30,1708385189000,rejected_non_intersecting_native_grid
2024-02,NASA/HLS/HLSS30/v002/T01FBF_20240220T214909,S30,1708465749000,rejected_non_intersecting_native_grid
2024-02,NASA/HLS/HLSS30/v002/T01LAK_20240220T222751,S30,1708468071000,rejected_non_intersecting_native_grid
2024-02,NASA/HLS/HLSS30/v002/T01UBT_20240221T231601,S30,1708557361000,rejected_non_intersecting_native_grid
2024-02,NASA/HLS/HLSS30/v002/T60UXC_20240221T231601,S30,1708557361000,rejected_non_intersecting_native_grid
2024-02,NASA/HLS/HLSS30/v002/T01KAA_20240222T221939,S30,1708640379000,rejected_non_intersecting_native_grid
2024-02,NASA/HLS/HLSS30/v002/T01KAB_20240222T221939,S30,1708640379000,rejected_non_intersecting_native_grid
2024-02,NASA/HLS/HLSS30/v002/T01KAU_20240222T221939,S30,1708640379000,rejected_non_intersecting_native_grid
2024-02,NASA/HLS/HLSS30/v002/T01KAV_20240222T221939,S30,1708640379000,rejected_non_intersecting_native_grid
2024-02,NASA/HLS/HLSS30/v002/T01LAC_20240222T221939,S30,1708640379000,rejected_non_intersecting_native_grid
2024-02,NASA/HLS/HLSS30/v002/T01VCL_20240222T233649,S30,1708645009000,rejected_non_intersecting_native_grid
2024-02,NASA/HLS/HLSS30/v002/T01WCM_20240222T233649,S30,1708645009000,rejected_non_intersecting_native_grid
2024-02,NASA/HLS/HLSS30/v002/T01WCN_20240222T233649,S30,1708645009000,rejected_non_intersecting_native_grid
2024-02,NASA/HLS/HLSS30/v002/T60VXR_20240222T233649,S30,1708645009000,rejected_non_intersecting_native_grid
2024-02,NASA/HLS/HLSS30/v002/T01UBS_20240223T230539,S30,1708729539000,rejected_non_intersecting_native_grid
2024-02,NASA/HLS/HLSS30/v002/T01UBT_20240223T230539,S30,1708729539000,rejected_non_intersecting_native_grid
2024-02,NASA/HLS/HLSS30/v002/T60UXB_20240223T230539,S30,1708729539000,rejected_non_intersecting_native_grid
2024-02,NASA/HLS/HLSS30/v002/T60UXC_20240223T230539,S30,1708729539000,rejected_non_intersecting_native_grid
2024-02,NASA/HLS/HLSS30/v002/T01VCK_20240224T232631,S30,1708817191000,rejected_non_intersecting_native_grid
2024-02,NASA/HLS/HLSS30/v002/T60VXQ_20240224T232631,S30,1708817191000,rejected_non_intersecting_native_grid
2024-02,NASA/HLS/HLSS30/v002/T01FBF_20240225T214911,S30,1708897751000,rejected_non_intersecting_native_grid
2024-02,NASA/HLS/HLSS30/v002/T01LAK_20240225T222759,S30,1708900079000,rejected_non_intersecting_native_grid
2024-02,NASA/HLS/HLSS30/v002/T01VCL_20240225T234619,S30,1708904779000,rejected_non_intersecting_native_grid
2024-02,NASA/HLS/HLSS30/v002/T60VXR_20240225T234619,S30,1708904779000,rejected_non_intersecting_native_grid
2024-02,NASA/HLS/HLSS30/v002/T50SLG_20240226T030709,S30,1708916829000,native_grid_intersects_roi
2024-02,NASA/HLS/HLSS30/v002/T01UBT_20240226T231549,S30,1708989349000,rejected_non_intersecting_native_grid
2024-02,NASA/HLS/HLSS30/v002/T60UXC_20240226T231549,S30,1708989349000,rejected_non_intersecting_native_grid
2024-02,NASA/HLS/HLSL30/v002/T50SLG_20240227T030030,L30,1709002830000,native_grid_intersects_roi
2024-02,NASA/HLS/HLSS30/v002/T01KAA_20240227T221941,S30,1709072381000,rejected_non_intersecting_native_grid
2024-02,NASA/HLS/HLSS30/v002/T01KAU_20240227T221941,S30,1709072381000,rejected_non_intersecting_native_grid
2024-02,NASA/HLS/HLSS30/v002/T01KAV_20240227T221941,S30,1709072381000,rejected_non_intersecting_native_grid
2024-02,NASA/HLS/HLSS30/v002/T01LAC_20240227T221941,S30,1709072381000,rejected_non_intersecting_native_grid
2024-02,NASA/HLS/HLSS30/v002/T01WCM_20240227T233651,S30,1709077011000,rejected_non_intersecting_native_grid
2024-02,NASA/HLS/HLSS30/v002/T01WCN_20240227T233651,S30,1709077011000,rejected_non_intersecting_native_grid
2024-02,NASA/HLS/HLSS30/v002/T01WCP_20240227T233651,S30,1709077011000,rejected_non_intersecting_native_grid
2024-02,NASA/HLS/HLSS30/v002/T60VXR_20240227T233651,S30,1709077011000,rejected_non_intersecting_native_grid
2024-02,NASA/HLS/HLSL30/v002/T50SLG_20240228T025427,L30,1709088867000,native_grid_intersects_roi
2024-02,NASA/HLS/HLSS30/v002/T01WCR_20240228T235609,S30,1709164569000,rejected_non_intersecting_native_grid
2024-02,NASA/HLS/HLSS30/v002/T01VCK_20240229T232629,S30,1709249189000,rejected_non_intersecting_native_grid
2024-02,NASA/HLS/HLSS30/v002/T60VXQ_20240229T232629,S30,1709249189000,rejected_non_intersecting_native_grid
2024-03,NASA/HLS/HLSS30/v002/T01FBF_20240301T214909,S30,1709329749000,rejected_non_intersecting_native_grid
2024-03,NASA/HLS/HLSS30/v002/T01LAK_20240301T222801,S30,1709332081000,rejected_non_intersecting_native_grid
2024-03,NASA/HLS/HLSS30/v002/T01WCR_20240301T234621,S30,1709336781000,rejected_non_intersecting_native_grid
2024-03,NASA/HLS/HLSS30/v002/T50SLG_20240302T030631,S30,1709348791000,native_grid_intersects_roi
2024-03,NASA/HLS/HLSS30/v002/T01UBT_20240302T231551,S30,1709421351000,rejected_non_intersecting_native_grid
2024-03,NASA/HLS/HLSS30/v002/T60UXC_20240302T231551,S30,1709421351000,rejected_non_intersecting_native_grid
2024-03,NASA/HLS/HLSS30/v002/T01KAA_20240303T221939,S30,1709504379000,rejected_non_intersecting_native_grid
2024-03,NASA/HLS/HLSS30/v002/T01KAB_20240303T221939,S30,1709504379000,rejected_non_intersecting_native_grid
2024-03,NASA/HLS/HLSS30/v002/T01KAU_20240303T221939,S30,1709504379000,rejected_non_intersecting_native_grid
2024-03,NASA/HLS/HLSS30/v002/T01KAV_20240303T221939,S30,1709504379000,rejected_non_intersecting_native_grid
2024-03,NASA/HLS/HLSS30/v002/T01LAC_20240303T221939,S30,1709504379000,rejected_non_intersecting_native_grid
2024-03,NASA/HLS/HLSS30/v002/T01WCP_20240303T233649,S30,1709509009000,rejected_non_intersecting_native_grid
2024-03,NASA/HLS/HLSS30/v002/T01UBT_20240304T230529,S30,1709593529000,rejected_non_intersecting_native_grid
2024-03,NASA/HLS/HLSS30/v002/T60UXC_20240304T230529,S30,1709593529000,rejected_non_intersecting_native_grid
2024-03,NASA/HLS/HLSS30/v002/T01WCQ_20240304T235611,S30,1709596571000,rejected_non_intersecting_native_grid
2024-03,NASA/HLS/HLSS30/v002/T01WCT_20240304T235611,S30,1709596571000,rejected_non_intersecting_native_grid
2024-03,NASA/HLS/HLSS30/v002/T01VCK_20240305T232631,S30,1709681191000,rejected_non_intersecting_native_grid
2024-03,NASA/HLS/HLSS30/v002/T60VXQ_20240305T232631,S30,1709681191000,rejected_non_intersecting_native_grid
2024-03,NASA/HLS/HLSS30/v002/T01WCT_20240306T001559,S30,1709684159000,rejected_non_intersecting_native_grid
2024-03,NASA/HLS/HLSL30/v002/T50SLG_20240306T030040,L30,1709694040000,native_grid_intersects_roi
2024-03,NASA/HLS/HLSS30/v002/T01LAK_20240306T222749,S30,1709764069000,rejected_non_intersecting_native_grid
2024-03,NASA/HLS/HLSS30/v002/T01WCM_20240306T234619,S30,1709768779000,rejected_non_intersecting_native_grid
2024-03,NASA/HLS/HLSS30/v002/T01WCN_20240306T234619,S30,1709768779000,rejected_non_intersecting_native_grid
2024-03,NASA/HLS/HLSS30/v002/T01WCQ_20240306T234619,S30,1709768779000,rejected_non_intersecting_native_grid
2024-03,NASA/HLS/HLSS30/v002/T01WCR_20240306T234619,S30,1709768779000,rejected_non_intersecting_native_grid
2024-03,NASA/HLS/HLSL30/v002/T50SLG_20240307T025410,L30,1709780050000,native_grid_intersects_roi
2024-03,NASA/HLS/HLSS30/v002/T50SLG_20240307T030549,S30,1709780749000,native_grid_intersects_roi
2024-03,NASA/HLS/HLSS30/v002/T01KAA_20240308T221941,S30,1709936381000,rejected_non_intersecting_native_grid
2024-03,NASA/HLS/HLSS30/v002/T01KAU_20240308T221941,S30,1709936381000,rejected_non_intersecting_native_grid
2024-03,NASA/HLS/HLSS30/v002/T01KAV_20240308T221941,S30,1709936381000,rejected_non_intersecting_native_grid
2024-03,NASA/HLS/HLSS30/v002/T01LAC_20240308T221941,S30,1709936381000,rejected_non_intersecting_native_grid
2024-03,NASA/HLS/HLSS30/v002/T01VCL_20240308T233651,S30,1709941011000,rejected_non_intersecting_native_grid
2024-03,NASA/HLS/HLSS30/v002/T01WCM_20240308T233651,S30,1709941011000,rejected_non_intersecting_native_grid
2024-03,NASA/HLS/HLSS30/v002/T01WCN_20240308T233651,S30,1709941011000,rejected_non_intersecting_native_grid
2024-03,NASA/HLS/HLSS30/v002/T01WCP_20240308T233651,S30,1709941011000,rejected_non_intersecting_native_grid
2024-03,NASA/HLS/HLSS30/v002/T60VXR_20240308T233651,S30,1709941011000,rejected_non_intersecting_native_grid
2024-03,NASA/HLS/HLSS30/v002/T01WCQ_20240309T235609,S30,1710028569000,rejected_non_intersecting_native_grid
2024-03,NASA/HLS/HLSS30/v002/T01WCR_20240309T235609,S30,1710028569000,rejected_non_intersecting_native_grid
2024-03,NASA/HLS/HLSS30/v002/T01WCT_20240309T235609,S30,1710028569000,rejected_non_intersecting_native_grid
2024-03,NASA/HLS/HLSS30/v002/T01VCK_20240310T232629,S30,1710113189000,rejected_non_intersecting_native_grid
2024-03,NASA/HLS/HLSS30/v002/T60VXQ_20240310T232629,S30,1710113189000,rejected_non_intersecting_native_grid
2024-03,NASA/HLS/HLSS30/v002/T01WCT_20240311T001611,S30,1710116171000,rejected_non_intersecting_native_grid
2024-03,NASA/HLS/HLSS30/v002/T01WCU_20240311T001611,S30,1710116171000,rejected_non_intersecting_native_grid
2024-03,NASA/HLS/HLSS30/v002/T60WWE_20240311T001611,S30,1710116171000,rejected_non_intersecting_native_grid
2024-03,NASA/HLS/HLSS30/v002/T01LAK_20240311T222801,S30,1710196081000,rejected_non_intersecting_native_grid
2024-03,NASA/HLS/HLSS30/v002/T01VCL_20240311T234621,S30,1710200781000,rejected_non_intersecting_native_grid
2024-03,NASA/HLS/HLSS30/v002/T01WCN_20240311T234621,S30,1710200781000,rejected_non_intersecting_native_grid
2024-03,NASA/HLS/HLSS30/v002/T60VXR_20240311T234621,S30,1710200781000,rejected_non_intersecting_native_grid
2024-03,NASA/HLS/HLSS30/v002/T50SLG_20240312T030521,S30,1710212721000,native_grid_intersects_roi
2024-03,NASA/HLS/HLSS30/v002/T01WCT_20240313T000609,S30,1710288369000,rejected_non_intersecting_native_grid
2024-03,NASA/HLS/HLSS30/v002/T01WCU_20240313T000609,S30,1710288369000,rejected_non_intersecting_native_grid
2024-03,NASA/HLS/HLSS30/v002/T01WCV_20240313T000609,S30,1710288369000,rejected_non_intersecting_native_grid
2024-03,NASA/HLS/HLSS30/v002/T60WWE_20240313T000609,S30,1710288369000,rejected_non_intersecting_native_grid
2024-03,NASA/HLS/HLSS30/v002/T01LAC_20240313T221939,S30,1710368379000,rejected_non_intersecting_native_grid
2024-03,NASA/HLS/HLSS30/v002/T01WCM_20240313T233649,S30,1710373009000,rejected_non_intersecting_native_grid
2024-03,NASA/HLS/HLSS30/v002/T01WCN_20240313T233649,S30,1710373009000,rejected_non_intersecting_native_grid
2024-03,NASA/HLS/HLSS30/v002/T01WCP_20240313T233649,S30,1710373009000,rejected_non_intersecting_native_grid
2024-03,NASA/HLS/HLSS30/v002/T60WWE_20240314T002611,S30,1710375971000,rejected_non_intersecting_native_grid
2024-03,NASA/HLS/HLSL30/v002/T50SLG_20240314T030019,L30,1710385219000,native_grid_intersects_roi
2024-03,NASA/HLS/HLSS30/v002/T01WCQ_20240314T235611,S30,1710460571000,rejected_non_intersecting_native_grid
2024-03,NASA/HLS/HLSS30/v002/T01WCR_20240314T235611,S30,1710460571000,rejected_non_intersecting_native_grid
2024-03,NASA/HLS/HLSS30/v002/T01WCT_20240314T235611,S30,1710460571000,rejected_non_intersecting_native_grid
2024-03,NASA/HLS/HLSS30/v002/T01WCU_20240314T235611,S30,1710460571000,rejected_non_intersecting_native_grid
2024-03,NASA/HLS/HLSL30/v002/T50SLG_20240315T025428,L30,1710471268000,native_grid_intersects_roi
2024-03,NASA/HLS/HLSS30/v002/T01VCK_20240315T232631,S30,1710545191000,rejected_non_intersecting_native_grid
2024-03,NASA/HLS/HLSS30/v002/T60VXQ_20240315T232631,S30,1710545191000,rejected_non_intersecting_native_grid
2024-03,NASA/HLS/HLSS30/v002/T01WCT_20240316T001609,S30,1710548169000,rejected_non_intersecting_native_grid
2024-03,NASA/HLS/HLSS30/v002/T01WCU_20240316T001609,S30,1710548169000,rejected_non_intersecting_native_grid
2024-03,NASA/HLS/HLSS30/v002/T60WWE_20240316T001609,S30,1710548169000,rejected_non_intersecting_native_grid
2024-03,NASA/HLS/HLSS30/v002/T01FBF_20240316T214911,S30,1710625751000,rejected_non_intersecting_native_grid
2024-03,NASA/HLS/HLSS30/v002/T01LAK_20240316T222759,S30,1710628079000,rejected_non_intersecting_native_grid
2024-03,NASA/HLS/HLSS30/v002/T01VCL_20240316T234619,S30,1710632779000,rejected_non_intersecting_native_grid
2024-03,NASA/HLS/HLSS30/v002/T01WCM_20240316T234619,S30,1710632779000,rejected_non_intersecting_native_grid
2024-03,NASA/HLS/HLSS30/v002/T01WCP_20240316T234619,S30,1710632779000,rejected_non_intersecting_native_grid
2024-03,NASA/HLS/HLSS30/v002/T01WCQ_20240316T234619,S30,1710632779000,rejected_non_intersecting_native_grid
2024-03,NASA/HLS/HLSS30/v002/T01WCR_20240316T234619,S30,1710632779000,rejected_non_intersecting_native_grid
2024-03,NASA/HLS/HLSS30/v002/T60VXR_20240316T234619,S30,1710632779000,rejected_non_intersecting_native_grid
2024-03,NASA/HLS/HLSS30/v002/T50SLG_20240317T030519,S30,1710644719000,native_grid_intersects_roi
2024-03,NASA/HLS/HLSS30/v002/T01WCS_20240318T000611,S30,1710720371000,rejected_non_intersecting_native_grid
2024-03,NASA/HLS/HLSS30/v002/T01WCT_20240318T000611,S30,1710720371000,rejected_non_intersecting_native_grid
2024-03,NASA/HLS/HLSS30/v002/T01WCV_20240318T000611,S30,1710720371000,rejected_non_intersecting_native_grid
2024-03,NASA/HLS/HLSS30/v002/T60WWE_20240318T000611,S30,1710720371000,rejected_non_intersecting_native_grid
2024-03,NASA/HLS/HLSS30/v002/T01KAA_20240318T221941,S30,1710800381000,rejected_non_intersecting_native_grid
2024-03,NASA/HLS/HLSS30/v002/T01KAB_20240318T221941,S30,1710800381000,rejected_non_intersecting_native_grid
2024-03,NASA/HLS/HLSS30/v002/T01KAU_20240318T221941,S30,1710800381000,rejected_non_intersecting_native_grid
2024-03,NASA/HLS/HLSS30/v002/T01KAV_20240318T221941,S30,1710800381000,rejected_non_intersecting_native_grid
2024-03,NASA/HLS/HLSS30/v002/T01LAC_20240318T221941,S30,1710800381000,rejected_non_intersecting_native_grid
2024-03,NASA/HLS/HLSS30/v002/T01WCM_20240318T233651,S30,1710805011000,rejected_non_intersecting_native_grid
2024-03,NASA/HLS/HLSS30/v002/T01WCN_20240318T233651,S30,1710805011000,rejected_non_intersecting_native_grid
2024-03,NASA/HLS/HLSS30/v002/T01WCP_20240318T233651,S30,1710805011000,rejected_non_intersecting_native_grid
2024-03,NASA/HLS/HLSS30/v002/T01WCQ_20240319T235619,S30,1710892579000,rejected_non_intersecting_native_grid
2024-03,NASA/HLS/HLSS30/v002/T01WCR_20240319T235619,S30,1710892579000,rejected_non_intersecting_native_grid
2024-03,NASA/HLS/HLSS30/v002/T01WCS_20240319T235619,S30,1710892579000,rejected_non_intersecting_native_grid
2024-03,NASA/HLS/HLSS30/v002/T01WCT_20240319T235619,S30,1710892579000,rejected_non_intersecting_native_grid
2024-03,NASA/HLS/HLSS30/v002/T01WCU_20240319T235619,S30,1710892579000,rejected_non_intersecting_native_grid
2024-03,NASA/HLS/HLSS30/v002/T01VCK_20240320T232629,S30,1710977189000,rejected_non_intersecting_native_grid
2024-03,NASA/HLS/HLSS30/v002/T60VXQ_20240320T232629,S30,1710977189000,rejected_non_intersecting_native_grid
2024-03,NASA/HLS/HLSS30/v002/T01WCT_20240321T001611,S30,1710980171000,rejected_non_intersecting_native_grid
2024-03,NASA/HLS/HLSS30/v002/T01WCU_20240321T001611,S30,1710980171000,rejected_non_intersecting_native_grid
2024-03,NASA/HLS/HLSS30/v002/T60WWE_20240321T001611,S30,1710980171000,rejected_non_intersecting_native_grid
2024-03,NASA/HLS/HLSS30/v002/T01FBF_20240321T214909,S30,1711057749000,rejected_non_intersecting_native_grid
2024-03,NASA/HLS/HLSS30/v002/T01LAK_20240321T222801,S30,1711060081000,rejected_non_intersecting_native_grid
2024-03,NASA/HLS/HLSS30/v002/T01VCL_20240321T234621,S30,1711064781000,rejected_non_intersecting_native_grid
2024-03,NASA/HLS/HLSS30/v002/T01WCM_20240321T234621,S30,1711064781000,rejected_non_intersecting_native_grid
2024-03,NASA/HLS/HLSS30/v002/T01WCN_20240321T234621,S30,1711064781000,rejected_non_intersecting_native_grid
2024-03,NASA/HLS/HLSS30/v002/T01WCQ_20240321T234621,S30,1711064781000,rejected_non_intersecting_native_grid
2024-03,NASA/HLS/HLSS30/v002/T01WCR_20240321T234621,S30,1711064781000,rejected_non_intersecting_native_grid
2024-03,NASA/HLS/HLSS30/v002/T60VXR_20240321T234621,S30,1711064781000,rejected_non_intersecting_native_grid
2024-03,NASA/HLS/HLSL30/v002/T50SLG_20240322T030037,L30,1711076437000,native_grid_intersects_roi
2024-03,NASA/HLS/HLSS30/v002/T50SLG_20240322T030521,S30,1711076721000,native_grid_intersects_roi
2024-03,NASA/HLS/HLSS30/v002/T01WCU_20240323T000609,S30,1711152369000,rejected_non_intersecting_native_grid
2024-03,NASA/HLS/HLSS30/v002/T01WCV_20240323T000609,S30,1711152369000,rejected_non_intersecting_native_grid
2024-03,NASA/HLS/HLSS30/v002/T60WWE_20240323T000609,S30,1711152369000,rejected_non_intersecting_native_grid
2024-03,NASA/HLS/HLSL30/v002/T50SLG_20240323T025401,L30,1711162441000,native_grid_intersects_roi
2024-03,NASA/HLS/HLSS30/v002/T01KAA_20240323T221939,S30,1711232379000,rejected_non_intersecting_native_grid
2024-03,NASA/HLS/HLSS30/v002/T01KAB_20240323T221939,S30,1711232379000,rejected_non_intersecting_native_grid
2024-03,NASA/HLS/HLSS30/v002/T01KAU_20240323T221939,S30,1711232379000,rejected_non_intersecting_native_grid
2024-03,NASA/HLS/HLSS30/v002/T01KAV_20240323T221939,S30,1711232379000,rejected_non_intersecting_native_grid
2024-03,NASA/HLS/HLSS30/v002/T01LAC_20240323T221939,S30,1711232379000,rejected_non_intersecting_native_grid
2024-03,NASA/HLS/HLSS30/v002/T01VCK_20240323T233649,S30,1711237009000,rejected_non_intersecting_native_grid
2024-03,NASA/HLS/HLSS30/v002/T01VCL_20240323T233649,S30,1711237009000,rejected_non_intersecting_native_grid
2024-03,NASA/HLS/HLSS30/v002/T01WCM_20240323T233649,S30,1711237009000,rejected_non_intersecting_native_grid
2024-03,NASA/HLS/HLSS30/v002/T01WCN_20240323T233649,S30,1711237009000,rejected_non_intersecting_native_grid
2024-03,NASA/HLS/HLSS30/v002/T01WCP_20240323T233649,S30,1711237009000,rejected_non_intersecting_native_grid
2024-03,NASA/HLS/HLSS30/v002/T60VXQ_20240323T233649,S30,1711237009000,rejected_non_intersecting_native_grid
2024-03,NASA/HLS/HLSS30/v002/T60VXR_20240323T233649,S30,1711237009000,rejected_non_intersecting_native_grid
2024-03,NASA/HLS/HLSS30/v002/T01WCV_20240324T002611,S30,1711239971000,rejected_non_intersecting_native_grid
2024-03,NASA/HLS/HLSS30/v002/T60WWE_20240324T002611,S30,1711239971000,rejected_non_intersecting_native_grid
2024-03,NASA/HLS/HLSS30/v002/T01WCQ_20240324T235621,S30,1711324581000,rejected_non_intersecting_native_grid
2024-03,NASA/HLS/HLSS30/v002/T01WCR_20240324T235621,S30,1711324581000,rejected_non_intersecting_native_grid
2024-03,NASA/HLS/HLSS30/v002/T01WCT_20240324T235621,S30,1711324581000,rejected_non_intersecting_native_grid
2024-03,NASA/HLS/HLSS30/v002/T01WCU_20240324T235621,S30,1711324581000,rejected_non_intersecting_native_grid
2024-03,NASA/HLS/HLSS30/v002/T01VCK_20240325T232631,S30,1711409191000,rejected_non_intersecting_native_grid
2024-03,NASA/HLS/HLSS30/v002/T60VXQ_20240325T232631,S30,1711409191000,rejected_non_intersecting_native_grid
2024-03,NASA/HLS/HLSS30/v002/T01WCT_20240326T001609,S30,1711412169000,rejected_non_intersecting_native_grid
2024-03,NASA/HLS/HLSS30/v002/T01WCU_20240326T001609,S30,1711412169000,rejected_non_intersecting_native_grid
2024-03,NASA/HLS/HLSS30/v002/T01WCV_20240326T001609,S30,1711412169000,rejected_non_intersecting_native_grid
2024-03,NASA/HLS/HLSS30/v002/T60WWE_20240326T001609,S30,1711412169000,rejected_non_intersecting_native_grid
2024-03,NASA/HLS/HLSS30/v002/T01LAK_20240326T222759,S30,1711492079000,rejected_non_intersecting_native_grid
2024-03,NASA/HLS/HLSS30/v002/T01VCL_20240326T234619,S30,1711496779000,rejected_non_intersecting_native_grid
2024-03,NASA/HLS/HLSS30/v002/T01WCM_20240326T234619,S30,1711496779000,rejected_non_intersecting_native_grid
2024-03,NASA/HLS/HLSS30/v002/T01WCN_20240326T234619,S30,1711496779000,rejected_non_intersecting_native_grid
2024-03,NASA/HLS/HLSS30/v002/T01WCQ_20240326T234619,S30,1711496779000,rejected_non_intersecting_native_grid
2024-03,NASA/HLS/HLSS30/v002/T01WCR_20240326T234619,S30,1711496779000,rejected_non_intersecting_native_grid
2024-03,NASA/HLS/HLSS30/v002/T60VXR_20240326T234619,S30,1711496779000,rejected_non_intersecting_native_grid
2024-03,NASA/HLS/HLSS30/v002/T50SLG_20240327T030519,S30,1711508719000,native_grid_intersects_roi
2024-03,NASA/HLS/HLSS30/v002/T01WCV_20240328T000611,S30,1711584371000,rejected_non_intersecting_native_grid
2024-03,NASA/HLS/HLSS30/v002/T60WWE_20240328T000611,S30,1711584371000,rejected_non_intersecting_native_grid
2024-03,NASA/HLS/HLSS30/v002/T01KAV_20240328T221941,S30,1711664381000,rejected_non_intersecting_native_grid
2024-03,NASA/HLS/HLSS30/v002/T01VCL_20240328T233651,S30,1711669011000,rejected_non_intersecting_native_grid
2024-03,NASA/HLS/HLSS30/v002/T01WCN_20240328T233651,S30,1711669011000,rejected_non_intersecting_native_grid
2024-03,NASA/HLS/HLSS30/v002/T01WCP_20240328T233651,S30,1711669011000,rejected_non_intersecting_native_grid
2024-03,NASA/HLS/HLSS30/v002/T60VXR_20240328T233651,S30,1711669011000,rejected_non_intersecting_native_grid
2024-03,NASA/HLS/HLSS30/v002/T01WCV_20240329T002609,S30,1711671969000,rejected_non_intersecting_native_grid
2024-03,NASA/HLS/HLSS30/v002/T60WWE_20240329T002609,S30,1711671969000,rejected_non_intersecting_native_grid
2024-03,NASA/HLS/HLSS30/v002/T01UBS_20240329T230531,S30,1711753531000,rejected_non_intersecting_native_grid
2024-03,NASA/HLS/HLSS30/v002/T01UBT_20240329T230531,S30,1711753531000,rejected_non_intersecting_native_grid
2024-03,NASA/HLS/HLSS30/v002/T60UXC_20240329T230531,S30,1711753531000,rejected_non_intersecting_native_grid
2024-03,NASA/HLS/HLSS30/v002/T01WCQ_20240329T235619,S30,1711756579000,rejected_non_intersecting_native_grid
2024-03,NASA/HLS/HLSS30/v002/T01WCR_20240329T235619,S30,1711756579000,rejected_non_intersecting_native_grid
2024-03,NASA/HLS/HLSS30/v002/T01WCT_20240329T235619,S30,1711756579000,rejected_non_intersecting_native_grid
2024-03,NASA/HLS/HLSS30/v002/T01WCU_20240329T235619,S30,1711756579000,rejected_non_intersecting_native_grid
2024-03,NASA/HLS/HLSL30/v002/T50SLG_20240330T030006,L30,1711767606000,native_grid_intersects_roi
2024-03,NASA/HLS/HLSS30/v002/T01VCK_20240330T232629,S30,1711841189000,rejected_non_intersecting_native_grid
2024-03,NASA/HLS/HLSS30/v002/T60VXQ_20240330T232629,S30,1711841189000,rejected_non_intersecting_native_grid
2024-03,NASA/HLS/HLSS30/v002/T60WWE_20240331T001611,S30,1711844171000,rejected_non_intersecting_native_grid
2024-03,NASA/HLS/HLSL30/v002/T50SLG_20240331T025419,L30,1711853659000,native_grid_intersects_roi
2024-03,NASA/HLS/HLSS30/v002/T01FBF_20240331T214909,S30,1711921749000,rejected_non_intersecting_native_grid
2024-03,NASA/HLS/HLSS30/v002/T01LAK_20240331T222801,S30,1711924081000,rejected_non_intersecting_native_grid
2024-03,NASA/HLS/HLSS30/v002/T01VCL_20240331T234621,S30,1711928781000,rejected_non_intersecting_native_grid
2024-03,NASA/HLS/HLSS30/v002/T01WCM_20240331T234621,S30,1711928781000,rejected_non_intersecting_native_grid
2024-03,NASA/HLS/HLSS30/v002/T01WCN_20240331T234621,S30,1711928781000,rejected_non_intersecting_native_grid
2024-03,NASA/HLS/HLSS30/v002/T01WCQ_20240331T234621,S30,1711928781000,rejected_non_intersecting_native_grid
2024-03,NASA/HLS/HLSS30/v002/T01WCR_20240331T234621,S30,1711928781000,rejected_non_intersecting_native_grid
2024-03,NASA/HLS/HLSS30/v002/T60VXR_20240331T234621,S30,1711928781000,rejected_non_intersecting_native_grid
2024-04,NASA/HLS/HLSS30/v002/T01WCT_20240402T000609,S30,1712016369000,rejected_non_intersecting_native_grid
2024-04,NASA/HLS/HLSS30/v002/T01WCV_20240402T000609,S30,1712016369000,rejected_non_intersecting_native_grid
2024-04,NASA/HLS/HLSS30/v002/T60WWE_20240402T000609,S30,1712016369000,rejected_non_intersecting_native_grid
2024-04,NASA/HLS/HLSS30/v002/T01KAB_20240402T221939,S30,1712096379000,rejected_non_intersecting_native_grid
2024-04,NASA/HLS/HLSS30/v002/T01LAC_20240402T221939,S30,1712096379000,rejected_non_intersecting_native_grid
2024-04,NASA/HLS/HLSS30/v002/T01WCP_20240402T233649,S30,1712101009000,rejected_non_intersecting_native_grid
2024-04,NASA/HLS/HLSS30/v002/T60WWE_20240403T002601,S30,1712103961000,rejected_non_intersecting_native_grid
2024-04,NASA/HLS/HLSS30/v002/T01UBS_20240403T230529,S30,1712185529000,rejected_non_intersecting_native_grid
2024-04,NASA/HLS/HLSS30/v002/T01UBT_20240403T230529,S30,1712185529000,rejected_non_intersecting_native_grid
2024-04,NASA/HLS/HLSS30/v002/T60UXC_20240403T230529,S30,1712185529000,rejected_non_intersecting_native_grid
2024-04,NASA/HLS/HLSS30/v002/T01WCQ_20240403T235611,S30,1712188571000,rejected_non_intersecting_native_grid
2024-04,NASA/HLS/HLSS30/v002/T01WCR_20240403T235611,S30,1712188571000,rejected_non_intersecting_native_grid
2024-04,NASA/HLS/HLSS30/v002/T01WCS_20240403T235611,S30,1712188571000,rejected_non_intersecting_native_grid
2024-04,NASA/HLS/HLSS30/v002/T01WCT_20240403T235611,S30,1712188571000,rejected_non_intersecting_native_grid
2024-04,NASA/HLS/HLSS30/v002/T01WCU_20240403T235611,S30,1712188571000,rejected_non_intersecting_native_grid
2024-04,NASA/HLS/HLSS30/v002/T01VCK_20240404T232631,S30,1712273191000,rejected_non_intersecting_native_grid
2024-04,NASA/HLS/HLSS30/v002/T60VXQ_20240404T232631,S30,1712273191000,rejected_non_intersecting_native_grid
2024-04,NASA/HLS/HLSS30/v002/T01WCT_20240405T001609,S30,1712276169000,rejected_non_intersecting_native_grid
2024-04,NASA/HLS/HLSS30/v002/T01WCU_20240405T001609,S30,1712276169000,rejected_non_intersecting_native_grid
2024-04,NASA/HLS/HLSS30/v002/T01FBF_20240405T214911,S30,1712353751000,rejected_non_intersecting_native_grid
2024-04,NASA/HLS/HLSS30/v002/T01WCP_20240405T234619,S30,1712360779000,rejected_non_intersecting_native_grid
2024-04,NASA/HLS/HLSS30/v002/T01WCQ_20240405T234619,S30,1712360779000,rejected_non_intersecting_native_grid
2024-04,NASA/HLS/HLSS30/v002/T01WCR_20240405T234619,S30,1712360779000,rejected_non_intersecting_native_grid
2024-04,NASA/HLS/HLSS30/v002/T50SLG_20240406T030519,S30,1712372719000,native_grid_intersects_roi
2024-04,NASA/HLS/HLSS30/v002/T01UBT_20240406T231549,S30,1712445349000,rejected_non_intersecting_native_grid
2024-04,NASA/HLS/HLSS30/v002/T60UXC_20240406T231549,S30,1712445349000,rejected_non_intersecting_native_grid
2024-04,NASA/HLS/HLSS30/v002/T01WCS_20240407T000611,S30,1712448371000,rejected_non_intersecting_native_grid
2024-04,NASA/HLS/HLSS30/v002/T01WCT_20240407T000611,S30,1712448371000,rejected_non_intersecting_native_grid
2024-04,NASA/HLS/HLSS30/v002/T01WCV_20240407T000611,S30,1712448371000,rejected_non_intersecting_native_grid
2024-04,NASA/HLS/HLSS30/v002/T60WWE_20240407T000611,S30,1712448371000,rejected_non_intersecting_native_grid
2024-04,NASA/HLS/HLSL30/v002/T50SLG_20240407T030028,L30,1712458828000,native_grid_intersects_roi
2024-04,NASA/HLS/HLSS30/v002/T01KAA_20240407T221941,S30,1712528381000,rejected_non_intersecting_native_grid
2024-04,NASA/HLS/HLSS30/v002/T01KAB_20240407T221941,S30,1712528381000,rejected_non_intersecting_native_grid
2024-04,NASA/HLS/HLSS30/v002/T01KAU_20240407T221941,S30,1712528381000,rejected_non_intersecting_native_grid
2024-04,NASA/HLS/HLSS30/v002/T01KAV_20240407T221941,S30,1712528381000,rejected_non_intersecting_native_grid
2024-04,NASA/HLS/HLSS30/v002/T01LAC_20240407T221941,S30,1712528381000,rejected_non_intersecting_native_grid
2024-04,NASA/HLS/HLSS30/v002/T01VCL_20240407T233651,S30,1712533011000,rejected_non_intersecting_native_grid
2024-04,NASA/HLS/HLSS30/v002/T01WCM_20240407T233651,S30,1712533011000,rejected_non_intersecting_native_grid
2024-04,NASA/HLS/HLSS30/v002/T01WCN_20240407T233651,S30,1712533011000,rejected_non_intersecting_native_grid
2024-04,NASA/HLS/HLSS30/v002/T01WCP_20240407T233651,S30,1712533011000,rejected_non_intersecting_native_grid
2024-04,NASA/HLS/HLSS30/v002/T60VXQ_20240407T233651,S30,1712533011000,rejected_non_intersecting_native_grid
2024-04,NASA/HLS/HLSS30/v002/T60VXR_20240407T233651,S30,1712533011000,rejected_non_intersecting_native_grid
2024-04,NASA/HLS/HLSS30/v002/T01WCV_20240408T002609,S30,1712535969000,rejected_non_intersecting_native_grid
2024-04,NASA/HLS/HLSS30/v002/T60WWE_20240408T002609,S30,1712535969000,rejected_non_intersecting_native_grid
2024-04,NASA/HLS/HLSL30/v002/T50SLG_20240408T025355,L30,1712544835000,native_grid_intersects_roi
2024-04,NASA/HLS/HLSS30/v002/T01WCQ_20240408T235619,S30,1712620579000,rejected_non_intersecting_native_grid
2024-04,NASA/HLS/HLSS30/v002/T01WCR_20240408T235619,S30,1712620579000,rejected_non_intersecting_native_grid
2024-04,NASA/HLS/HLSS30/v002/T01WCS_20240408T235619,S30,1712620579000,rejected_non_intersecting_native_grid
2024-04,NASA/HLS/HLSS30/v002/T01WCT_20240408T235619,S30,1712620579000,rejected_non_intersecting_native_grid
2024-04,NASA/HLS/HLSS30/v002/T01WCU_20240408T235619,S30,1712620579000,rejected_non_intersecting_native_grid
2024-04,NASA/HLS/HLSS30/v002/T01WCT_20240410T001611,S30,1712708171000,rejected_non_intersecting_native_grid
2024-04,NASA/HLS/HLSS30/v002/T01WCU_20240410T001611,S30,1712708171000,rejected_non_intersecting_native_grid
2024-04,NASA/HLS/HLSS30/v002/T01LAK_20240410T222801,S30,1712788081000,rejected_non_intersecting_native_grid
2024-04,NASA/HLS/HLSS30/v002/T01WCN_20240410T234621,S30,1712792781000,rejected_non_intersecting_native_grid
2024-04,NASA/HLS/HLSS30/v002/T01WCR_20240410T234621,S30,1712792781000,rejected_non_intersecting_native_grid
2024-04,NASA/HLS/HLSS30/v002/T50SLG_20240411T030521,S30,1712804721000,native_grid_intersects_roi
2024-04,NASA/HLS/HLSS30/v002/T01WCS_20240412T000609,S30,1712880369000,rejected_non_intersecting_native_grid
2024-04,NASA/HLS/HLSS30/v002/T01WCU_20240412T000609,S30,1712880369000,rejected_non_intersecting_native_grid
2024-04,NASA/HLS/HLSS30/v002/T01WCV_20240412T000609,S30,1712880369000,rejected_non_intersecting_native_grid
2024-04,NASA/HLS/HLSS30/v002/T60WWE_20240412T000609,S30,1712880369000,rejected_non_intersecting_native_grid
2024-04,NASA/HLS/HLSS30/v002/T01KAA_20240412T221939,S30,1712960379000,rejected_non_intersecting_native_grid
2024-04,NASA/HLS/HLSS30/v002/T01KAB_20240412T221939,S30,1712960379000,rejected_non_intersecting_native_grid
2024-04,NASA/HLS/HLSS30/v002/T01KAU_20240412T221939,S30,1712960379000,rejected_non_intersecting_native_grid
2024-04,NASA/HLS/HLSS30/v002/T01KAV_20240412T221939,S30,1712960379000,rejected_non_intersecting_native_grid
2024-04,NASA/HLS/HLSS30/v002/T01LAC_20240412T221939,S30,1712960379000,rejected_non_intersecting_native_grid
2024-04,NASA/HLS/HLSS30/v002/T01VCL_20240412T233649,S30,1712965009000,rejected_non_intersecting_native_grid
2024-04,NASA/HLS/HLSS30/v002/T01WCN_20240412T233649,S30,1712965009000,rejected_non_intersecting_native_grid
2024-04,NASA/HLS/HLSS30/v002/T01WCP_20240412T233649,S30,1712965009000,rejected_non_intersecting_native_grid
2024-04,NASA/HLS/HLSS30/v002/T60VXR_20240412T233649,S30,1712965009000,rejected_non_intersecting_native_grid
2024-04,NASA/HLS/HLSS30/v002/T01WCV_20240413T002611,S30,1712967971000,rejected_non_intersecting_native_grid
2024-04,NASA/HLS/HLSS30/v002/T60WWE_20240413T002611,S30,1712967971000,rejected_non_intersecting_native_grid
2024-04,NASA/HLS/HLSS30/v002/T01WCS_20240413T235621,S30,1713052581000,rejected_non_intersecting_native_grid
2024-04,NASA/HLS/HLSS30/v002/T01WCT_20240413T235621,S30,1713052581000,rejected_non_intersecting_native_grid
2024-04,NASA/HLS/HLSS30/v002/T01WCU_20240413T235621,S30,1713052581000,rejected_non_intersecting_native_grid
2024-04,NASA/HLS/HLSS30/v002/T01VCK_20240414T232631,S30,1713137191000,rejected_non_intersecting_native_grid
2024-04,NASA/HLS/HLSS30/v002/T60VXQ_20240414T232631,S30,1713137191000,rejected_non_intersecting_native_grid
2024-04,NASA/HLS/HLSS30/v002/T01WCT_20240415T001609,S30,1713140169000,rejected_non_intersecting_native_grid
2024-04,NASA/HLS/HLSS30/v002/T01WCV_20240415T001609,S30,1713140169000,rejected_non_intersecting_native_grid
2024-04,NASA/HLS/HLSS30/v002/T60WWE_20240415T001609,S30,1713140169000,rejected_non_intersecting_native_grid
2024-04,NASA/HLS/HLSL30/v002/T50SLG_20240415T030001,L30,1713150001000,native_grid_intersects_roi
2024-04,NASA/HLS/HLSS30/v002/T01FBF_20240415T214911,S30,1713217751000,rejected_non_intersecting_native_grid
2024-04,NASA/HLS/HLSS30/v002/T01VCL_20240415T234619,S30,1713224779000,rejected_non_intersecting_native_grid
2024-04,NASA/HLS/HLSS30/v002/T01WCM_20240415T234619,S30,1713224779000,rejected_non_intersecting_native_grid
2024-04,NASA/HLS/HLSS30/v002/T01WCN_20240415T234619,S30,1713224779000,rejected_non_intersecting_native_grid
2024-04,NASA/HLS/HLSS30/v002/T01WCQ_20240415T234619,S30,1713224779000,rejected_non_intersecting_native_grid
2024-04,NASA/HLS/HLSS30/v002/T01WCR_20240415T234619,S30,1713224779000,rejected_non_intersecting_native_grid
2024-04,NASA/HLS/HLSS30/v002/T60VXR_20240415T234619,S30,1713224779000,rejected_non_intersecting_native_grid
2024-04,NASA/HLS/HLSL30/v002/T50SLG_20240416T025411,L30,1713236051000,native_grid_intersects_roi
2024-04,NASA/HLS/HLSS30/v002/T50SLG_20240416T030529,S30,1713236729000,native_grid_intersects_roi
2024-04,NASA/HLS/HLSS30/v002/T01UBT_20240416T231559,S30,1713309359000,rejected_non_intersecting_native_grid
2024-04,NASA/HLS/HLSS30/v002/T60UXC_20240416T231559,S30,1713309359000,rejected_non_intersecting_native_grid
2024-04,NASA/HLS/HLSS30/v002/T01WCS_20240417T000611,S30,1713312371000,rejected_non_intersecting_native_grid
2024-04,NASA/HLS/HLSS30/v002/T01WCU_20240417T000611,S30,1713312371000,rejected_non_intersecting_native_grid
2024-04,NASA/HLS/HLSS30/v002/T01WCV_20240417T000611,S30,1713312371000,rejected_non_intersecting_native_grid
2024-04,NASA/HLS/HLSS30/v002/T60WWE_20240417T000611,S30,1713312371000,rejected_non_intersecting_native_grid
2024-04,NASA/HLS/HLSS30/v002/T01KAA_20240417T221941,S30,1713392381000,rejected_non_intersecting_native_grid
2024-04,NASA/HLS/HLSS30/v002/T01KAB_20240417T221941,S30,1713392381000,rejected_non_intersecting_native_grid
2024-04,NASA/HLS/HLSS30/v002/T01KAU_20240417T221941,S30,1713392381000,rejected_non_intersecting_native_grid
2024-04,NASA/HLS/HLSS30/v002/T01KAV_20240417T221941,S30,1713392381000,rejected_non_intersecting_native_grid
2024-04,NASA/HLS/HLSS30/v002/T01LAC_20240417T221941,S30,1713392381000,rejected_non_intersecting_native_grid
2024-04,NASA/HLS/HLSS30/v002/T01VCK_20240417T233651,S30,1713397011000,rejected_non_intersecting_native_grid
2024-04,NASA/HLS/HLSS30/v002/T01VCL_20240417T233651,S30,1713397011000,rejected_non_intersecting_native_grid
2024-04,NASA/HLS/HLSS30/v002/T01WCN_20240417T233651,S30,1713397011000,rejected_non_intersecting_native_grid
2024-04,NASA/HLS/HLSS30/v002/T01WCP_20240417T233651,S30,1713397011000,rejected_non_intersecting_native_grid
2024-04,NASA/HLS/HLSS30/v002/T60VXQ_20240417T233651,S30,1713397011000,rejected_non_intersecting_native_grid
2024-04,NASA/HLS/HLSS30/v002/T01WCV_20240418T002609,S30,1713399969000,rejected_non_intersecting_native_grid
2024-04,NASA/HLS/HLSS30/v002/T60WWE_20240418T002609,S30,1713399969000,rejected_non_intersecting_native_grid
2024-04,NASA/HLS/HLSS30/v002/T01UBS_20240418T230531,S30,1713481531000,rejected_non_intersecting_native_grid
2024-04,NASA/HLS/HLSS30/v002/T01UBT_20240418T230531,S30,1713481531000,rejected_non_intersecting_native_grid
2024-04,NASA/HLS/HLSS30/v002/T60UXC_20240418T230531,S30,1713481531000,rejected_non_intersecting_native_grid
2024-04,NASA/HLS/HLSS30/v002/T01WCQ_20240418T235619,S30,1713484579000,rejected_non_intersecting_native_grid
2024-04,NASA/HLS/HLSS30/v002/T01WCR_20240418T235619,S30,1713484579000,rejected_non_intersecting_native_grid
2024-04,NASA/HLS/HLSS30/v002/T01WCS_20240418T235619,S30,1713484579000,rejected_non_intersecting_native_grid
2024-04,NASA/HLS/HLSS30/v002/T01WCT_20240418T235619,S30,1713484579000,rejected_non_intersecting_native_grid
2024-04,NASA/HLS/HLSS30/v002/T01WCU_20240418T235619,S30,1713484579000,rejected_non_intersecting_native_grid
2024-04,NASA/HLS/HLSS30/v002/T01VCK_20240419T232629,S30,1713569189000,rejected_non_intersecting_native_grid
2024-04,NASA/HLS/HLSS30/v002/T60VXQ_20240419T232629,S30,1713569189000,rejected_non_intersecting_native_grid
2024-04,NASA/HLS/HLSS30/v002/T01WCU_20240420T001611,S30,1713572171000,rejected_non_intersecting_native_grid
2024-04,NASA/HLS/HLSS30/v002/T01WCV_20240420T001611,S30,1713572171000,rejected_non_intersecting_native_grid
2024-04,NASA/HLS/HLSS30/v002/T60WWE_20240420T001611,S30,1713572171000,rejected_non_intersecting_native_grid
2024-04,NASA/HLS/HLSS30/v002/T01FBF_20240420T214909,S30,1713649749000,rejected_non_intersecting_native_grid
2024-04,NASA/HLS/HLSS30/v002/T01LAK_20240420T222801,S30,1713652081000,rejected_non_intersecting_native_grid
2024-04,NASA/HLS/HLSS30/v002/T01WCN_20240420T234621,S30,1713656781000,rejected_non_intersecting_native_grid
2024-04,NASA/HLS/HLSS30/v002/T01WCQ_20240420T234621,S30,1713656781000,rejected_non_intersecting_native_grid
2024-04,NASA/HLS/HLSS30/v002/T01WCR_20240420T234621,S30,1713656781000,rejected_non_intersecting_native_grid
2024-04,NASA/HLS/HLSS30/v002/T50SLG_20240421T030531,S30,1713668731000,native_grid_intersects_roi
2024-04,NASA/HLS/HLSS30/v002/T01WCU_20240422T000609,S30,1713744369000,rejected_non_intersecting_native_grid
2024-04,NASA/HLS/HLSS30/v002/T01WCV_20240422T000609,S30,1713744369000,rejected_non_intersecting_native_grid
2024-04,NASA/HLS/HLSS30/v002/T60WWE_20240422T000609,S30,1713744369000,rejected_non_intersecting_native_grid
2024-04,NASA/HLS/HLSS30/v002/T01KAA_20240422T221939,S30,1713824379000,rejected_non_intersecting_native_grid
2024-04,NASA/HLS/HLSS30/v002/T01KAB_20240422T221939,S30,1713824379000,rejected_non_intersecting_native_grid
2024-04,NASA/HLS/HLSS30/v002/T01KAV_20240422T221939,S30,1713824379000,rejected_non_intersecting_native_grid
2024-04,NASA/HLS/HLSS30/v002/T01LAC_20240422T221939,S30,1713824379000,rejected_non_intersecting_native_grid
2024-04,NASA/HLS/HLSS30/v002/T01WCN_20240422T233649,S30,1713829009000,rejected_non_intersecting_native_grid
2024-04,NASA/HLS/HLSS30/v002/T01WCV_20240423T002611,S30,1713831971000,rejected_non_intersecting_native_grid
2024-04,NASA/HLS/HLSS30/v002/T60WWE_20240423T002611,S30,1713831971000,rejected_non_intersecting_native_grid
2024-04,NASA/HLS/HLSL30/v002/T50SLG_20240423T030008,L30,1713841208000,native_grid_intersects_roi
2024-04,NASA/HLS/HLSS30/v002/T01UBS_20240423T230529,S30,1713913529000,rejected_non_intersecting_native_grid
2024-04,NASA/HLS/HLSS30/v002/T01UBT_20240423T230529,S30,1713913529000,rejected_non_intersecting_native_grid
2024-04,NASA/HLS/HLSS30/v002/T60UXB_20240423T230529,S30,1713913529000,rejected_non_intersecting_native_grid
2024-04,NASA/HLS/HLSS30/v002/T60UXC_20240423T230529,S30,1713913529000,rejected_non_intersecting_native_grid
2024-04,NASA/HLS/HLSS30/v002/T01WCQ_20240423T235621,S30,1713916581000,rejected_non_intersecting_native_grid
2024-04,NASA/HLS/HLSS30/v002/T01WCR_20240423T235621,S30,1713916581000,rejected_non_intersecting_native_grid
2024-04,NASA/HLS/HLSS30/v002/T01WCS_20240423T235621,S30,1713916581000,rejected_non_intersecting_native_grid
2024-04,NASA/HLS/HLSS30/v002/T01WCT_20240423T235621,S30,1713916581000,rejected_non_intersecting_native_grid
2024-04,NASA/HLS/HLSS30/v002/T01WCU_20240423T235621,S30,1713916581000,rejected_non_intersecting_native_grid
2024-04,NASA/HLS/HLSL30/v002/T50SLG_20240424T025346,L30,1713927226000,native_grid_intersects_roi
2024-04,NASA/HLS/HLSS30/v002/T01WCT_20240425T001609,S30,1714004169000,rejected_non_intersecting_native_grid
2024-04,NASA/HLS/HLSS30/v002/T01WCU_20240425T001609,S30,1714004169000,rejected_non_intersecting_native_grid
2024-04,NASA/HLS/HLSS30/v002/T01FBF_20240425T214911,S30,1714081751000,rejected_non_intersecting_native_grid
2024-04,NASA/HLS/HLSS30/v002/T01LAK_20240425T222759,S30,1714084079000,rejected_non_intersecting_native_grid
2024-04,NASA/HLS/HLSS30/v002/T01WCQ_20240425T234619,S30,1714088779000,rejected_non_intersecting_native_grid
2024-04,NASA/HLS/HLSS30/v002/T01WCR_20240425T234619,S30,1714088779000,rejected_non_intersecting_native_grid
2024-04,NASA/HLS/HLSS30/v002/T50SLG_20240426T030519,S30,1714100719000,native_grid_intersects_roi
2024-04,NASA/HLS/HLSS30/v002/T01UBT_20240426T231549,S30,1714173349000,rejected_non_intersecting_native_grid
2024-04,NASA/HLS/HLSS30/v002/T60UXC_20240426T231549,S30,1714173349000,rejected_non_intersecting_native_grid
2024-04,NASA/HLS/HLSS30/v002/T01WCS_20240427T000611,S30,1714176371000,rejected_non_intersecting_native_grid
2024-04,NASA/HLS/HLSS30/v002/T01WCT_20240427T000611,S30,1714176371000,rejected_non_intersecting_native_grid
2024-04,NASA/HLS/HLSS30/v002/T01WCU_20240427T000611,S30,1714176371000,rejected_non_intersecting_native_grid
2024-04,NASA/HLS/HLSS30/v002/T01WCV_20240427T000611,S30,1714176371000,rejected_non_intersecting_native_grid
2024-04,NASA/HLS/HLSS30/v002/T60WWE_20240427T000611,S30,1714176371000,rejected_non_intersecting_native_grid
2024-04,NASA/HLS/HLSS30/v002/T01KAA_20240427T221941,S30,1714256381000,rejected_non_intersecting_native_grid
2024-04,NASA/HLS/HLSS30/v002/T01KAB_20240427T221941,S30,1714256381000,rejected_non_intersecting_native_grid
2024-04,NASA/HLS/HLSS30/v002/T01KAU_20240427T221941,S30,1714256381000,rejected_non_intersecting_native_grid
2024-04,NASA/HLS/HLSS30/v002/T01KAV_20240427T221941,S30,1714256381000,rejected_non_intersecting_native_grid
2024-04,NASA/HLS/HLSS30/v002/T01LAC_20240427T221941,S30,1714256381000,rejected_non_intersecting_native_grid
2024-04,NASA/HLS/HLSS30/v002/T01VCK_20240427T233651,S30,1714261011000,rejected_non_intersecting_native_grid
2024-04,NASA/HLS/HLSS30/v002/T01VCL_20240427T233651,S30,1714261011000,rejected_non_intersecting_native_grid
2024-04,NASA/HLS/HLSS30/v002/T01WCM_20240427T233651,S30,1714261011000,rejected_non_intersecting_native_grid
2024-04,NASA/HLS/HLSS30/v002/T01WCN_20240427T233651,S30,1714261011000,rejected_non_intersecting_native_grid
2024-04,NASA/HLS/HLSS30/v002/T01WCP_20240427T233651,S30,1714261011000,rejected_non_intersecting_native_grid
2024-04,NASA/HLS/HLSS30/v002/T60VXQ_20240427T233651,S30,1714261011000,rejected_non_intersecting_native_grid
2024-04,NASA/HLS/HLSS30/v002/T60VXR_20240427T233651,S30,1714261011000,rejected_non_intersecting_native_grid
2024-04,NASA/HLS/HLSS30/v002/T01WCR_20240428T235619,S30,1714348579000,rejected_non_intersecting_native_grid
2024-04,NASA/HLS/HLSS30/v002/T01WCS_20240428T235619,S30,1714348579000,rejected_non_intersecting_native_grid
2024-04,NASA/HLS/HLSS30/v002/T01WCT_20240428T235619,S30,1714348579000,rejected_non_intersecting_native_grid
2024-04,NASA/HLS/HLSS30/v002/T01WCU_20240428T235619,S30,1714348579000,rejected_non_intersecting_native_grid
2024-04,NASA/HLS/HLSS30/v002/T01VCK_20240429T232629,S30,1714433189000,rejected_non_intersecting_native_grid
2024-04,NASA/HLS/HLSS30/v002/T60VXQ_20240429T232629,S30,1714433189000,rejected_non_intersecting_native_grid
2024-04,NASA/HLS/HLSS30/v002/T01WCU_20240430T001611,S30,1714436171000,rejected_non_intersecting_native_grid
2024-04,NASA/HLS/HLSS30/v002/T01WCV_20240430T001611,S30,1714436171000,rejected_non_intersecting_native_grid
2024-04,NASA/HLS/HLSS30/v002/T60WWE_20240430T001611,S30,1714436171000,rejected_non_intersecting_native_grid
2024-04,NASA/HLS/HLSS30/v002/T01FBF_20240430T214909,S30,1714513749000,rejected_non_intersecting_native_grid
2024-04,NASA/HLS/HLSS30/v002/T01WCN_20240430T234621,S30,1714520781000,rejected_non_intersecting_native_grid
2024-04,NASA/HLS/HLSS30/v002/T01WCP_20240430T234621,S30,1714520781000,rejected_non_intersecting_native_grid
2024-05,NASA/HLS/HLSL30/v002/T50SLG_20240501T025950,L30,1714532390000,native_grid_intersects_roi
2024-05,NASA/HLS/HLSS30/v002/T50SLG_20240501T030551,S30,1714532751000,native_grid_intersects_roi
2024-05,NASA/HLS/HLSS30/v002/T01UBT_20240501T231601,S30,1714605361000,rejected_non_intersecting_native_grid
2024-05,NASA/HLS/HLSS30/v002/T60UXC_20240501T231601,S30,1714605361000,rejected_non_intersecting_native_grid
2024-05,NASA/HLS/HLSS30/v002/T01WCU_20240502T000609,S30,1714608369000,rejected_non_intersecting_native_grid
2024-05,NASA/HLS/HLSS30/v002/T60WWE_20240502T000609,S30,1714608369000,rejected_non_intersecting_native_grid
2024-05,NASA/HLS/HLSL30/v002/T50SLG_20240502T025354,L30,1714618434000,native_grid_intersects_roi
2024-05,NASA/HLS/HLSS30/v002/T01KAA_20240502T221939,S30,1714688379000,rejected_non_intersecting_native_grid
2024-05,NASA/HLS/HLSS30/v002/T01KAB_20240502T221939,S30,1714688379000,rejected_non_intersecting_native_grid
2024-05,NASA/HLS/HLSS30/v002/T01KAU_20240502T221939,S30,1714688379000,rejected_non_intersecting_native_grid
2024-05,NASA/HLS/HLSS30/v002/T01KAV_20240502T221939,S30,1714688379000,rejected_non_intersecting_native_grid
2024-05,NASA/HLS/HLSS30/v002/T01LAC_20240502T221939,S30,1714688379000,rejected_non_intersecting_native_grid
2024-05,NASA/HLS/HLSS30/v002/T01VCL_20240502T233649,S30,1714693009000,rejected_non_intersecting_native_grid
2024-05,NASA/HLS/HLSS30/v002/T01WCM_20240502T233649,S30,1714693009000,rejected_non_intersecting_native_grid
2024-05,NASA/HLS/HLSS30/v002/T01WCN_20240502T233649,S30,1714693009000,rejected_non_intersecting_native_grid
2024-05,NASA/HLS/HLSS30/v002/T01WCP_20240502T233649,S30,1714693009000,rejected_non_intersecting_native_grid
2024-05,NASA/HLS/HLSS30/v002/T01UBT_20240503T230529,S30,1714777529000,rejected_non_intersecting_native_grid
2024-05,NASA/HLS/HLSS30/v002/T01WCR_20240503T235621,S30,1714780581000,rejected_non_intersecting_native_grid
2024-05,NASA/HLS/HLSS30/v002/T01WCS_20240503T235621,S30,1714780581000,rejected_non_intersecting_native_grid
2024-05,NASA/HLS/HLSS30/v002/T01WCT_20240503T235621,S30,1714780581000,rejected_non_intersecting_native_grid
2024-05,NASA/HLS/HLSS30/v002/T01WCU_20240503T235621,S30,1714780581000,rejected_non_intersecting_native_grid
2024-05,NASA/HLS/HLSS30/v002/T01VCK_20240504T232631,S30,1714865191000,rejected_non_intersecting_native_grid
2024-05,NASA/HLS/HLSS30/v002/T60VXQ_20240504T232631,S30,1714865191000,rejected_non_intersecting_native_grid
2024-05,NASA/HLS/HLSS30/v002/T01WCT_20240505T001609,S30,1714868169000,rejected_non_intersecting_native_grid
2024-05,NASA/HLS/HLSS30/v002/T01WCU_20240505T001609,S30,1714868169000,rejected_non_intersecting_native_grid
2024-05,NASA/HLS/HLSS30/v002/T01WCV_20240505T001609,S30,1714868169000,rejected_non_intersecting_native_grid
2024-05,NASA/HLS/HLSS30/v002/T01LAK_20240505T222759,S30,1714948079000,rejected_non_intersecting_native_grid
2024-05,NASA/HLS/HLSS30/v002/T01VCL_20240505T234619,S30,1714952779000,rejected_non_intersecting_native_grid
2024-05,NASA/HLS/HLSS30/v002/T01WCM_20240505T234619,S30,1714952779000,rejected_non_intersecting_native_grid
2024-05,NASA/HLS/HLSS30/v002/T01WCN_20240505T234619,S30,1714952779000,rejected_non_intersecting_native_grid
2024-05,NASA/HLS/HLSS30/v002/T01WCP_20240505T234619,S30,1714952779000,rejected_non_intersecting_native_grid
2024-05,NASA/HLS/HLSS30/v002/T01WCR_20240505T234619,S30,1714952779000,rejected_non_intersecting_native_grid
2024-05,NASA/HLS/HLSS30/v002/T60VXR_20240505T234619,S30,1714952779000,rejected_non_intersecting_native_grid
2024-05,NASA/HLS/HLSS30/v002/T01UBT_20240506T231559,S30,1715037359000,rejected_non_intersecting_native_grid
2024-05,NASA/HLS/HLSS30/v002/T60UXC_20240506T231559,S30,1715037359000,rejected_non_intersecting_native_grid
2024-05,NASA/HLS/HLSS30/v002/T01WCS_20240507T000611,S30,1715040371000,rejected_non_intersecting_native_grid
2024-05,NASA/HLS/HLSS30/v002/T01WCT_20240507T000611,S30,1715040371000,rejected_non_intersecting_native_grid
2024-05,NASA/HLS/HLSS30/v002/T01WCU_20240507T000611,S30,1715040371000,rejected_non_intersecting_native_grid
2024-05,NASA/HLS/HLSS30/v002/T01WCV_20240507T000611,S30,1715040371000,rejected_non_intersecting_native_grid
2024-05,NASA/HLS/HLSS30/v002/T60WWE_20240507T000611,S30,1715040371000,rejected_non_intersecting_native_grid
2024-05,NASA/HLS/HLSS30/v002/T01KAA_20240507T221941,S30,1715120381000,rejected_non_intersecting_native_grid
2024-05,NASA/HLS/HLSS30/v002/T01KAU_20240507T221941,S30,1715120381000,rejected_non_intersecting_native_grid
2024-05,NASA/HLS/HLSS30/v002/T01KAV_20240507T221941,S30,1715120381000,rejected_non_intersecting_native_grid
2024-05,NASA/HLS/HLSS30/v002/T01WCM_20240507T233651,S30,1715125011000,rejected_non_intersecting_native_grid
2024-05,NASA/HLS/HLSS30/v002/T01WCN_20240507T233651,S30,1715125011000,rejected_non_intersecting_native_grid
2024-05,NASA/HLS/HLSS30/v002/T01WCP_20240507T233651,S30,1715125011000,rejected_non_intersecting_native_grid
2024-05,NASA/HLS/HLSS30/v002/T01WCP_20240508T235619,S30,1715212579000,rejected_non_intersecting_native_grid
2024-05,NASA/HLS/HLSS30/v002/T01WCR_20240508T235619,S30,1715212579000,rejected_non_intersecting_native_grid
2024-05,NASA/HLS/HLSS30/v002/T01WCT_20240508T235619,S30,1715212579000,rejected_non_intersecting_native_grid
2024-05,NASA/HLS/HLSS30/v002/T01WCU_20240508T235619,S30,1715212579000,rejected_non_intersecting_native_grid
2024-05,NASA/HLS/HLSL30/v002/T50SLG_20240509T030006,L30,1715223606000,native_grid_intersects_roi
2024-05,NASA/HLS/HLSS30/v002/T01VCK_20240509T232629,S30,1715297189000,rejected_non_intersecting_native_grid
2024-05,NASA/HLS/HLSS30/v002/T60VXQ_20240509T232629,S30,1715297189000,rejected_non_intersecting_native_grid
2024-05,NASA/HLS/HLSS30/v002/T01WCT_20240510T001611,S30,1715300171000,rejected_non_intersecting_native_grid
2024-05,NASA/HLS/HLSS30/v002/T01WCU_20240510T001611,S30,1715300171000,rejected_non_intersecting_native_grid
2024-05,NASA/HLS/HLSL30/v002/T50SLG_20240510T025334,L30,1715309614000,native_grid_intersects_roi
2024-05,NASA/HLS/HLSS30/v002/T01FBF_20240510T214909,S30,1715377749000,rejected_non_intersecting_native_grid
2024-05,NASA/HLS/HLSS30/v002/T01VCL_20240510T234621,S30,1715384781000,rejected_non_intersecting_native_grid
2024-05,NASA/HLS/HLSS30/v002/T01WCM_20240510T234621,S30,1715384781000,rejected_non_intersecting_native_grid
2024-05,NASA/HLS/HLSS30/v002/T01WCN_20240510T234621,S30,1715384781000,rejected_non_intersecting_native_grid
2024-05,NASA/HLS/HLSS30/v002/T01WCP_20240510T234621,S30,1715384781000,rejected_non_intersecting_native_grid
2024-05,NASA/HLS/HLSS30/v002/T01WCR_20240510T234621,S30,1715384781000,rejected_non_intersecting_native_grid
2024-05,NASA/HLS/HLSS30/v002/T60VXR_20240510T234621,S30,1715384781000,rejected_non_intersecting_native_grid
2024-05,NASA/HLS/HLSS30/v002/T50SLG_20240511T030551,S30,1715396751000,native_grid_intersects_roi
2024-05,NASA/HLS/HLSS30/v002/T60UXC_20240511T231601,S30,1715469361000,rejected_non_intersecting_native_grid
2024-05,NASA/HLS/HLSS30/v002/T01WCS_20240512T000609,S30,1715472369000,rejected_non_intersecting_native_grid
2024-05,NASA/HLS/HLSS30/v002/T01WCT_20240512T000609,S30,1715472369000,rejected_non_intersecting_native_grid
2024-05,NASA/HLS/HLSS30/v002/T01WCU_20240512T000609,S30,1715472369000,rejected_non_intersecting_native_grid
2024-05,NASA/HLS/HLSS30/v002/T01WCV_20240512T000609,S30,1715472369000,rejected_non_intersecting_native_grid
2024-05,NASA/HLS/HLSS30/v002/T60WWE_20240512T000609,S30,1715472369000,rejected_non_intersecting_native_grid
2024-05,NASA/HLS/HLSS30/v002/T01KAA_20240512T221939,S30,1715552379000,rejected_non_intersecting_native_grid
2024-05,NASA/HLS/HLSS30/v002/T01KAB_20240512T221939,S30,1715552379000,rejected_non_intersecting_native_grid
2024-05,NASA/HLS/HLSS30/v002/T01KAU_20240512T221939,S30,1715552379000,rejected_non_intersecting_native_grid
2024-05,NASA/HLS/HLSS30/v002/T01KAV_20240512T221939,S30,1715552379000,rejected_non_intersecting_native_grid
2024-05,NASA/HLS/HLSS30/v002/T01LAC_20240512T221939,S30,1715552379000,rejected_non_intersecting_native_grid
2024-05,NASA/HLS/HLSS30/v002/T01VCL_20240512T233649,S30,1715557009000,rejected_non_intersecting_native_grid
2024-05,NASA/HLS/HLSS30/v002/T01WCM_20240512T233649,S30,1715557009000,rejected_non_intersecting_native_grid
2024-05,NASA/HLS/HLSS30/v002/T01WCN_20240512T233649,S30,1715557009000,rejected_non_intersecting_native_grid
2024-05,NASA/HLS/HLSS30/v002/T01WCP_20240512T233649,S30,1715557009000,rejected_non_intersecting_native_grid
2024-05,NASA/HLS/HLSS30/v002/T60VXR_20240512T233649,S30,1715557009000,rejected_non_intersecting_native_grid
2024-05,NASA/HLS/HLSS30/v002/T01UBS_20240513T230529,S30,1715641529000,rejected_non_intersecting_native_grid
2024-05,NASA/HLS/HLSS30/v002/T01UBT_20240513T230529,S30,1715641529000,rejected_non_intersecting_native_grid
2024-05,NASA/HLS/HLSS30/v002/T60UXC_20240513T230529,S30,1715641529000,rejected_non_intersecting_native_grid
2024-05,NASA/HLS/HLSS30/v002/T01WCP_20240513T235621,S30,1715644581000,rejected_non_intersecting_native_grid
2024-05,NASA/HLS/HLSS30/v002/T01WCR_20240513T235621,S30,1715644581000,rejected_non_intersecting_native_grid
2024-05,NASA/HLS/HLSS30/v002/T01WCU_20240513T235621,S30,1715644581000,rejected_non_intersecting_native_grid
2024-05,NASA/HLS/HLSS30/v002/T01WCU_20240515T001609,S30,1715732169000,rejected_non_intersecting_native_grid
2024-05,NASA/HLS/HLSS30/v002/T01FBF_20240515T214911,S30,1715809751000,rejected_non_intersecting_native_grid
2024-05,NASA/HLS/HLSS30/v002/T01LAK_20240515T222759,S30,1715812079000,rejected_non_intersecting_native_grid
2024-05,NASA/HLS/HLSS30/v002/T01WCM_20240515T234619,S30,1715816779000,rejected_non_intersecting_native_grid
2024-05,NASA/HLS/HLSS30/v002/T01WCN_20240515T234619,S30,1715816779000,rejected_non_intersecting_native_grid
2024-05,NASA/HLS/HLSS30/v002/T01WCQ_20240515T234619,S30,1715816779000,rejected_non_intersecting_native_grid
2024-05,NASA/HLS/HLSS30/v002/T01WCR_20240515T234619,S30,1715816779000,rejected_non_intersecting_native_grid
2024-05,NASA/HLS/HLSS30/v002/T50SLG_20240516T030519,S30,1715828719000,native_grid_intersects_roi
2024-05,NASA/HLS/HLSS30/v002/T01WCS_20240517T000611,S30,1715904371000,rejected_non_intersecting_native_grid
2024-05,NASA/HLS/HLSS30/v002/T01WCT_20240517T000611,S30,1715904371000,rejected_non_intersecting_native_grid
2024-05,NASA/HLS/HLSS30/v002/T01WCV_20240517T000611,S30,1715904371000,rejected_non_intersecting_native_grid
2024-05,NASA/HLS/HLSL30/v002/T50SLG_20240517T025936,L30,1715914776000,native_grid_intersects_roi
2024-05,NASA/HLS/HLSS30/v002/T01KAA_20240517T221941,S30,1715984381000,rejected_non_intersecting_native_grid
2024-05,NASA/HLS/HLSS30/v002/T01KAB_20240517T221941,S30,1715984381000,rejected_non_intersecting_native_grid
2024-05,NASA/HLS/HLSS30/v002/T01KAU_20240517T221941,S30,1715984381000,rejected_non_intersecting_native_grid
2024-05,NASA/HLS/HLSS30/v002/T01KAV_20240517T221941,S30,1715984381000,rejected_non_intersecting_native_grid
2024-05,NASA/HLS/HLSS30/v002/T01LAC_20240517T221941,S30,1715984381000,rejected_non_intersecting_native_grid
2024-05,NASA/HLS/HLSS30/v002/T01VCK_20240517T233651,S30,1715989011000,rejected_non_intersecting_native_grid
2024-05,NASA/HLS/HLSS30/v002/T01WCP_20240517T233651,S30,1715989011000,rejected_non_intersecting_native_grid
2024-05,NASA/HLS/HLSS30/v002/T60VXQ_20240517T233651,S30,1715989011000,rejected_non_intersecting_native_grid
2024-05,NASA/HLS/HLSL30/v002/T50SLG_20240518T025347,L30,1716000827000,native_grid_intersects_roi
2024-05,NASA/HLS/HLSS30/v002/T01WCQ_20240518T235609,S30,1716076569000,rejected_non_intersecting_native_grid
2024-05,NASA/HLS/HLSS30/v002/T01WCT_20240518T235609,S30,1716076569000,rejected_non_intersecting_native_grid
2024-05,NASA/HLS/HLSS30/v002/T01WCU_20240518T235609,S30,1716076569000,rejected_non_intersecting_native_grid
2024-05,NASA/HLS/HLSS30/v002/T01WCU_20240520T001611,S30,1716164171000,rejected_non_intersecting_native_grid
2024-05,NASA/HLS/HLSS30/v002/T01WCV_20240520T001611,S30,1716164171000,rejected_non_intersecting_native_grid
2024-05,NASA/HLS/HLSS30/v002/T60WWE_20240520T001611,S30,1716164171000,rejected_non_intersecting_native_grid
2024-05,NASA/HLS/HLSS30/v002/T01FBF_20240520T214909,S30,1716241749000,rejected_non_intersecting_native_grid
2024-05,NASA/HLS/HLSS30/v002/T01LAK_20240520T222801,S30,1716244081000,rejected_non_intersecting_native_grid
2024-05,NASA/HLS/HLSS30/v002/T01WCN_20240520T234621,S30,1716248781000,rejected_non_intersecting_native_grid
2024-05,NASA/HLS/HLSS30/v002/T50SLG_20240521T030521,S30,1716260721000,native_grid_intersects_roi
2024-05,NASA/HLS/HLSS30/v002/T01UBT_20240521T231551,S30,1716333351000,rejected_non_intersecting_native_grid
2024-05,NASA/HLS/HLSS30/v002/T60UXC_20240521T231551,S30,1716333351000,rejected_non_intersecting_native_grid
2024-05,NASA/HLS/HLSS30/v002/T01WCS_20240522T000609,S30,1716336369000,rejected_non_intersecting_native_grid
2024-05,NASA/HLS/HLSS30/v002/T01WCU_20240522T000609,S30,1716336369000,rejected_non_intersecting_native_grid
2024-05,NASA/HLS/HLSS30/v002/T01WCV_20240522T000609,S30,1716336369000,rejected_non_intersecting_native_grid
2024-05,NASA/HLS/HLSS30/v002/T60WWE_20240522T000609,S30,1716336369000,rejected_non_intersecting_native_grid
2024-05,NASA/HLS/HLSS30/v002/T01KAA_20240522T221939,S30,1716416379000,rejected_non_intersecting_native_grid
2024-05,NASA/HLS/HLSS30/v002/T01KAB_20240522T221939,S30,1716416379000,rejected_non_intersecting_native_grid
2024-05,NASA/HLS/HLSS30/v002/T01KAU_20240522T221939,S30,1716416379000,rejected_non_intersecting_native_grid
2024-05,NASA/HLS/HLSS30/v002/T01KAV_20240522T221939,S30,1716416379000,rejected_non_intersecting_native_grid
2024-05,NASA/HLS/HLSS30/v002/T01LAC_20240522T221939,S30,1716416379000,rejected_non_intersecting_native_grid
2024-05,NASA/HLS/HLSS30/v002/T01VCK_20240522T233649,S30,1716421009000,rejected_non_intersecting_native_grid
2024-05,NASA/HLS/HLSS30/v002/T01VCL_20240522T233649,S30,1716421009000,rejected_non_intersecting_native_grid
2024-05,NASA/HLS/HLSS30/v002/T01WCN_20240522T233649,S30,1716421009000,rejected_non_intersecting_native_grid
2024-05,NASA/HLS/HLSS30/v002/T01WCP_20240522T233649,S30,1716421009000,rejected_non_intersecting_native_grid
2024-05,NASA/HLS/HLSS30/v002/T60VXQ_20240522T233649,S30,1716421009000,rejected_non_intersecting_native_grid
2024-05,NASA/HLS/HLSS30/v002/T60VXR_20240522T233649,S30,1716421009000,rejected_non_intersecting_native_grid
2024-05,NASA/HLS/HLSS30/v002/T01UBT_20240523T230529,S30,1716505529000,rejected_non_intersecting_native_grid
2024-05,NASA/HLS/HLSS30/v002/T60UXC_20240523T230529,S30,1716505529000,rejected_non_intersecting_native_grid
2024-05,NASA/HLS/HLSS30/v002/T01WCP_20240523T235611,S30,1716508571000,rejected_non_intersecting_native_grid
2024-05,NASA/HLS/HLSS30/v002/T01WCR_20240523T235611,S30,1716508571000,rejected_non_intersecting_native_grid
2024-05,NASA/HLS/HLSS30/v002/T01WCS_20240523T235611,S30,1716508571000,rejected_non_intersecting_native_grid
2024-05,NASA/HLS/HLSS30/v002/T01WCT_20240523T235611,S30,1716508571000,rejected_non_intersecting_native_grid
2024-05,NASA/HLS/HLSS30/v002/T01WCU_20240523T235611,S30,1716508571000,rejected_non_intersecting_native_grid
2024-05,NASA/HLS/HLSS30/v002/T01WCT_20240525T001609,S30,1716596169000,rejected_non_intersecting_native_grid
2024-05,NASA/HLS/HLSS30/v002/T01WCU_20240525T001609,S30,1716596169000,rejected_non_intersecting_native_grid
2024-05,NASA/HLS/HLSS30/v002/T01WCV_20240525T001609,S30,1716596169000,rejected_non_intersecting_native_grid
2024-05,NASA/HLS/HLSS30/v002/T60WWE_20240525T001609,S30,1716596169000,rejected_non_intersecting_native_grid
2024-05,NASA/HLS/HLSS30/v002/T01LAK_20240525T222759,S30,1716676079000,rejected_non_intersecting_native_grid
2024-05,NASA/HLS/HLSS30/v002/T01VCL_20240525T234619,S30,1716680779000,rejected_non_intersecting_native_grid
2024-05,NASA/HLS/HLSS30/v002/T01WCM_20240525T234619,S30,1716680779000,rejected_non_intersecting_native_grid
2024-05,NASA/HLS/HLSS30/v002/T01WCN_20240525T234619,S30,1716680779000,rejected_non_intersecting_native_grid
2024-05,NASA/HLS/HLSS30/v002/T01WCP_20240525T234619,S30,1716680779000,rejected_non_intersecting_native_grid
2024-05,NASA/HLS/HLSS30/v002/T01WCR_20240525T234619,S30,1716680779000,rejected_non_intersecting_native_grid
2024-05,NASA/HLS/HLSS30/v002/T60VXR_20240525T234619,S30,1716680779000,rejected_non_intersecting_native_grid
2024-05,NASA/HLS/HLSL30/v002/T50SLG_20240526T025322,L30,1716692002000,native_grid_intersects_roi
2024-05,NASA/HLS/HLSS30/v002/T50SLG_20240526T030519,S30,1716692719000,native_grid_intersects_roi
2024-05,NASA/HLS/HLSS30/v002/T01WCS_20240527T000611,S30,1716768371000,rejected_non_intersecting_native_grid
2024-05,NASA/HLS/HLSS30/v002/T01WCU_20240527T000611,S30,1716768371000,rejected_non_intersecting_native_grid
2024-05,NASA/HLS/HLSS30/v002/T01WCV_20240527T000611,S30,1716768371000,rejected_non_intersecting_native_grid
2024-05,NASA/HLS/HLSS30/v002/T60WWE_20240527T000611,S30,1716768371000,rejected_non_intersecting_native_grid
2024-05,NASA/HLS/HLSS30/v002/T01LAC_20240527T221941,S30,1716848381000,rejected_non_intersecting_native_grid
2024-05,NASA/HLS/HLSS30/v002/T01VCK_20240527T233651,S30,1716853011000,rejected_non_intersecting_native_grid
2024-05,NASA/HLS/HLSS30/v002/T01VCL_20240527T233651,S30,1716853011000,rejected_non_intersecting_native_grid
2024-05,NASA/HLS/HLSS30/v002/T01WCM_20240527T233651,S30,1716853011000,rejected_non_intersecting_native_grid
2024-05,NASA/HLS/HLSS30/v002/T01WCN_20240527T233651,S30,1716853011000,rejected_non_intersecting_native_grid
2024-05,NASA/HLS/HLSS30/v002/T01WCP_20240527T233651,S30,1716853011000,rejected_non_intersecting_native_grid
2024-05,NASA/HLS/HLSS30/v002/T60VXQ_20240527T233651,S30,1716853011000,rejected_non_intersecting_native_grid
2024-05,NASA/HLS/HLSS30/v002/T60VXR_20240527T233651,S30,1716853011000,rejected_non_intersecting_native_grid
2024-05,NASA/HLS/HLSS30/v002/T01VCK_20240529T232629,S30,1717025189000,rejected_non_intersecting_native_grid
2024-05,NASA/HLS/HLSS30/v002/T60VXQ_20240529T232629,S30,1717025189000,rejected_non_intersecting_native_grid
2024-05,NASA/HLS/HLSS30/v002/T01WCT_20240530T001611,S30,1717028171000,rejected_non_intersecting_native_grid
2024-05,NASA/HLS/HLSS30/v002/T01WCU_20240530T001611,S30,1717028171000,rejected_non_intersecting_native_grid
2024-05,NASA/HLS/HLSS30/v002/T01LAK_20240530T222801,S30,1717108081000,rejected_non_intersecting_native_grid
2024-05,NASA/HLS/HLSS30/v002/T01VCL_20240530T234621,S30,1717112781000,rejected_non_intersecting_native_grid
2024-05,NASA/HLS/HLSS30/v002/T01WCM_20240530T234621,S30,1717112781000,rejected_non_intersecting_native_grid
2024-05,NASA/HLS/HLSS30/v002/T01WCN_20240530T234621,S30,1717112781000,rejected_non_intersecting_native_grid
2024-05,NASA/HLS/HLSS30/v002/T01WCP_20240530T234621,S30,1717112781000,rejected_non_intersecting_native_grid
2024-05,NASA/HLS/HLSS30/v002/T01WCR_20240530T234621,S30,1717112781000,rejected_non_intersecting_native_grid
2024-05,NASA/HLS/HLSS30/v002/T60VXR_20240530T234621,S30,1717112781000,rejected_non_intersecting_native_grid
2024-05,NASA/HLS/HLSS30/v002/T50SLG_20240531T030531,S30,1717124731000,native_grid_intersects_roi
2024-06,NASA/HLS/HLSS30/v002/T01WCS_20240601T000609,S30,1717200369000,rejected_non_intersecting_native_grid
2024-06,NASA/HLS/HLSS30/v002/T01WCU_20240601T000609,S30,1717200369000,rejected_non_intersecting_native_grid
2024-06,NASA/HLS/HLSS30/v002/T01WCV_20240601T000609,S30,1717200369000,rejected_non_intersecting_native_grid
2024-06,NASA/HLS/HLSS30/v002/T60WWE_20240601T000609,S30,1717200369000,rejected_non_intersecting_native_grid
2024-06,NASA/HLS/HLSS30/v002/T01KAA_20240601T221939,S30,1717280379000,rejected_non_intersecting_native_grid
2024-06,NASA/HLS/HLSS30/v002/T01KAB_20240601T221939,S30,1717280379000,rejected_non_intersecting_native_grid
2024-06,NASA/HLS/HLSS30/v002/T01KAU_20240601T221939,S30,1717280379000,rejected_non_intersecting_native_grid
2024-06,NASA/HLS/HLSS30/v002/T01KAV_20240601T221939,S30,1717280379000,rejected_non_intersecting_native_grid
2024-06,NASA/HLS/HLSS30/v002/T01LAC_20240601T221939,S30,1717280379000,rejected_non_intersecting_native_grid
2024-06,NASA/HLS/HLSS30/v002/T01VCK_20240601T233649,S30,1717285009000,rejected_non_intersecting_native_grid
2024-06,NASA/HLS/HLSS30/v002/T01VCL_20240601T233649,S30,1717285009000,rejected_non_intersecting_native_grid
2024-06,NASA/HLS/HLSS30/v002/T01WCM_20240601T233649,S30,1717285009000,rejected_non_intersecting_native_grid
2024-06,NASA/HLS/HLSS30/v002/T01WCN_20240601T233649,S30,1717285009000,rejected_non_intersecting_native_grid
2024-06,NASA/HLS/HLSS30/v002/T01WCP_20240601T233649,S30,1717285009000,rejected_non_intersecting_native_grid
2024-06,NASA/HLS/HLSS30/v002/T60VXQ_20240601T233649,S30,1717285009000,rejected_non_intersecting_native_grid
2024-06,NASA/HLS/HLSS30/v002/T60VXR_20240601T233649,S30,1717285009000,rejected_non_intersecting_native_grid
2024-06,NASA/HLS/HLSL30/v002/T50SLG_20240602T025933,L30,1717297173000,native_grid_intersects_roi
2024-06,NASA/HLS/HLSS30/v002/T01UBS_20240602T230529,S30,1717369529000,rejected_non_intersecting_native_grid
2024-06,NASA/HLS/HLSS30/v002/T01WCP_20240602T235621,S30,1717372581000,rejected_non_intersecting_native_grid
2024-06,NASA/HLS/HLSS30/v002/T01WCQ_20240602T235621,S30,1717372581000,rejected_non_intersecting_native_grid
2024-06,NASA/HLS/HLSS30/v002/T01WCR_20240602T235621,S30,1717372581000,rejected_non_intersecting_native_grid
2024-06,NASA/HLS/HLSS30/v002/T01WCS_20240602T235621,S30,1717372581000,rejected_non_intersecting_native_grid
2024-06,NASA/HLS/HLSS30/v002/T01WCT_20240602T235621,S30,1717372581000,rejected_non_intersecting_native_grid
2024-06,NASA/HLS/HLSS30/v002/T01WCU_20240602T235621,S30,1717372581000,rejected_non_intersecting_native_grid
2024-06,NASA/HLS/HLSL30/v002/T50SLG_20240603T025341,L30,1717383221000,native_grid_intersects_roi
2024-06,NASA/HLS/HLSS30/v002/T01VCK_20240603T232641,S30,1717457201000,rejected_non_intersecting_native_grid
2024-06,NASA/HLS/HLSS30/v002/T60VXQ_20240603T232641,S30,1717457201000,rejected_non_intersecting_native_grid
2024-06,NASA/HLS/HLSS30/v002/T01WCU_20240604T001609,S30,1717460169000,rejected_non_intersecting_native_grid
2024-06,NASA/HLS/HLSS30/v002/T01LAK_20240604T222759,S30,1717540079000,rejected_non_intersecting_native_grid
2024-06,NASA/HLS/HLSS30/v002/T01VCL_20240604T234629,S30,1717544789000,rejected_non_intersecting_native_grid
2024-06,NASA/HLS/HLSS30/v002/T01WCM_20240604T234629,S30,1717544789000,rejected_non_intersecting_native_grid
2024-06,NASA/HLS/HLSS30/v002/T01WCN_20240604T234629,S30,1717544789000,rejected_non_intersecting_native_grid
2024-06,NASA/HLS/HLSS30/v002/T01WCP_20240604T234629,S30,1717544789000,rejected_non_intersecting_native_grid
2024-06,NASA/HLS/HLSS30/v002/T01WCQ_20240604T234629,S30,1717544789000,rejected_non_intersecting_native_grid
2024-06,NASA/HLS/HLSS30/v002/T01WCR_20240604T234629,S30,1717544789000,rejected_non_intersecting_native_grid
2024-06,NASA/HLS/HLSS30/v002/T60VXR_20240604T234629,S30,1717544789000,rejected_non_intersecting_native_grid
2024-06,NASA/HLS/HLSS30/v002/T01UBT_20240605T231559,S30,1717629359000,rejected_non_intersecting_native_grid
2024-06,NASA/HLS/HLSS30/v002/T60UXC_20240605T231559,S30,1717629359000,rejected_non_intersecting_native_grid
2024-06,NASA/HLS/HLSS30/v002/T01WCS_20240606T000621,S30,1717632381000,rejected_non_intersecting_native_grid
2024-06,NASA/HLS/HLSS30/v002/T01WCT_20240606T000621,S30,1717632381000,rejected_non_intersecting_native_grid
2024-06,NASA/HLS/HLSS30/v002/T01WCU_20240606T000621,S30,1717632381000,rejected_non_intersecting_native_grid
2024-06,NASA/HLS/HLSS30/v002/T01WCV_20240606T000621,S30,1717632381000,rejected_non_intersecting_native_grid
2024-06,NASA/HLS/HLSS30/v002/T60WWE_20240606T000621,S30,1717632381000,rejected_non_intersecting_native_grid
2024-06,NASA/HLS/HLSS30/v002/T01KAA_20240606T221941,S30,1717712381000,rejected_non_intersecting_native_grid
2024-06,NASA/HLS/HLSS30/v002/T01KAB_20240606T221941,S30,1717712381000,rejected_non_intersecting_native_grid
2024-06,NASA/HLS/HLSS30/v002/T01KAU_20240606T221941,S30,1717712381000,rejected_non_intersecting_native_grid
2024-06,NASA/HLS/HLSS30/v002/T01KAV_20240606T221941,S30,1717712381000,rejected_non_intersecting_native_grid
2024-06,NASA/HLS/HLSS30/v002/T01LAC_20240606T221941,S30,1717712381000,rejected_non_intersecting_native_grid
2024-06,NASA/HLS/HLSS30/v002/T01VCL_20240606T233651,S30,1717717011000,rejected_non_intersecting_native_grid
2024-06,NASA/HLS/HLSS30/v002/T01WCM_20240606T233651,S30,1717717011000,rejected_non_intersecting_native_grid
2024-06,NASA/HLS/HLSS30/v002/T01WCN_20240606T233651,S30,1717717011000,rejected_non_intersecting_native_grid
2024-06,NASA/HLS/HLSS30/v002/T01WCP_20240606T233651,S30,1717717011000,rejected_non_intersecting_native_grid
2024-06,NASA/HLS/HLSS30/v002/T01UBS_20240607T230541,S30,1717801541000,rejected_non_intersecting_native_grid
2024-06,NASA/HLS/HLSS30/v002/T01UBT_20240607T230541,S30,1717801541000,rejected_non_intersecting_native_grid
2024-06,NASA/HLS/HLSS30/v002/T60UXB_20240607T230541,S30,1717801541000,rejected_non_intersecting_native_grid
2024-06,NASA/HLS/HLSS30/v002/T60UXC_20240607T230541,S30,1717801541000,rejected_non_intersecting_native_grid
2024-06,NASA/HLS/HLSS30/v002/T01WCQ_20240607T235619,S30,1717804579000,rejected_non_intersecting_native_grid
2024-06,NASA/HLS/HLSS30/v002/T01WCT_20240607T235619,S30,1717804579000,rejected_non_intersecting_native_grid
2024-06,NASA/HLS/HLSS30/v002/T01WCU_20240607T235619,S30,1717804579000,rejected_non_intersecting_native_grid
2024-06,NASA/HLS/HLSS30/v002/T01VCK_20240608T232639,S30,1717889199000,rejected_non_intersecting_native_grid
2024-06,NASA/HLS/HLSS30/v002/T60VXQ_20240608T232639,S30,1717889199000,rejected_non_intersecting_native_grid
2024-06,NASA/HLS/HLSS30/v002/T01WCT_20240609T001611,S30,1717892171000,rejected_non_intersecting_native_grid
2024-06,NASA/HLS/HLSS30/v002/T01WCU_20240609T001611,S30,1717892171000,rejected_non_intersecting_native_grid
2024-06,NASA/HLS/HLSS30/v002/T01LAK_20240609T222801,S30,1717972081000,rejected_non_intersecting_native_grid
2024-06,NASA/HLS/HLSS30/v002/T01VCL_20240609T234631,S30,1717976791000,rejected_non_intersecting_native_grid
2024-06,NASA/HLS/HLSS30/v002/T01WCM_20240609T234631,S30,1717976791000,rejected_non_intersecting_native_grid
2024-06,NASA/HLS/HLSS30/v002/T01WCN_20240609T234631,S30,1717976791000,rejected_non_intersecting_native_grid
2024-06,NASA/HLS/HLSS30/v002/T01WCP_20240609T234631,S30,1717976791000,rejected_non_intersecting_native_grid
2024-06,NASA/HLS/HLSS30/v002/T01WCQ_20240609T234631,S30,1717976791000,rejected_non_intersecting_native_grid
2024-06,NASA/HLS/HLSS30/v002/T01WCR_20240609T234631,S30,1717976791000,rejected_non_intersecting_native_grid
2024-06,NASA/HLS/HLSS30/v002/T60VXR_20240609T234631,S30,1717976791000,rejected_non_intersecting_native_grid
2024-06,NASA/HLS/HLSL30/v002/T50SLG_20240610T025948,L30,1717988388000,native_grid_intersects_roi
2024-06,NASA/HLS/HLSS30/v002/T50SLG_20240610T030531,S30,1717988731000,native_grid_intersects_roi
2024-06,NASA/HLS/HLSS30/v002/T01WCR_20240611T000619,S30,1718064379000,rejected_non_intersecting_native_grid
2024-06,NASA/HLS/HLSS30/v002/T01WCU_20240611T000619,S30,1718064379000,rejected_non_intersecting_native_grid
2024-06,NASA/HLS/HLSS30/v002/T01WCV_20240611T000619,S30,1718064379000,rejected_non_intersecting_native_grid
2024-06,NASA/HLS/HLSS30/v002/T60WWE_20240611T000619,S30,1718064379000,rejected_non_intersecting_native_grid
2024-06,NASA/HLS/HLSL30/v002/T50SLG_20240611T025323,L30,1718074403000,native_grid_intersects_roi
2024-06,NASA/HLS/HLSS30/v002/T01KAA_20240611T221939,S30,1718144379000,rejected_non_intersecting_native_grid
2024-06,NASA/HLS/HLSS30/v002/T01KAB_20240611T221939,S30,1718144379000,rejected_non_intersecting_native_grid
2024-06,NASA/HLS/HLSS30/v002/T01KAU_20240611T221939,S30,1718144379000,rejected_non_intersecting_native_grid
2024-06,NASA/HLS/HLSS30/v002/T01KAV_20240611T221939,S30,1718144379000,rejected_non_intersecting_native_grid
2024-06,NASA/HLS/HLSS30/v002/T01LAC_20240611T221939,S30,1718144379000,rejected_non_intersecting_native_grid
2024-06,NASA/HLS/HLSS30/v002/T01VCK_20240611T233649,S30,1718149009000,rejected_non_intersecting_native_grid
2024-06,NASA/HLS/HLSS30/v002/T01VCL_20240611T233649,S30,1718149009000,rejected_non_intersecting_native_grid
2024-06,NASA/HLS/HLSS30/v002/T01WCM_20240611T233649,S30,1718149009000,rejected_non_intersecting_native_grid
2024-06,NASA/HLS/HLSS30/v002/T01WCN_20240611T233649,S30,1718149009000,rejected_non_intersecting_native_grid
2024-06,NASA/HLS/HLSS30/v002/T01WCP_20240611T233649,S30,1718149009000,rejected_non_intersecting_native_grid
2024-06,NASA/HLS/HLSS30/v002/T60VXQ_20240611T233649,S30,1718149009000,rejected_non_intersecting_native_grid
2024-06,NASA/HLS/HLSS30/v002/T60VXR_20240611T233649,S30,1718149009000,rejected_non_intersecting_native_grid
2024-06,NASA/HLS/HLSS30/v002/T01WCP_20240612T235621,S30,1718236581000,rejected_non_intersecting_native_grid
2024-06,NASA/HLS/HLSS30/v002/T01WCQ_20240612T235621,S30,1718236581000,rejected_non_intersecting_native_grid
2024-06,NASA/HLS/HLSS30/v002/T01WCR_20240612T235621,S30,1718236581000,rejected_non_intersecting_native_grid
2024-06,NASA/HLS/HLSS30/v002/T01WCT_20240612T235621,S30,1718236581000,rejected_non_intersecting_native_grid
2024-06,NASA/HLS/HLSS30/v002/T01WCU_20240612T235621,S30,1718236581000,rejected_non_intersecting_native_grid
2024-06,NASA/HLS/HLSS30/v002/T01VCK_20240613T232641,S30,1718321201000,rejected_non_intersecting_native_grid
2024-06,NASA/HLS/HLSS30/v002/T01WCU_20240614T001609,S30,1718324169000,rejected_non_intersecting_native_grid
2024-06,NASA/HLS/HLSS30/v002/T01LAK_20240614T222759,S30,1718404079000,rejected_non_intersecting_native_grid
2024-06,NASA/HLS/HLSS30/v002/T01VCL_20240614T234629,S30,1718408789000,rejected_non_intersecting_native_grid
2024-06,NASA/HLS/HLSS30/v002/T01WCM_20240614T234629,S30,1718408789000,rejected_non_intersecting_native_grid
2024-06,NASA/HLS/HLSS30/v002/T01WCN_20240614T234629,S30,1718408789000,rejected_non_intersecting_native_grid
2024-06,NASA/HLS/HLSS30/v002/T01WCQ_20240614T234629,S30,1718408789000,rejected_non_intersecting_native_grid
2024-06,NASA/HLS/HLSS30/v002/T01WCR_20240614T234629,S30,1718408789000,rejected_non_intersecting_native_grid
2024-06,NASA/HLS/HLSS30/v002/T60VXR_20240614T234629,S30,1718408789000,rejected_non_intersecting_native_grid
2024-06,NASA/HLS/HLSS30/v002/T50SLG_20240615T030529,S30,1718420729000,native_grid_intersects_roi
2024-06,NASA/HLS/HLSS30/v002/T01WCR_20240616T000621,S30,1718496381000,rejected_non_intersecting_native_grid
2024-06,NASA/HLS/HLSS30/v002/T01WCU_20240616T000621,S30,1718496381000,rejected_non_intersecting_native_grid
2024-06,NASA/HLS/HLSS30/v002/T01WCV_20240616T000621,S30,1718496381000,rejected_non_intersecting_native_grid
2024-06,NASA/HLS/HLSS30/v002/T60WWE_20240616T000621,S30,1718496381000,rejected_non_intersecting_native_grid
2024-06,NASA/HLS/HLSS30/v002/T01KAA_20240616T221941,S30,1718576381000,rejected_non_intersecting_native_grid
2024-06,NASA/HLS/HLSS30/v002/T01KAU_20240616T221941,S30,1718576381000,rejected_non_intersecting_native_grid
2024-06,NASA/HLS/HLSS30/v002/T01KAV_20240616T221941,S30,1718576381000,rejected_non_intersecting_native_grid
2024-06,NASA/HLS/HLSS30/v002/T01LAC_20240616T221941,S30,1718576381000,rejected_non_intersecting_native_grid
2024-06,NASA/HLS/HLSS30/v002/T01VCK_20240616T233651,S30,1718581011000,rejected_non_intersecting_native_grid
2024-06,NASA/HLS/HLSS30/v002/T01VCL_20240616T233651,S30,1718581011000,rejected_non_intersecting_native_grid
2024-06,NASA/HLS/HLSS30/v002/T01WCM_20240616T233651,S30,1718581011000,rejected_non_intersecting_native_grid
2024-06,NASA/HLS/HLSS30/v002/T01WCP_20240616T233651,S30,1718581011000,rejected_non_intersecting_native_grid
2024-06,NASA/HLS/HLSS30/v002/T60VXQ_20240616T233651,S30,1718581011000,rejected_non_intersecting_native_grid
2024-06,NASA/HLS/HLSS30/v002/T60VXR_20240616T233651,S30,1718581011000,rejected_non_intersecting_native_grid
2024-06,NASA/HLS/HLSS30/v002/T01WCV_20240617T002609,S30,1718583969000,rejected_non_intersecting_native_grid
2024-06,NASA/HLS/HLSS30/v002/T60WWE_20240617T002609,S30,1718583969000,rejected_non_intersecting_native_grid
2024-06,NASA/HLS/HLSS30/v002/T01WCP_20240617T235619,S30,1718668579000,rejected_non_intersecting_native_grid
2024-06,NASA/HLS/HLSS30/v002/T01WCQ_20240617T235619,S30,1718668579000,rejected_non_intersecting_native_grid
2024-06,NASA/HLS/HLSS30/v002/T01WCR_20240617T235619,S30,1718668579000,rejected_non_intersecting_native_grid
2024-06,NASA/HLS/HLSS30/v002/T01WCS_20240617T235619,S30,1718668579000,rejected_non_intersecting_native_grid
2024-06,NASA/HLS/HLSS30/v002/T01WCT_20240617T235619,S30,1718668579000,rejected_non_intersecting_native_grid
2024-06,NASA/HLS/HLSS30/v002/T01WCU_20240617T235619,S30,1718668579000,rejected_non_intersecting_native_grid
2024-06,NASA/HLS/HLSL30/v002/T50SLG_20240618T025940,L30,1718679580000,native_grid_intersects_roi
2024-06,NASA/HLS/HLSS30/v002/T01VCK_20240618T232639,S30,1718753199000,rejected_non_intersecting_native_grid
2024-06,NASA/HLS/HLSS30/v002/T60VXQ_20240618T232639,S30,1718753199000,rejected_non_intersecting_native_grid
2024-06,NASA/HLS/HLSS30/v002/T01WCT_20240619T001611,S30,1718756171000,rejected_non_intersecting_native_grid
2024-06,NASA/HLS/HLSS30/v002/T01WCU_20240619T001611,S30,1718756171000,rejected_non_intersecting_native_grid
2024-06,NASA/HLS/HLSS30/v002/T01WCV_20240619T001611,S30,1718756171000,rejected_non_intersecting_native_grid
2024-06,NASA/HLS/HLSS30/v002/T60WWE_20240619T001611,S30,1718756171000,rejected_non_intersecting_native_grid
2024-06,NASA/HLS/HLSL30/v002/T50SLG_20240619T025326,L30,1718765606000,native_grid_intersects_roi
2024-06,NASA/HLS/HLSS30/v002/T01LAK_20240619T222801,S30,1718836081000,rejected_non_intersecting_native_grid
2024-06,NASA/HLS/HLSS30/v002/T01WCM_20240619T234631,S30,1718840791000,rejected_non_intersecting_native_grid
2024-06,NASA/HLS/HLSS30/v002/T01WCN_20240619T234631,S30,1718840791000,rejected_non_intersecting_native_grid
2024-06,NASA/HLS/HLSS30/v002/T01WCP_20240619T234631,S30,1718840791000,rejected_non_intersecting_native_grid
2024-06,NASA/HLS/HLSS30/v002/T01WCQ_20240619T234631,S30,1718840791000,rejected_non_intersecting_native_grid
2024-06,NASA/HLS/HLSS30/v002/T01WCR_20240619T234631,S30,1718840791000,rejected_non_intersecting_native_grid
2024-06,NASA/HLS/HLSS30/v002/T01UBT_20240620T231601,S30,1718925361000,rejected_non_intersecting_native_grid
2024-06,NASA/HLS/HLSS30/v002/T60UXC_20240620T231601,S30,1718925361000,rejected_non_intersecting_native_grid
2024-06,NASA/HLS/HLSS30/v002/T01WCR_20240621T000609,S30,1718928369000,rejected_non_intersecting_native_grid
2024-06,NASA/HLS/HLSS30/v002/T01WCS_20240621T000609,S30,1718928369000,rejected_non_intersecting_native_grid
2024-06,NASA/HLS/HLSS30/v002/T01WCU_20240621T000609,S30,1718928369000,rejected_non_intersecting_native_grid
2024-06,NASA/HLS/HLSS30/v002/T01WCV_20240621T000609,S30,1718928369000,rejected_non_intersecting_native_grid
2024-06,NASA/HLS/HLSS30/v002/T60WWE_20240621T000609,S30,1718928369000,rejected_non_intersecting_native_grid
2024-06,NASA/HLS/HLSS30/v002/T01KAA_20240621T221939,S30,1719008379000,rejected_non_intersecting_native_grid
2024-06,NASA/HLS/HLSS30/v002/T01KAB_20240621T221939,S30,1719008379000,rejected_non_intersecting_native_grid
2024-06,NASA/HLS/HLSS30/v002/T01KAU_20240621T221939,S30,1719008379000,rejected_non_intersecting_native_grid
2024-06,NASA/HLS/HLSS30/v002/T01KAV_20240621T221939,S30,1719008379000,rejected_non_intersecting_native_grid
2024-06,NASA/HLS/HLSS30/v002/T01LAC_20240621T221939,S30,1719008379000,rejected_non_intersecting_native_grid
2024-06,NASA/HLS/HLSS30/v002/T01VCK_20240621T233649,S30,1719013009000,rejected_non_intersecting_native_grid
2024-06,NASA/HLS/HLSS30/v002/T60VXQ_20240621T233649,S30,1719013009000,rejected_non_intersecting_native_grid
2024-06,NASA/HLS/HLSS30/v002/T01UBT_20240622T230529,S30,1719097529000,rejected_non_intersecting_native_grid
2024-06,NASA/HLS/HLSS30/v002/T01WCP_20240622T235621,S30,1719100581000,rejected_non_intersecting_native_grid
2024-06,NASA/HLS/HLSS30/v002/T01WCQ_20240622T235621,S30,1719100581000,rejected_non_intersecting_native_grid
2024-06,NASA/HLS/HLSS30/v002/T01WCR_20240622T235621,S30,1719100581000,rejected_non_intersecting_native_grid
2024-06,NASA/HLS/HLSS30/v002/T01WCS_20240622T235621,S30,1719100581000,rejected_non_intersecting_native_grid
2024-06,NASA/HLS/HLSS30/v002/T01WCT_20240622T235621,S30,1719100581000,rejected_non_intersecting_native_grid
2024-06,NASA/HLS/HLSS30/v002/T01WCU_20240622T235621,S30,1719100581000,rejected_non_intersecting_native_grid
2024-06,NASA/HLS/HLSS30/v002/T01VCK_20240623T232641,S30,1719185201000,rejected_non_intersecting_native_grid
2024-06,NASA/HLS/HLSS30/v002/T01WCU_20240624T001609,S30,1719188169000,rejected_non_intersecting_native_grid
2024-06,NASA/HLS/HLSS30/v002/T01WCV_20240624T001609,S30,1719188169000,rejected_non_intersecting_native_grid
2024-06,NASA/HLS/HLSS30/v002/T60WWE_20240624T001609,S30,1719188169000,rejected_non_intersecting_native_grid
2024-06,NASA/HLS/HLSS30/v002/T01LAK_20240624T222759,S30,1719268079000,rejected_non_intersecting_native_grid
2024-06,NASA/HLS/HLSS30/v002/T01VCL_20240624T234629,S30,1719272789000,rejected_non_intersecting_native_grid
2024-06,NASA/HLS/HLSS30/v002/T01WCM_20240624T234629,S30,1719272789000,rejected_non_intersecting_native_grid
2024-06,NASA/HLS/HLSS30/v002/T01WCN_20240624T234629,S30,1719272789000,rejected_non_intersecting_native_grid
2024-06,NASA/HLS/HLSS30/v002/T01WCP_20240624T234629,S30,1719272789000,rejected_non_intersecting_native_grid
2024-06,NASA/HLS/HLSS30/v002/T01WCQ_20240624T234629,S30,1719272789000,rejected_non_intersecting_native_grid
2024-06,NASA/HLS/HLSS30/v002/T01WCR_20240624T234629,S30,1719272789000,rejected_non_intersecting_native_grid
2024-06,NASA/HLS/HLSS30/v002/T60VXR_20240624T234629,S30,1719272789000,rejected_non_intersecting_native_grid
2024-06,NASA/HLS/HLSS30/v002/T50SLG_20240625T030529,S30,1719284729000,native_grid_intersects_roi
2024-06,NASA/HLS/HLSS30/v002/T01WCR_20240626T000611,S30,1719360371000,rejected_non_intersecting_native_grid
2024-06,NASA/HLS/HLSS30/v002/T01WCS_20240626T000611,S30,1719360371000,rejected_non_intersecting_native_grid
2024-06,NASA/HLS/HLSS30/v002/T01WCU_20240626T000611,S30,1719360371000,rejected_non_intersecting_native_grid
2024-06,NASA/HLS/HLSS30/v002/T01WCV_20240626T000611,S30,1719360371000,rejected_non_intersecting_native_grid
2024-06,NASA/HLS/HLSS30/v002/T60WWE_20240626T000611,S30,1719360371000,rejected_non_intersecting_native_grid
2024-06,NASA/HLS/HLSL30/v002/T50SLG_20240626T025932,L30,1719370772000,native_grid_intersects_roi
2024-06,NASA/HLS/HLSS30/v002/T01KAA_20240626T221941,S30,1719440381000,rejected_non_intersecting_native_grid
2024-06,NASA/HLS/HLSS30/v002/T01KAB_20240626T221941,S30,1719440381000,rejected_non_intersecting_native_grid
2024-06,NASA/HLS/HLSS30/v002/T01KAU_20240626T221941,S30,1719440381000,rejected_non_intersecting_native_grid
2024-06,NASA/HLS/HLSS30/v002/T01KAV_20240626T221941,S30,1719440381000,rejected_non_intersecting_native_grid
2024-06,NASA/HLS/HLSS30/v002/T01LAC_20240626T221941,S30,1719440381000,rejected_non_intersecting_native_grid
2024-06,NASA/HLS/HLSS30/v002/T01WCV_20240627T002609,S30,1719447969000,rejected_non_intersecting_native_grid
2024-06,NASA/HLS/HLSS30/v002/T60WWE_20240627T002609,S30,1719447969000,rejected_non_intersecting_native_grid
2024-06,NASA/HLS/HLSL30/v002/T50SLG_20240627T025335,L30,1719456815000,native_grid_intersects_roi
2024-06,NASA/HLS/HLSS30/v002/T01WCQ_20240627T235619,S30,1719532579000,rejected_non_intersecting_native_grid
2024-06,NASA/HLS/HLSS30/v002/T01WCR_20240627T235619,S30,1719532579000,rejected_non_intersecting_native_grid
2024-06,NASA/HLS/HLSS30/v002/T01WCS_20240627T235619,S30,1719532579000,rejected_non_intersecting_native_grid
2024-06,NASA/HLS/HLSS30/v002/T01WCT_20240627T235619,S30,1719532579000,rejected_non_intersecting_native_grid
2024-06,NASA/HLS/HLSS30/v002/T01WCU_20240627T235619,S30,1719532579000,rejected_non_intersecting_native_grid
2024-06,NASA/HLS/HLSS30/v002/T01WCU_20240629T001611,S30,1719620171000,rejected_non_intersecting_native_grid
2024-06,NASA/HLS/HLSS30/v002/T01WCV_20240629T001611,S30,1719620171000,rejected_non_intersecting_native_grid
2024-06,NASA/HLS/HLSS30/v002/T60WWE_20240629T001611,S30,1719620171000,rejected_non_intersecting_native_grid
2024-06,NASA/HLS/HLSS30/v002/T01LAK_20240629T222801,S30,1719700081000,rejected_non_intersecting_native_grid
2024-06,NASA/HLS/HLSS30/v002/T01VCL_20240629T234621,S30,1719704781000,rejected_non_intersecting_native_grid
2024-06,NASA/HLS/HLSS30/v002/T01WCM_20240629T234621,S30,1719704781000,rejected_non_intersecting_native_grid
2024-06,NASA/HLS/HLSS30/v002/T01WCN_20240629T234621,S30,1719704781000,rejected_non_intersecting_native_grid
2024-06,NASA/HLS/HLSS30/v002/T01WCP_20240629T234621,S30,1719704781000,rejected_non_intersecting_native_grid
2024-06,NASA/HLS/HLSS30/v002/T01WCQ_20240629T234621,S30,1719704781000,rejected_non_intersecting_native_grid
2024-06,NASA/HLS/HLSS30/v002/T01WCR_20240629T234621,S30,1719704781000,rejected_non_intersecting_native_grid
2024-06,NASA/HLS/HLSS30/v002/T60VXR_20240629T234621,S30,1719704781000,rejected_non_intersecting_native_grid
2024-06,NASA/HLS/HLSS30/v002/T50SLG_20240630T030531,S30,1719716731000,native_grid_intersects_roi
2024-07,NASA/HLS/HLSS30/v002/T01WCR_20240701T000619,S30,1719792379000,rejected_non_intersecting_native_grid
2024-07,NASA/HLS/HLSS30/v002/T01WCS_20240701T000619,S30,1719792379000,rejected_non_intersecting_native_grid
2024-07,NASA/HLS/HLSS30/v002/T01WCU_20240701T000619,S30,1719792379000,rejected_non_intersecting_native_grid
2024-07,NASA/HLS/HLSS30/v002/T01WCV_20240701T000619,S30,1719792379000,rejected_non_intersecting_native_grid
2024-07,NASA/HLS/HLSS30/v002/T60WWE_20240701T000619,S30,1719792379000,rejected_non_intersecting_native_grid
2024-07,NASA/HLS/HLSS30/v002/T01KAA_20240701T221939,S30,1719872379000,rejected_non_intersecting_native_grid
2024-07,NASA/HLS/HLSS30/v002/T01KAB_20240701T221939,S30,1719872379000,rejected_non_intersecting_native_grid
2024-07,NASA/HLS/HLSS30/v002/T01KAU_20240701T221939,S30,1719872379000,rejected_non_intersecting_native_grid
2024-07,NASA/HLS/HLSS30/v002/T01KAV_20240701T221939,S30,1719872379000,rejected_non_intersecting_native_grid
2024-07,NASA/HLS/HLSS30/v002/T01LAC_20240701T221939,S30,1719872379000,rejected_non_intersecting_native_grid
2024-07,NASA/HLS/HLSS30/v002/T01WCM_20240701T233649,S30,1719877009000,rejected_non_intersecting_native_grid
2024-07,NASA/HLS/HLSS30/v002/T01WCN_20240701T233649,S30,1719877009000,rejected_non_intersecting_native_grid
2024-07,NASA/HLS/HLSS30/v002/T01WCP_20240701T233649,S30,1719877009000,rejected_non_intersecting_native_grid
2024-07,NASA/HLS/HLSS30/v002/T01WCP_20240702T235621,S30,1719964581000,rejected_non_intersecting_native_grid
2024-07,NASA/HLS/HLSS30/v002/T01WCQ_20240702T235621,S30,1719964581000,rejected_non_intersecting_native_grid
2024-07,NASA/HLS/HLSS30/v002/T01WCS_20240702T235621,S30,1719964581000,rejected_non_intersecting_native_grid
2024-07,NASA/HLS/HLSS30/v002/T01WCT_20240702T235621,S30,1719964581000,rejected_non_intersecting_native_grid
2024-07,NASA/HLS/HLSS30/v002/T01WCU_20240702T235621,S30,1719964581000,rejected_non_intersecting_native_grid
2024-07,NASA/HLS/HLSS30/v002/T01WCT_20240704T001609,S30,1720052169000,rejected_non_intersecting_native_grid
2024-07,NASA/HLS/HLSS30/v002/T01WCU_20240704T001609,S30,1720052169000,rejected_non_intersecting_native_grid
2024-07,NASA/HLS/HLSS30/v002/T01WCV_20240704T001609,S30,1720052169000,rejected_non_intersecting_native_grid
2024-07,NASA/HLS/HLSS30/v002/T60WWE_20240704T001609,S30,1720052169000,rejected_non_intersecting_native_grid
2024-07,NASA/HLS/HLSL30/v002/T50SLG_20240704T025948,L30,1720061988000,native_grid_intersects_roi
2024-07,NASA/HLS/HLSS30/v002/T01LAK_20240704T222759,S30,1720132079000,rejected_non_intersecting_native_grid
2024-07,NASA/HLS/HLSS30/v002/T01VCL_20240704T234629,S30,1720136789000,rejected_non_intersecting_native_grid
2024-07,NASA/HLS/HLSS30/v002/T01WCM_20240704T234629,S30,1720136789000,rejected_non_intersecting_native_grid
2024-07,NASA/HLS/HLSS30/v002/T01WCN_20240704T234629,S30,1720136789000,rejected_non_intersecting_native_grid
2024-07,NASA/HLS/HLSS30/v002/T01WCP_20240704T234629,S30,1720136789000,rejected_non_intersecting_native_grid
2024-07,NASA/HLS/HLSS30/v002/T60VXR_20240704T234629,S30,1720136789000,rejected_non_intersecting_native_grid
2024-07,NASA/HLS/HLSS30/v002/T01WCR_20240706T000611,S30,1720224371000,rejected_non_intersecting_native_grid
2024-07,NASA/HLS/HLSS30/v002/T01WCU_20240706T000611,S30,1720224371000,rejected_non_intersecting_native_grid
2024-07,NASA/HLS/HLSS30/v002/T01WCV_20240706T000611,S30,1720224371000,rejected_non_intersecting_native_grid
2024-07,NASA/HLS/HLSS30/v002/T60WWE_20240706T000611,S30,1720224371000,rejected_non_intersecting_native_grid
2024-07,NASA/HLS/HLSS30/v002/T01KAA_20240706T221941,S30,1720304381000,rejected_non_intersecting_native_grid
2024-07,NASA/HLS/HLSS30/v002/T01KAB_20240706T221941,S30,1720304381000,rejected_non_intersecting_native_grid
2024-07,NASA/HLS/HLSS30/v002/T01KAU_20240706T221941,S30,1720304381000,rejected_non_intersecting_native_grid
2024-07,NASA/HLS/HLSS30/v002/T01KAV_20240706T221941,S30,1720304381000,rejected_non_intersecting_native_grid
2024-07,NASA/HLS/HLSS30/v002/T01LAC_20240706T221941,S30,1720304381000,rejected_non_intersecting_native_grid
2024-07,NASA/HLS/HLSS30/v002/T01VCK_20240706T233651,S30,1720309011000,rejected_non_intersecting_native_grid
2024-07,NASA/HLS/HLSS30/v002/T01VCL_20240706T233651,S30,1720309011000,rejected_non_intersecting_native_grid
2024-07,NASA/HLS/HLSS30/v002/T01WCM_20240706T233651,S30,1720309011000,rejected_non_intersecting_native_grid
2024-07,NASA/HLS/HLSS30/v002/T60VXQ_20240706T233651,S30,1720309011000,rejected_non_intersecting_native_grid
2024-07,NASA/HLS/HLSS30/v002/T60VXR_20240706T233651,S30,1720309011000,rejected_non_intersecting_native_grid
2024-07,NASA/HLS/HLSS30/v002/T01WCV_20240707T002609,S30,1720311969000,rejected_non_intersecting_native_grid
2024-07,NASA/HLS/HLSS30/v002/T60WWE_20240707T002609,S30,1720311969000,rejected_non_intersecting_native_grid
2024-07,NASA/HLS/HLSS30/v002/T01UBS_20240707T230531,S30,1720393531000,rejected_non_intersecting_native_grid
2024-07,NASA/HLS/HLSS30/v002/T01UBT_20240707T230531,S30,1720393531000,rejected_non_intersecting_native_grid
2024-07,NASA/HLS/HLSS30/v002/T60UXC_20240707T230531,S30,1720393531000,rejected_non_intersecting_native_grid
2024-07,NASA/HLS/HLSS30/v002/T01WCR_20240707T235619,S30,1720396579000,rejected_non_intersecting_native_grid
2024-07,NASA/HLS/HLSS30/v002/T01WCS_20240707T235619,S30,1720396579000,rejected_non_intersecting_native_grid
2024-07,NASA/HLS/HLSS30/v002/T01WCT_20240707T235619,S30,1720396579000,rejected_non_intersecting_native_grid
2024-07,NASA/HLS/HLSS30/v002/T01WCU_20240707T235619,S30,1720396579000,rejected_non_intersecting_native_grid
2024-07,NASA/HLS/HLSS30/v002/T01VCK_20240708T232639,S30,1720481199000,rejected_non_intersecting_native_grid
2024-07,NASA/HLS/HLSS30/v002/T60VXQ_20240708T232639,S30,1720481199000,rejected_non_intersecting_native_grid
2024-07,NASA/HLS/HLSS30/v002/T01VCL_20240709T234621,S30,1720568781000,rejected_non_intersecting_native_grid
2024-07,NASA/HLS/HLSS30/v002/T01WCM_20240709T234621,S30,1720568781000,rejected_non_intersecting_native_grid
2024-07,NASA/HLS/HLSS30/v002/T01WCN_20240709T234621,S30,1720568781000,rejected_non_intersecting_native_grid
2024-07,NASA/HLS/HLSS30/v002/T01WCP_20240709T234621,S30,1720568781000,rejected_non_intersecting_native_grid
2024-07,NASA/HLS/HLSS30/v002/T01WCQ_20240709T234621,S30,1720568781000,rejected_non_intersecting_native_grid
2024-07,NASA/HLS/HLSS30/v002/T01WCR_20240709T234621,S30,1720568781000,rejected_non_intersecting_native_grid
2024-07,NASA/HLS/HLSS30/v002/T60VXR_20240709T234621,S30,1720568781000,rejected_non_intersecting_native_grid
2024-07,NASA/HLS/HLSS30/v002/T50SLG_20240710T030551,S30,1720580751000,native_grid_intersects_roi
2024-07,NASA/HLS/HLSS30/v002/T01WCT_20240711T000609,S30,1720656369000,rejected_non_intersecting_native_grid
2024-07,NASA/HLS/HLSS30/v002/T01WCU_20240711T000609,S30,1720656369000,rejected_non_intersecting_native_grid
2024-07,NASA/HLS/HLSS30/v002/T01WCV_20240711T000609,S30,1720656369000,rejected_non_intersecting_native_grid
2024-07,NASA/HLS/HLSS30/v002/T60WWE_20240711T000609,S30,1720656369000,rejected_non_intersecting_native_grid
2024-07,NASA/HLS/HLSS30/v002/T01KAA_20240711T221939,S30,1720736379000,rejected_non_intersecting_native_grid
2024-07,NASA/HLS/HLSS30/v002/T01KAB_20240711T221939,S30,1720736379000,rejected_non_intersecting_native_grid
2024-07,NASA/HLS/HLSS30/v002/T01KAU_20240711T221939,S30,1720736379000,rejected_non_intersecting_native_grid
2024-07,NASA/HLS/HLSS30/v002/T01KAV_20240711T221939,S30,1720736379000,rejected_non_intersecting_native_grid
2024-07,NASA/HLS/HLSS30/v002/T01LAC_20240711T221939,S30,1720736379000,rejected_non_intersecting_native_grid
2024-07,NASA/HLS/HLSS30/v002/T01WCN_20240711T233649,S30,1720741009000,rejected_non_intersecting_native_grid
2024-07,NASA/HLS/HLSS30/v002/T01UBT_20240712T230529,S30,1720825529000,rejected_non_intersecting_native_grid
2024-07,NASA/HLS/HLSS30/v002/T60UXC_20240712T230529,S30,1720825529000,rejected_non_intersecting_native_grid
2024-07,NASA/HLS/HLSS30/v002/T01WCP_20240712T235621,S30,1720828581000,rejected_non_intersecting_native_grid
2024-07,NASA/HLS/HLSS30/v002/T01WCQ_20240712T235621,S30,1720828581000,rejected_non_intersecting_native_grid
2024-07,NASA/HLS/HLSS30/v002/T01WCR_20240712T235621,S30,1720828581000,rejected_non_intersecting_native_grid
2024-07,NASA/HLS/HLSS30/v002/T01WCT_20240712T235621,S30,1720828581000,rejected_non_intersecting_native_grid
2024-07,NASA/HLS/HLSS30/v002/T01WCU_20240712T235621,S30,1720828581000,rejected_non_intersecting_native_grid
2024-07,NASA/HLS/HLSS30/v002/T01VCK_20240713T232631,S30,1720913191000,rejected_non_intersecting_native_grid
2024-07,NASA/HLS/HLSS30/v002/T60VXQ_20240713T232631,S30,1720913191000,rejected_non_intersecting_native_grid
2024-07,NASA/HLS/HLSS30/v002/T01WCU_20240714T001609,S30,1720916169000,rejected_non_intersecting_native_grid
2024-07,NASA/HLS/HLSS30/v002/T01VCL_20240714T234629,S30,1721000789000,rejected_non_intersecting_native_grid
2024-07,NASA/HLS/HLSS30/v002/T01WCM_20240714T234629,S30,1721000789000,rejected_non_intersecting_native_grid
2024-07,NASA/HLS/HLSS30/v002/T01WCN_20240714T234629,S30,1721000789000,rejected_non_intersecting_native_grid
2024-07,NASA/HLS/HLSS30/v002/T01WCP_20240714T234629,S30,1721000789000,rejected_non_intersecting_native_grid
2024-07,NASA/HLS/HLSS30/v002/T01WCQ_20240714T234629,S30,1721000789000,rejected_non_intersecting_native_grid
2024-07,NASA/HLS/HLSS30/v002/T01WCR_20240714T234629,S30,1721000789000,rejected_non_intersecting_native_grid
2024-07,NASA/HLS/HLSS30/v002/T60VXR_20240714T234629,S30,1721000789000,rejected_non_intersecting_native_grid
2024-07,NASA/HLS/HLSS30/v002/T01WCR_20240716T000611,S30,1721088371000,rejected_non_intersecting_native_grid
2024-07,NASA/HLS/HLSS30/v002/T01WCS_20240716T000611,S30,1721088371000,rejected_non_intersecting_native_grid
2024-07,NASA/HLS/HLSS30/v002/T01WCU_20240716T000611,S30,1721088371000,rejected_non_intersecting_native_grid
2024-07,NASA/HLS/HLSS30/v002/T01WCV_20240716T000611,S30,1721088371000,rejected_non_intersecting_native_grid
2024-07,NASA/HLS/HLSS30/v002/T60WWE_20240716T000611,S30,1721088371000,rejected_non_intersecting_native_grid
2024-07,NASA/HLS/HLSS30/v002/T01KAA_20240716T221941,S30,1721168381000,rejected_non_intersecting_native_grid
2024-07,NASA/HLS/HLSS30/v002/T01KAB_20240716T221941,S30,1721168381000,rejected_non_intersecting_native_grid
2024-07,NASA/HLS/HLSS30/v002/T01KAU_20240716T221941,S30,1721168381000,rejected_non_intersecting_native_grid
2024-07,NASA/HLS/HLSS30/v002/T01KAV_20240716T221941,S30,1721168381000,rejected_non_intersecting_native_grid
2024-07,NASA/HLS/HLSS30/v002/T01VCK_20240716T233651,S30,1721173011000,rejected_non_intersecting_native_grid
2024-07,NASA/HLS/HLSS30/v002/T01VCL_20240716T233651,S30,1721173011000,rejected_non_intersecting_native_grid
2024-07,NASA/HLS/HLSS30/v002/T01WCM_20240716T233651,S30,1721173011000,rejected_non_intersecting_native_grid
2024-07,NASA/HLS/HLSS30/v002/T01WCN_20240716T233651,S30,1721173011000,rejected_non_intersecting_native_grid
2024-07,NASA/HLS/HLSS30/v002/T01WCP_20240716T233651,S30,1721173011000,rejected_non_intersecting_native_grid
2024-07,NASA/HLS/HLSS30/v002/T60VXQ_20240716T233651,S30,1721173011000,rejected_non_intersecting_native_grid
2024-07,NASA/HLS/HLSS30/v002/T60VXR_20240716T233651,S30,1721173011000,rejected_non_intersecting_native_grid
2024-07,NASA/HLS/HLSS30/v002/T01UBT_20240717T230531,S30,1721257531000,rejected_non_intersecting_native_grid
2024-07,NASA/HLS/HLSS30/v002/T60UXC_20240717T230531,S30,1721257531000,rejected_non_intersecting_native_grid
2024-07,NASA/HLS/HLSS30/v002/T01WCP_20240717T235619,S30,1721260579000,rejected_non_intersecting_native_grid
2024-07,NASA/HLS/HLSS30/v002/T01WCQ_20240717T235619,S30,1721260579000,rejected_non_intersecting_native_grid
2024-07,NASA/HLS/HLSS30/v002/T01WCS_20240717T235619,S30,1721260579000,rejected_non_intersecting_native_grid
2024-07,NASA/HLS/HLSS30/v002/T01WCT_20240717T235619,S30,1721260579000,rejected_non_intersecting_native_grid
2024-07,NASA/HLS/HLSS30/v002/T01WCU_20240717T235619,S30,1721260579000,rejected_non_intersecting_native_grid
2024-07,NASA/HLS/HLSS30/v002/T01VCK_20240718T232639,S30,1721345199000,rejected_non_intersecting_native_grid
2024-07,NASA/HLS/HLSS30/v002/T60VXQ_20240718T232639,S30,1721345199000,rejected_non_intersecting_native_grid
2024-07,NASA/HLS/HLSS30/v002/T01WCV_20240719T001611,S30,1721348171000,rejected_non_intersecting_native_grid
2024-07,NASA/HLS/HLSS30/v002/T60WWE_20240719T001611,S30,1721348171000,rejected_non_intersecting_native_grid
2024-07,NASA/HLS/HLSS30/v002/T01VCL_20240719T234621,S30,1721432781000,rejected_non_intersecting_native_grid
2024-07,NASA/HLS/HLSS30/v002/T01WCM_20240719T234621,S30,1721432781000,rejected_non_intersecting_native_grid
2024-07,NASA/HLS/HLSS30/v002/T01WCN_20240719T234621,S30,1721432781000,rejected_non_intersecting_native_grid
2024-07,NASA/HLS/HLSS30/v002/T01WCP_20240719T234621,S30,1721432781000,rejected_non_intersecting_native_grid
2024-07,NASA/HLS/HLSS30/v002/T01WCQ_20240719T234621,S30,1721432781000,rejected_non_intersecting_native_grid
2024-07,NASA/HLS/HLSS30/v002/T01WCR_20240719T234621,S30,1721432781000,rejected_non_intersecting_native_grid
2024-07,NASA/HLS/HLSS30/v002/T60VXR_20240719T234621,S30,1721432781000,rejected_non_intersecting_native_grid
2024-07,NASA/HLS/HLSL30/v002/T50SLG_20240720T030004,L30,1721444404000,native_grid_intersects_roi
2024-07,NASA/HLS/HLSS30/v002/T50SLG_20240720T030541,S30,1721444741000,native_grid_intersects_roi
2024-07,NASA/HLS/HLSS30/v002/T01WCR_20240721T000619,S30,1721520379000,rejected_non_intersecting_native_grid
2024-07,NASA/HLS/HLSS30/v002/T01WCU_20240721T000619,S30,1721520379000,rejected_non_intersecting_native_grid
2024-07,NASA/HLS/HLSS30/v002/T01WCV_20240721T000619,S30,1721520379000,rejected_non_intersecting_native_grid
2024-07,NASA/HLS/HLSS30/v002/T60WWE_20240721T000619,S30,1721520379000,rejected_non_intersecting_native_grid
2024-07,NASA/HLS/HLSL30/v002/T50SLG_20240721T025345,L30,1721530425000,native_grid_intersects_roi
2024-07,NASA/HLS/HLSS30/v002/T01KAA_20240721T221939,S30,1721600379000,rejected_non_intersecting_native_grid
2024-07,NASA/HLS/HLSS30/v002/T01KAB_20240721T221939,S30,1721600379000,rejected_non_intersecting_native_grid
2024-07,NASA/HLS/HLSS30/v002/T01KAU_20240721T221939,S30,1721600379000,rejected_non_intersecting_native_grid
2024-07,NASA/HLS/HLSS30/v002/T01KAV_20240721T221939,S30,1721600379000,rejected_non_intersecting_native_grid
2024-07,NASA/HLS/HLSS30/v002/T01LAC_20240721T221939,S30,1721600379000,rejected_non_intersecting_native_grid
2024-07,NASA/HLS/HLSS30/v002/T01VCK_20240721T233649,S30,1721605009000,rejected_non_intersecting_native_grid
2024-07,NASA/HLS/HLSS30/v002/T01VCL_20240721T233649,S30,1721605009000,rejected_non_intersecting_native_grid
2024-07,NASA/HLS/HLSS30/v002/T01WCM_20240721T233649,S30,1721605009000,rejected_non_intersecting_native_grid
2024-07,NASA/HLS/HLSS30/v002/T60VXQ_20240721T233649,S30,1721605009000,rejected_non_intersecting_native_grid
2024-07,NASA/HLS/HLSS30/v002/T60VXR_20240721T233649,S30,1721605009000,rejected_non_intersecting_native_grid
2024-07,NASA/HLS/HLSS30/v002/T01WCV_20240722T002611,S30,1721607971000,rejected_non_intersecting_native_grid
2024-07,NASA/HLS/HLSS30/v002/T60WWE_20240722T002611,S30,1721607971000,rejected_non_intersecting_native_grid
2024-07,NASA/HLS/HLSS30/v002/T01UBS_20240722T230529,S30,1721689529000,rejected_non_intersecting_native_grid
2024-07,NASA/HLS/HLSS30/v002/T01UBT_20240722T230529,S30,1721689529000,rejected_non_intersecting_native_grid
2024-07,NASA/HLS/HLSS30/v002/T60UXC_20240722T230529,S30,1721689529000,rejected_non_intersecting_native_grid
2024-07,NASA/HLS/HLSS30/v002/T01WCP_20240722T235621,S30,1721692581000,rejected_non_intersecting_native_grid
2024-07,NASA/HLS/HLSS30/v002/T01WCQ_20240722T235621,S30,1721692581000,rejected_non_intersecting_native_grid
2024-07,NASA/HLS/HLSS30/v002/T01WCR_20240722T235621,S30,1721692581000,rejected_non_intersecting_native_grid
2024-07,NASA/HLS/HLSS30/v002/T01WCS_20240722T235621,S30,1721692581000,rejected_non_intersecting_native_grid
2024-07,NASA/HLS/HLSS30/v002/T01WCT_20240722T235621,S30,1721692581000,rejected_non_intersecting_native_grid
2024-07,NASA/HLS/HLSS30/v002/T01WCU_20240722T235621,S30,1721692581000,rejected_non_intersecting_native_grid
2024-07,NASA/HLS/HLSS30/v002/T01VCK_20240723T232631,S30,1721777191000,rejected_non_intersecting_native_grid
2024-07,NASA/HLS/HLSS30/v002/T60VXQ_20240723T232631,S30,1721777191000,rejected_non_intersecting_native_grid
2024-07,NASA/HLS/HLSS30/v002/T01WCT_20240724T001609,S30,1721780169000,rejected_non_intersecting_native_grid
2024-07,NASA/HLS/HLSS30/v002/T01FBF_20240724T214911,S30,1721857751000,rejected_non_intersecting_native_grid
2024-07,NASA/HLS/HLSS30/v002/T01VCL_20240724T234629,S30,1721864789000,rejected_non_intersecting_native_grid
2024-07,NASA/HLS/HLSS30/v002/T01WCM_20240724T234629,S30,1721864789000,rejected_non_intersecting_native_grid
2024-07,NASA/HLS/HLSS30/v002/T01WCN_20240724T234629,S30,1721864789000,rejected_non_intersecting_native_grid
2024-07,NASA/HLS/HLSS30/v002/T01WCP_20240724T234629,S30,1721864789000,rejected_non_intersecting_native_grid
2024-07,NASA/HLS/HLSS30/v002/T01WCQ_20240724T234629,S30,1721864789000,rejected_non_intersecting_native_grid
2024-07,NASA/HLS/HLSS30/v002/T01WCR_20240724T234629,S30,1721864789000,rejected_non_intersecting_native_grid
2024-07,NASA/HLS/HLSS30/v002/T60VXR_20240724T234629,S30,1721864789000,rejected_non_intersecting_native_grid
2024-07,NASA/HLS/HLSS30/v002/T01UBT_20240725T231559,S30,1721949359000,rejected_non_intersecting_native_grid
2024-07,NASA/HLS/HLSS30/v002/T60UXC_20240725T231559,S30,1721949359000,rejected_non_intersecting_native_grid
2024-07,NASA/HLS/HLSS30/v002/T01KAA_20240726T221941,S30,1722032381000,rejected_non_intersecting_native_grid
2024-07,NASA/HLS/HLSS30/v002/T01KAB_20240726T221941,S30,1722032381000,rejected_non_intersecting_native_grid
2024-07,NASA/HLS/HLSS30/v002/T01KAU_20240726T221941,S30,1722032381000,rejected_non_intersecting_native_grid
2024-07,NASA/HLS/HLSS30/v002/T01KAV_20240726T221941,S30,1722032381000,rejected_non_intersecting_native_grid
2024-07,NASA/HLS/HLSS30/v002/T01LAC_20240726T221941,S30,1722032381000,rejected_non_intersecting_native_grid
2024-07,NASA/HLS/HLSS30/v002/T01WCN_20240726T233651,S30,1722037011000,rejected_non_intersecting_native_grid
2024-07,NASA/HLS/HLSS30/v002/T01WCP_20240726T233651,S30,1722037011000,rejected_non_intersecting_native_grid
2024-07,NASA/HLS/HLSS30/v002/T01UBT_20240727T230531,S30,1722121531000,rejected_non_intersecting_native_grid
2024-07,NASA/HLS/HLSS30/v002/T60UXC_20240727T230531,S30,1722121531000,rejected_non_intersecting_native_grid
2024-07,NASA/HLS/HLSS30/v002/T01WCP_20240727T235619,S30,1722124579000,rejected_non_intersecting_native_grid
2024-07,NASA/HLS/HLSS30/v002/T01WCQ_20240727T235619,S30,1722124579000,rejected_non_intersecting_native_grid
2024-07,NASA/HLS/HLSS30/v002/T01WCR_20240727T235619,S30,1722124579000,rejected_non_intersecting_native_grid
2024-07,NASA/HLS/HLSS30/v002/T01WCS_20240727T235619,S30,1722124579000,rejected_non_intersecting_native_grid
2024-07,NASA/HLS/HLSS30/v002/T01WCT_20240727T235619,S30,1722124579000,rejected_non_intersecting_native_grid
2024-07,NASA/HLS/HLSS30/v002/T01WCU_20240727T235619,S30,1722124579000,rejected_non_intersecting_native_grid
2024-07,NASA/HLS/HLSL30/v002/T50SLG_20240728T025956,L30,1722135596000,native_grid_intersects_roi
2024-07,NASA/HLS/HLSS30/v002/T01FBF_20240729T214909,S30,1722289749000,rejected_non_intersecting_native_grid
2024-07,NASA/HLS/HLSS30/v002/T50SLG_20240730T030531,S30,1722308731000,native_grid_intersects_roi
2024-07,NASA/HLS/HLSS30/v002/T01KAA_20240731T221939,S30,1722464379000,rejected_non_intersecting_native_grid
2024-07,NASA/HLS/HLSS30/v002/T01KAB_20240731T221939,S30,1722464379000,rejected_non_intersecting_native_grid
2024-07,NASA/HLS/HLSS30/v002/T01KAU_20240731T221939,S30,1722464379000,rejected_non_intersecting_native_grid
2024-07,NASA/HLS/HLSS30/v002/T01KAV_20240731T221939,S30,1722464379000,rejected_non_intersecting_native_grid
2024-07,NASA/HLS/HLSS30/v002/T01LAC_20240731T221939,S30,1722464379000,rejected_non_intersecting_native_grid
2024-07,NASA/HLS/HLSS30/v002/T01VCK_20240731T233649,S30,1722469009000,rejected_non_intersecting_native_grid
2024-07,NASA/HLS/HLSS30/v002/T01VCL_20240731T233649,S30,1722469009000,rejected_non_intersecting_native_grid
2024-07,NASA/HLS/HLSS30/v002/T60VXQ_20240731T233649,S30,1722469009000,rejected_non_intersecting_native_grid
2024-07,NASA/HLS/HLSS30/v002/T60VXR_20240731T233649,S30,1722469009000,rejected_non_intersecting_native_grid
2024-08,NASA/HLS/HLSS30/v002/T01WCV_20240801T002611,S30,1722471971000,rejected_non_intersecting_native_grid
2024-08,NASA/HLS/HLSS30/v002/T60WWE_20240801T002611,S30,1722471971000,rejected_non_intersecting_native_grid
2024-08,NASA/HLS/HLSS30/v002/T01UBT_20240801T230529,S30,1722553529000,rejected_non_intersecting_native_grid
2024-08,NASA/HLS/HLSS30/v002/T60UXC_20240801T230529,S30,1722553529000,rejected_non_intersecting_native_grid
2024-08,NASA/HLS/HLSS30/v002/T01WCQ_20240801T235621,S30,1722556581000,rejected_non_intersecting_native_grid
2024-08,NASA/HLS/HLSS30/v002/T01WCR_20240801T235621,S30,1722556581000,rejected_non_intersecting_native_grid
2024-08,NASA/HLS/HLSS30/v002/T01WCS_20240801T235621,S30,1722556581000,rejected_non_intersecting_native_grid
2024-08,NASA/HLS/HLSS30/v002/T01WCT_20240801T235621,S30,1722556581000,rejected_non_intersecting_native_grid
2024-08,NASA/HLS/HLSS30/v002/T01VCK_20240802T232631,S30,1722641191000,rejected_non_intersecting_native_grid
2024-08,NASA/HLS/HLSS30/v002/T60VXQ_20240802T232631,S30,1722641191000,rejected_non_intersecting_native_grid
2024-08,NASA/HLS/HLSS30/v002/T01WCT_20240803T001609,S30,1722644169000,rejected_non_intersecting_native_grid
2024-08,NASA/HLS/HLSS30/v002/T01WCU_20240803T001609,S30,1722644169000,rejected_non_intersecting_native_grid
2024-08,NASA/HLS/HLSS30/v002/T01WCV_20240803T001609,S30,1722644169000,rejected_non_intersecting_native_grid
2024-08,NASA/HLS/HLSS30/v002/T60WWE_20240803T001609,S30,1722644169000,rejected_non_intersecting_native_grid
2024-08,NASA/HLS/HLSS30/v002/T01FBF_20240803T214911,S30,1722721751000,rejected_non_intersecting_native_grid
2024-08,NASA/HLS/HLSS30/v002/T01LAK_20240803T222759,S30,1722724079000,rejected_non_intersecting_native_grid
2024-08,NASA/HLS/HLSS30/v002/T01WCR_20240803T234619,S30,1722728779000,rejected_non_intersecting_native_grid
2024-08,NASA/HLS/HLSS30/v002/T50SLG_20240804T030529,S30,1722740729000,native_grid_intersects_roi
2024-08,NASA/HLS/HLSL30/v002/T50SLG_20240805T030004,L30,1722826804000,native_grid_intersects_roi
2024-08,NASA/HLS/HLSS30/v002/T01KAA_20240805T221941,S30,1722896381000,rejected_non_intersecting_native_grid
2024-08,NASA/HLS/HLSS30/v002/T01KAB_20240805T221941,S30,1722896381000,rejected_non_intersecting_native_grid
2024-08,NASA/HLS/HLSS30/v002/T01KAU_20240805T221941,S30,1722896381000,rejected_non_intersecting_native_grid
2024-08,NASA/HLS/HLSS30/v002/T01KAV_20240805T221941,S30,1722896381000,rejected_non_intersecting_native_grid
2024-08,NASA/HLS/HLSS30/v002/T01LAC_20240805T221941,S30,1722896381000,rejected_non_intersecting_native_grid
2024-08,NASA/HLS/HLSS30/v002/T01VCK_20240805T233651,S30,1722901011000,rejected_non_intersecting_native_grid
2024-08,NASA/HLS/HLSS30/v002/T01VCL_20240805T233651,S30,1722901011000,rejected_non_intersecting_native_grid
2024-08,NASA/HLS/HLSS30/v002/T01WCM_20240805T233651,S30,1722901011000,rejected_non_intersecting_native_grid
2024-08,NASA/HLS/HLSS30/v002/T01WCP_20240805T233651,S30,1722901011000,rejected_non_intersecting_native_grid
2024-08,NASA/HLS/HLSS30/v002/T60VXQ_20240805T233651,S30,1722901011000,rejected_non_intersecting_native_grid
2024-08,NASA/HLS/HLSS30/v002/T60VXR_20240805T233651,S30,1722901011000,rejected_non_intersecting_native_grid
2024-08,NASA/HLS/HLSL30/v002/T50SLG_20240806T025349,L30,1722912829000,native_grid_intersects_roi
2024-08,NASA/HLS/HLSS30/v002/T01UBS_20240806T230531,S30,1722985531000,rejected_non_intersecting_native_grid
2024-08,NASA/HLS/HLSS30/v002/T01UBT_20240806T230531,S30,1722985531000,rejected_non_intersecting_native_grid
2024-08,NASA/HLS/HLSS30/v002/T60UXB_20240806T230531,S30,1722985531000,rejected_non_intersecting_native_grid
2024-08,NASA/HLS/HLSS30/v002/T60UXC_20240806T230531,S30,1722985531000,rejected_non_intersecting_native_grid
2024-08,NASA/HLS/HLSS30/v002/T01WCP_20240806T235619,S30,1722988579000,rejected_non_intersecting_native_grid
2024-08,NASA/HLS/HLSS30/v002/T01WCQ_20240806T235619,S30,1722988579000,rejected_non_intersecting_native_grid
2024-08,NASA/HLS/HLSS30/v002/T01WCR_20240806T235619,S30,1722988579000,rejected_non_intersecting_native_grid
2024-08,NASA/HLS/HLSS30/v002/T01WCU_20240806T235619,S30,1722988579000,rejected_non_intersecting_native_grid
2024-08,NASA/HLS/HLSS30/v002/T01WCV_20240808T001611,S30,1723076171000,rejected_non_intersecting_native_grid
2024-08,NASA/HLS/HLSS30/v002/T60WWE_20240808T001611,S30,1723076171000,rejected_non_intersecting_native_grid
2024-08,NASA/HLS/HLSS30/v002/T01FBF_20240808T214909,S30,1723153749000,rejected_non_intersecting_native_grid
2024-08,NASA/HLS/HLSS30/v002/T01VCL_20240808T234621,S30,1723160781000,rejected_non_intersecting_native_grid
2024-08,NASA/HLS/HLSS30/v002/T01WCM_20240808T234621,S30,1723160781000,rejected_non_intersecting_native_grid
2024-08,NASA/HLS/HLSS30/v002/T01WCN_20240808T234621,S30,1723160781000,rejected_non_intersecting_native_grid
2024-08,NASA/HLS/HLSS30/v002/T01WCP_20240808T234621,S30,1723160781000,rejected_non_intersecting_native_grid
2024-08,NASA/HLS/HLSS30/v002/T60VXR_20240808T234621,S30,1723160781000,rejected_non_intersecting_native_grid
2024-08,NASA/HLS/HLSS30/v002/T01WCR_20240810T000619,S30,1723248379000,rejected_non_intersecting_native_grid
2024-08,NASA/HLS/HLSS30/v002/T01WCS_20240810T000619,S30,1723248379000,rejected_non_intersecting_native_grid
2024-08,NASA/HLS/HLSS30/v002/T01WCT_20240810T000619,S30,1723248379000,rejected_non_intersecting_native_grid
2024-08,NASA/HLS/HLSS30/v002/T01WCU_20240810T000619,S30,1723248379000,rejected_non_intersecting_native_grid
2024-08,NASA/HLS/HLSS30/v002/T01WCV_20240810T000619,S30,1723248379000,rejected_non_intersecting_native_grid
2024-08,NASA/HLS/HLSS30/v002/T60WWE_20240810T000619,S30,1723248379000,rejected_non_intersecting_native_grid
2024-08,NASA/HLS/HLSS30/v002/T01KAA_20240810T221939,S30,1723328379000,rejected_non_intersecting_native_grid
2024-08,NASA/HLS/HLSS30/v002/T01KAB_20240810T221939,S30,1723328379000,rejected_non_intersecting_native_grid
2024-08,NASA/HLS/HLSS30/v002/T01KAU_20240810T221939,S30,1723328379000,rejected_non_intersecting_native_grid
2024-08,NASA/HLS/HLSS30/v002/T01KAV_20240810T221939,S30,1723328379000,rejected_non_intersecting_native_grid
2024-08,NASA/HLS/HLSS30/v002/T01LAC_20240810T221939,S30,1723328379000,rejected_non_intersecting_native_grid
2024-08,NASA/HLS/HLSS30/v002/T01VCK_20240810T233649,S30,1723333009000,rejected_non_intersecting_native_grid
2024-08,NASA/HLS/HLSS30/v002/T01VCL_20240810T233649,S30,1723333009000,rejected_non_intersecting_native_grid
2024-08,NASA/HLS/HLSS30/v002/T01WCM_20240810T233649,S30,1723333009000,rejected_non_intersecting_native_grid
2024-08,NASA/HLS/HLSS30/v002/T01WCN_20240810T233649,S30,1723333009000,rejected_non_intersecting_native_grid
2024-08,NASA/HLS/HLSS30/v002/T01WCP_20240810T233649,S30,1723333009000,rejected_non_intersecting_native_grid
2024-08,NASA/HLS/HLSS30/v002/T60VXQ_20240810T233649,S30,1723333009000,rejected_non_intersecting_native_grid
2024-08,NASA/HLS/HLSS30/v002/T60VXR_20240810T233649,S30,1723333009000,rejected_non_intersecting_native_grid
2024-08,NASA/HLS/HLSS30/v002/T01WCV_20240811T002611,S30,1723335971000,rejected_non_intersecting_native_grid
2024-08,NASA/HLS/HLSS30/v002/T60WWE_20240811T002611,S30,1723335971000,rejected_non_intersecting_native_grid
2024-08,NASA/HLS/HLSS30/v002/T01UBS_20240811T230539,S30,1723417539000,rejected_non_intersecting_native_grid
2024-08,NASA/HLS/HLSS30/v002/T01UBT_20240811T230539,S30,1723417539000,rejected_non_intersecting_native_grid
2024-08,NASA/HLS/HLSS30/v002/T60UXB_20240811T230539,S30,1723417539000,rejected_non_intersecting_native_grid
2024-08,NASA/HLS/HLSS30/v002/T60UXC_20240811T230539,S30,1723417539000,rejected_non_intersecting_native_grid
2024-08,NASA/HLS/HLSS30/v002/T01WCP_20240811T235621,S30,1723420581000,rejected_non_intersecting_native_grid
2024-08,NASA/HLS/HLSS30/v002/T01WCQ_20240811T235621,S30,1723420581000,rejected_non_intersecting_native_grid
2024-08,NASA/HLS/HLSS30/v002/T01WCR_20240811T235621,S30,1723420581000,rejected_non_intersecting_native_grid
2024-08,NASA/HLS/HLSS30/v002/T01WCS_20240811T235621,S30,1723420581000,rejected_non_intersecting_native_grid
2024-08,NASA/HLS/HLSS30/v002/T01VCK_20240812T232631,S30,1723505191000,rejected_non_intersecting_native_grid
2024-08,NASA/HLS/HLSS30/v002/T60VXQ_20240812T232631,S30,1723505191000,rejected_non_intersecting_native_grid
2024-08,NASA/HLS/HLSS30/v002/T01WCU_20240813T001609,S30,1723508169000,rejected_non_intersecting_native_grid
2024-08,NASA/HLS/HLSS30/v002/T01WCV_20240813T001609,S30,1723508169000,rejected_non_intersecting_native_grid
2024-08,NASA/HLS/HLSS30/v002/T60WWE_20240813T001609,S30,1723508169000,rejected_non_intersecting_native_grid
2024-08,NASA/HLS/HLSL30/v002/T50SLG_20240813T030005,L30,1723518005000,native_grid_intersects_roi
2024-08,NASA/HLS/HLSS30/v002/T01LAK_20240813T222759,S30,1723588079000,rejected_non_intersecting_native_grid
2024-08,NASA/HLS/HLSS30/v002/T01VCL_20240813T234629,S30,1723592789000,rejected_non_intersecting_native_grid
2024-08,NASA/HLS/HLSS30/v002/T01WCM_20240813T234629,S30,1723592789000,rejected_non_intersecting_native_grid
2024-08,NASA/HLS/HLSS30/v002/T01WCN_20240813T234629,S30,1723592789000,rejected_non_intersecting_native_grid
2024-08,NASA/HLS/HLSS30/v002/T01WCP_20240813T234629,S30,1723592789000,rejected_non_intersecting_native_grid
2024-08,NASA/HLS/HLSS30/v002/T01WCQ_20240813T234629,S30,1723592789000,rejected_non_intersecting_native_grid
2024-08,NASA/HLS/HLSS30/v002/T01WCR_20240813T234629,S30,1723592789000,rejected_non_intersecting_native_grid
2024-08,NASA/HLS/HLSS30/v002/T60VXR_20240813T234629,S30,1723592789000,rejected_non_intersecting_native_grid
2024-08,NASA/HLS/HLSL30/v002/T50SLG_20240814T025357,L30,1723604037000,native_grid_intersects_roi
2024-08,NASA/HLS/HLSS30/v002/T50SLG_20240814T030529,S30,1723604729000,native_grid_intersects_roi
2024-08,NASA/HLS/HLSS30/v002/T01WCR_20240815T000611,S30,1723680371000,rejected_non_intersecting_native_grid
2024-08,NASA/HLS/HLSS30/v002/T01WCV_20240815T000611,S30,1723680371000,rejected_non_intersecting_native_grid
2024-08,NASA/HLS/HLSS30/v002/T60WWE_20240815T000611,S30,1723680371000,rejected_non_intersecting_native_grid
2024-08,NASA/HLS/HLSS30/v002/T01KAA_20240815T221941,S30,1723760381000,rejected_non_intersecting_native_grid
2024-08,NASA/HLS/HLSS30/v002/T01KAB_20240815T221941,S30,1723760381000,rejected_non_intersecting_native_grid
2024-08,NASA/HLS/HLSS30/v002/T01KAU_20240815T221941,S30,1723760381000,rejected_non_intersecting_native_grid
2024-08,NASA/HLS/HLSS30/v002/T01KAV_20240815T221941,S30,1723760381000,rejected_non_intersecting_native_grid
2024-08,NASA/HLS/HLSS30/v002/T01LAC_20240815T221941,S30,1723760381000,rejected_non_intersecting_native_grid
2024-08,NASA/HLS/HLSS30/v002/T01WCM_20240815T233651,S30,1723765011000,rejected_non_intersecting_native_grid
2024-08,NASA/HLS/HLSS30/v002/T01WCN_20240815T233651,S30,1723765011000,rejected_non_intersecting_native_grid
2024-08,NASA/HLS/HLSS30/v002/T01WCP_20240815T233651,S30,1723765011000,rejected_non_intersecting_native_grid
2024-08,NASA/HLS/HLSS30/v002/T01UBS_20240816T230531,S30,1723849531000,rejected_non_intersecting_native_grid
2024-08,NASA/HLS/HLSS30/v002/T01UBT_20240816T230531,S30,1723849531000,rejected_non_intersecting_native_grid
2024-08,NASA/HLS/HLSS30/v002/T60UXB_20240816T230531,S30,1723849531000,rejected_non_intersecting_native_grid
2024-08,NASA/HLS/HLSS30/v002/T60UXC_20240816T230531,S30,1723849531000,rejected_non_intersecting_native_grid
2024-08,NASA/HLS/HLSS30/v002/T01WCP_20240816T235619,S30,1723852579000,rejected_non_intersecting_native_grid
2024-08,NASA/HLS/HLSS30/v002/T01WCQ_20240816T235619,S30,1723852579000,rejected_non_intersecting_native_grid
2024-08,NASA/HLS/HLSS30/v002/T01WCR_20240816T235619,S30,1723852579000,rejected_non_intersecting_native_grid
2024-08,NASA/HLS/HLSS30/v002/T01WCS_20240816T235619,S30,1723852579000,rejected_non_intersecting_native_grid
2024-08,NASA/HLS/HLSS30/v002/T01WCU_20240816T235619,S30,1723852579000,rejected_non_intersecting_native_grid
2024-08,NASA/HLS/HLSS30/v002/T01WCT_20240818T001611,S30,1723940171000,rejected_non_intersecting_native_grid
2024-08,NASA/HLS/HLSS30/v002/T01WCU_20240818T001611,S30,1723940171000,rejected_non_intersecting_native_grid
2024-08,NASA/HLS/HLSS30/v002/T01WCV_20240818T001611,S30,1723940171000,rejected_non_intersecting_native_grid
2024-08,NASA/HLS/HLSS30/v002/T60WWE_20240818T001611,S30,1723940171000,rejected_non_intersecting_native_grid
2024-08,NASA/HLS/HLSS30/v002/T01FBF_20240818T214909,S30,1724017749000,rejected_non_intersecting_native_grid
2024-08,NASA/HLS/HLSS30/v002/T01WCM_20240818T234621,S30,1724024781000,rejected_non_intersecting_native_grid
2024-08,NASA/HLS/HLSS30/v002/T01WCN_20240818T234621,S30,1724024781000,rejected_non_intersecting_native_grid
2024-08,NASA/HLS/HLSS30/v002/T01WCP_20240818T234621,S30,1724024781000,rejected_non_intersecting_native_grid
2024-08,NASA/HLS/HLSS30/v002/T01WCQ_20240818T234621,S30,1724024781000,rejected_non_intersecting_native_grid
2024-08,NASA/HLS/HLSS30/v002/T01WCR_20240818T234621,S30,1724024781000,rejected_non_intersecting_native_grid
2024-08,NASA/HLS/HLSS30/v002/T60VXR_20240818T234621,S30,1724024781000,rejected_non_intersecting_native_grid
2024-08,NASA/HLS/HLSS30/v002/T50SLG_20240819T030541,S30,1724036741000,native_grid_intersects_roi
2024-08,NASA/HLS/HLSS30/v002/T01WCR_20240820T000609,S30,1724112369000,rejected_non_intersecting_native_grid
2024-08,NASA/HLS/HLSS30/v002/T01WCS_20240820T000609,S30,1724112369000,rejected_non_intersecting_native_grid
2024-08,NASA/HLS/HLSS30/v002/T01WCT_20240820T000609,S30,1724112369000,rejected_non_intersecting_native_grid
2024-08,NASA/HLS/HLSS30/v002/T01WCU_20240820T000609,S30,1724112369000,rejected_non_intersecting_native_grid
2024-08,NASA/HLS/HLSS30/v002/T01WCV_20240820T000609,S30,1724112369000,rejected_non_intersecting_native_grid
2024-08,NASA/HLS/HLSS30/v002/T60WWE_20240820T000609,S30,1724112369000,rejected_non_intersecting_native_grid
2024-08,NASA/HLS/HLSS30/v002/T01KAA_20240820T221939,S30,1724192379000,rejected_non_intersecting_native_grid
2024-08,NASA/HLS/HLSS30/v002/T01KAB_20240820T221939,S30,1724192379000,rejected_non_intersecting_native_grid
2024-08,NASA/HLS/HLSS30/v002/T01KAU_20240820T221939,S30,1724192379000,rejected_non_intersecting_native_grid
2024-08,NASA/HLS/HLSS30/v002/T01KAV_20240820T221939,S30,1724192379000,rejected_non_intersecting_native_grid
2024-08,NASA/HLS/HLSS30/v002/T01LAC_20240820T221939,S30,1724192379000,rejected_non_intersecting_native_grid
2024-08,NASA/HLS/HLSS30/v002/T01WCV_20240821T002601,S30,1724199961000,rejected_non_intersecting_native_grid
2024-08,NASA/HLS/HLSS30/v002/T60WWE_20240821T002601,S30,1724199961000,rejected_non_intersecting_native_grid
2024-08,NASA/HLS/HLSS30/v002/T50SLG_20240821T025529,S30,1724208929000,native_grid_intersects_roi
2024-08,NASA/HLS/HLSL30/v002/T50SLG_20240821T030014,L30,1724209214000,native_grid_intersects_roi
2024-08,NASA/HLS/HLSS30/v002/T01WCU_20240821T235611,S30,1724284571000,rejected_non_intersecting_native_grid
2024-08,NASA/HLS/HLSL30/v002/T50SLG_20240822T025402,L30,1724295242000,native_grid_intersects_roi
2024-08,NASA/HLS/HLSS30/v002/T01VCK_20240822T232631,S30,1724369191000,rejected_non_intersecting_native_grid
2024-08,NASA/HLS/HLSS30/v002/T60VXQ_20240822T232631,S30,1724369191000,rejected_non_intersecting_native_grid
2024-08,NASA/HLS/HLSS30/v002/T01WCU_20240823T001609,S30,1724372169000,rejected_non_intersecting_native_grid
2024-08,NASA/HLS/HLSS30/v002/T60WWE_20240823T001609,S30,1724372169000,rejected_non_intersecting_native_grid
2024-08,NASA/HLS/HLSS30/v002/T01FBF_20240823T214911,S30,1724449751000,rejected_non_intersecting_native_grid
2024-08,NASA/HLS/HLSS30/v002/T01LAK_20240823T222759,S30,1724452079000,rejected_non_intersecting_native_grid
2024-08,NASA/HLS/HLSS30/v002/T01VCL_20240823T234619,S30,1724456779000,rejected_non_intersecting_native_grid
2024-08,NASA/HLS/HLSS30/v002/T01WCM_20240823T234619,S30,1724456779000,rejected_non_intersecting_native_grid
2024-08,NASA/HLS/HLSS30/v002/T01WCN_20240823T234619,S30,1724456779000,rejected_non_intersecting_native_grid
2024-08,NASA/HLS/HLSS30/v002/T01WCP_20240823T234619,S30,1724456779000,rejected_non_intersecting_native_grid
2024-08,NASA/HLS/HLSS30/v002/T01WCQ_20240823T234619,S30,1724456779000,rejected_non_intersecting_native_grid
2024-08,NASA/HLS/HLSS30/v002/T01WCR_20240823T234619,S30,1724456779000,rejected_non_intersecting_native_grid
2024-08,NASA/HLS/HLSS30/v002/T60VXR_20240823T234619,S30,1724456779000,rejected_non_intersecting_native_grid
2024-08,NASA/HLS/HLSS30/v002/T50SLG_20240824T030519,S30,1724468719000,native_grid_intersects_roi
2024-08,NASA/HLS/HLSS30/v002/T01WCR_20240825T000611,S30,1724544371000,rejected_non_intersecting_native_grid
2024-08,NASA/HLS/HLSS30/v002/T01WCS_20240825T000611,S30,1724544371000,rejected_non_intersecting_native_grid
2024-08,NASA/HLS/HLSS30/v002/T01WCT_20240825T000611,S30,1724544371000,rejected_non_intersecting_native_grid
2024-08,NASA/HLS/HLSS30/v002/T01WCU_20240825T000611,S30,1724544371000,rejected_non_intersecting_native_grid
2024-08,NASA/HLS/HLSS30/v002/T01WCV_20240825T000611,S30,1724544371000,rejected_non_intersecting_native_grid
2024-08,NASA/HLS/HLSS30/v002/T60WWE_20240825T000611,S30,1724544371000,rejected_non_intersecting_native_grid
2024-08,NASA/HLS/HLSS30/v002/T01KAU_20240825T221941,S30,1724624381000,rejected_non_intersecting_native_grid
2024-08,NASA/HLS/HLSS30/v002/T01WCV_20240826T002609,S30,1724631969000,rejected_non_intersecting_native_grid
2024-08,NASA/HLS/HLSS30/v002/T60WWE_20240826T002609,S30,1724631969000,rejected_non_intersecting_native_grid
2024-08,NASA/HLS/HLSS30/v002/T01UBS_20240826T230531,S30,1724713531000,rejected_non_intersecting_native_grid
2024-08,NASA/HLS/HLSS30/v002/T01UBT_20240826T230531,S30,1724713531000,rejected_non_intersecting_native_grid
2024-08,NASA/HLS/HLSS30/v002/T60UXC_20240826T230531,S30,1724713531000,rejected_non_intersecting_native_grid
2024-08,NASA/HLS/HLSS30/v002/T01WCP_20240826T235619,S30,1724716579000,rejected_non_intersecting_native_grid
2024-08,NASA/HLS/HLSS30/v002/T01WCQ_20240826T235619,S30,1724716579000,rejected_non_intersecting_native_grid
2024-08,NASA/HLS/HLSS30/v002/T01WCR_20240826T235619,S30,1724716579000,rejected_non_intersecting_native_grid
2024-08,NASA/HLS/HLSS30/v002/T01WCS_20240826T235619,S30,1724716579000,rejected_non_intersecting_native_grid
2024-08,NASA/HLS/HLSS30/v002/T01WCT_20240826T235619,S30,1724716579000,rejected_non_intersecting_native_grid
2024-08,NASA/HLS/HLSS30/v002/T01VCK_20240827T232639,S30,1724801199000,rejected_non_intersecting_native_grid
2024-08,NASA/HLS/HLSS30/v002/T60VXQ_20240827T232639,S30,1724801199000,rejected_non_intersecting_native_grid
2024-08,NASA/HLS/HLSS30/v002/T01WCU_20240828T001611,S30,1724804171000,rejected_non_intersecting_native_grid
2024-08,NASA/HLS/HLSS30/v002/T01WCV_20240828T001611,S30,1724804171000,rejected_non_intersecting_native_grid
2024-08,NASA/HLS/HLSS30/v002/T60WWE_20240828T001611,S30,1724804171000,rejected_non_intersecting_native_grid
2024-08,NASA/HLS/HLSL30/v002/T50SLG_20240829T030016,L30,1724900416000,native_grid_intersects_roi
2024-08,NASA/HLS/HLSS30/v002/T50SLG_20240829T030541,S30,1724900741000,native_grid_intersects_roi
2024-08,NASA/HLS/HLSS30/v002/T01UBT_20240829T231551,S30,1724973351000,rejected_non_intersecting_native_grid
2024-08,NASA/HLS/HLSS30/v002/T60UXC_20240829T231551,S30,1724973351000,rejected_non_intersecting_native_grid
2024-08,NASA/HLS/HLSS30/v002/T01WCR_20240830T000619,S30,1724976379000,rejected_non_intersecting_native_grid
2024-08,NASA/HLS/HLSS30/v002/T01WCS_20240830T000619,S30,1724976379000,rejected_non_intersecting_native_grid
2024-08,NASA/HLS/HLSS30/v002/T01WCT_20240830T000619,S30,1724976379000,rejected_non_intersecting_native_grid
2024-08,NASA/HLS/HLSL30/v002/T50SLG_20240830T025405,L30,1724986445000,native_grid_intersects_roi
2024-08,NASA/HLS/HLSS30/v002/T01KAA_20240830T221939,S30,1725056379000,rejected_non_intersecting_native_grid
2024-08,NASA/HLS/HLSS30/v002/T01KAB_20240830T221939,S30,1725056379000,rejected_non_intersecting_native_grid
2024-08,NASA/HLS/HLSS30/v002/T01KAU_20240830T221939,S30,1725056379000,rejected_non_intersecting_native_grid
2024-08,NASA/HLS/HLSS30/v002/T01KAV_20240830T221939,S30,1725056379000,rejected_non_intersecting_native_grid
2024-08,NASA/HLS/HLSS30/v002/T01LAC_20240830T221939,S30,1725056379000,rejected_non_intersecting_native_grid
2024-08,NASA/HLS/HLSS30/v002/T01VCK_20240830T233649,S30,1725061009000,rejected_non_intersecting_native_grid
2024-08,NASA/HLS/HLSS30/v002/T01VCL_20240830T233649,S30,1725061009000,rejected_non_intersecting_native_grid
2024-08,NASA/HLS/HLSS30/v002/T01WCM_20240830T233649,S30,1725061009000,rejected_non_intersecting_native_grid
2024-08,NASA/HLS/HLSS30/v002/T01WCN_20240830T233649,S30,1725061009000,rejected_non_intersecting_native_grid
2024-08,NASA/HLS/HLSS30/v002/T01WCP_20240830T233649,S30,1725061009000,rejected_non_intersecting_native_grid
2024-08,NASA/HLS/HLSS30/v002/T60VXQ_20240830T233649,S30,1725061009000,rejected_non_intersecting_native_grid
2024-08,NASA/HLS/HLSS30/v002/T60VXR_20240830T233649,S30,1725061009000,rejected_non_intersecting_native_grid
2024-08,NASA/HLS/HLSS30/v002/T01WCV_20240831T002601,S30,1725063961000,rejected_non_intersecting_native_grid
2024-08,NASA/HLS/HLSS30/v002/T60WWE_20240831T002601,S30,1725063961000,rejected_non_intersecting_native_grid
2024-08,NASA/HLS/HLSS30/v002/T01UBS_20240831T230529,S30,1725145529000,rejected_non_intersecting_native_grid
2024-08,NASA/HLS/HLSS30/v002/T01UBT_20240831T230529,S30,1725145529000,rejected_non_intersecting_native_grid
2024-08,NASA/HLS/HLSS30/v002/T60UXB_20240831T230529,S30,1725145529000,rejected_non_intersecting_native_grid
2024-08,NASA/HLS/HLSS30/v002/T60UXC_20240831T230529,S30,1725145529000,rejected_non_intersecting_native_grid
2024-08,NASA/HLS/HLSS30/v002/T01WCP_20240831T235611,S30,1725148571000,rejected_non_intersecting_native_grid
2024-08,NASA/HLS/HLSS30/v002/T01WCQ_20240831T235611,S30,1725148571000,rejected_non_intersecting_native_grid
2024-08,NASA/HLS/HLSS30/v002/T01WCR_20240831T235611,S30,1725148571000,rejected_non_intersecting_native_grid
2024-08,NASA/HLS/HLSS30/v002/T01WCS_20240831T235611,S30,1725148571000,rejected_non_intersecting_native_grid
2024-08,NASA/HLS/HLSS30/v002/T01WCT_20240831T235611,S30,1725148571000,rejected_non_intersecting_native_grid
2024-08,NASA/HLS/HLSS30/v002/T01WCU_20240831T235611,S30,1725148571000,rejected_non_intersecting_native_grid
2024-09,NASA/HLS/HLSS30/v002/T01VCK_20240901T232631,S30,1725233191000,rejected_non_intersecting_native_grid
2024-09,NASA/HLS/HLSS30/v002/T60VXQ_20240901T232631,S30,1725233191000,rejected_non_intersecting_native_grid
2024-09,NASA/HLS/HLSS30/v002/T01FBF_20240902T214911,S30,1725313751000,rejected_non_intersecting_native_grid
2024-09,NASA/HLS/HLSS30/v002/T01LAK_20240902T222759,S30,1725316079000,rejected_non_intersecting_native_grid
2024-09,NASA/HLS/HLSS30/v002/T50SLG_20240903T030529,S30,1725332729000,native_grid_intersects_roi
2024-09,NASA/HLS/HLSS30/v002/T01UBT_20240903T231559,S30,1725405359000,rejected_non_intersecting_native_grid
2024-09,NASA/HLS/HLSS30/v002/T60UXC_20240903T231559,S30,1725405359000,rejected_non_intersecting_native_grid
2024-09,NASA/HLS/HLSS30/v002/T01WCR_20240904T000611,S30,1725408371000,rejected_non_intersecting_native_grid
2024-09,NASA/HLS/HLSS30/v002/T01KAA_20240904T221941,S30,1725488381000,rejected_non_intersecting_native_grid
2024-09,NASA/HLS/HLSS30/v002/T01KAB_20240904T221941,S30,1725488381000,rejected_non_intersecting_native_grid
2024-09,NASA/HLS/HLSS30/v002/T01KAU_20240904T221941,S30,1725488381000,rejected_non_intersecting_native_grid
2024-09,NASA/HLS/HLSS30/v002/T01KAV_20240904T221941,S30,1725488381000,rejected_non_intersecting_native_grid
2024-09,NASA/HLS/HLSS30/v002/T01LAC_20240904T221941,S30,1725488381000,rejected_non_intersecting_native_grid
2024-09,NASA/HLS/HLSS30/v002/T01VCK_20240904T233651,S30,1725493011000,rejected_non_intersecting_native_grid
2024-09,NASA/HLS/HLSS30/v002/T01WCN_20240904T233651,S30,1725493011000,rejected_non_intersecting_native_grid
2024-09,NASA/HLS/HLSS30/v002/T01WCP_20240904T233651,S30,1725493011000,rejected_non_intersecting_native_grid
2024-09,NASA/HLS/HLSS30/v002/T60VXQ_20240904T233651,S30,1725493011000,rejected_non_intersecting_native_grid
2024-09,NASA/HLS/HLSS30/v002/T01WCV_20240905T002609,S30,1725495969000,rejected_non_intersecting_native_grid
2024-09,NASA/HLS/HLSS30/v002/T60WWE_20240905T002609,S30,1725495969000,rejected_non_intersecting_native_grid
2024-09,NASA/HLS/HLSS30/v002/T01UBS_20240905T230531,S30,1725577531000,rejected_non_intersecting_native_grid
2024-09,NASA/HLS/HLSS30/v002/T01UBT_20240905T230531,S30,1725577531000,rejected_non_intersecting_native_grid
2024-09,NASA/HLS/HLSS30/v002/T60UXB_20240905T230531,S30,1725577531000,rejected_non_intersecting_native_grid
2024-09,NASA/HLS/HLSS30/v002/T60UXC_20240905T230531,S30,1725577531000,rejected_non_intersecting_native_grid
2024-09,NASA/HLS/HLSS30/v002/T01WCP_20240905T235619,S30,1725580579000,rejected_non_intersecting_native_grid
2024-09,NASA/HLS/HLSS30/v002/T01WCQ_20240905T235619,S30,1725580579000,rejected_non_intersecting_native_grid
2024-09,NASA/HLS/HLSS30/v002/T01WCR_20240905T235619,S30,1725580579000,rejected_non_intersecting_native_grid
2024-09,NASA/HLS/HLSS30/v002/T01WCS_20240905T235619,S30,1725580579000,rejected_non_intersecting_native_grid
2024-09,NASA/HLS/HLSS30/v002/T01WCT_20240905T235619,S30,1725580579000,rejected_non_intersecting_native_grid
2024-09,NASA/HLS/HLSL30/v002/T50SLG_20240906T030023,L30,1725591623000,native_grid_intersects_roi
2024-09,NASA/HLS/HLSS30/v002/T01WCT_20240907T001611,S30,1725668171000,rejected_non_intersecting_native_grid
2024-09,NASA/HLS/HLSS30/v002/T01WCU_20240907T001611,S30,1725668171000,rejected_non_intersecting_native_grid
2024-09,NASA/HLS/HLSS30/v002/T01WCV_20240907T001611,S30,1725668171000,rejected_non_intersecting_native_grid
2024-09,NASA/HLS/HLSS30/v002/T60WWE_20240907T001611,S30,1725668171000,rejected_non_intersecting_native_grid
2024-09,NASA/HLS/HLSL30/v002/T50SLG_20240907T025401,L30,1725677641000,native_grid_intersects_roi
2024-09,NASA/HLS/HLSS30/v002/T01FBF_20240907T214909,S30,1725745749000,rejected_non_intersecting_native_grid
2024-09,NASA/HLS/HLSS30/v002/T01LAK_20240907T222801,S30,1725748081000,rejected_non_intersecting_native_grid
2024-09,NASA/HLS/HLSS30/v002/T01VCL_20240907T234621,S30,1725752781000,rejected_non_intersecting_native_grid
2024-09,NASA/HLS/HLSS30/v002/T01WCM_20240907T234621,S30,1725752781000,rejected_non_intersecting_native_grid
2024-09,NASA/HLS/HLSS30/v002/T01WCN_20240907T234621,S30,1725752781000,rejected_non_intersecting_native_grid
2024-09,NASA/HLS/HLSS30/v002/T01WCP_20240907T234621,S30,1725752781000,rejected_non_intersecting_native_grid
2024-09,NASA/HLS/HLSS30/v002/T60VXR_20240907T234621,S30,1725752781000,rejected_non_intersecting_native_grid
2024-09,NASA/HLS/HLSS30/v002/T50SLG_20240908T030541,S30,1725764741000,native_grid_intersects_roi
2024-09,NASA/HLS/HLSS30/v002/T01UBT_20240908T231551,S30,1725837351000,rejected_non_intersecting_native_grid
2024-09,NASA/HLS/HLSS30/v002/T60UXC_20240908T231551,S30,1725837351000,rejected_non_intersecting_native_grid
2024-09,NASA/HLS/HLSS30/v002/T01WCR_20240909T000609,S30,1725840369000,rejected_non_intersecting_native_grid
2024-09,NASA/HLS/HLSS30/v002/T01WCS_20240909T000609,S30,1725840369000,rejected_non_intersecting_native_grid
2024-09,NASA/HLS/HLSS30/v002/T01WCT_20240909T000609,S30,1725840369000,rejected_non_intersecting_native_grid
2024-09,NASA/HLS/HLSS30/v002/T01WCU_20240909T000609,S30,1725840369000,rejected_non_intersecting_native_grid
2024-09,NASA/HLS/HLSS30/v002/T01KAB_20240909T221939,S30,1725920379000,rejected_non_intersecting_native_grid
2024-09,NASA/HLS/HLSS30/v002/T01KAU_20240909T221939,S30,1725920379000,rejected_non_intersecting_native_grid
2024-09,NASA/HLS/HLSS30/v002/T01KAV_20240909T221939,S30,1725920379000,rejected_non_intersecting_native_grid
2024-09,NASA/HLS/HLSS30/v002/T01LAC_20240909T221939,S30,1725920379000,rejected_non_intersecting_native_grid
2024-09,NASA/HLS/HLSS30/v002/T01VCK_20240909T233649,S30,1725925009000,rejected_non_intersecting_native_grid
2024-09,NASA/HLS/HLSS30/v002/T01VCL_20240909T233649,S30,1725925009000,rejected_non_intersecting_native_grid
2024-09,NASA/HLS/HLSS30/v002/T01WCM_20240909T233649,S30,1725925009000,rejected_non_intersecting_native_grid
2024-09,NASA/HLS/HLSS30/v002/T01WCN_20240909T233649,S30,1725925009000,rejected_non_intersecting_native_grid
2024-09,NASA/HLS/HLSS30/v002/T60VXQ_20240909T233649,S30,1725925009000,rejected_non_intersecting_native_grid
2024-09,NASA/HLS/HLSS30/v002/T60VXR_20240909T233649,S30,1725925009000,rejected_non_intersecting_native_grid
2024-09,NASA/HLS/HLSS30/v002/T60WWE_20240910T002601,S30,1725927961000,rejected_non_intersecting_native_grid
2024-09,NASA/HLS/HLSS30/v002/T01WCP_20240910T235611,S30,1726012571000,rejected_non_intersecting_native_grid
2024-09,NASA/HLS/HLSS30/v002/T01WCQ_20240910T235611,S30,1726012571000,rejected_non_intersecting_native_grid
2024-09,NASA/HLS/HLSS30/v002/T01VCK_20240911T232631,S30,1726097191000,rejected_non_intersecting_native_grid
2024-09,NASA/HLS/HLSS30/v002/T60VXQ_20240911T232631,S30,1726097191000,rejected_non_intersecting_native_grid
2024-09,NASA/HLS/HLSS30/v002/T01WCT_20240912T001609,S30,1726100169000,rejected_non_intersecting_native_grid
2024-09,NASA/HLS/HLSS30/v002/T01WCU_20240912T001609,S30,1726100169000,rejected_non_intersecting_native_grid
2024-09,NASA/HLS/HLSS30/v002/T01WCV_20240912T001609,S30,1726100169000,rejected_non_intersecting_native_grid
2024-09,NASA/HLS/HLSS30/v002/T60WWE_20240912T001609,S30,1726100169000,rejected_non_intersecting_native_grid
2024-09,NASA/HLS/HLSS30/v002/T01FBF_20240912T214911,S30,1726177751000,rejected_non_intersecting_native_grid
2024-09,NASA/HLS/HLSS30/v002/T01LAK_20240912T222759,S30,1726180079000,rejected_non_intersecting_native_grid
2024-09,NASA/HLS/HLSS30/v002/T01VCL_20240912T234619,S30,1726184779000,rejected_non_intersecting_native_grid
2024-09,NASA/HLS/HLSS30/v002/T01WCR_20240912T234619,S30,1726184779000,rejected_non_intersecting_native_grid
2024-09,NASA/HLS/HLSS30/v002/T60VXR_20240912T234619,S30,1726184779000,rejected_non_intersecting_native_grid
2024-09,NASA/HLS/HLSS30/v002/T50SLG_20240913T030519,S30,1726196719000,native_grid_intersects_roi
2024-09,NASA/HLS/HLSS30/v002/T01WCR_20240914T000611,S30,1726272371000,rejected_non_intersecting_native_grid
2024-09,NASA/HLS/HLSS30/v002/T01WCS_20240914T000611,S30,1726272371000,rejected_non_intersecting_native_grid
2024-09,NASA/HLS/HLSS30/v002/T01WCU_20240914T000611,S30,1726272371000,rejected_non_intersecting_native_grid
2024-09,NASA/HLS/HLSS30/v002/T01WCV_20240914T000611,S30,1726272371000,rejected_non_intersecting_native_grid
2024-09,NASA/HLS/HLSS30/v002/T60WWE_20240914T000611,S30,1726272371000,rejected_non_intersecting_native_grid
2024-09,NASA/HLS/HLSS30/v002/T01KAA_20240914T221941,S30,1726352381000,rejected_non_intersecting_native_grid
2024-09,NASA/HLS/HLSS30/v002/T01KAB_20240914T221941,S30,1726352381000,rejected_non_intersecting_native_grid
2024-09,NASA/HLS/HLSS30/v002/T01KAU_20240914T221941,S30,1726352381000,rejected_non_intersecting_native_grid
2024-09,NASA/HLS/HLSS30/v002/T01KAV_20240914T221941,S30,1726352381000,rejected_non_intersecting_native_grid
2024-09,NASA/HLS/HLSS30/v002/T01LAC_20240914T221941,S30,1726352381000,rejected_non_intersecting_native_grid
2024-09,NASA/HLS/HLSL30/v002/T50SLG_20240915T025414,L30,1726368854000,native_grid_intersects_roi
2024-09,NASA/HLS/HLSS30/v002/T01UBT_20240915T230531,S30,1726441531000,rejected_non_intersecting_native_grid
2024-09,NASA/HLS/HLSS30/v002/T60UXC_20240915T230531,S30,1726441531000,rejected_non_intersecting_native_grid
2024-09,NASA/HLS/HLSS30/v002/T01WCQ_20240915T235609,S30,1726444569000,rejected_non_intersecting_native_grid
2024-09,NASA/HLS/HLSS30/v002/T01WCT_20240915T235609,S30,1726444569000,rejected_non_intersecting_native_grid
2024-09,NASA/HLS/HLSS30/v002/T01VCK_20240916T232629,S30,1726529189000,rejected_non_intersecting_native_grid
2024-09,NASA/HLS/HLSS30/v002/T60VXQ_20240916T232629,S30,1726529189000,rejected_non_intersecting_native_grid
2024-09,NASA/HLS/HLSS30/v002/T01WCT_20240917T001611,S30,1726532171000,rejected_non_intersecting_native_grid
2024-09,NASA/HLS/HLSS30/v002/T01WCU_20240917T001611,S30,1726532171000,rejected_non_intersecting_native_grid
2024-09,NASA/HLS/HLSS30/v002/T01WCV_20240917T001611,S30,1726532171000,rejected_non_intersecting_native_grid
2024-09,NASA/HLS/HLSS30/v002/T60WWE_20240917T001611,S30,1726532171000,rejected_non_intersecting_native_grid
2024-09,NASA/HLS/HLSS30/v002/T01FBF_20240917T214909,S30,1726609749000,rejected_non_intersecting_native_grid
2024-09,NASA/HLS/HLSS30/v002/T01VCL_20240917T234621,S30,1726616781000,rejected_non_intersecting_native_grid
2024-09,NASA/HLS/HLSS30/v002/T01WCM_20240917T234621,S30,1726616781000,rejected_non_intersecting_native_grid
2024-09,NASA/HLS/HLSS30/v002/T01WCN_20240917T234621,S30,1726616781000,rejected_non_intersecting_native_grid
2024-09,NASA/HLS/HLSS30/v002/T01WCP_20240917T234621,S30,1726616781000,rejected_non_intersecting_native_grid
2024-09,NASA/HLS/HLSS30/v002/T01WCQ_20240917T234621,S30,1726616781000,rejected_non_intersecting_native_grid
2024-09,NASA/HLS/HLSS30/v002/T01WCR_20240917T234621,S30,1726616781000,rejected_non_intersecting_native_grid
2024-09,NASA/HLS/HLSS30/v002/T60VXR_20240917T234621,S30,1726616781000,rejected_non_intersecting_native_grid
2024-09,NASA/HLS/HLSS30/v002/T01UBT_20240918T231551,S30,1726701351000,rejected_non_intersecting_native_grid
2024-09,NASA/HLS/HLSS30/v002/T60UXC_20240918T231551,S30,1726701351000,rejected_non_intersecting_native_grid
2024-09,NASA/HLS/HLSS30/v002/T01WCR_20240919T000609,S30,1726704369000,rejected_non_intersecting_native_grid
2024-09,NASA/HLS/HLSS30/v002/T01WCS_20240919T000609,S30,1726704369000,rejected_non_intersecting_native_grid
2024-09,NASA/HLS/HLSS30/v002/T01WCU_20240919T000609,S30,1726704369000,rejected_non_intersecting_native_grid
2024-09,NASA/HLS/HLSS30/v002/T01KAA_20240919T221939,S30,1726784379000,rejected_non_intersecting_native_grid
2024-09,NASA/HLS/HLSS30/v002/T01KAB_20240919T221939,S30,1726784379000,rejected_non_intersecting_native_grid
2024-09,NASA/HLS/HLSS30/v002/T01KAU_20240919T221939,S30,1726784379000,rejected_non_intersecting_native_grid
2024-09,NASA/HLS/HLSS30/v002/T01KAV_20240919T221939,S30,1726784379000,rejected_non_intersecting_native_grid
2024-09,NASA/HLS/HLSS30/v002/T01LAC_20240919T221939,S30,1726784379000,rejected_non_intersecting_native_grid
2024-09,NASA/HLS/HLSS30/v002/T01VCK_20240919T233639,S30,1726788999000,rejected_non_intersecting_native_grid
2024-09,NASA/HLS/HLSS30/v002/T01VCL_20240919T233639,S30,1726788999000,rejected_non_intersecting_native_grid
2024-09,NASA/HLS/HLSS30/v002/T01WCM_20240919T233639,S30,1726788999000,rejected_non_intersecting_native_grid
2024-09,NASA/HLS/HLSS30/v002/T01WCN_20240919T233639,S30,1726788999000,rejected_non_intersecting_native_grid
2024-09,NASA/HLS/HLSS30/v002/T01WCP_20240919T233639,S30,1726788999000,rejected_non_intersecting_native_grid
2024-09,NASA/HLS/HLSS30/v002/T60VXQ_20240919T233639,S30,1726788999000,rejected_non_intersecting_native_grid
2024-09,NASA/HLS/HLSS30/v002/T60VXR_20240919T233639,S30,1726788999000,rejected_non_intersecting_native_grid
2024-09,NASA/HLS/HLSS30/v002/T01WCV_20240920T002611,S30,1726791971000,rejected_non_intersecting_native_grid
2024-09,NASA/HLS/HLSS30/v002/T60WWE_20240920T002611,S30,1726791971000,rejected_non_intersecting_native_grid
2024-09,NASA/HLS/HLSS30/v002/T01UBS_20240920T230529,S30,1726873529000,rejected_non_intersecting_native_grid
2024-09,NASA/HLS/HLSS30/v002/T01UBT_20240920T230529,S30,1726873529000,rejected_non_intersecting_native_grid
2024-09,NASA/HLS/HLSS30/v002/T60UXB_20240920T230529,S30,1726873529000,rejected_non_intersecting_native_grid
2024-09,NASA/HLS/HLSS30/v002/T60UXC_20240920T230529,S30,1726873529000,rejected_non_intersecting_native_grid
2024-09,NASA/HLS/HLSS30/v002/T01WCP_20240920T235621,S30,1726876581000,rejected_non_intersecting_native_grid
2024-09,NASA/HLS/HLSS30/v002/T01WCQ_20240920T235621,S30,1726876581000,rejected_non_intersecting_native_grid
2024-09,NASA/HLS/HLSS30/v002/T01WCR_20240920T235621,S30,1726876581000,rejected_non_intersecting_native_grid
2024-09,NASA/HLS/HLSS30/v002/T01WCS_20240920T235621,S30,1726876581000,rejected_non_intersecting_native_grid
2024-09,NASA/HLS/HLSS30/v002/T01WCT_20240920T235621,S30,1726876581000,rejected_non_intersecting_native_grid
2024-09,NASA/HLS/HLSS30/v002/T01WCU_20240920T235621,S30,1726876581000,rejected_non_intersecting_native_grid
2024-09,NASA/HLS/HLSS30/v002/T01VCK_20240921T232631,S30,1726961191000,rejected_non_intersecting_native_grid
2024-09,NASA/HLS/HLSS30/v002/T60VXQ_20240921T232631,S30,1726961191000,rejected_non_intersecting_native_grid
2024-09,NASA/HLS/HLSS30/v002/T01WCT_20240922T001609,S30,1726964169000,rejected_non_intersecting_native_grid
2024-09,NASA/HLS/HLSS30/v002/T01WCU_20240922T001609,S30,1726964169000,rejected_non_intersecting_native_grid
2024-09,NASA/HLS/HLSS30/v002/T01WCV_20240922T001609,S30,1726964169000,rejected_non_intersecting_native_grid
2024-09,NASA/HLS/HLSS30/v002/T60WWE_20240922T001609,S30,1726964169000,rejected_non_intersecting_native_grid
2024-09,NASA/HLS/HLSL30/v002/T50SLG_20240922T030024,L30,1726974024000,native_grid_intersects_roi
2024-09,NASA/HLS/HLSS30/v002/T01VCL_20240922T234619,S30,1727048779000,rejected_non_intersecting_native_grid
2024-09,NASA/HLS/HLSS30/v002/T01WCM_20240922T234619,S30,1727048779000,rejected_non_intersecting_native_grid
2024-09,NASA/HLS/HLSS30/v002/T01WCN_20240922T234619,S30,1727048779000,rejected_non_intersecting_native_grid
2024-09,NASA/HLS/HLSS30/v002/T01WCP_20240922T234619,S30,1727048779000,rejected_non_intersecting_native_grid
2024-09,NASA/HLS/HLSS30/v002/T01WCQ_20240922T234619,S30,1727048779000,rejected_non_intersecting_native_grid
2024-09,NASA/HLS/HLSS30/v002/T01WCR_20240922T234619,S30,1727048779000,rejected_non_intersecting_native_grid
2024-09,NASA/HLS/HLSS30/v002/T60VXR_20240922T234619,S30,1727048779000,rejected_non_intersecting_native_grid
2024-09,NASA/HLS/HLSL30/v002/T50SLG_20240923T025404,L30,1727060044000,native_grid_intersects_roi
2024-09,NASA/HLS/HLSS30/v002/T50SLG_20240923T030519,S30,1727060719000,native_grid_intersects_roi
2024-09,NASA/HLS/HLSS30/v002/T01UBT_20240923T231549,S30,1727133349000,rejected_non_intersecting_native_grid
2024-09,NASA/HLS/HLSS30/v002/T60UXC_20240923T231549,S30,1727133349000,rejected_non_intersecting_native_grid
2024-09,NASA/HLS/HLSS30/v002/T01WCR_20240924T000611,S30,1727136371000,rejected_non_intersecting_native_grid
2024-09,NASA/HLS/HLSS30/v002/T01WCS_20240924T000611,S30,1727136371000,rejected_non_intersecting_native_grid
2024-09,NASA/HLS/HLSS30/v002/T01WCT_20240924T000611,S30,1727136371000,rejected_non_intersecting_native_grid
2024-09,NASA/HLS/HLSS30/v002/T01WCU_20240924T000611,S30,1727136371000,rejected_non_intersecting_native_grid
2024-09,NASA/HLS/HLSS30/v002/T01WCV_20240924T000611,S30,1727136371000,rejected_non_intersecting_native_grid
2024-09,NASA/HLS/HLSS30/v002/T60WWE_20240924T000611,S30,1727136371000,rejected_non_intersecting_native_grid
2024-09,NASA/HLS/HLSS30/v002/T01KAB_20240924T221941,S30,1727216381000,rejected_non_intersecting_native_grid
2024-09,NASA/HLS/HLSS30/v002/T01LAC_20240924T221941,S30,1727216381000,rejected_non_intersecting_native_grid
2024-09,NASA/HLS/HLSS30/v002/T01VCK_20240924T233651,S30,1727221011000,rejected_non_intersecting_native_grid
2024-09,NASA/HLS/HLSS30/v002/T01VCL_20240924T233651,S30,1727221011000,rejected_non_intersecting_native_grid
2024-09,NASA/HLS/HLSS30/v002/T01WCM_20240924T233651,S30,1727221011000,rejected_non_intersecting_native_grid
2024-09,NASA/HLS/HLSS30/v002/T01WCN_20240924T233651,S30,1727221011000,rejected_non_intersecting_native_grid
2024-09,NASA/HLS/HLSS30/v002/T01WCP_20240924T233651,S30,1727221011000,rejected_non_intersecting_native_grid
2024-09,NASA/HLS/HLSS30/v002/T60VXQ_20240924T233651,S30,1727221011000,rejected_non_intersecting_native_grid
2024-09,NASA/HLS/HLSS30/v002/T60VXR_20240924T233651,S30,1727221011000,rejected_non_intersecting_native_grid
2024-09,NASA/HLS/HLSS30/v002/T01WCV_20240925T002609,S30,1727223969000,rejected_non_intersecting_native_grid
2024-09,NASA/HLS/HLSS30/v002/T60WWE_20240925T002609,S30,1727223969000,rejected_non_intersecting_native_grid
2024-09,NASA/HLS/HLSS30/v002/T01UBT_20240925T230531,S30,1727305531000,rejected_non_intersecting_native_grid
2024-09,NASA/HLS/HLSS30/v002/T60UXC_20240925T230531,S30,1727305531000,rejected_non_intersecting_native_grid
2024-09,NASA/HLS/HLSS30/v002/T01WCP_20240925T235619,S30,1727308579000,rejected_non_intersecting_native_grid
2024-09,NASA/HLS/HLSS30/v002/T01WCQ_20240925T235619,S30,1727308579000,rejected_non_intersecting_native_grid
2024-09,NASA/HLS/HLSS30/v002/T01WCR_20240925T235619,S30,1727308579000,rejected_non_intersecting_native_grid
2024-09,NASA/HLS/HLSS30/v002/T01WCS_20240925T235619,S30,1727308579000,rejected_non_intersecting_native_grid
2024-09,NASA/HLS/HLSS30/v002/T01WCT_20240925T235619,S30,1727308579000,rejected_non_intersecting_native_grid
2024-09,NASA/HLS/HLSS30/v002/T01WCU_20240925T235619,S30,1727308579000,rejected_non_intersecting_native_grid
2024-09,NASA/HLS/HLSS30/v002/T01VCK_20240926T232629,S30,1727393189000,rejected_non_intersecting_native_grid
2024-09,NASA/HLS/HLSS30/v002/T60VXQ_20240926T232629,S30,1727393189000,rejected_non_intersecting_native_grid
2024-09,NASA/HLS/HLSS30/v002/T01WCT_20240927T001611,S30,1727396171000,rejected_non_intersecting_native_grid
2024-09,NASA/HLS/HLSS30/v002/T01WCU_20240927T001611,S30,1727396171000,rejected_non_intersecting_native_grid
2024-09,NASA/HLS/HLSS30/v002/T01FBF_20240927T214909,S30,1727473749000,rejected_non_intersecting_native_grid
2024-09,NASA/HLS/HLSS30/v002/T01LAK_20240927T222801,S30,1727476081000,rejected_non_intersecting_native_grid
2024-09,NASA/HLS/HLSS30/v002/T01VCL_20240927T234621,S30,1727480781000,rejected_non_intersecting_native_grid
2024-09,NASA/HLS/HLSS30/v002/T01WCM_20240927T234621,S30,1727480781000,rejected_non_intersecting_native_grid
2024-09,NASA/HLS/HLSS30/v002/T01WCN_20240927T234621,S30,1727480781000,rejected_non_intersecting_native_grid
2024-09,NASA/HLS/HLSS30/v002/T01WCQ_20240927T234621,S30,1727480781000,rejected_non_intersecting_native_grid
2024-09,NASA/HLS/HLSS30/v002/T01WCR_20240927T234621,S30,1727480781000,rejected_non_intersecting_native_grid
2024-09,NASA/HLS/HLSS30/v002/T60VXR_20240927T234621,S30,1727480781000,rejected_non_intersecting_native_grid
2024-09,NASA/HLS/HLSS30/v002/T50SLG_20240928T030521,S30,1727492721000,native_grid_intersects_roi
2024-09,NASA/HLS/HLSS30/v002/T01UBT_20240928T231601,S30,1727565361000,rejected_non_intersecting_native_grid
2024-09,NASA/HLS/HLSS30/v002/T60UXC_20240928T231601,S30,1727565361000,rejected_non_intersecting_native_grid
2024-09,NASA/HLS/HLSS30/v002/T01WCR_20240929T000609,S30,1727568369000,rejected_non_intersecting_native_grid
2024-09,NASA/HLS/HLSS30/v002/T01WCS_20240929T000609,S30,1727568369000,rejected_non_intersecting_native_grid
2024-09,NASA/HLS/HLSS30/v002/T01WCT_20240929T000609,S30,1727568369000,rejected_non_intersecting_native_grid
2024-09,NASA/HLS/HLSS30/v002/T01WCU_20240929T000609,S30,1727568369000,rejected_non_intersecting_native_grid
2024-09,NASA/HLS/HLSS30/v002/T01WCV_20240929T000609,S30,1727568369000,rejected_non_intersecting_native_grid
2024-09,NASA/HLS/HLSS30/v002/T60WWE_20240929T000609,S30,1727568369000,rejected_non_intersecting_native_grid
2024-09,NASA/HLS/HLSS30/v002/T01KAA_20240929T221939,S30,1727648379000,rejected_non_intersecting_native_grid
2024-09,NASA/HLS/HLSS30/v002/T01KAB_20240929T221939,S30,1727648379000,rejected_non_intersecting_native_grid
2024-09,NASA/HLS/HLSS30/v002/T01KAU_20240929T221939,S30,1727648379000,rejected_non_intersecting_native_grid
2024-09,NASA/HLS/HLSS30/v002/T01KAV_20240929T221939,S30,1727648379000,rejected_non_intersecting_native_grid
2024-09,NASA/HLS/HLSS30/v002/T01VCK_20240929T233649,S30,1727653009000,rejected_non_intersecting_native_grid
2024-09,NASA/HLS/HLSS30/v002/T01VCL_20240929T233649,S30,1727653009000,rejected_non_intersecting_native_grid
2024-09,NASA/HLS/HLSS30/v002/T01WCM_20240929T233649,S30,1727653009000,rejected_non_intersecting_native_grid
2024-09,NASA/HLS/HLSS30/v002/T01WCN_20240929T233649,S30,1727653009000,rejected_non_intersecting_native_grid
2024-09,NASA/HLS/HLSS30/v002/T01WCP_20240929T233649,S30,1727653009000,rejected_non_intersecting_native_grid
2024-09,NASA/HLS/HLSS30/v002/T60VXQ_20240929T233649,S30,1727653009000,rejected_non_intersecting_native_grid
2024-09,NASA/HLS/HLSS30/v002/T60VXR_20240929T233649,S30,1727653009000,rejected_non_intersecting_native_grid
2024-09,NASA/HLS/HLSS30/v002/T01WCV_20240930T002611,S30,1727655971000,rejected_non_intersecting_native_grid
2024-09,NASA/HLS/HLSS30/v002/T60WWE_20240930T002611,S30,1727655971000,rejected_non_intersecting_native_grid
2024-09,NASA/HLS/HLSS30/v002/T01WCQ_20240930T235621,S30,1727740581000,rejected_non_intersecting_native_grid
2024-09,NASA/HLS/HLSS30/v002/T01WCR_20240930T235621,S30,1727740581000,rejected_non_intersecting_native_grid
2024-09,NASA/HLS/HLSS30/v002/T01WCS_20240930T235621,S30,1727740581000,rejected_non_intersecting_native_grid
2024-09,NASA/HLS/HLSS30/v002/T01WCT_20240930T235621,S30,1727740581000,rejected_non_intersecting_native_grid
2024-09,NASA/HLS/HLSS30/v002/T01WCU_20240930T235621,S30,1727740581000,rejected_non_intersecting_native_grid
2024-10,NASA/HLS/HLSL30/v002/T50SLG_20241001T025408,L30,1727751248000,native_grid_intersects_roi
2024-10,NASA/HLS/HLSS30/v002/T01WCT_20241002T001609,S30,1727828169000,rejected_non_intersecting_native_grid
2024-10,NASA/HLS/HLSS30/v002/T01WCU_20241002T001609,S30,1727828169000,rejected_non_intersecting_native_grid
2024-10,NASA/HLS/HLSS30/v002/T01WCV_20241002T001609,S30,1727828169000,rejected_non_intersecting_native_grid
2024-10,NASA/HLS/HLSS30/v002/T60WWE_20241002T001609,S30,1727828169000,rejected_non_intersecting_native_grid
2024-10,NASA/HLS/HLSS30/v002/T01LAK_20241002T222759,S30,1727908079000,rejected_non_intersecting_native_grid
2024-10,NASA/HLS/HLSS30/v002/T01VCL_20241002T234619,S30,1727912779000,rejected_non_intersecting_native_grid
2024-10,NASA/HLS/HLSS30/v002/T01WCM_20241002T234619,S30,1727912779000,rejected_non_intersecting_native_grid
2024-10,NASA/HLS/HLSS30/v002/T01WCN_20241002T234619,S30,1727912779000,rejected_non_intersecting_native_grid
2024-10,NASA/HLS/HLSS30/v002/T60VXR_20241002T234619,S30,1727912779000,rejected_non_intersecting_native_grid
2024-10,NASA/HLS/HLSS30/v002/T50SLG_20241003T030529,S30,1727924729000,native_grid_intersects_roi
2024-10,NASA/HLS/HLSS30/v002/T01UBT_20241003T231559,S30,1727997359000,rejected_non_intersecting_native_grid
2024-10,NASA/HLS/HLSS30/v002/T60UXC_20241003T231559,S30,1727997359000,rejected_non_intersecting_native_grid
2024-10,NASA/HLS/HLSS30/v002/T01KAA_20241004T221941,S30,1728080381000,rejected_non_intersecting_native_grid
2024-10,NASA/HLS/HLSS30/v002/T01KAB_20241004T221941,S30,1728080381000,rejected_non_intersecting_native_grid
2024-10,NASA/HLS/HLSS30/v002/T01KAU_20241004T221941,S30,1728080381000,rejected_non_intersecting_native_grid
2024-10,NASA/HLS/HLSS30/v002/T01KAV_20241004T221941,S30,1728080381000,rejected_non_intersecting_native_grid
2024-10,NASA/HLS/HLSS30/v002/T01LAC_20241004T221941,S30,1728080381000,rejected_non_intersecting_native_grid
2024-10,NASA/HLS/HLSS30/v002/T01WCN_20241004T233651,S30,1728085011000,rejected_non_intersecting_native_grid
2024-10,NASA/HLS/HLSS30/v002/T01WCP_20241004T233651,S30,1728085011000,rejected_non_intersecting_native_grid
2024-10,NASA/HLS/HLSS30/v002/T01UBS_20241005T230531,S30,1728169531000,rejected_non_intersecting_native_grid
2024-10,NASA/HLS/HLSS30/v002/T01UBT_20241005T230531,S30,1728169531000,rejected_non_intersecting_native_grid
2024-10,NASA/HLS/HLSS30/v002/T60UXC_20241005T230531,S30,1728169531000,rejected_non_intersecting_native_grid
2024-10,NASA/HLS/HLSS30/v002/T01WCP_20241005T235619,S30,1728172579000,rejected_non_intersecting_native_grid
2024-10,NASA/HLS/HLSS30/v002/T01WCQ_20241005T235619,S30,1728172579000,rejected_non_intersecting_native_grid
2024-10,NASA/HLS/HLSS30/v002/T01WCR_20241005T235619,S30,1728172579000,rejected_non_intersecting_native_grid
2024-10,NASA/HLS/HLSS30/v002/T01WCS_20241005T235619,S30,1728172579000,rejected_non_intersecting_native_grid
2024-10,NASA/HLS/HLSS30/v002/T01WCT_20241005T235619,S30,1728172579000,rejected_non_intersecting_native_grid
2024-10,NASA/HLS/HLSS30/v002/T01WCU_20241005T235619,S30,1728172579000,rejected_non_intersecting_native_grid
2024-10,NASA/HLS/HLSS30/v002/T01VCK_20241006T232629,S30,1728257189000,rejected_non_intersecting_native_grid
2024-10,NASA/HLS/HLSS30/v002/T60VXQ_20241006T232629,S30,1728257189000,rejected_non_intersecting_native_grid
2024-10,NASA/HLS/HLSS30/v002/T01WCT_20241007T001611,S30,1728260171000,rejected_non_intersecting_native_grid
2024-10,NASA/HLS/HLSS30/v002/T01FBF_20241007T214909,S30,1728337749000,rejected_non_intersecting_native_grid
2024-10,NASA/HLS/HLSS30/v002/T01LAK_20241007T222751,S30,1728340071000,rejected_non_intersecting_native_grid
2024-10,NASA/HLS/HLSS30/v002/T01WCR_20241007T234621,S30,1728344781000,rejected_non_intersecting_native_grid
2024-10,NASA/HLS/HLSL30/v002/T50SLG_20241008T030022,L30,1728356422000,native_grid_intersects_roi
2024-10,NASA/HLS/HLSS30/v002/T50SLG_20241008T030621,S30,1728356781000,native_grid_intersects_roi
2024-10,NASA/HLS/HLSS30/v002/T01UBT_20241008T231551,S30,1728429351000,rejected_non_intersecting_native_grid
2024-10,NASA/HLS/HLSS30/v002/T60UXC_20241008T231551,S30,1728429351000,rejected_non_intersecting_native_grid
2024-10,NASA/HLS/HLSS30/v002/T01WCS_20241009T000609,S30,1728432369000,rejected_non_intersecting_native_grid
2024-10,NASA/HLS/HLSS30/v002/T01KAA_20241009T221939,S30,1728512379000,rejected_non_intersecting_native_grid
2024-10,NASA/HLS/HLSS30/v002/T01KAB_20241009T221939,S30,1728512379000,rejected_non_intersecting_native_grid
2024-10,NASA/HLS/HLSS30/v002/T01KAU_20241009T221939,S30,1728512379000,rejected_non_intersecting_native_grid
2024-10,NASA/HLS/HLSS30/v002/T01KAV_20241009T221939,S30,1728512379000,rejected_non_intersecting_native_grid
2024-10,NASA/HLS/HLSS30/v002/T01LAC_20241009T221939,S30,1728512379000,rejected_non_intersecting_native_grid
2024-10,NASA/HLS/HLSS30/v002/T01VCL_20241009T233649,S30,1728517009000,rejected_non_intersecting_native_grid
2024-10,NASA/HLS/HLSS30/v002/T01WCM_20241009T233649,S30,1728517009000,rejected_non_intersecting_native_grid
2024-10,NASA/HLS/HLSS30/v002/T01WCN_20241009T233649,S30,1728517009000,rejected_non_intersecting_native_grid
2024-10,NASA/HLS/HLSS30/v002/T01WCP_20241009T233649,S30,1728517009000,rejected_non_intersecting_native_grid
2024-10,NASA/HLS/HLSS30/v002/T60VXR_20241009T233649,S30,1728517009000,rejected_non_intersecting_native_grid
2024-10,NASA/HLS/HLSS30/v002/T01UBT_20241010T230529,S30,1728601529000,rejected_non_intersecting_native_grid
2024-10,NASA/HLS/HLSS30/v002/T60UXC_20241010T230529,S30,1728601529000,rejected_non_intersecting_native_grid
2024-10,NASA/HLS/HLSS30/v002/T01WCR_20241010T235611,S30,1728604571000,rejected_non_intersecting_native_grid
2024-10,NASA/HLS/HLSS30/v002/T01VCK_20241011T232631,S30,1728689191000,rejected_non_intersecting_native_grid
2024-10,NASA/HLS/HLSS30/v002/T60VXQ_20241011T232631,S30,1728689191000,rejected_non_intersecting_native_grid
2024-10,NASA/HLS/HLSS30/v002/T01FBF_20241012T214911,S30,1728769751000,rejected_non_intersecting_native_grid
2024-10,NASA/HLS/HLSS30/v002/T01LAK_20241012T222759,S30,1728772079000,rejected_non_intersecting_native_grid
2024-10,NASA/HLS/HLSS30/v002/T01VCL_20241012T234619,S30,1728776779000,rejected_non_intersecting_native_grid
2024-10,NASA/HLS/HLSS30/v002/T01WCM_20241012T234619,S30,1728776779000,rejected_non_intersecting_native_grid
2024-10,NASA/HLS/HLSS30/v002/T01WCN_20241012T234619,S30,1728776779000,rejected_non_intersecting_native_grid
2024-10,NASA/HLS/HLSS30/v002/T01WCR_20241012T234619,S30,1728776779000,rejected_non_intersecting_native_grid
2024-10,NASA/HLS/HLSS30/v002/T60VXR_20241012T234619,S30,1728776779000,rejected_non_intersecting_native_grid
2024-10,NASA/HLS/HLSS30/v002/T50SLG_20241013T030559,S30,1728788759000,native_grid_intersects_roi
2024-10,NASA/HLS/HLSS30/v002/T01UBT_20241013T231559,S30,1728861359000,rejected_non_intersecting_native_grid
2024-10,NASA/HLS/HLSS30/v002/T60UXC_20241013T231559,S30,1728861359000,rejected_non_intersecting_native_grid
2024-10,NASA/HLS/HLSS30/v002/T01KAA_20241014T221941,S30,1728944381000,rejected_non_intersecting_native_grid
2024-10,NASA/HLS/HLSS30/v002/T01KAB_20241014T221941,S30,1728944381000,rejected_non_intersecting_native_grid
2024-10,NASA/HLS/HLSS30/v002/T01LAC_20241014T221941,S30,1728944381000,rejected_non_intersecting_native_grid
2024-10,NASA/HLS/HLSS30/v002/T01VCK_20241014T233651,S30,1728949011000,rejected_non_intersecting_native_grid
2024-10,NASA/HLS/HLSS30/v002/T01VCL_20241014T233651,S30,1728949011000,rejected_non_intersecting_native_grid
2024-10,NASA/HLS/HLSS30/v002/T01WCP_20241014T233651,S30,1728949011000,rejected_non_intersecting_native_grid
2024-10,NASA/HLS/HLSS30/v002/T60VXQ_20241014T233651,S30,1728949011000,rejected_non_intersecting_native_grid
2024-10,NASA/HLS/HLSS30/v002/T60VXR_20241014T233651,S30,1728949011000,rejected_non_intersecting_native_grid
2024-10,NASA/HLS/HLSS30/v002/T01UBS_20241015T230531,S30,1729033531000,rejected_non_intersecting_native_grid
2024-10,NASA/HLS/HLSS30/v002/T01UBT_20241015T230531,S30,1729033531000,rejected_non_intersecting_native_grid
2024-10,NASA/HLS/HLSS30/v002/T60UXC_20241015T230531,S30,1729033531000,rejected_non_intersecting_native_grid
2024-10,NASA/HLS/HLSL30/v002/T50SLG_20241016T030032,L30,1729047632000,native_grid_intersects_roi
2024-10,NASA/HLS/HLSS30/v002/T01VCK_20241016T232629,S30,1729121189000,rejected_non_intersecting_native_grid
2024-10,NASA/HLS/HLSS30/v002/T60VXQ_20241016T232629,S30,1729121189000,rejected_non_intersecting_native_grid
2024-10,NASA/HLS/HLSS30/v002/T01VCL_20241017T234621,S30,1729208781000,rejected_non_intersecting_native_grid
2024-10,NASA/HLS/HLSS30/v002/T01WCM_20241017T234621,S30,1729208781000,rejected_non_intersecting_native_grid
2024-10,NASA/HLS/HLSS30/v002/T01WCP_20241017T234621,S30,1729208781000,rejected_non_intersecting_native_grid
2024-10,NASA/HLS/HLSS30/v002/T60VXR_20241017T234621,S30,1729208781000,rejected_non_intersecting_native_grid
2024-10,NASA/HLS/HLSS30/v002/T01KAA_20241019T221939,S30,1729376379000,rejected_non_intersecting_native_grid
2024-10,NASA/HLS/HLSS30/v002/T01KAB_20241019T221939,S30,1729376379000,rejected_non_intersecting_native_grid
2024-10,NASA/HLS/HLSS30/v002/T01KAU_20241019T221939,S30,1729376379000,rejected_non_intersecting_native_grid
2024-10,NASA/HLS/HLSS30/v002/T01KAV_20241019T221939,S30,1729376379000,rejected_non_intersecting_native_grid
2024-10,NASA/HLS/HLSS30/v002/T01LAC_20241019T221939,S30,1729376379000,rejected_non_intersecting_native_grid
2024-10,NASA/HLS/HLSS30/v002/T01UBT_20241020T230529,S30,1729465529000,rejected_non_intersecting_native_grid
2024-10,NASA/HLS/HLSS30/v002/T01VCK_20241021T232631,S30,1729553191000,rejected_non_intersecting_native_grid
2024-10,NASA/HLS/HLSS30/v002/T60VXQ_20241021T232631,S30,1729553191000,rejected_non_intersecting_native_grid
2024-10,NASA/HLS/HLSS30/v002/T01LAK_20241022T222759,S30,1729636079000,rejected_non_intersecting_native_grid
2024-10,NASA/HLS/HLSS30/v002/T01VCL_20241022T234619,S30,1729640779000,rejected_non_intersecting_native_grid
2024-10,NASA/HLS/HLSS30/v002/T01WCM_20241022T234619,S30,1729640779000,rejected_non_intersecting_native_grid
2024-10,NASA/HLS/HLSS30/v002/T60VXR_20241022T234619,S30,1729640779000,rejected_non_intersecting_native_grid
2024-10,NASA/HLS/HLSS30/v002/T50SLG_20241023T030709,S30,1729652829000,native_grid_intersects_roi
2024-10,NASA/HLS/HLSL30/v002/T50SLG_20241024T030033,L30,1729738833000,native_grid_intersects_roi
2024-10,NASA/HLS/HLSS30/v002/T01KAA_20241024T221941,S30,1729808381000,rejected_non_intersecting_native_grid
2024-10,NASA/HLS/HLSS30/v002/T01KAB_20241024T221941,S30,1729808381000,rejected_non_intersecting_native_grid
2024-10,NASA/HLS/HLSS30/v002/T01KAU_20241024T221941,S30,1729808381000,rejected_non_intersecting_native_grid
2024-10,NASA/HLS/HLSS30/v002/T01KAV_20241024T221941,S30,1729808381000,rejected_non_intersecting_native_grid
2024-10,NASA/HLS/HLSS30/v002/T01LAC_20241024T221941,S30,1729808381000,rejected_non_intersecting_native_grid
2024-10,NASA/HLS/HLSS30/v002/T01VCK_20241024T233651,S30,1729813011000,rejected_non_intersecting_native_grid
2024-10,NASA/HLS/HLSS30/v002/T01VCL_20241024T233651,S30,1729813011000,rejected_non_intersecting_native_grid
2024-10,NASA/HLS/HLSS30/v002/T60VXQ_20241024T233651,S30,1729813011000,rejected_non_intersecting_native_grid
2024-10,NASA/HLS/HLSS30/v002/T60VXR_20241024T233651,S30,1729813011000,rejected_non_intersecting_native_grid
2024-10,NASA/HLS/HLSL30/v002/T50SLG_20241025T025429,L30,1729824869000,native_grid_intersects_roi
2024-10,NASA/HLS/HLSS30/v002/T01LAK_20241027T222801,S30,1730068081000,rejected_non_intersecting_native_grid
2024-10,NASA/HLS/HLSS30/v002/T50SLG_20241028T030831,S30,1730084911000,native_grid_intersects_roi
2024-10,NASA/HLS/HLSS30/v002/T01UBT_20241028T231701,S30,1730157421000,rejected_non_intersecting_native_grid
2024-10,NASA/HLS/HLSS30/v002/T60UXC_20241028T231701,S30,1730157421000,rejected_non_intersecting_native_grid
2024-10,NASA/HLS/HLSS30/v002/T01KAA_20241029T221939,S30,1730240379000,rejected_non_intersecting_native_grid
2024-10,NASA/HLS/HLSS30/v002/T01KAB_20241029T221939,S30,1730240379000,rejected_non_intersecting_native_grid
2024-10,NASA/HLS/HLSS30/v002/T01KAU_20241029T221939,S30,1730240379000,rejected_non_intersecting_native_grid
2024-10,NASA/HLS/HLSS30/v002/T01LAC_20241029T221939,S30,1730240379000,rejected_non_intersecting_native_grid
2024-10,NASA/HLS/HLSS30/v002/T01UBS_20241030T230609,S30,1730329569000,rejected_non_intersecting_native_grid
2024-10,NASA/HLS/HLSS30/v002/T01UBT_20241030T230609,S30,1730329569000,rejected_non_intersecting_native_grid
2024-10,NASA/HLS/HLSS30/v002/T60UXB_20241030T230609,S30,1730329569000,rejected_non_intersecting_native_grid
2024-10,NASA/HLS/HLSS30/v002/T60UXC_20241030T230609,S30,1730329569000,rejected_non_intersecting_native_grid
2024-11,NASA/HLS/HLSL30/v002/T50SLG_20241101T030034,L30,1730430034000,native_grid_intersects_roi
2024-11,NASA/HLS/HLSS30/v002/T01FBF_20241101T214911,S30,1730497751000,rejected_non_intersecting_native_grid
2024-11,NASA/HLS/HLSL30/v002/T50SLG_20241102T025414,L30,1730516054000,native_grid_intersects_roi
2024-11,NASA/HLS/HLSS30/v002/T50SLG_20241102T030809,S30,1730516889000,native_grid_intersects_roi
2024-11,NASA/HLS/HLSS30/v002/T01UBT_20241102T231629,S30,1730589389000,rejected_non_intersecting_native_grid
2024-11,NASA/HLS/HLSS30/v002/T60UXC_20241102T231629,S30,1730589389000,rejected_non_intersecting_native_grid
2024-11,NASA/HLS/HLSS30/v002/T01KAA_20241103T221941,S30,1730672381000,rejected_non_intersecting_native_grid
2024-11,NASA/HLS/HLSS30/v002/T01KAB_20241103T221941,S30,1730672381000,rejected_non_intersecting_native_grid
2024-11,NASA/HLS/HLSS30/v002/T01KAU_20241103T221941,S30,1730672381000,rejected_non_intersecting_native_grid
2024-11,NASA/HLS/HLSS30/v002/T01KAV_20241103T221941,S30,1730672381000,rejected_non_intersecting_native_grid
2024-11,NASA/HLS/HLSS30/v002/T01LAC_20241103T221941,S30,1730672381000,rejected_non_intersecting_native_grid
2024-11,NASA/HLS/HLSS30/v002/T01UBS_20241104T230731,S30,1730761651000,rejected_non_intersecting_native_grid
2024-11,NASA/HLS/HLSS30/v002/T01UBT_20241104T230731,S30,1730761651000,rejected_non_intersecting_native_grid
2024-11,NASA/HLS/HLSS30/v002/T60UXB_20241104T230731,S30,1730761651000,rejected_non_intersecting_native_grid
2024-11,NASA/HLS/HLSS30/v002/T60UXC_20241104T230731,S30,1730761651000,rejected_non_intersecting_native_grid
2024-11,NASA/HLS/HLSS30/v002/T01FBF_20241106T214859,S30,1730929739000,rejected_non_intersecting_native_grid
2024-11,NASA/HLS/HLSS30/v002/T01LAK_20241106T222751,S30,1730932071000,rejected_non_intersecting_native_grid
2024-11,NASA/HLS/HLSS30/v002/T50SLG_20241107T030921,S30,1730948961000,native_grid_intersects_roi
2024-11,NASA/HLS/HLSS30/v002/T01KAU_20241108T221929,S30,1731104369000,rejected_non_intersecting_native_grid
2024-11,NASA/HLS/HLSS30/v002/T01LAC_20241108T221929,S30,1731104369000,rejected_non_intersecting_native_grid
2024-11,NASA/HLS/HLSS30/v002/T01UBT_20241109T230659,S30,1731193619000,rejected_non_intersecting_native_grid
2024-11,NASA/HLS/HLSS30/v002/T60UXB_20241109T230659,S30,1731193619000,rejected_non_intersecting_native_grid
2024-11,NASA/HLS/HLSS30/v002/T60UXC_20241109T230659,S30,1731193619000,rejected_non_intersecting_native_grid
2024-11,NASA/HLS/HLSS30/v002/T01FBF_20241111T214911,S30,1731361751000,rejected_non_intersecting_native_grid
2024-11,NASA/HLS/HLSS30/v002/T01LAK_20241111T222749,S30,1731364069000,rejected_non_intersecting_native_grid
2024-11,NASA/HLS/HLSS30/v002/T01UBT_20241112T231719,S30,1731453439000,rejected_non_intersecting_native_grid
2024-11,NASA/HLS/HLSS30/v002/T60UXC_20241112T231719,S30,1731453439000,rejected_non_intersecting_native_grid
2024-11,NASA/HLS/HLSS30/v002/T01KAA_20241113T221941,S30,1731536381000,rejected_non_intersecting_native_grid
2024-11,NASA/HLS/HLSS30/v002/T01KAB_20241113T221941,S30,1731536381000,rejected_non_intersecting_native_grid
2024-11,NASA/HLS/HLSS30/v002/T01KAU_20241113T221941,S30,1731536381000,rejected_non_intersecting_native_grid
2024-11,NASA/HLS/HLSS30/v002/T01KAV_20241113T221941,S30,1731536381000,rejected_non_intersecting_native_grid
2024-11,NASA/HLS/HLSS30/v002/T01UBT_20241114T230821,S30,1731625701000,rejected_non_intersecting_native_grid
2024-11,NASA/HLS/HLSS30/v002/T60UXC_20241114T230821,S30,1731625701000,rejected_non_intersecting_native_grid
2024-11,NASA/HLS/HLSS30/v002/T01FBF_20241116T214909,S30,1731793749000,rejected_non_intersecting_native_grid
2024-11,NASA/HLS/HLSS30/v002/T01LAK_20241116T222801,S30,1731796081000,rejected_non_intersecting_native_grid
2024-11,NASA/HLS/HLSL30/v002/T50SLG_20241117T030037,L30,1731812437000,native_grid_intersects_roi
2024-11,NASA/HLS/HLSS30/v002/T50SLG_20241117T031011,S30,1731813011000,native_grid_intersects_roi
2024-11,NASA/HLS/HLSS30/v002/T01UBT_20241117T231841,S30,1731885521000,rejected_non_intersecting_native_grid
2024-11,NASA/HLS/HLSS30/v002/T60UXC_20241117T231841,S30,1731885521000,rejected_non_intersecting_native_grid
2024-11,NASA/HLS/HLSL30/v002/T50SLG_20241118T025422,L30,1731898462000,native_grid_intersects_roi
2024-11,NASA/HLS/HLSS30/v002/T01KAA_20241118T221939,S30,1731968379000,rejected_non_intersecting_native_grid
2024-11,NASA/HLS/HLSS30/v002/T01KAB_20241118T221939,S30,1731968379000,rejected_non_intersecting_native_grid
2024-11,NASA/HLS/HLSS30/v002/T01KAU_20241118T221939,S30,1731968379000,rejected_non_intersecting_native_grid
2024-11,NASA/HLS/HLSS30/v002/T01KAV_20241118T221939,S30,1731968379000,rejected_non_intersecting_native_grid
2024-11,NASA/HLS/HLSS30/v002/T01LAC_20241118T221939,S30,1731968379000,rejected_non_intersecting_native_grid
2024-11,NASA/HLS/HLSS30/v002/T01UBT_20241119T230749,S30,1732057669000,rejected_non_intersecting_native_grid
2024-11,NASA/HLS/HLSS30/v002/T60UXC_20241119T230749,S30,1732057669000,rejected_non_intersecting_native_grid
2024-11,NASA/HLS/HLSS30/v002/T01LAK_20241121T222759,S30,1732228079000,rejected_non_intersecting_native_grid
2024-11,NASA/HLS/HLSS30/v002/T50SLG_20241122T030939,S30,1732244979000,native_grid_intersects_roi
2024-11,NASA/HLS/HLSS30/v002/T01UBT_20241122T231809,S30,1732317489000,rejected_non_intersecting_native_grid
2024-11,NASA/HLS/HLSS30/v002/T60UXC_20241122T231809,S30,1732317489000,rejected_non_intersecting_native_grid
2024-11,NASA/HLS/HLSS30/v002/T01KAA_20241123T221941,S30,1732400381000,rejected_non_intersecting_native_grid
2024-11,NASA/HLS/HLSS30/v002/T01KAB_20241123T221941,S30,1732400381000,rejected_non_intersecting_native_grid
2024-11,NASA/HLS/HLSS30/v002/T01KAU_20241123T221941,S30,1732400381000,rejected_non_intersecting_native_grid
2024-11,NASA/HLS/HLSS30/v002/T01KAV_20241123T221941,S30,1732400381000,rejected_non_intersecting_native_grid
2024-11,NASA/HLS/HLSS30/v002/T01LAC_20241123T221941,S30,1732400381000,rejected_non_intersecting_native_grid
2024-11,NASA/HLS/HLSS30/v002/T01UBT_20241124T230901,S30,1732489741000,rejected_non_intersecting_native_grid
2024-11,NASA/HLS/HLSS30/v002/T60UXC_20241124T230901,S30,1732489741000,rejected_non_intersecting_native_grid
2024-11,NASA/HLS/HLSL30/v002/T50SLG_20241125T030040,L30,1732503640000,native_grid_intersects_roi
2024-11,NASA/HLS/HLSL30/v002/T50SLG_20241126T025435,L30,1732589675000,native_grid_intersects_roi
2024-11,NASA/HLS/HLSS30/v002/T01FBF_20241126T214909,S30,1732657749000,rejected_non_intersecting_native_grid
2024-11,NASA/HLS/HLSS30/v002/T01LAK_20241126T222751,S30,1732660071000,rejected_non_intersecting_native_grid
2024-11,NASA/HLS/HLSS30/v002/T50SLG_20241127T031051,S30,1732677051000,native_grid_intersects_roi
2024-11,NASA/HLS/HLSS30/v002/T01UBT_20241127T231921,S30,1732749561000,rejected_non_intersecting_native_grid
2024-11,NASA/HLS/HLSS30/v002/T60UXC_20241127T231921,S30,1732749561000,rejected_non_intersecting_native_grid
2024-11,NASA/HLS/HLSS30/v002/T01KAA_20241128T221939,S30,1732832379000,rejected_non_intersecting_native_grid
2024-11,NASA/HLS/HLSS30/v002/T01KAB_20241128T221939,S30,1732832379000,rejected_non_intersecting_native_grid
2024-11,NASA/HLS/HLSS30/v002/T01LAC_20241128T221939,S30,1732832379000,rejected_non_intersecting_native_grid
2024-11,NASA/HLS/HLSS30/v002/T01UBS_20241129T230829,S30,1732921709000,rejected_non_intersecting_native_grid
2024-11,NASA/HLS/HLSS30/v002/T01UBT_20241129T230829,S30,1732921709000,rejected_non_intersecting_native_grid
2024-11,NASA/HLS/HLSS30/v002/T60UXC_20241129T230829,S30,1732921709000,rejected_non_intersecting_native_grid
2024-12,NASA/HLS/HLSS30/v002/T01FBF_20241201T214911,S30,1733089751000,rejected_non_intersecting_native_grid
2024-12,NASA/HLS/HLSS30/v002/T01LAK_20241201T222759,S30,1733092079000,rejected_non_intersecting_native_grid
2024-12,NASA/HLS/HLSS30/v002/T50SLG_20241202T031019,S30,1733109019000,native_grid_intersects_roi
2024-12,NASA/HLS/HLSL30/v002/T50SLG_20241203T030043,L30,1733194843000,native_grid_intersects_roi
2024-12,NASA/HLS/HLSS30/v002/T01KAA_20241203T221941,S30,1733264381000,rejected_non_intersecting_native_grid
2024-12,NASA/HLS/HLSS30/v002/T01KAB_20241203T221941,S30,1733264381000,rejected_non_intersecting_native_grid
2024-12,NASA/HLS/HLSS30/v002/T01KAU_20241203T221941,S30,1733264381000,rejected_non_intersecting_native_grid
2024-12,NASA/HLS/HLSS30/v002/T01KAV_20241203T221941,S30,1733264381000,rejected_non_intersecting_native_grid
2024-12,NASA/HLS/HLSS30/v002/T01LAC_20241203T221941,S30,1733264381000,rejected_non_intersecting_native_grid
2024-12,NASA/HLS/HLSL30/v002/T50SLG_20241204T025428,L30,1733280868000,native_grid_intersects_roi
2024-12,NASA/HLS/HLSS30/v002/T01UBS_20241204T230931,S30,1733353771000,rejected_non_intersecting_native_grid
2024-12,NASA/HLS/HLSS30/v002/T01UBT_20241204T230931,S30,1733353771000,rejected_non_intersecting_native_grid
2024-12,NASA/HLS/HLSS30/v002/T60UXC_20241204T230931,S30,1733353771000,rejected_non_intersecting_native_grid
2024-12,NASA/HLS/HLSS30/v002/T01LAK_20241206T222801,S30,1733524081000,rejected_non_intersecting_native_grid
2024-12,NASA/HLS/HLSS30/v002/T50SLG_20241207T031121,S30,1733541081000,native_grid_intersects_roi
2024-12,NASA/HLS/HLSS30/v002/T01UBT_20241207T231951,S30,1733613591000,rejected_non_intersecting_native_grid
2024-12,NASA/HLS/HLSS30/v002/T60UXC_20241207T231951,S30,1733613591000,rejected_non_intersecting_native_grid
2024-12,NASA/HLS/HLSS30/v002/T01KAA_20241208T221939,S30,1733696379000,rejected_non_intersecting_native_grid
2024-12,NASA/HLS/HLSS30/v002/T01KAB_20241208T221939,S30,1733696379000,rejected_non_intersecting_native_grid
2024-12,NASA/HLS/HLSS30/v002/T01KAU_20241208T221939,S30,1733696379000,rejected_non_intersecting_native_grid
2024-12,NASA/HLS/HLSS30/v002/T01KAV_20241208T221939,S30,1733696379000,rejected_non_intersecting_native_grid
2024-12,NASA/HLS/HLSS30/v002/T01LAC_20241208T221939,S30,1733696379000,rejected_non_intersecting_native_grid
2024-12,NASA/HLS/HLSS30/v002/T01UBS_20241209T230849,S30,1733785729000,rejected_non_intersecting_native_grid
2024-12,NASA/HLS/HLSS30/v002/T01UBT_20241209T230849,S30,1733785729000,rejected_non_intersecting_native_grid
2024-12,NASA/HLS/HLSS30/v002/T60UXB_20241209T230849,S30,1733785729000,rejected_non_intersecting_native_grid
2024-12,NASA/HLS/HLSS30/v002/T60UXC_20241209T230849,S30,1733785729000,rejected_non_intersecting_native_grid
2024-12,NASA/HLS/HLSL30/v002/T50SLG_20241211T030028,L30,1733886028000,native_grid_intersects_roi
2024-12,NASA/HLS/HLSS30/v002/T01FBF_20241211T214911,S30,1733953751000,rejected_non_intersecting_native_grid
2024-12,NASA/HLS/HLSS30/v002/T01LAK_20241211T222759,S30,1733956079000,rejected_non_intersecting_native_grid
2024-12,NASA/HLS/HLSS30/v002/T01KAA_20241213T221941,S30,1734128381000,rejected_non_intersecting_native_grid
2024-12,NASA/HLS/HLSS30/v002/T01KAB_20241213T221941,S30,1734128381000,rejected_non_intersecting_native_grid
2024-12,NASA/HLS/HLSS30/v002/T01KAU_20241213T221941,S30,1734128381000,rejected_non_intersecting_native_grid
2024-12,NASA/HLS/HLSS30/v002/T01KAV_20241213T221941,S30,1734128381000,rejected_non_intersecting_native_grid
2024-12,NASA/HLS/HLSS30/v002/T01LAC_20241213T221941,S30,1734128381000,rejected_non_intersecting_native_grid
2024-12,NASA/HLS/HLSS30/v002/T01FBF_20241216T214909,S30,1734385749000,rejected_non_intersecting_native_grid
2024-12,NASA/HLS/HLSS30/v002/T01LAK_20241216T222801,S30,1734388081000,rejected_non_intersecting_native_grid
2024-12,NASA/HLS/HLSS30/v002/T50SLG_20241217T031131,S30,1734405091000,native_grid_intersects_roi
2024-12,NASA/HLS/HLSS30/v002/T01UBT_20241217T232001,S30,1734477601000,rejected_non_intersecting_native_grid
2024-12,NASA/HLS/HLSS30/v002/T60UXC_20241217T232001,S30,1734477601000,rejected_non_intersecting_native_grid
2024-12,NASA/HLS/HLSS30/v002/T01KAA_20241218T221939,S30,1734560379000,rejected_non_intersecting_native_grid
2024-12,NASA/HLS/HLSS30/v002/T01KAB_20241218T221939,S30,1734560379000,rejected_non_intersecting_native_grid
2024-12,NASA/HLS/HLSS30/v002/T01KAU_20241218T221939,S30,1734560379000,rejected_non_intersecting_native_grid
2024-12,NASA/HLS/HLSS30/v002/T01KAV_20241218T221939,S30,1734560379000,rejected_non_intersecting_native_grid
2024-12,NASA/HLS/HLSS30/v002/T01LAC_20241218T221939,S30,1734560379000,rejected_non_intersecting_native_grid
2024-12,NASA/HLS/HLSL30/v002/T50SLG_20241219T030039,L30,1734577239000,native_grid_intersects_roi
2024-12,NASA/HLS/HLSS30/v002/T01UBS_20241219T230859,S30,1734649739000,rejected_non_intersecting_native_grid
2024-12,NASA/HLS/HLSS30/v002/T01UBT_20241219T230859,S30,1734649739000,rejected_non_intersecting_native_grid
2024-12,NASA/HLS/HLSL30/v002/T50SLG_20241220T025420,L30,1734663260000,native_grid_intersects_roi
2024-12,NASA/HLS/HLSS30/v002/T01FBF_20241221T214911,S30,1734817751000,rejected_non_intersecting_native_grid
2024-12,NASA/HLS/HLSS30/v002/T01LAK_20241221T222759,S30,1734820079000,rejected_non_intersecting_native_grid
2024-12,NASA/HLS/HLSS30/v002/T50SLG_20241222T031039,S30,1734837039000,native_grid_intersects_roi
2024-12,NASA/HLS/HLSS30/v002/T01UBT_20241222T231909,S30,1734909549000,rejected_non_intersecting_native_grid
2024-12,NASA/HLS/HLSS30/v002/T60UXC_20241222T231909,S30,1734909549000,rejected_non_intersecting_native_grid
2024-12,NASA/HLS/HLSS30/v002/T01UBS_20241224T231001,S30,1735081801000,rejected_non_intersecting_native_grid
2024-12,NASA/HLS/HLSS30/v002/T01FBF_20241226T214909,S30,1735249749000,rejected_non_intersecting_native_grid
2024-12,NASA/HLS/HLSS30/v002/T01LAJ_20241226T222801,S30,1735252081000,rejected_non_intersecting_native_grid
2024-12,NASA/HLS/HLSS30/v002/T01LAK_20241226T222801,S30,1735252081000,rejected_non_intersecting_native_grid
2024-12,NASA/HLS/HLSL30/v002/T50SLG_20241227T030032,L30,1735268432000,native_grid_intersects_roi
2024-12,NASA/HLS/HLSS30/v002/T50SLG_20241227T031141,S30,1735269101000,native_grid_intersects_roi
2024-12,NASA/HLS/HLSL30/v002/T50SLG_20241228T025429,L30,1735354469000,native_grid_intersects_roi
2024-12,NASA/HLS/HLSS30/v002/T01KAA_20241228T221939,S30,1735424379000,rejected_non_intersecting_native_grid
2024-12,NASA/HLS/HLSS30/v002/T01KAB_20241228T221939,S30,1735424379000,rejected_non_intersecting_native_grid
2024-12,NASA/HLS/HLSS30/v002/T01KAU_20241228T221939,S30,1735424379000,rejected_non_intersecting_native_grid
2024-12,NASA/HLS/HLSS30/v002/T01LAC_20241228T221939,S30,1735424379000,rejected_non_intersecting_native_grid
2024-12,NASA/HLS/HLSS30/v002/T01UBS_20241229T230859,S30,1735513739000,rejected_non_intersecting_native_grid
2024-12,NASA/HLS/HLSS30/v002/T01UBT_20241229T230859,S30,1735513739000,rejected_non_intersecting_native_grid
2024-12,NASA/HLS/HLSS30/v002/T60UXC_20241229T230859,S30,1735513739000,rejected_non_intersecting_native_grid
2024-12,NASA/HLS/HLSS30/v002/T01FBF_20241231T214911,S30,1735681751000,rejected_non_intersecting_native_grid
2025-01,NASA/HLS/HLSS30/v002/T50SLG_20250101T031029,S30,1735701029000,native_grid_intersects_roi
2025-01,NASA/HLS/HLSS30/v002/T01UBT_20250101T231859,S30,1735773539000,rejected_non_intersecting_native_grid
2025-01,NASA/HLS/HLSS30/v002/T60UXC_20250101T231859,S30,1735773539000,rejected_non_intersecting_native_grid
2025-01,NASA/HLS/HLSS30/v002/T01KAA_20250102T221941,S30,1735856381000,rejected_non_intersecting_native_grid
2025-01,NASA/HLS/HLSS30/v002/T01KAU_20250102T221941,S30,1735856381000,rejected_non_intersecting_native_grid
2025-01,NASA/HLS/HLSS30/v002/T01KAV_20250102T221941,S30,1735856381000,rejected_non_intersecting_native_grid
2025-01,NASA/HLS/HLSS30/v002/T01LAC_20250102T221941,S30,1735856381000,rejected_non_intersecting_native_grid
2025-01,NASA/HLS/HLSS30/v002/T01UBT_20250103T230941,S30,1735945781000,rejected_non_intersecting_native_grid
2025-01,NASA/HLS/HLSS30/v002/T60UXC_20250103T230941,S30,1735945781000,rejected_non_intersecting_native_grid
2025-01,NASA/HLS/HLSL30/v002/T50SLG_20250104T030034,L30,1735959634000,native_grid_intersects_roi
2025-01,NASA/HLS/HLSL30/v002/T50SLG_20250105T025422,L30,1736045662000,native_grid_intersects_roi
2025-01,NASA/HLS/HLSS30/v002/T01FBF_20250105T214909,S30,1736113749000,rejected_non_intersecting_native_grid
2025-01,NASA/HLS/HLSS30/v002/T50SLG_20250106T031121,S30,1736133081000,native_grid_intersects_roi
2025-01,NASA/HLS/HLSS30/v002/T01KAB_20250107T221939,S30,1736288379000,rejected_non_intersecting_native_grid
2025-01,NASA/HLS/HLSS30/v002/T01KAU_20250107T221939,S30,1736288379000,rejected_non_intersecting_native_grid
2025-01,NASA/HLS/HLSS30/v002/T01LAC_20250107T221939,S30,1736288379000,rejected_non_intersecting_native_grid
2025-01,NASA/HLS/HLSS30/v002/T01UBS_20250108T230839,S30,1736377719000,rejected_non_intersecting_native_grid
2025-01,NASA/HLS/HLSS30/v002/T01UBT_20250108T230839,S30,1736377719000,rejected_non_intersecting_native_grid
2025-01,NASA/HLS/HLSS30/v002/T60UXB_20250108T230839,S30,1736377719000,rejected_non_intersecting_native_grid
2025-01,NASA/HLS/HLSS30/v002/T60UXC_20250108T230839,S30,1736377719000,rejected_non_intersecting_native_grid
2025-01,NASA/HLS/HLSS30/v002/T50SLG_20250111T031009,S30,1736565009000,native_grid_intersects_roi
2025-01,NASA/HLS/HLSS30/v002/T01UBT_20250111T231839,S30,1736637519000,rejected_non_intersecting_native_grid
2025-01,NASA/HLS/HLSS30/v002/T60UXC_20250111T231839,S30,1736637519000,rejected_non_intersecting_native_grid
2025-01,NASA/HLS/HLSL30/v002/T50SLG_20250112T030035,L30,1736650835000,native_grid_intersects_roi
2025-01,NASA/HLS/HLSS30/v002/T01KAA_20250112T221941,S30,1736720381000,rejected_non_intersecting_native_grid
2025-01,NASA/HLS/HLSS30/v002/T01KAB_20250112T221941,S30,1736720381000,rejected_non_intersecting_native_grid
2025-01,NASA/HLS/HLSS30/v002/T01KAU_20250112T221941,S30,1736720381000,rejected_non_intersecting_native_grid
2025-01,NASA/HLS/HLSS30/v002/T01KAV_20250112T221941,S30,1736720381000,rejected_non_intersecting_native_grid
2025-01,NASA/HLS/HLSS30/v002/T01LAC_20250112T221941,S30,1736720381000,rejected_non_intersecting_native_grid
2025-01,NASA/HLS/HLSL30/v002/T50SLG_20250113T025428,L30,1736736868000,native_grid_intersects_roi
2025-01,NASA/HLS/HLSS30/v002/T01UBS_20250113T230921,S30,1736809761000,rejected_non_intersecting_native_grid
2025-01,NASA/HLS/HLSS30/v002/T01UBT_20250113T230921,S30,1736809761000,rejected_non_intersecting_native_grid
2025-01,NASA/HLS/HLSS30/v002/T01FBF_20250115T214909,S30,1736977749000,rejected_non_intersecting_native_grid
2025-01,NASA/HLS/HLSS30/v002/T01LAK_20250115T222751,S30,1736980071000,rejected_non_intersecting_native_grid
2025-01,NASA/HLS/HLSS30/v002/T50SLG_20250116T031051,S30,1736997051000,native_grid_intersects_roi
2025-01,NASA/HLS/HLSS30/v002/T01UBT_20250116T231911,S30,1737069551000,rejected_non_intersecting_native_grid
2025-01,NASA/HLS/HLSS30/v002/T60UXC_20250116T231911,S30,1737069551000,rejected_non_intersecting_native_grid
2025-01,NASA/HLS/HLSS30/v002/T01KAA_20250117T221939,S30,1737152379000,rejected_non_intersecting_native_grid
2025-01,NASA/HLS/HLSS30/v002/T01KAB_20250117T221939,S30,1737152379000,rejected_non_intersecting_native_grid
2025-01,NASA/HLS/HLSS30/v002/T01KAU_20250117T221939,S30,1737152379000,rejected_non_intersecting_native_grid
2025-01,NASA/HLS/HLSS30/v002/T01KAV_20250117T221939,S30,1737152379000,rejected_non_intersecting_native_grid
2025-01,NASA/HLS/HLSS30/v002/T01LAC_20250117T221939,S30,1737152379000,rejected_non_intersecting_native_grid
2025-01,NASA/HLS/HLSS30/v002/T01UBT_20250118T230809,S30,1737241689000,rejected_non_intersecting_native_grid
2025-01,NASA/HLS/HLSS30/v002/T60UXB_20250118T230809,S30,1737241689000,rejected_non_intersecting_native_grid
2025-01,NASA/HLS/HLSS30/v002/T60UXC_20250118T230809,S30,1737241689000,rejected_non_intersecting_native_grid
2025-01,NASA/HLS/HLSL30/v002/T50SLG_20250120T030042,L30,1737342042000,native_grid_intersects_roi
2025-01,NASA/HLS/HLSS30/v002/T01LAK_20250120T222759,S30,1737412079000,rejected_non_intersecting_native_grid
2025-01,NASA/HLS/HLSL30/v002/T50SLG_20250121T025420,L30,1737428060000,native_grid_intersects_roi
2025-01,NASA/HLS/HLSS30/v002/T50SLG_20250121T030939,S30,1737428979000,native_grid_intersects_roi
2025-01,NASA/HLS/HLSS30/v002/T01KAA_20250122T222011,S30,1737584411000,rejected_non_intersecting_native_grid
2025-01,NASA/HLS/HLSS30/v002/T01KAB_20250122T222011,S30,1737584411000,rejected_non_intersecting_native_grid
2025-01,NASA/HLS/HLSS30/v002/T01KAU_20250122T222011,S30,1737584411000,rejected_non_intersecting_native_grid
2025-01,NASA/HLS/HLSS30/v002/T01KAV_20250122T222011,S30,1737584411000,rejected_non_intersecting_native_grid
2025-01,NASA/HLS/HLSS30/v002/T01LAC_20250122T222011,S30,1737584411000,rejected_non_intersecting_native_grid
2025-01,NASA/HLS/HLSS30/v002/T01UBS_20250123T230911,S30,1737673751000,rejected_non_intersecting_native_grid
2025-01,NASA/HLS/HLSS30/v002/T01UBT_20250123T230911,S30,1737673751000,rejected_non_intersecting_native_grid
2025-01,NASA/HLS/HLSS30/v002/T60UXB_20250123T230911,S30,1737673751000,rejected_non_intersecting_native_grid
2025-01,NASA/HLS/HLSS30/v002/T60UXC_20250123T230911,S30,1737673751000,rejected_non_intersecting_native_grid
2025-01,NASA/HLS/HLSS30/v002/T50SLG_20250126T031041,S30,1737861041000,native_grid_intersects_roi
2025-01,NASA/HLS/HLSS30/v002/T01UBT_20250126T231901,S30,1737933541000,rejected_non_intersecting_native_grid
2025-01,NASA/HLS/HLSS30/v002/T60UXC_20250126T231901,S30,1737933541000,rejected_non_intersecting_native_grid
2025-01,NASA/HLS/HLSL30/v002/T50SLG_20250128T030032,L30,1738033232000,native_grid_intersects_roi
2025-01,NASA/HLS/HLSL30/v002/T50SLG_20250129T025425,L30,1738119265000,native_grid_intersects_roi
2025-01,NASA/HLS/HLSS30/v002/T01FBF_20250130T214941,S30,1738273781000,rejected_non_intersecting_native_grid
2025-01,NASA/HLS/HLSS30/v002/T01LAK_20250130T222759,S30,1738276079000,rejected_non_intersecting_native_grid
2025-01,NASA/HLS/HLSS30/v002/T01UBT_20250131T231709,S30,1738365429000,rejected_non_intersecting_native_grid
2025-01,NASA/HLS/HLSS30/v002/T60UXC_20250131T231709,S30,1738365429000,rejected_non_intersecting_native_grid
2025-02,NASA/HLS/HLSS30/v002/T01KAA_20250201T222011,S30,1738448411000,rejected_non_intersecting_native_grid
2025-02,NASA/HLS/HLSS30/v002/T01KAB_20250201T222011,S30,1738448411000,rejected_non_intersecting_native_grid
2025-02,NASA/HLS/HLSS30/v002/T01KAU_20250201T222011,S30,1738448411000,rejected_non_intersecting_native_grid
2025-02,NASA/HLS/HLSS30/v002/T01LAC_20250201T222011,S30,1738448411000,rejected_non_intersecting_native_grid
2025-02,NASA/HLS/HLSS30/v002/T01UBS_20250202T230821,S30,1738537701000,rejected_non_intersecting_native_grid
2025-02,NASA/HLS/HLSS30/v002/T01UBT_20250202T230821,S30,1738537701000,rejected_non_intersecting_native_grid
2025-02,NASA/HLS/HLSS30/v002/T60UXB_20250202T230821,S30,1738537701000,rejected_non_intersecting_native_grid
2025-02,NASA/HLS/HLSS30/v002/T60UXC_20250202T230821,S30,1738537701000,rejected_non_intersecting_native_grid
2025-02,NASA/HLS/HLSS30/v002/T01FBF_20250204T214909,S30,1738705749000,rejected_non_intersecting_native_grid
2025-02,NASA/HLS/HLSS30/v002/T01LAK_20250204T222821,S30,1738708101000,rejected_non_intersecting_native_grid
2025-02,NASA/HLS/HLSL30/v002/T50SLG_20250205T030036,L30,1738724436000,native_grid_intersects_roi
2025-02,NASA/HLS/HLSS30/v002/T50SLG_20250205T030951,S30,1738724991000,native_grid_intersects_roi
2025-02,NASA/HLS/HLSL30/v002/T50SLG_20250206T025422,L30,1738810462000,native_grid_intersects_roi
2025-02,NASA/HLS/HLSS30/v002/T01KAA_20250206T221939,S30,1738880379000,rejected_non_intersecting_native_grid
2025-02,NASA/HLS/HLSS30/v002/T01KAB_20250206T221939,S30,1738880379000,rejected_non_intersecting_native_grid
2025-02,NASA/HLS/HLSS30/v002/T01KAU_20250206T221939,S30,1738880379000,rejected_non_intersecting_native_grid
2025-02,NASA/HLS/HLSS30/v002/T01KAV_20250206T221939,S30,1738880379000,rejected_non_intersecting_native_grid
2025-02,NASA/HLS/HLSS30/v002/T01LAC_20250206T221939,S30,1738880379000,rejected_non_intersecting_native_grid
2025-02,NASA/HLS/HLSS30/v002/T60UXC_20250207T230629,S30,1738969589000,rejected_non_intersecting_native_grid
2025-02,NASA/HLS/HLSS30/v002/T01LAK_20250209T222759,S30,1739140079000,rejected_non_intersecting_native_grid
2025-02,NASA/HLS/HLSS30/v002/T50SLG_20250210T030759,S30,1739156879000,native_grid_intersects_roi
2025-02,NASA/HLS/HLSS30/v002/T01UBT_20250210T231619,S30,1739229379000,rejected_non_intersecting_native_grid
2025-02,NASA/HLS/HLSS30/v002/T60UXC_20250210T231619,S30,1739229379000,rejected_non_intersecting_native_grid
2025-02,NASA/HLS/HLSS30/v002/T01KAA_20250211T222001,S30,1739312401000,rejected_non_intersecting_native_grid
2025-02,NASA/HLS/HLSS30/v002/T01KAB_20250211T222001,S30,1739312401000,rejected_non_intersecting_native_grid
2025-02,NASA/HLS/HLSS30/v002/T01KAU_20250211T222001,S30,1739312401000,rejected_non_intersecting_native_grid
2025-02,NASA/HLS/HLSS30/v002/T01KAV_20250211T222001,S30,1739312401000,rejected_non_intersecting_native_grid
2025-02,NASA/HLS/HLSS30/v002/T01LAC_20250211T222001,S30,1739312401000,rejected_non_intersecting_native_grid
2025-02,NASA/HLS/HLSS30/v002/T01UBT_20250212T230721,S30,1739401641000,rejected_non_intersecting_native_grid
2025-02,NASA/HLS/HLSS30/v002/T60UXC_20250212T230721,S30,1739401641000,rejected_non_intersecting_native_grid
2025-02,NASA/HLS/HLSL30/v002/T50SLG_20250214T025430,L30,1739501670000,native_grid_intersects_roi
2025-02,NASA/HLS/HLSS30/v002/T01FBF_20250214T214909,S30,1739569749000,rejected_non_intersecting_native_grid
2025-02,NASA/HLS/HLSS30/v002/T01LAK_20250214T222821,S30,1739572101000,rejected_non_intersecting_native_grid
2025-02,NASA/HLS/HLSS30/v002/T50SLG_20250215T030841,S30,1739588921000,native_grid_intersects_roi
2025-02,NASA/HLS/HLSS30/v002/T01UBT_20250215T231701,S30,1739661421000,rejected_non_intersecting_native_grid
2025-02,NASA/HLS/HLSS30/v002/T60UXC_20250215T231701,S30,1739661421000,rejected_non_intersecting_native_grid
2025-02,NASA/HLS/HLSS30/v002/T01KAA_20250216T221939,S30,1739744379000,rejected_non_intersecting_native_grid
2025-02,NASA/HLS/HLSS30/v002/T01KAB_20250216T221939,S30,1739744379000,rejected_non_intersecting_native_grid
2025-02,NASA/HLS/HLSS30/v002/T01KAU_20250216T221939,S30,1739744379000,rejected_non_intersecting_native_grid
2025-02,NASA/HLS/HLSS30/v002/T01KAV_20250216T221939,S30,1739744379000,rejected_non_intersecting_native_grid
2025-02,NASA/HLS/HLSS30/v002/T01LAC_20250216T221939,S30,1739744379000,rejected_non_intersecting_native_grid
2025-02,NASA/HLS/HLSS30/v002/T01VCL_20250216T233649,S30,1739749009000,rejected_non_intersecting_native_grid
2025-02,NASA/HLS/HLSS30/v002/T60VXR_20250216T233649,S30,1739749009000,rejected_non_intersecting_native_grid
2025-02,NASA/HLS/HLSS30/v002/T01UBT_20250217T230539,S30,1739833539000,rejected_non_intersecting_native_grid
2025-02,NASA/HLS/HLSS30/v002/T60UXC_20250217T230539,S30,1739833539000,rejected_non_intersecting_native_grid
2025-02,NASA/HLS/HLSS30/v002/T01VCK_20250218T232651,S30,1739921211000,rejected_non_intersecting_native_grid
2025-02,NASA/HLS/HLSS30/v002/T60VXQ_20250218T232651,S30,1739921211000,rejected_non_intersecting_native_grid
2025-02,NASA/HLS/HLSS30/v002/T01LAK_20250219T222759,S30,1740004079000,rejected_non_intersecting_native_grid
2025-02,NASA/HLS/HLSS30/v002/T01WCM_20250219T234629,S30,1740008789000,rejected_non_intersecting_native_grid
2025-02,NASA/HLS/HLSS30/v002/T50SLG_20250220T030659,S30,1740020819000,native_grid_intersects_roi
2025-02,NASA/HLS/HLSS30/v002/T01UBT_20250220T231559,S30,1740093359000,rejected_non_intersecting_native_grid
2025-02,NASA/HLS/HLSS30/v002/T60UXC_20250220T231559,S30,1740093359000,rejected_non_intersecting_native_grid
2025-02,NASA/HLS/HLSL30/v002/T50SLG_20250221T030039,L30,1740106839000,native_grid_intersects_roi
2025-02,NASA/HLS/HLSS30/v002/T01KAA_20250221T222001,S30,1740176401000,rejected_non_intersecting_native_grid
2025-02,NASA/HLS/HLSS30/v002/T01KAB_20250221T222001,S30,1740176401000,rejected_non_intersecting_native_grid
2025-02,NASA/HLS/HLSS30/v002/T01KAU_20250221T222001,S30,1740176401000,rejected_non_intersecting_native_grid
2025-02,NASA/HLS/HLSS30/v002/T01KAV_20250221T222001,S30,1740176401000,rejected_non_intersecting_native_grid
2025-02,NASA/HLS/HLSS30/v002/T01LAC_20250221T222001,S30,1740176401000,rejected_non_intersecting_native_grid
2025-02,NASA/HLS/HLSS30/v002/T01VCL_20250221T233711,S30,1740181031000,rejected_non_intersecting_native_grid
2025-02,NASA/HLS/HLSS30/v002/T01WCM_20250221T233711,S30,1740181031000,rejected_non_intersecting_native_grid
2025-02,NASA/HLS/HLSS30/v002/T01WCN_20250221T233711,S30,1740181031000,rejected_non_intersecting_native_grid
2025-02,NASA/HLS/HLSS30/v002/T60VXR_20250221T233711,S30,1740181031000,rejected_non_intersecting_native_grid
2025-02,NASA/HLS/HLSL30/v002/T50SLG_20250222T025414,L30,1740192854000,native_grid_intersects_roi
2025-02,NASA/HLS/HLSS30/v002/T01UBS_20250222T230601,S30,1740265561000,rejected_non_intersecting_native_grid
2025-02,NASA/HLS/HLSS30/v002/T01UBT_20250222T230601,S30,1740265561000,rejected_non_intersecting_native_grid
2025-02,NASA/HLS/HLSS30/v002/T60UXB_20250222T230601,S30,1740265561000,rejected_non_intersecting_native_grid
2025-02,NASA/HLS/HLSS30/v002/T01VCK_20250223T232639,S30,1740353199000,rejected_non_intersecting_native_grid
2025-02,NASA/HLS/HLSS30/v002/T60VXQ_20250223T232639,S30,1740353199000,rejected_non_intersecting_native_grid
2025-02,NASA/HLS/HLSS30/v002/T01LAK_20250224T222821,S30,1740436101000,rejected_non_intersecting_native_grid
2025-02,NASA/HLS/HLSS30/v002/T01VCL_20250224T234651,S30,1740440811000,rejected_non_intersecting_native_grid
2025-02,NASA/HLS/HLSS30/v002/T01WCM_20250224T234651,S30,1740440811000,rejected_non_intersecting_native_grid
2025-02,NASA/HLS/HLSS30/v002/T01WCP_20250224T234651,S30,1740440811000,rejected_non_intersecting_native_grid
2025-02,NASA/HLS/HLSS30/v002/T60VXR_20250224T234651,S30,1740440811000,rejected_non_intersecting_native_grid
2025-02,NASA/HLS/HLSS30/v002/T50SLG_20250225T030731,S30,1740452851000,native_grid_intersects_roi
2025-02,NASA/HLS/HLSS30/v002/T01UBT_20250225T231621,S30,1740525381000,rejected_non_intersecting_native_grid
2025-02,NASA/HLS/HLSS30/v002/T60UXC_20250225T231621,S30,1740525381000,rejected_non_intersecting_native_grid
2025-02,NASA/HLS/HLSS30/v002/T01KAA_20250226T221939,S30,1740608379000,rejected_non_intersecting_native_grid
2025-02,NASA/HLS/HLSS30/v002/T01KAB_20250226T221939,S30,1740608379000,rejected_non_intersecting_native_grid
2025-02,NASA/HLS/HLSS30/v002/T01KAU_20250226T221939,S30,1740608379000,rejected_non_intersecting_native_grid
2025-02,NASA/HLS/HLSS30/v002/T01KAV_20250226T221939,S30,1740608379000,rejected_non_intersecting_native_grid
2025-02,NASA/HLS/HLSS30/v002/T01LAC_20250226T221939,S30,1740608379000,rejected_non_intersecting_native_grid
2025-02,NASA/HLS/HLSS30/v002/T01WCM_20250226T233649,S30,1740613009000,rejected_non_intersecting_native_grid
2025-02,NASA/HLS/HLSS30/v002/T01WCN_20250226T233649,S30,1740613009000,rejected_non_intersecting_native_grid
2025-02,NASA/HLS/HLSS30/v002/T01WCP_20250226T233649,S30,1740613009000,rejected_non_intersecting_native_grid
2025-02,NASA/HLS/HLSS30/v002/T01UBS_20250227T230529,S30,1740697529000,rejected_non_intersecting_native_grid
2025-02,NASA/HLS/HLSS30/v002/T01UBT_20250227T230529,S30,1740697529000,rejected_non_intersecting_native_grid
2025-02,NASA/HLS/HLSS30/v002/T60UXB_20250227T230529,S30,1740697529000,rejected_non_intersecting_native_grid
2025-02,NASA/HLS/HLSS30/v002/T60UXC_20250227T230529,S30,1740697529000,rejected_non_intersecting_native_grid
2025-02,NASA/HLS/HLSS30/v002/T01VCK_20250228T232701,S30,1740785221000,rejected_non_intersecting_native_grid
2025-02,NASA/HLS/HLSS30/v002/T60VXQ_20250228T232701,S30,1740785221000,rejected_non_intersecting_native_grid
2025-03,NASA/HLS/HLSL30/v002/T50SLG_20250301T030020,L30,1740798020000,native_grid_intersects_roi
2025-03,NASA/HLS/HLSS30/v002/T01LAK_20250301T222759,S30,1740868079000,rejected_non_intersecting_native_grid
2025-03,NASA/HLS/HLSS30/v002/T01WCM_20250301T234629,S30,1740872789000,rejected_non_intersecting_native_grid
2025-03,NASA/HLS/HLSS30/v002/T01WCN_20250301T234629,S30,1740872789000,rejected_non_intersecting_native_grid
2025-03,NASA/HLS/HLSS30/v002/T01WCP_20250301T234629,S30,1740872789000,rejected_non_intersecting_native_grid
2025-03,NASA/HLS/HLSS30/v002/T01WCQ_20250301T234629,S30,1740872789000,rejected_non_intersecting_native_grid
2025-03,NASA/HLS/HLSS30/v002/T01UBT_20250302T231559,S30,1740957359000,rejected_non_intersecting_native_grid
2025-03,NASA/HLS/HLSS30/v002/T60UXC_20250302T231559,S30,1740957359000,rejected_non_intersecting_native_grid
2025-03,NASA/HLS/HLSS30/v002/T01WCS_20250303T000641,S30,1740960401000,rejected_non_intersecting_native_grid
2025-03,NASA/HLS/HLSS30/v002/T01KAA_20250303T222001,S30,1741040401000,rejected_non_intersecting_native_grid
2025-03,NASA/HLS/HLSS30/v002/T01KAB_20250303T222001,S30,1741040401000,rejected_non_intersecting_native_grid
2025-03,NASA/HLS/HLSS30/v002/T01KAU_20250303T222001,S30,1741040401000,rejected_non_intersecting_native_grid
2025-03,NASA/HLS/HLSS30/v002/T01KAV_20250303T222001,S30,1741040401000,rejected_non_intersecting_native_grid
2025-03,NASA/HLS/HLSS30/v002/T01LAC_20250303T222001,S30,1741040401000,rejected_non_intersecting_native_grid
2025-03,NASA/HLS/HLSS30/v002/T01VCL_20250303T233711,S30,1741045031000,rejected_non_intersecting_native_grid
2025-03,NASA/HLS/HLSS30/v002/T01WCM_20250303T233711,S30,1741045031000,rejected_non_intersecting_native_grid
2025-03,NASA/HLS/HLSS30/v002/T01WCN_20250303T233711,S30,1741045031000,rejected_non_intersecting_native_grid
2025-03,NASA/HLS/HLSS30/v002/T01WCP_20250303T233711,S30,1741045031000,rejected_non_intersecting_native_grid
2025-03,NASA/HLS/HLSS30/v002/T60VXQ_20250303T233711,S30,1741045031000,rejected_non_intersecting_native_grid
2025-03,NASA/HLS/HLSS30/v002/T60VXR_20250303T233711,S30,1741045031000,rejected_non_intersecting_native_grid
2025-03,NASA/HLS/HLSS30/v002/T60UXC_20250304T230551,S30,1741129551000,rejected_non_intersecting_native_grid
2025-03,NASA/HLS/HLSS30/v002/T01WCQ_20250304T235619,S30,1741132579000,rejected_non_intersecting_native_grid
2025-03,NASA/HLS/HLSS30/v002/T01WCR_20250304T235619,S30,1741132579000,rejected_non_intersecting_native_grid
2025-03,NASA/HLS/HLSS30/v002/T01WCS_20250304T235619,S30,1741132579000,rejected_non_intersecting_native_grid
2025-03,NASA/HLS/HLSS30/v002/T01VCK_20250305T232639,S30,1741217199000,rejected_non_intersecting_native_grid
2025-03,NASA/HLS/HLSS30/v002/T60VXQ_20250305T232639,S30,1741217199000,rejected_non_intersecting_native_grid
2025-03,NASA/HLS/HLSS30/v002/T01WCT_20250306T001631,S30,1741220191000,rejected_non_intersecting_native_grid
2025-03,NASA/HLS/HLSS30/v002/T01FBF_20250306T214909,S30,1741297749000,rejected_non_intersecting_native_grid
2025-03,NASA/HLS/HLSS30/v002/T01LAK_20250306T222821,S30,1741300101000,rejected_non_intersecting_native_grid
2025-03,NASA/HLS/HLSS30/v002/T01VCL_20250306T234651,S30,1741304811000,rejected_non_intersecting_native_grid
2025-03,NASA/HLS/HLSS30/v002/T01WCM_20250306T234651,S30,1741304811000,rejected_non_intersecting_native_grid
2025-03,NASA/HLS/HLSS30/v002/T01WCN_20250306T234651,S30,1741304811000,rejected_non_intersecting_native_grid
2025-03,NASA/HLS/HLSS30/v002/T01WCQ_20250306T234651,S30,1741304811000,rejected_non_intersecting_native_grid
2025-03,NASA/HLS/HLSS30/v002/T01WCR_20250306T234651,S30,1741304811000,rejected_non_intersecting_native_grid
2025-03,NASA/HLS/HLSS30/v002/T60VXR_20250306T234651,S30,1741304811000,rejected_non_intersecting_native_grid
2025-03,NASA/HLS/HLSS30/v002/T01WCS_20250308T000619,S30,1741392379000,rejected_non_intersecting_native_grid
2025-03,NASA/HLS/HLSS30/v002/T01WCT_20250308T000619,S30,1741392379000,rejected_non_intersecting_native_grid
2025-03,NASA/HLS/HLSS30/v002/T01WCU_20250308T000619,S30,1741392379000,rejected_non_intersecting_native_grid
2025-03,NASA/HLS/HLSS30/v002/T01KAU_20250308T221939,S30,1741472379000,rejected_non_intersecting_native_grid
2025-03,NASA/HLS/HLSS30/v002/T01KAV_20250308T221939,S30,1741472379000,rejected_non_intersecting_native_grid
2025-03,NASA/HLS/HLSS30/v002/T01WCM_20250308T233649,S30,1741477009000,rejected_non_intersecting_native_grid
2025-03,NASA/HLS/HLSS30/v002/T01WCN_20250308T233649,S30,1741477009000,rejected_non_intersecting_native_grid
2025-03,NASA/HLS/HLSL30/v002/T50SLG_20250309T030033,L30,1741489233000,native_grid_intersects_roi
2025-03,NASA/HLS/HLSS30/v002/T01UBT_20250309T230529,S30,1741561529000,rejected_non_intersecting_native_grid
2025-03,NASA/HLS/HLSS30/v002/T60UXC_20250309T230529,S30,1741561529000,rejected_non_intersecting_native_grid
2025-03,NASA/HLS/HLSS30/v002/T01WCQ_20250309T235641,S30,1741564601000,rejected_non_intersecting_native_grid
2025-03,NASA/HLS/HLSS30/v002/T01WCT_20250309T235641,S30,1741564601000,rejected_non_intersecting_native_grid
2025-03,NASA/HLS/HLSS30/v002/T01WCU_20250309T235641,S30,1741564601000,rejected_non_intersecting_native_grid
2025-03,NASA/HLS/HLSL30/v002/T50SLG_20250310T025409,L30,1741575249000,native_grid_intersects_roi
2025-03,NASA/HLS/HLSS30/v002/T01VCK_20250310T232701,S30,1741649221000,rejected_non_intersecting_native_grid
2025-03,NASA/HLS/HLSS30/v002/T60VXQ_20250310T232701,S30,1741649221000,rejected_non_intersecting_native_grid
2025-03,NASA/HLS/HLSS30/v002/T01WCT_20250311T001609,S30,1741652169000,rejected_non_intersecting_native_grid
2025-03,NASA/HLS/HLSS30/v002/T01WCU_20250311T001609,S30,1741652169000,rejected_non_intersecting_native_grid
2025-03,NASA/HLS/HLSS30/v002/T01WCV_20250311T001609,S30,1741652169000,rejected_non_intersecting_native_grid
2025-03,NASA/HLS/HLSS30/v002/T60WWE_20250311T001609,S30,1741652169000,rejected_non_intersecting_native_grid
2025-03,NASA/HLS/HLSS30/v002/T01LAK_20250311T222759,S30,1741732079000,rejected_non_intersecting_native_grid
2025-03,NASA/HLS/HLSS30/v002/T01WCM_20250311T234629,S30,1741736789000,rejected_non_intersecting_native_grid
2025-03,NASA/HLS/HLSS30/v002/T01WCQ_20250311T234629,S30,1741736789000,rejected_non_intersecting_native_grid
2025-03,NASA/HLS/HLSS30/v002/T01WCR_20250311T234629,S30,1741736789000,rejected_non_intersecting_native_grid
2025-03,NASA/HLS/HLSS30/v002/T50SLG_20250312T030529,S30,1741748729000,native_grid_intersects_roi
2025-03,NASA/HLS/HLSS30/v002/T01WCS_20250313T000631,S30,1741824391000,rejected_non_intersecting_native_grid
2025-03,NASA/HLS/HLSS30/v002/T01WCT_20250313T000631,S30,1741824391000,rejected_non_intersecting_native_grid
2025-03,NASA/HLS/HLSS30/v002/T01WCV_20250313T000631,S30,1741824391000,rejected_non_intersecting_native_grid
2025-03,NASA/HLS/HLSS30/v002/T60WWE_20250313T000631,S30,1741824391000,rejected_non_intersecting_native_grid
2025-03,NASA/HLS/HLSS30/v002/T01KAA_20250313T222001,S30,1741904401000,rejected_non_intersecting_native_grid
2025-03,NASA/HLS/HLSS30/v002/T01KAB_20250313T222001,S30,1741904401000,rejected_non_intersecting_native_grid
2025-03,NASA/HLS/HLSS30/v002/T01LAC_20250313T222001,S30,1741904401000,rejected_non_intersecting_native_grid
2025-03,NASA/HLS/HLSS30/v002/T01VCK_20250313T233711,S30,1741909031000,rejected_non_intersecting_native_grid
2025-03,NASA/HLS/HLSS30/v002/T01WCM_20250313T233711,S30,1741909031000,rejected_non_intersecting_native_grid
2025-03,NASA/HLS/HLSS30/v002/T01WCN_20250313T233711,S30,1741909031000,rejected_non_intersecting_native_grid
2025-03,NASA/HLS/HLSS30/v002/T01WCP_20250313T233711,S30,1741909031000,rejected_non_intersecting_native_grid
2025-03,NASA/HLS/HLSS30/v002/T60VXR_20250313T233711,S30,1741909031000,rejected_non_intersecting_native_grid
2025-03,NASA/HLS/HLSS30/v002/T01WCV_20250314T002609,S30,1741911969000,rejected_non_intersecting_native_grid
2025-03,NASA/HLS/HLSS30/v002/T60WWE_20250314T002609,S30,1741911969000,rejected_non_intersecting_native_grid
2025-03,NASA/HLS/HLSS30/v002/T01UBT_20250314T230551,S30,1741993551000,rejected_non_intersecting_native_grid
2025-03,NASA/HLS/HLSS30/v002/T60UXC_20250314T230551,S30,1741993551000,rejected_non_intersecting_native_grid
2025-03,NASA/HLS/HLSS30/v002/T01WCQ_20250314T235619,S30,1741996579000,rejected_non_intersecting_native_grid
2025-03,NASA/HLS/HLSS30/v002/T01WCR_20250314T235619,S30,1741996579000,rejected_non_intersecting_native_grid
2025-03,NASA/HLS/HLSS30/v002/T01WCS_20250314T235619,S30,1741996579000,rejected_non_intersecting_native_grid
2025-03,NASA/HLS/HLSS30/v002/T01WCT_20250314T235619,S30,1741996579000,rejected_non_intersecting_native_grid
2025-03,NASA/HLS/HLSS30/v002/T01WCU_20250314T235619,S30,1741996579000,rejected_non_intersecting_native_grid
2025-03,NASA/HLS/HLSS30/v002/T01VCK_20250315T232639,S30,1742081199000,rejected_non_intersecting_native_grid
2025-03,NASA/HLS/HLSS30/v002/T60VXQ_20250315T232639,S30,1742081199000,rejected_non_intersecting_native_grid
2025-03,NASA/HLS/HLSS30/v002/T01WCT_20250316T001631,S30,1742084191000,rejected_non_intersecting_native_grid
2025-03,NASA/HLS/HLSS30/v002/T01WCU_20250316T001631,S30,1742084191000,rejected_non_intersecting_native_grid
2025-03,NASA/HLS/HLSS30/v002/T01LAK_20250316T222821,S30,1742164101000,rejected_non_intersecting_native_grid
2025-03,NASA/HLS/HLSS30/v002/T01WCN_20250316T234651,S30,1742168811000,rejected_non_intersecting_native_grid
2025-03,NASA/HLS/HLSS30/v002/T01WCQ_20250316T234651,S30,1742168811000,rejected_non_intersecting_native_grid
2025-03,NASA/HLS/HLSS30/v002/T01WCR_20250316T234651,S30,1742168811000,rejected_non_intersecting_native_grid
2025-03,NASA/HLS/HLSL30/v002/T50SLG_20250317T030014,L30,1742180414000,native_grid_intersects_roi
2025-03,NASA/HLS/HLSS30/v002/T50SLG_20250317T030551,S30,1742180751000,native_grid_intersects_roi
2025-03,NASA/HLS/HLSS30/v002/T01UBT_20250317T231731,S30,1742253451000,rejected_non_intersecting_native_grid
2025-03,NASA/HLS/HLSS30/v002/T60UXC_20250317T231731,S30,1742253451000,rejected_non_intersecting_native_grid
2025-03,NASA/HLS/HLSS30/v002/T01WCS_20250318T000619,S30,1742256379000,rejected_non_intersecting_native_grid
2025-03,NASA/HLS/HLSS30/v002/T01WCT_20250318T000619,S30,1742256379000,rejected_non_intersecting_native_grid
2025-03,NASA/HLS/HLSS30/v002/T01WCV_20250318T000619,S30,1742256379000,rejected_non_intersecting_native_grid
2025-03,NASA/HLS/HLSS30/v002/T60WWE_20250318T000619,S30,1742256379000,rejected_non_intersecting_native_grid
2025-03,NASA/HLS/HLSL30/v002/T50SLG_20250318T025415,L30,1742266455000,native_grid_intersects_roi
2025-03,NASA/HLS/HLSS30/v002/T01KAA_20250318T221939,S30,1742336379000,rejected_non_intersecting_native_grid
2025-03,NASA/HLS/HLSS30/v002/T01KAB_20250318T221939,S30,1742336379000,rejected_non_intersecting_native_grid
2025-03,NASA/HLS/HLSS30/v002/T01KAU_20250318T221939,S30,1742336379000,rejected_non_intersecting_native_grid
2025-03,NASA/HLS/HLSS30/v002/T01KAV_20250318T221939,S30,1742336379000,rejected_non_intersecting_native_grid
2025-03,NASA/HLS/HLSS30/v002/T01LAC_20250318T221939,S30,1742336379000,rejected_non_intersecting_native_grid
2025-03,NASA/HLS/HLSS30/v002/T01VCL_20250318T233649,S30,1742341009000,rejected_non_intersecting_native_grid
2025-03,NASA/HLS/HLSS30/v002/T01WCM_20250318T233649,S30,1742341009000,rejected_non_intersecting_native_grid
2025-03,NASA/HLS/HLSS30/v002/T01WCN_20250318T233649,S30,1742341009000,rejected_non_intersecting_native_grid
2025-03,NASA/HLS/HLSS30/v002/T01WCP_20250318T233649,S30,1742341009000,rejected_non_intersecting_native_grid
2025-03,NASA/HLS/HLSS30/v002/T60VXR_20250318T233649,S30,1742341009000,rejected_non_intersecting_native_grid
2025-03,NASA/HLS/HLSS30/v002/T01UBS_20250319T230529,S30,1742425529000,rejected_non_intersecting_native_grid
2025-03,NASA/HLS/HLSS30/v002/T01UBT_20250319T230529,S30,1742425529000,rejected_non_intersecting_native_grid
2025-03,NASA/HLS/HLSS30/v002/T60UXC_20250319T230529,S30,1742425529000,rejected_non_intersecting_native_grid
2025-03,NASA/HLS/HLSS30/v002/T01WCQ_20250319T235641,S30,1742428601000,rejected_non_intersecting_native_grid
2025-03,NASA/HLS/HLSS30/v002/T01WCR_20250319T235641,S30,1742428601000,rejected_non_intersecting_native_grid
2025-03,NASA/HLS/HLSS30/v002/T01WCS_20250319T235641,S30,1742428601000,rejected_non_intersecting_native_grid
2025-03,NASA/HLS/HLSS30/v002/T01WCT_20250319T235641,S30,1742428601000,rejected_non_intersecting_native_grid
2025-03,NASA/HLS/HLSS30/v002/T01WCU_20250319T235641,S30,1742428601000,rejected_non_intersecting_native_grid
2025-03,NASA/HLS/HLSS30/v002/T01VCK_20250320T232701,S30,1742513221000,rejected_non_intersecting_native_grid
2025-03,NASA/HLS/HLSS30/v002/T60VXQ_20250320T232701,S30,1742513221000,rejected_non_intersecting_native_grid
2025-03,NASA/HLS/HLSS30/v002/T01FBF_20250321T214931,S30,1742593771000,rejected_non_intersecting_native_grid
2025-03,NASA/HLS/HLSS30/v002/T01LAK_20250321T222759,S30,1742596079000,rejected_non_intersecting_native_grid
2025-03,NASA/HLS/HLSS30/v002/T01VCL_20250321T234629,S30,1742600789000,rejected_non_intersecting_native_grid
2025-03,NASA/HLS/HLSS30/v002/T01WCM_20250321T234629,S30,1742600789000,rejected_non_intersecting_native_grid
2025-03,NASA/HLS/HLSS30/v002/T01WCN_20250321T234629,S30,1742600789000,rejected_non_intersecting_native_grid
2025-03,NASA/HLS/HLSS30/v002/T01WCP_20250321T234629,S30,1742600789000,rejected_non_intersecting_native_grid
2025-03,NASA/HLS/HLSS30/v002/T01WCQ_20250321T234629,S30,1742600789000,rejected_non_intersecting_native_grid
2025-03,NASA/HLS/HLSS30/v002/T01WCR_20250321T234629,S30,1742600789000,rejected_non_intersecting_native_grid
2025-03,NASA/HLS/HLSS30/v002/T60VXR_20250321T234629,S30,1742600789000,rejected_non_intersecting_native_grid
2025-03,NASA/HLS/HLSS30/v002/T50SLG_20250322T030529,S30,1742612729000,native_grid_intersects_roi
2025-03,NASA/HLS/HLSS30/v002/T01UBT_20250322T231559,S30,1742685359000,rejected_non_intersecting_native_grid
2025-03,NASA/HLS/HLSS30/v002/T60UXC_20250322T231559,S30,1742685359000,rejected_non_intersecting_native_grid
2025-03,NASA/HLS/HLSS30/v002/T01WCS_20250323T000651,S30,1742688411000,rejected_non_intersecting_native_grid
2025-03,NASA/HLS/HLSS30/v002/T01WCU_20250323T000651,S30,1742688411000,rejected_non_intersecting_native_grid
2025-03,NASA/HLS/HLSS30/v002/T01KAA_20250323T222001,S30,1742768401000,rejected_non_intersecting_native_grid
2025-03,NASA/HLS/HLSS30/v002/T01KAB_20250323T222001,S30,1742768401000,rejected_non_intersecting_native_grid
2025-03,NASA/HLS/HLSS30/v002/T01KAU_20250323T222001,S30,1742768401000,rejected_non_intersecting_native_grid
2025-03,NASA/HLS/HLSS30/v002/T01KAV_20250323T222001,S30,1742768401000,rejected_non_intersecting_native_grid
2025-03,NASA/HLS/HLSS30/v002/T01LAC_20250323T222001,S30,1742768401000,rejected_non_intersecting_native_grid
2025-03,NASA/HLS/HLSS30/v002/T01VCK_20250323T233711,S30,1742773031000,rejected_non_intersecting_native_grid
2025-03,NASA/HLS/HLSS30/v002/T01VCL_20250323T233711,S30,1742773031000,rejected_non_intersecting_native_grid
2025-03,NASA/HLS/HLSS30/v002/T01WCM_20250323T233711,S30,1742773031000,rejected_non_intersecting_native_grid
2025-03,NASA/HLS/HLSS30/v002/T01WCN_20250323T233711,S30,1742773031000,rejected_non_intersecting_native_grid
2025-03,NASA/HLS/HLSS30/v002/T60VXQ_20250323T233711,S30,1742773031000,rejected_non_intersecting_native_grid
2025-03,NASA/HLS/HLSS30/v002/T60VXR_20250323T233711,S30,1742773031000,rejected_non_intersecting_native_grid
2025-03,NASA/HLS/HLSS30/v002/T01WCV_20250324T002609,S30,1742775969000,rejected_non_intersecting_native_grid
2025-03,NASA/HLS/HLSS30/v002/T60WWE_20250324T002609,S30,1742775969000,rejected_non_intersecting_native_grid
2025-03,NASA/HLS/HLSS30/v002/T01WCQ_20250324T235619,S30,1742860579000,rejected_non_intersecting_native_grid
2025-03,NASA/HLS/HLSS30/v002/T01WCR_20250324T235619,S30,1742860579000,rejected_non_intersecting_native_grid
2025-03,NASA/HLS/HLSS30/v002/T01WCS_20250324T235619,S30,1742860579000,rejected_non_intersecting_native_grid
2025-03,NASA/HLS/HLSS30/v002/T01WCT_20250324T235619,S30,1742860579000,rejected_non_intersecting_native_grid
2025-03,NASA/HLS/HLSS30/v002/T01WCU_20250324T235619,S30,1742860579000,rejected_non_intersecting_native_grid
2025-03,NASA/HLS/HLSL30/v002/T50SLG_20250325T030022,L30,1742871622000,native_grid_intersects_roi
2025-03,NASA/HLS/HLSS30/v002/T01WCT_20250326T001631,S30,1742948191000,rejected_non_intersecting_native_grid
2025-03,NASA/HLS/HLSS30/v002/T01WCU_20250326T001631,S30,1742948191000,rejected_non_intersecting_native_grid
2025-03,NASA/HLS/HLSS30/v002/T01WCV_20250326T001631,S30,1742948191000,rejected_non_intersecting_native_grid
2025-03,NASA/HLS/HLSS30/v002/T60WWE_20250326T001631,S30,1742948191000,rejected_non_intersecting_native_grid
2025-03,NASA/HLS/HLSL30/v002/T50SLG_20250326T025359,L30,1742957639000,native_grid_intersects_roi
2025-03,NASA/HLS/HLSS30/v002/T01LAK_20250326T222821,S30,1743028101000,rejected_non_intersecting_native_grid
2025-03,NASA/HLS/HLSS30/v002/T01VCL_20250326T234641,S30,1743032801000,rejected_non_intersecting_native_grid
2025-03,NASA/HLS/HLSS30/v002/T01WCP_20250326T234641,S30,1743032801000,rejected_non_intersecting_native_grid
2025-03,NASA/HLS/HLSS30/v002/T01WCQ_20250326T234641,S30,1743032801000,rejected_non_intersecting_native_grid
2025-03,NASA/HLS/HLSS30/v002/T01WCR_20250326T234641,S30,1743032801000,rejected_non_intersecting_native_grid
2025-03,NASA/HLS/HLSS30/v002/T60VXR_20250326T234641,S30,1743032801000,rejected_non_intersecting_native_grid
2025-03,NASA/HLS/HLSS30/v002/T01UBT_20250327T231621,S30,1743117381000,rejected_non_intersecting_native_grid
2025-03,NASA/HLS/HLSS30/v002/T60UXC_20250327T231621,S30,1743117381000,rejected_non_intersecting_native_grid
2025-03,NASA/HLS/HLSS30/v002/T01KAA_20250328T221939,S30,1743200379000,rejected_non_intersecting_native_grid
2025-03,NASA/HLS/HLSS30/v002/T01KAB_20250328T221939,S30,1743200379000,rejected_non_intersecting_native_grid
2025-03,NASA/HLS/HLSS30/v002/T01KAU_20250328T221939,S30,1743200379000,rejected_non_intersecting_native_grid
2025-03,NASA/HLS/HLSS30/v002/T01KAV_20250328T221939,S30,1743200379000,rejected_non_intersecting_native_grid
2025-03,NASA/HLS/HLSS30/v002/T01LAC_20250328T221939,S30,1743200379000,rejected_non_intersecting_native_grid
2025-03,NASA/HLS/HLSS30/v002/T01VCL_20250328T233649,S30,1743205009000,rejected_non_intersecting_native_grid
2025-03,NASA/HLS/HLSS30/v002/T01WCN_20250328T233649,S30,1743205009000,rejected_non_intersecting_native_grid
2025-03,NASA/HLS/HLSS30/v002/T01WCP_20250328T233649,S30,1743205009000,rejected_non_intersecting_native_grid
2025-03,NASA/HLS/HLSS30/v002/T60VXR_20250328T233649,S30,1743205009000,rejected_non_intersecting_native_grid
2025-03,NASA/HLS/HLSS30/v002/T01WCR_20250329T235641,S30,1743292601000,rejected_non_intersecting_native_grid
2025-03,NASA/HLS/HLSS30/v002/T01WCS_20250329T235641,S30,1743292601000,rejected_non_intersecting_native_grid
2025-03,NASA/HLS/HLSS30/v002/T01WCT_20250329T235641,S30,1743292601000,rejected_non_intersecting_native_grid
2025-03,NASA/HLS/HLSS30/v002/T01WCU_20250329T235641,S30,1743292601000,rejected_non_intersecting_native_grid
2025-03,NASA/HLS/HLSS30/v002/T01VCK_20250330T232651,S30,1743377211000,rejected_non_intersecting_native_grid
2025-03,NASA/HLS/HLSS30/v002/T60VXQ_20250330T232651,S30,1743377211000,rejected_non_intersecting_native_grid
2025-03,NASA/HLS/HLSS30/v002/T01WCV_20250331T001609,S30,1743380169000,rejected_non_intersecting_native_grid
2025-03,NASA/HLS/HLSS30/v002/T01FBF_20250331T214931,S30,1743457771000,rejected_non_intersecting_native_grid
2025-03,NASA/HLS/HLSS30/v002/T01LAK_20250331T222759,S30,1743460079000,rejected_non_intersecting_native_grid
2025-03,NASA/HLS/HLSS30/v002/T01WCM_20250331T234619,S30,1743464779000,rejected_non_intersecting_native_grid
2025-03,NASA/HLS/HLSS30/v002/T01WCP_20250331T234619,S30,1743464779000,rejected_non_intersecting_native_grid
2025-03,NASA/HLS/HLSS30/v002/T01WCQ_20250331T234619,S30,1743464779000,rejected_non_intersecting_native_grid
2025-03,NASA/HLS/HLSS30/v002/T01WCR_20250331T234619,S30,1743464779000,rejected_non_intersecting_native_grid
2025-04,NASA/HLS/HLSS30/v002/T50SLG_20250401T030519,S30,1743476719000,native_grid_intersects_roi
2025-04,NASA/HLS/HLSS30/v002/T01UBT_20250401T231559,S30,1743549359000,rejected_non_intersecting_native_grid
2025-04,NASA/HLS/HLSS30/v002/T60UXC_20250401T231559,S30,1743549359000,rejected_non_intersecting_native_grid
2025-04,NASA/HLS/HLSS30/v002/T01WCS_20250402T000651,S30,1743552411000,rejected_non_intersecting_native_grid
2025-04,NASA/HLS/HLSS30/v002/T01WCT_20250402T000651,S30,1743552411000,rejected_non_intersecting_native_grid
2025-04,NASA/HLS/HLSL30/v002/T50SLG_20250402T030009,L30,1743562809000,native_grid_intersects_roi
2025-04,NASA/HLS/HLSS30/v002/T01KAA_20250402T222001,S30,1743632401000,rejected_non_intersecting_native_grid
2025-04,NASA/HLS/HLSS30/v002/T01KAB_20250402T222001,S30,1743632401000,rejected_non_intersecting_native_grid
2025-04,NASA/HLS/HLSS30/v002/T01KAU_20250402T222001,S30,1743632401000,rejected_non_intersecting_native_grid
2025-04,NASA/HLS/HLSS30/v002/T01KAV_20250402T222001,S30,1743632401000,rejected_non_intersecting_native_grid
2025-04,NASA/HLS/HLSS30/v002/T01LAC_20250402T222001,S30,1743632401000,rejected_non_intersecting_native_grid
2025-04,NASA/HLS/HLSS30/v002/T01VCK_20250402T233711,S30,1743637031000,rejected_non_intersecting_native_grid
2025-04,NASA/HLS/HLSS30/v002/T01VCL_20250402T233711,S30,1743637031000,rejected_non_intersecting_native_grid
2025-04,NASA/HLS/HLSS30/v002/T01WCN_20250402T233711,S30,1743637031000,rejected_non_intersecting_native_grid
2025-04,NASA/HLS/HLSS30/v002/T01WCP_20250402T233711,S30,1743637031000,rejected_non_intersecting_native_grid
2025-04,NASA/HLS/HLSS30/v002/T60VXQ_20250402T233711,S30,1743637031000,rejected_non_intersecting_native_grid
2025-04,NASA/HLS/HLSS30/v002/T60VXR_20250402T233711,S30,1743637031000,rejected_non_intersecting_native_grid
2025-04,NASA/HLS/HLSL30/v002/T50SLG_20250403T025406,L30,1743648846000,native_grid_intersects_roi
2025-04,NASA/HLS/HLSS30/v002/T01UBT_20250403T230551,S30,1743721551000,rejected_non_intersecting_native_grid
2025-04,NASA/HLS/HLSS30/v002/T60UXC_20250403T230551,S30,1743721551000,rejected_non_intersecting_native_grid
2025-04,NASA/HLS/HLSS30/v002/T01WCQ_20250403T235609,S30,1743724569000,rejected_non_intersecting_native_grid
2025-04,NASA/HLS/HLSS30/v002/T01WCR_20250403T235609,S30,1743724569000,rejected_non_intersecting_native_grid
2025-04,NASA/HLS/HLSS30/v002/T01WCS_20250403T235609,S30,1743724569000,rejected_non_intersecting_native_grid
2025-04,NASA/HLS/HLSS30/v002/T01WCT_20250403T235609,S30,1743724569000,rejected_non_intersecting_native_grid
2025-04,NASA/HLS/HLSS30/v002/T01WCU_20250403T235609,S30,1743724569000,rejected_non_intersecting_native_grid
2025-04,NASA/HLS/HLSS30/v002/T01VCK_20250404T232629,S30,1743809189000,rejected_non_intersecting_native_grid
2025-04,NASA/HLS/HLSS30/v002/T60VXQ_20250404T232629,S30,1743809189000,rejected_non_intersecting_native_grid
2025-04,NASA/HLS/HLSS30/v002/T01WCT_20250405T001631,S30,1743812191000,rejected_non_intersecting_native_grid
2025-04,NASA/HLS/HLSS30/v002/T01WCU_20250405T001631,S30,1743812191000,rejected_non_intersecting_native_grid
2025-04,NASA/HLS/HLSS30/v002/T01WCV_20250405T001631,S30,1743812191000,rejected_non_intersecting_native_grid
2025-04,NASA/HLS/HLSS30/v002/T01VCL_20250405T234641,S30,1743896801000,rejected_non_intersecting_native_grid
2025-04,NASA/HLS/HLSS30/v002/T01WCM_20250405T234641,S30,1743896801000,rejected_non_intersecting_native_grid
2025-04,NASA/HLS/HLSS30/v002/T01WCP_20250405T234641,S30,1743896801000,rejected_non_intersecting_native_grid
2025-04,NASA/HLS/HLSS30/v002/T01WCQ_20250405T234641,S30,1743896801000,rejected_non_intersecting_native_grid
2025-04,NASA/HLS/HLSS30/v002/T01WCR_20250405T234641,S30,1743896801000,rejected_non_intersecting_native_grid
2025-04,NASA/HLS/HLSS30/v002/T60VXR_20250405T234641,S30,1743896801000,rejected_non_intersecting_native_grid
2025-04,NASA/HLS/HLSS30/v002/T50SLG_20250406T030611,S30,1743908771000,native_grid_intersects_roi
2025-04,NASA/HLS/HLSS30/v002/T01WCS_20250407T000609,S30,1743984369000,rejected_non_intersecting_native_grid
2025-04,NASA/HLS/HLSS30/v002/T01WCT_20250407T000609,S30,1743984369000,rejected_non_intersecting_native_grid
2025-04,NASA/HLS/HLSS30/v002/T01WCU_20250407T000609,S30,1743984369000,rejected_non_intersecting_native_grid
2025-04,NASA/HLS/HLSS30/v002/T01WCV_20250407T000609,S30,1743984369000,rejected_non_intersecting_native_grid
2025-04,NASA/HLS/HLSS30/v002/T60WWE_20250407T000609,S30,1743984369000,rejected_non_intersecting_native_grid
2025-04,NASA/HLS/HLSS30/v002/T01KAA_20250407T221939,S30,1744064379000,rejected_non_intersecting_native_grid
2025-04,NASA/HLS/HLSS30/v002/T01KAB_20250407T221939,S30,1744064379000,rejected_non_intersecting_native_grid
2025-04,NASA/HLS/HLSS30/v002/T01KAU_20250407T221939,S30,1744064379000,rejected_non_intersecting_native_grid
2025-04,NASA/HLS/HLSS30/v002/T01KAV_20250407T221939,S30,1744064379000,rejected_non_intersecting_native_grid
2025-04,NASA/HLS/HLSS30/v002/T01LAC_20250407T221939,S30,1744064379000,rejected_non_intersecting_native_grid
2025-04,NASA/HLS/HLSS30/v002/T01VCK_20250407T233649,S30,1744069009000,rejected_non_intersecting_native_grid
2025-04,NASA/HLS/HLSS30/v002/T01VCL_20250407T233649,S30,1744069009000,rejected_non_intersecting_native_grid
2025-04,NASA/HLS/HLSS30/v002/T01WCN_20250407T233649,S30,1744069009000,rejected_non_intersecting_native_grid
2025-04,NASA/HLS/HLSS30/v002/T01WCP_20250407T233649,S30,1744069009000,rejected_non_intersecting_native_grid
2025-04,NASA/HLS/HLSS30/v002/T60VXQ_20250407T233649,S30,1744069009000,rejected_non_intersecting_native_grid
2025-04,NASA/HLS/HLSS30/v002/T60VXR_20250407T233649,S30,1744069009000,rejected_non_intersecting_native_grid
2025-04,NASA/HLS/HLSS30/v002/T01WCV_20250408T002631,S30,1744071991000,rejected_non_intersecting_native_grid
2025-04,NASA/HLS/HLSS30/v002/T50SLG_20250408T031151,S30,1744081911000,native_grid_intersects_roi
2025-04,NASA/HLS/HLSS30/v002/T01UBT_20250408T230529,S30,1744153529000,rejected_non_intersecting_native_grid
2025-04,NASA/HLS/HLSS30/v002/T60UXC_20250408T230529,S30,1744153529000,rejected_non_intersecting_native_grid
2025-04,NASA/HLS/HLSS30/v002/T01WCQ_20250408T235641,S30,1744156601000,rejected_non_intersecting_native_grid
2025-04,NASA/HLS/HLSS30/v002/T01WCR_20250408T235641,S30,1744156601000,rejected_non_intersecting_native_grid
2025-04,NASA/HLS/HLSS30/v002/T01WCS_20250408T235641,S30,1744156601000,rejected_non_intersecting_native_grid
2025-04,NASA/HLS/HLSS30/v002/T01WCT_20250408T235641,S30,1744156601000,rejected_non_intersecting_native_grid
2025-04,NASA/HLS/HLSS30/v002/T01WCU_20250408T235641,S30,1744156601000,rejected_non_intersecting_native_grid
2025-04,NASA/HLS/HLSS30/v002/T01VCK_20250409T232651,S30,1744241211000,rejected_non_intersecting_native_grid
2025-04,NASA/HLS/HLSS30/v002/T60VXQ_20250409T232651,S30,1744241211000,rejected_non_intersecting_native_grid
2025-04,NASA/HLS/HLSS30/v002/T01WCT_20250410T001609,S30,1744244169000,rejected_non_intersecting_native_grid
2025-04,NASA/HLS/HLSL30/v002/T50SLG_20250410T030022,L30,1744254022000,native_grid_intersects_roi
2025-04,NASA/HLS/HLSS30/v002/T01LAK_20250410T222759,S30,1744324079000,rejected_non_intersecting_native_grid
2025-04,NASA/HLS/HLSS30/v002/T01VCL_20250410T234629,S30,1744328789000,rejected_non_intersecting_native_grid
2025-04,NASA/HLS/HLSS30/v002/T01WCN_20250410T234629,S30,1744328789000,rejected_non_intersecting_native_grid
2025-04,NASA/HLS/HLSS30/v002/T01WCQ_20250410T234629,S30,1744328789000,rejected_non_intersecting_native_grid
2025-04,NASA/HLS/HLSS30/v002/T01WCR_20250410T234629,S30,1744328789000,rejected_non_intersecting_native_grid
2025-04,NASA/HLS/HLSS30/v002/T60VXR_20250410T234629,S30,1744328789000,rejected_non_intersecting_native_grid
2025-04,NASA/HLS/HLSL30/v002/T50SLG_20250411T025354,L30,1744340034000,native_grid_intersects_roi
2025-04,NASA/HLS/HLSS30/v002/T01WCS_20250412T000651,S30,1744416411000,rejected_non_intersecting_native_grid
2025-04,NASA/HLS/HLSS30/v002/T01WCT_20250412T000651,S30,1744416411000,rejected_non_intersecting_native_grid
2025-04,NASA/HLS/HLSS30/v002/T01KAB_20250412T222001,S30,1744496401000,rejected_non_intersecting_native_grid
2025-04,NASA/HLS/HLSS30/v002/T01KAU_20250412T222001,S30,1744496401000,rejected_non_intersecting_native_grid
2025-04,NASA/HLS/HLSS30/v002/T01LAC_20250412T222001,S30,1744496401000,rejected_non_intersecting_native_grid
2025-04,NASA/HLS/HLSS30/v002/T01VCK_20250412T233711,S30,1744501031000,rejected_non_intersecting_native_grid
2025-04,NASA/HLS/HLSS30/v002/T01VCL_20250412T233711,S30,1744501031000,rejected_non_intersecting_native_grid
2025-04,NASA/HLS/HLSS30/v002/T01WCN_20250412T233711,S30,1744501031000,rejected_non_intersecting_native_grid
2025-04,NASA/HLS/HLSS30/v002/T01WCP_20250412T233711,S30,1744501031000,rejected_non_intersecting_native_grid
2025-04,NASA/HLS/HLSS30/v002/T60VXQ_20250412T233711,S30,1744501031000,rejected_non_intersecting_native_grid
2025-04,NASA/HLS/HLSS30/v002/T60VXR_20250412T233711,S30,1744501031000,rejected_non_intersecting_native_grid
2025-04,NASA/HLS/HLSS30/v002/T01UBS_20250413T230551,S30,1744585551000,rejected_non_intersecting_native_grid
2025-04,NASA/HLS/HLSS30/v002/T01UBT_20250413T230551,S30,1744585551000,rejected_non_intersecting_native_grid
2025-04,NASA/HLS/HLSS30/v002/T60UXC_20250413T230551,S30,1744585551000,rejected_non_intersecting_native_grid
2025-04,NASA/HLS/HLSS30/v002/T01WCQ_20250413T235619,S30,1744588579000,rejected_non_intersecting_native_grid
2025-04,NASA/HLS/HLSS30/v002/T01WCR_20250413T235619,S30,1744588579000,rejected_non_intersecting_native_grid
2025-04,NASA/HLS/HLSS30/v002/T01WCS_20250413T235619,S30,1744588579000,rejected_non_intersecting_native_grid
2025-04,NASA/HLS/HLSS30/v002/T01WCT_20250413T235619,S30,1744588579000,rejected_non_intersecting_native_grid
2025-04,NASA/HLS/HLSS30/v002/T01VCK_20250414T232639,S30,1744673199000,rejected_non_intersecting_native_grid
2025-04,NASA/HLS/HLSS30/v002/T60VXQ_20250414T232639,S30,1744673199000,rejected_non_intersecting_native_grid
2025-04,NASA/HLS/HLSS30/v002/T01FBF_20250415T214909,S30,1744753749000,rejected_non_intersecting_native_grid
2025-04,NASA/HLS/HLSS30/v002/T01VCL_20250415T234641,S30,1744760801000,rejected_non_intersecting_native_grid
2025-04,NASA/HLS/HLSS30/v002/T01WCQ_20250415T234641,S30,1744760801000,rejected_non_intersecting_native_grid
2025-04,NASA/HLS/HLSS30/v002/T01WCR_20250415T234641,S30,1744760801000,rejected_non_intersecting_native_grid
2025-04,NASA/HLS/HLSS30/v002/T60VXR_20250415T234641,S30,1744760801000,rejected_non_intersecting_native_grid
2025-04,NASA/HLS/HLSS30/v002/T50SLG_20250416T030601,S30,1744772761000,native_grid_intersects_roi
2025-04,NASA/HLS/HLSS30/v002/T01UBT_20250416T231611,S30,1744845371000,rejected_non_intersecting_native_grid
2025-04,NASA/HLS/HLSS30/v002/T60UXC_20250416T231611,S30,1744845371000,rejected_non_intersecting_native_grid
2025-04,NASA/HLS/HLSS30/v002/T01WCS_20250417T000619,S30,1744848379000,rejected_non_intersecting_native_grid
2025-04,NASA/HLS/HLSS30/v002/T01WCU_20250417T000619,S30,1744848379000,rejected_non_intersecting_native_grid
2025-04,NASA/HLS/HLSS30/v002/T01WCV_20250417T000619,S30,1744848379000,rejected_non_intersecting_native_grid
2025-04,NASA/HLS/HLSS30/v002/T60WWE_20250417T000619,S30,1744848379000,rejected_non_intersecting_native_grid
2025-04,NASA/HLS/HLSS30/v002/T01KAA_20250417T221939,S30,1744928379000,rejected_non_intersecting_native_grid
2025-04,NASA/HLS/HLSS30/v002/T01KAB_20250417T221939,S30,1744928379000,rejected_non_intersecting_native_grid
2025-04,NASA/HLS/HLSS30/v002/T01KAU_20250417T221939,S30,1744928379000,rejected_non_intersecting_native_grid
2025-04,NASA/HLS/HLSS30/v002/T01KAV_20250417T221939,S30,1744928379000,rejected_non_intersecting_native_grid
2025-04,NASA/HLS/HLSS30/v002/T01LAC_20250417T221939,S30,1744928379000,rejected_non_intersecting_native_grid
2025-04,NASA/HLS/HLSS30/v002/T01VCK_20250417T233649,S30,1744933009000,rejected_non_intersecting_native_grid
2025-04,NASA/HLS/HLSS30/v002/T01VCL_20250417T233649,S30,1744933009000,rejected_non_intersecting_native_grid
2025-04,NASA/HLS/HLSS30/v002/T01WCN_20250417T233649,S30,1744933009000,rejected_non_intersecting_native_grid
2025-04,NASA/HLS/HLSS30/v002/T01WCP_20250417T233649,S30,1744933009000,rejected_non_intersecting_native_grid
2025-04,NASA/HLS/HLSS30/v002/T60VXQ_20250417T233649,S30,1744933009000,rejected_non_intersecting_native_grid
2025-04,NASA/HLS/HLSS30/v002/T60VXR_20250417T233649,S30,1744933009000,rejected_non_intersecting_native_grid
2025-04,NASA/HLS/HLSS30/v002/T01WCV_20250418T002631,S30,1744935991000,rejected_non_intersecting_native_grid
2025-04,NASA/HLS/HLSS30/v002/T01WCQ_20250418T235631,S30,1745020591000,rejected_non_intersecting_native_grid
2025-04,NASA/HLS/HLSS30/v002/T01WCR_20250418T235631,S30,1745020591000,rejected_non_intersecting_native_grid
2025-04,NASA/HLS/HLSS30/v002/T01WCS_20250418T235631,S30,1745020591000,rejected_non_intersecting_native_grid
2025-04,NASA/HLS/HLSS30/v002/T01WCT_20250418T235631,S30,1745020591000,rejected_non_intersecting_native_grid
2025-04,NASA/HLS/HLSS30/v002/T01WCU_20250418T235631,S30,1745020591000,rejected_non_intersecting_native_grid
2025-04,NASA/HLS/HLSL30/v002/T50SLG_20250419T025408,L30,1745031248000,native_grid_intersects_roi
2025-04,NASA/HLS/HLSS30/v002/T01WCU_20250420T001609,S30,1745108169000,rejected_non_intersecting_native_grid
2025-04,NASA/HLS/HLSS30/v002/T60WWE_20250420T001609,S30,1745108169000,rejected_non_intersecting_native_grid
2025-04,NASA/HLS/HLSS30/v002/T01LAK_20250420T222759,S30,1745188079000,rejected_non_intersecting_native_grid
2025-04,NASA/HLS/HLSS30/v002/T01WCP_20250420T234629,S30,1745192789000,rejected_non_intersecting_native_grid
2025-04,NASA/HLS/HLSS30/v002/T01WCQ_20250420T234629,S30,1745192789000,rejected_non_intersecting_native_grid
2025-04,NASA/HLS/HLSS30/v002/T50SLG_20250421T030529,S30,1745204729000,native_grid_intersects_roi
2025-04,NASA/HLS/HLSS30/v002/T01UBT_20250421T231559,S30,1745277359000,rejected_non_intersecting_native_grid
2025-04,NASA/HLS/HLSS30/v002/T60UXC_20250421T231559,S30,1745277359000,rejected_non_intersecting_native_grid
2025-04,NASA/HLS/HLSS30/v002/T01WCS_20250422T000651,S30,1745280411000,rejected_non_intersecting_native_grid
2025-04,NASA/HLS/HLSS30/v002/T01WCT_20250422T000651,S30,1745280411000,rejected_non_intersecting_native_grid
2025-04,NASA/HLS/HLSS30/v002/T01WCU_20250422T000651,S30,1745280411000,rejected_non_intersecting_native_grid
2025-04,NASA/HLS/HLSS30/v002/T01KAA_20250422T222001,S30,1745360401000,rejected_non_intersecting_native_grid
2025-04,NASA/HLS/HLSS30/v002/T01KAB_20250422T222001,S30,1745360401000,rejected_non_intersecting_native_grid
2025-04,NASA/HLS/HLSS30/v002/T01KAU_20250422T222001,S30,1745360401000,rejected_non_intersecting_native_grid
2025-04,NASA/HLS/HLSS30/v002/T01KAV_20250422T222001,S30,1745360401000,rejected_non_intersecting_native_grid
2025-04,NASA/HLS/HLSS30/v002/T01LAC_20250422T222001,S30,1745360401000,rejected_non_intersecting_native_grid
2025-04,NASA/HLS/HLSS30/v002/T01VCK_20250422T233711,S30,1745365031000,rejected_non_intersecting_native_grid
2025-04,NASA/HLS/HLSS30/v002/T01VCL_20250422T233711,S30,1745365031000,rejected_non_intersecting_native_grid
2025-04,NASA/HLS/HLSS30/v002/T01WCM_20250422T233711,S30,1745365031000,rejected_non_intersecting_native_grid
2025-04,NASA/HLS/HLSS30/v002/T01WCP_20250422T233711,S30,1745365031000,rejected_non_intersecting_native_grid
2025-04,NASA/HLS/HLSS30/v002/T60VXQ_20250422T233711,S30,1745365031000,rejected_non_intersecting_native_grid
2025-04,NASA/HLS/HLSS30/v002/T60VXR_20250422T233711,S30,1745365031000,rejected_non_intersecting_native_grid
2025-04,NASA/HLS/HLSS30/v002/T01WCV_20250423T002609,S30,1745367969000,rejected_non_intersecting_native_grid
2025-04,NASA/HLS/HLSS30/v002/T01WCQ_20250423T235619,S30,1745452579000,rejected_non_intersecting_native_grid
2025-04,NASA/HLS/HLSS30/v002/T01WCR_20250423T235619,S30,1745452579000,rejected_non_intersecting_native_grid
2025-04,NASA/HLS/HLSS30/v002/T01WCS_20250423T235619,S30,1745452579000,rejected_non_intersecting_native_grid
2025-04,NASA/HLS/HLSS30/v002/T01WCT_20250423T235619,S30,1745452579000,rejected_non_intersecting_native_grid
2025-04,NASA/HLS/HLSS30/v002/T01WCU_20250423T235619,S30,1745452579000,rejected_non_intersecting_native_grid
2025-04,NASA/HLS/HLSS30/v002/T01VCK_20250424T232629,S30,1745537189000,rejected_non_intersecting_native_grid
2025-04,NASA/HLS/HLSS30/v002/T60VXQ_20250424T232629,S30,1745537189000,rejected_non_intersecting_native_grid
2025-04,NASA/HLS/HLSS30/v002/T01WCU_20250425T001631,S30,1745540191000,rejected_non_intersecting_native_grid
2025-04,NASA/HLS/HLSS30/v002/T01WCV_20250425T001631,S30,1745540191000,rejected_non_intersecting_native_grid
2025-04,NASA/HLS/HLSS30/v002/T60WWE_20250425T001631,S30,1745540191000,rejected_non_intersecting_native_grid
2025-04,NASA/HLS/HLSS30/v002/T01FBF_20250425T214909,S30,1745617749000,rejected_non_intersecting_native_grid
2025-04,NASA/HLS/HLSS30/v002/T01WCN_20250425T234641,S30,1745624801000,rejected_non_intersecting_native_grid
2025-04,NASA/HLS/HLSS30/v002/T01WCQ_20250425T234641,S30,1745624801000,rejected_non_intersecting_native_grid
2025-04,NASA/HLS/HLSS30/v002/T01WCR_20250425T234641,S30,1745624801000,rejected_non_intersecting_native_grid
2025-04,NASA/HLS/HLSL30/v002/T50SLG_20250426T030013,L30,1745636413000,native_grid_intersects_roi
2025-04,NASA/HLS/HLSS30/v002/T50SLG_20250426T030601,S30,1745636761000,native_grid_intersects_roi
2025-04,NASA/HLS/HLSS30/v002/T01UBT_20250426T231621,S30,1745709381000,rejected_non_intersecting_native_grid
2025-04,NASA/HLS/HLSS30/v002/T60UXC_20250426T231621,S30,1745709381000,rejected_non_intersecting_native_grid
2025-04,NASA/HLS/HLSS30/v002/T01WCS_20250427T000609,S30,1745712369000,rejected_non_intersecting_native_grid
2025-04,NASA/HLS/HLSS30/v002/T01WCU_20250427T000609,S30,1745712369000,rejected_non_intersecting_native_grid
2025-04,NASA/HLS/HLSS30/v002/T01WCV_20250427T000609,S30,1745712369000,rejected_non_intersecting_native_grid
2025-04,NASA/HLS/HLSS30/v002/T60WWE_20250427T000609,S30,1745712369000,rejected_non_intersecting_native_grid
2025-04,NASA/HLS/HLSL30/v002/T50SLG_20250427T025343,L30,1745722423000,native_grid_intersects_roi
2025-04,NASA/HLS/HLSS30/v002/T01KAA_20250427T221939,S30,1745792379000,rejected_non_intersecting_native_grid
2025-04,NASA/HLS/HLSS30/v002/T01KAB_20250427T221939,S30,1745792379000,rejected_non_intersecting_native_grid
2025-04,NASA/HLS/HLSS30/v002/T01KAU_20250427T221939,S30,1745792379000,rejected_non_intersecting_native_grid
2025-04,NASA/HLS/HLSS30/v002/T01KAV_20250427T221939,S30,1745792379000,rejected_non_intersecting_native_grid
2025-04,NASA/HLS/HLSS30/v002/T01LAC_20250427T221939,S30,1745792379000,rejected_non_intersecting_native_grid
2025-04,NASA/HLS/HLSS30/v002/T01WCM_20250427T233649,S30,1745797009000,rejected_non_intersecting_native_grid
2025-04,NASA/HLS/HLSS30/v002/T01WCP_20250427T233649,S30,1745797009000,rejected_non_intersecting_native_grid
2025-04,NASA/HLS/HLSS30/v002/T60VXR_20250427T233649,S30,1745797009000,rejected_non_intersecting_native_grid
2025-04,NASA/HLS/HLSS30/v002/T01WCV_20250428T002631,S30,1745799991000,rejected_non_intersecting_native_grid
2025-04,NASA/HLS/HLSS30/v002/T60WWE_20250428T002631,S30,1745799991000,rejected_non_intersecting_native_grid
2025-04,NASA/HLS/HLSS30/v002/T50SLG_20250428T031151,S30,1745809911000,native_grid_intersects_roi
2025-04,NASA/HLS/HLSS30/v002/T01UBS_20250428T230529,S30,1745881529000,rejected_non_intersecting_native_grid
2025-04,NASA/HLS/HLSS30/v002/T01UBT_20250428T230529,S30,1745881529000,rejected_non_intersecting_native_grid
2025-04,NASA/HLS/HLSS30/v002/T60UXC_20250428T230529,S30,1745881529000,rejected_non_intersecting_native_grid
2025-04,NASA/HLS/HLSS30/v002/T01WCQ_20250428T235641,S30,1745884601000,rejected_non_intersecting_native_grid
2025-04,NASA/HLS/HLSS30/v002/T01WCR_20250428T235641,S30,1745884601000,rejected_non_intersecting_native_grid
2025-04,NASA/HLS/HLSS30/v002/T01WCS_20250428T235641,S30,1745884601000,rejected_non_intersecting_native_grid
2025-04,NASA/HLS/HLSS30/v002/T01WCT_20250428T235641,S30,1745884601000,rejected_non_intersecting_native_grid
2025-04,NASA/HLS/HLSS30/v002/T01WCU_20250428T235641,S30,1745884601000,rejected_non_intersecting_native_grid
2025-04,NASA/HLS/HLSS30/v002/T01WCT_20250430T001609,S30,1745972169000,rejected_non_intersecting_native_grid
2025-04,NASA/HLS/HLSS30/v002/T01WCU_20250430T001609,S30,1745972169000,rejected_non_intersecting_native_grid
2025-04,NASA/HLS/HLSS30/v002/T01LAK_20250430T222759,S30,1746052079000,rejected_non_intersecting_native_grid
2025-04,NASA/HLS/HLSS30/v002/T01VCL_20250430T234629,S30,1746056789000,rejected_non_intersecting_native_grid
2025-04,NASA/HLS/HLSS30/v002/T01WCM_20250430T234629,S30,1746056789000,rejected_non_intersecting_native_grid
2025-04,NASA/HLS/HLSS30/v002/T01WCN_20250430T234629,S30,1746056789000,rejected_non_intersecting_native_grid
2025-04,NASA/HLS/HLSS30/v002/T01WCQ_20250430T234629,S30,1746056789000,rejected_non_intersecting_native_grid
2025-04,NASA/HLS/HLSS30/v002/T01WCR_20250430T234629,S30,1746056789000,rejected_non_intersecting_native_grid
2025-04,NASA/HLS/HLSS30/v002/T60VXR_20250430T234629,S30,1746056789000,rejected_non_intersecting_native_grid
2025-05,NASA/HLS/HLSS30/v002/T50SLG_20250501T030529,S30,1746068729000,native_grid_intersects_roi
2025-05,NASA/HLS/HLSS30/v002/T01WCS_20250502T000651,S30,1746144411000,rejected_non_intersecting_native_grid
2025-05,NASA/HLS/HLSS30/v002/T01WCT_20250502T000651,S30,1746144411000,rejected_non_intersecting_native_grid
2025-05,NASA/HLS/HLSS30/v002/T01WCU_20250502T000651,S30,1746144411000,rejected_non_intersecting_native_grid
2025-05,NASA/HLS/HLSS30/v002/T01KAA_20250502T222001,S30,1746224401000,rejected_non_intersecting_native_grid
2025-05,NASA/HLS/HLSS30/v002/T01KAB_20250502T222001,S30,1746224401000,rejected_non_intersecting_native_grid
2025-05,NASA/HLS/HLSS30/v002/T01KAV_20250502T222001,S30,1746224401000,rejected_non_intersecting_native_grid
2025-05,NASA/HLS/HLSS30/v002/T01LAC_20250502T222001,S30,1746224401000,rejected_non_intersecting_native_grid
2025-05,NASA/HLS/HLSS30/v002/T01VCK_20250502T233711,S30,1746229031000,rejected_non_intersecting_native_grid
2025-05,NASA/HLS/HLSS30/v002/T01WCM_20250502T233711,S30,1746229031000,rejected_non_intersecting_native_grid
2025-05,NASA/HLS/HLSS30/v002/T01WCN_20250502T233711,S30,1746229031000,rejected_non_intersecting_native_grid
2025-05,NASA/HLS/HLSS30/v002/T01WCP_20250502T233711,S30,1746229031000,rejected_non_intersecting_native_grid
2025-05,NASA/HLS/HLSS30/v002/T60VXQ_20250502T233711,S30,1746229031000,rejected_non_intersecting_native_grid
2025-05,NASA/HLS/HLSS30/v002/T01UBS_20250503T230551,S30,1746313551000,rejected_non_intersecting_native_grid
2025-05,NASA/HLS/HLSS30/v002/T01UBT_20250503T230551,S30,1746313551000,rejected_non_intersecting_native_grid
2025-05,NASA/HLS/HLSS30/v002/T60UXC_20250503T230551,S30,1746313551000,rejected_non_intersecting_native_grid
2025-05,NASA/HLS/HLSS30/v002/T01WCQ_20250503T235619,S30,1746316579000,rejected_non_intersecting_native_grid
2025-05,NASA/HLS/HLSS30/v002/T01WCR_20250503T235619,S30,1746316579000,rejected_non_intersecting_native_grid
2025-05,NASA/HLS/HLSS30/v002/T01WCS_20250503T235619,S30,1746316579000,rejected_non_intersecting_native_grid
2025-05,NASA/HLS/HLSS30/v002/T01WCT_20250503T235619,S30,1746316579000,rejected_non_intersecting_native_grid
2025-05,NASA/HLS/HLSS30/v002/T01WCU_20250503T235619,S30,1746316579000,rejected_non_intersecting_native_grid
2025-05,NASA/HLS/HLSS30/v002/T01VCK_20250504T232639,S30,1746401199000,rejected_non_intersecting_native_grid
2025-05,NASA/HLS/HLSS30/v002/T60VXQ_20250504T232639,S30,1746401199000,rejected_non_intersecting_native_grid
2025-05,NASA/HLS/HLSS30/v002/T01WCT_20250505T001631,S30,1746404191000,rejected_non_intersecting_native_grid
2025-05,NASA/HLS/HLSS30/v002/T01WCU_20250505T001631,S30,1746404191000,rejected_non_intersecting_native_grid
2025-05,NASA/HLS/HLSL30/v002/T50SLG_20250505T025400,L30,1746413640000,native_grid_intersects_roi
2025-05,NASA/HLS/HLSS30/v002/T01FBF_20250505T214909,S30,1746481749000,rejected_non_intersecting_native_grid
2025-05,NASA/HLS/HLSS30/v002/T01LAK_20250505T222821,S30,1746484101000,rejected_non_intersecting_native_grid
2025-05,NASA/HLS/HLSS30/v002/T01VCL_20250505T234641,S30,1746488801000,rejected_non_intersecting_native_grid
2025-05,NASA/HLS/HLSS30/v002/T01WCM_20250505T234641,S30,1746488801000,rejected_non_intersecting_native_grid
2025-05,NASA/HLS/HLSS30/v002/T01WCN_20250505T234641,S30,1746488801000,rejected_non_intersecting_native_grid
2025-05,NASA/HLS/HLSS30/v002/T01WCR_20250505T234641,S30,1746488801000,rejected_non_intersecting_native_grid
2025-05,NASA/HLS/HLSS30/v002/T60VXR_20250505T234641,S30,1746488801000,rejected_non_intersecting_native_grid
2025-05,NASA/HLS/HLSS30/v002/T50SLG_20250506T030541,S30,1746500741000,native_grid_intersects_roi
2025-05,NASA/HLS/HLSS30/v002/T01WCS_20250507T000609,S30,1746576369000,rejected_non_intersecting_native_grid
2025-05,NASA/HLS/HLSS30/v002/T01WCU_20250507T000609,S30,1746576369000,rejected_non_intersecting_native_grid
2025-05,NASA/HLS/HLSS30/v002/T01WCV_20250507T000609,S30,1746576369000,rejected_non_intersecting_native_grid
2025-05,NASA/HLS/HLSS30/v002/T60WWE_20250507T000609,S30,1746576369000,rejected_non_intersecting_native_grid
2025-05,NASA/HLS/HLSS30/v002/T01KAA_20250507T221939,S30,1746656379000,rejected_non_intersecting_native_grid
2025-05,NASA/HLS/HLSS30/v002/T01KAB_20250507T221939,S30,1746656379000,rejected_non_intersecting_native_grid
2025-05,NASA/HLS/HLSS30/v002/T01KAU_20250507T221939,S30,1746656379000,rejected_non_intersecting_native_grid
2025-05,NASA/HLS/HLSS30/v002/T01KAV_20250507T221939,S30,1746656379000,rejected_non_intersecting_native_grid
2025-05,NASA/HLS/HLSS30/v002/T01LAC_20250507T221939,S30,1746656379000,rejected_non_intersecting_native_grid
2025-05,NASA/HLS/HLSS30/v002/T60WWE_20250508T002631,S30,1746663991000,rejected_non_intersecting_native_grid
2025-05,NASA/HLS/HLSS30/v002/T01UBT_20250508T230529,S30,1746745529000,rejected_non_intersecting_native_grid
2025-05,NASA/HLS/HLSS30/v002/T60UXC_20250508T230529,S30,1746745529000,rejected_non_intersecting_native_grid
2025-05,NASA/HLS/HLSS30/v002/T01WCR_20250508T235631,S30,1746748591000,rejected_non_intersecting_native_grid
2025-05,NASA/HLS/HLSS30/v002/T01WCS_20250508T235631,S30,1746748591000,rejected_non_intersecting_native_grid
2025-05,NASA/HLS/HLSS30/v002/T01VCK_20250509T232651,S30,1746833211000,rejected_non_intersecting_native_grid
2025-05,NASA/HLS/HLSS30/v002/T60VXQ_20250509T232651,S30,1746833211000,rejected_non_intersecting_native_grid
2025-05,NASA/HLS/HLSS30/v002/T01WCT_20250510T001609,S30,1746836169000,rejected_non_intersecting_native_grid
2025-05,NASA/HLS/HLSS30/v002/T01WCU_20250510T001609,S30,1746836169000,rejected_non_intersecting_native_grid
2025-05,NASA/HLS/HLSS30/v002/T60WWE_20250510T001609,S30,1746836169000,rejected_non_intersecting_native_grid
2025-05,NASA/HLS/HLSS30/v002/T01FBF_20250510T214931,S30,1746913771000,rejected_non_intersecting_native_grid
2025-05,NASA/HLS/HLSS30/v002/T01LAK_20250510T222759,S30,1746916079000,rejected_non_intersecting_native_grid
2025-05,NASA/HLS/HLSS30/v002/T01WCM_20250510T234619,S30,1746920779000,rejected_non_intersecting_native_grid
2025-05,NASA/HLS/HLSS30/v002/T01WCN_20250510T234619,S30,1746920779000,rejected_non_intersecting_native_grid
2025-05,NASA/HLS/HLSS30/v002/T01WCQ_20250510T234619,S30,1746920779000,rejected_non_intersecting_native_grid
2025-05,NASA/HLS/HLSS30/v002/T01WCR_20250510T234619,S30,1746920779000,rejected_non_intersecting_native_grid
2025-05,NASA/HLS/HLSS30/v002/T50SLG_20250511T030529,S30,1746932729000,native_grid_intersects_roi
2025-05,NASA/HLS/HLSS30/v002/T01UBT_20250511T231559,S30,1747005359000,rejected_non_intersecting_native_grid
2025-05,NASA/HLS/HLSS30/v002/T01WCR_20250512T000631,S30,1747008391000,rejected_non_intersecting_native_grid
2025-05,NASA/HLS/HLSS30/v002/T01WCT_20250512T000631,S30,1747008391000,rejected_non_intersecting_native_grid
2025-05,NASA/HLS/HLSS30/v002/T01WCU_20250512T000631,S30,1747008391000,rejected_non_intersecting_native_grid
2025-05,NASA/HLS/HLSS30/v002/T01WCV_20250512T000631,S30,1747008391000,rejected_non_intersecting_native_grid
2025-05,NASA/HLS/HLSS30/v002/T60WWE_20250512T000631,S30,1747008391000,rejected_non_intersecting_native_grid
2025-05,NASA/HLS/HLSL30/v002/T50SLG_20250512T030005,L30,1747018805000,native_grid_intersects_roi
2025-05,NASA/HLS/HLSS30/v002/T01KAA_20250512T222001,S30,1747088401000,rejected_non_intersecting_native_grid
2025-05,NASA/HLS/HLSS30/v002/T01KAB_20250512T222001,S30,1747088401000,rejected_non_intersecting_native_grid
2025-05,NASA/HLS/HLSS30/v002/T01KAU_20250512T222001,S30,1747088401000,rejected_non_intersecting_native_grid
2025-05,NASA/HLS/HLSS30/v002/T01KAV_20250512T222001,S30,1747088401000,rejected_non_intersecting_native_grid
2025-05,NASA/HLS/HLSS30/v002/T01LAC_20250512T222001,S30,1747088401000,rejected_non_intersecting_native_grid
2025-05,NASA/HLS/HLSS30/v002/T01WCM_20250512T233701,S30,1747093021000,rejected_non_intersecting_native_grid
2025-05,NASA/HLS/HLSS30/v002/T01WCN_20250512T233701,S30,1747093021000,rejected_non_intersecting_native_grid
2025-05,NASA/HLS/HLSS30/v002/T01WCP_20250512T233701,S30,1747093021000,rejected_non_intersecting_native_grid
2025-05,NASA/HLS/HLSL30/v002/T50SLG_20250513T025342,L30,1747104822000,native_grid_intersects_roi
2025-05,NASA/HLS/HLSS30/v002/T01WCP_20250513T235619,S30,1747180579000,rejected_non_intersecting_native_grid
2025-05,NASA/HLS/HLSS30/v002/T01WCS_20250513T235619,S30,1747180579000,rejected_non_intersecting_native_grid
2025-05,NASA/HLS/HLSS30/v002/T01VCK_20250514T232629,S30,1747265189000,rejected_non_intersecting_native_grid
2025-05,NASA/HLS/HLSS30/v002/T60VXQ_20250514T232629,S30,1747265189000,rejected_non_intersecting_native_grid
2025-05,NASA/HLS/HLSS30/v002/T01WCT_20250515T001621,S30,1747268181000,rejected_non_intersecting_native_grid
2025-05,NASA/HLS/HLSS30/v002/T01WCU_20250515T001621,S30,1747268181000,rejected_non_intersecting_native_grid
2025-05,NASA/HLS/HLSS30/v002/T01LAK_20250515T222811,S30,1747348091000,rejected_non_intersecting_native_grid
2025-05,NASA/HLS/HLSS30/v002/T01VCL_20250515T234641,S30,1747352801000,rejected_non_intersecting_native_grid
2025-05,NASA/HLS/HLSS30/v002/T01WCM_20250515T234641,S30,1747352801000,rejected_non_intersecting_native_grid
2025-05,NASA/HLS/HLSS30/v002/T01WCN_20250515T234641,S30,1747352801000,rejected_non_intersecting_native_grid
2025-05,NASA/HLS/HLSS30/v002/T01WCP_20250515T234641,S30,1747352801000,rejected_non_intersecting_native_grid
2025-05,NASA/HLS/HLSS30/v002/T01WCR_20250515T234641,S30,1747352801000,rejected_non_intersecting_native_grid
2025-05,NASA/HLS/HLSS30/v002/T60VXR_20250515T234641,S30,1747352801000,rejected_non_intersecting_native_grid
2025-05,NASA/HLS/HLSS30/v002/T50SLG_20250516T030541,S30,1747364741000,native_grid_intersects_roi
2025-05,NASA/HLS/HLSS30/v002/T01UBT_20250516T231611,S30,1747437371000,rejected_non_intersecting_native_grid
2025-05,NASA/HLS/HLSS30/v002/T60UXC_20250516T231611,S30,1747437371000,rejected_non_intersecting_native_grid
2025-05,NASA/HLS/HLSS30/v002/T01WCR_20250517T000609,S30,1747440369000,rejected_non_intersecting_native_grid
2025-05,NASA/HLS/HLSS30/v002/T01WCT_20250517T000609,S30,1747440369000,rejected_non_intersecting_native_grid
2025-05,NASA/HLS/HLSS30/v002/T01WCU_20250517T000609,S30,1747440369000,rejected_non_intersecting_native_grid
2025-05,NASA/HLS/HLSS30/v002/T01WCV_20250517T000609,S30,1747440369000,rejected_non_intersecting_native_grid
2025-05,NASA/HLS/HLSS30/v002/T60WWE_20250517T000609,S30,1747440369000,rejected_non_intersecting_native_grid
2025-05,NASA/HLS/HLSS30/v002/T01KAA_20250517T221939,S30,1747520379000,rejected_non_intersecting_native_grid
2025-05,NASA/HLS/HLSS30/v002/T01KAB_20250517T221939,S30,1747520379000,rejected_non_intersecting_native_grid
2025-05,NASA/HLS/HLSS30/v002/T01KAU_20250517T221939,S30,1747520379000,rejected_non_intersecting_native_grid
2025-05,NASA/HLS/HLSS30/v002/T01KAV_20250517T221939,S30,1747520379000,rejected_non_intersecting_native_grid
2025-05,NASA/HLS/HLSS30/v002/T01LAC_20250517T221939,S30,1747520379000,rejected_non_intersecting_native_grid
2025-05,NASA/HLS/HLSS30/v002/T01VCL_20250517T233649,S30,1747525009000,rejected_non_intersecting_native_grid
2025-05,NASA/HLS/HLSS30/v002/T01WCM_20250517T233649,S30,1747525009000,rejected_non_intersecting_native_grid
2025-05,NASA/HLS/HLSS30/v002/T01WCN_20250517T233649,S30,1747525009000,rejected_non_intersecting_native_grid
2025-05,NASA/HLS/HLSS30/v002/T01WCP_20250517T233649,S30,1747525009000,rejected_non_intersecting_native_grid
2025-05,NASA/HLS/HLSS30/v002/T60VXR_20250517T233649,S30,1747525009000,rejected_non_intersecting_native_grid
2025-05,NASA/HLS/HLSS30/v002/T01WCV_20250518T002621,S30,1747527981000,rejected_non_intersecting_native_grid
2025-05,NASA/HLS/HLSS30/v002/T60WWE_20250518T002621,S30,1747527981000,rejected_non_intersecting_native_grid
2025-05,NASA/HLS/HLSS30/v002/T50SLG_20250518T031151,S30,1747537911000,native_grid_intersects_roi
2025-05,NASA/HLS/HLSS30/v002/T01UBT_20250518T230529,S30,1747609529000,rejected_non_intersecting_native_grid
2025-05,NASA/HLS/HLSS30/v002/T60UXC_20250518T230529,S30,1747609529000,rejected_non_intersecting_native_grid
2025-05,NASA/HLS/HLSS30/v002/T01WCP_20250518T235631,S30,1747612591000,rejected_non_intersecting_native_grid
2025-05,NASA/HLS/HLSS30/v002/T01WCQ_20250518T235631,S30,1747612591000,rejected_non_intersecting_native_grid
2025-05,NASA/HLS/HLSS30/v002/T01WCR_20250518T235631,S30,1747612591000,rejected_non_intersecting_native_grid
2025-05,NASA/HLS/HLSS30/v002/T01WCT_20250518T235631,S30,1747612591000,rejected_non_intersecting_native_grid
2025-05,NASA/HLS/HLSS30/v002/T01WCT_20250520T001609,S30,1747700169000,rejected_non_intersecting_native_grid
2025-05,NASA/HLS/HLSS30/v002/T01WCU_20250520T001609,S30,1747700169000,rejected_non_intersecting_native_grid
2025-05,NASA/HLS/HLSS30/v002/T60WWE_20250520T001609,S30,1747700169000,rejected_non_intersecting_native_grid
2025-05,NASA/HLS/HLSL30/v002/T50SLG_20250520T025956,L30,1747709996000,native_grid_intersects_roi
2025-05,NASA/HLS/HLSS30/v002/T01LAK_20250520T222759,S30,1747780079000,rejected_non_intersecting_native_grid
2025-05,NASA/HLS/HLSS30/v002/T01VCL_20250520T234619,S30,1747784779000,rejected_non_intersecting_native_grid
2025-05,NASA/HLS/HLSS30/v002/T01WCN_20250520T234619,S30,1747784779000,rejected_non_intersecting_native_grid
2025-05,NASA/HLS/HLSS30/v002/T01WCP_20250520T234619,S30,1747784779000,rejected_non_intersecting_native_grid
2025-05,NASA/HLS/HLSS30/v002/T01WCQ_20250520T234619,S30,1747784779000,rejected_non_intersecting_native_grid
2025-05,NASA/HLS/HLSS30/v002/T01WCR_20250520T234619,S30,1747784779000,rejected_non_intersecting_native_grid
2025-05,NASA/HLS/HLSS30/v002/T60VXR_20250520T234619,S30,1747784779000,rejected_non_intersecting_native_grid
2025-05,NASA/HLS/HLSL30/v002/T50SLG_20250521T025349,L30,1747796029000,native_grid_intersects_roi
2025-05,NASA/HLS/HLSS30/v002/T50SLG_20250521T030529,S30,1747796729000,native_grid_intersects_roi
2025-05,NASA/HLS/HLSS30/v002/T01WCS_20250522T000631,S30,1747872391000,rejected_non_intersecting_native_grid
2025-05,NASA/HLS/HLSS30/v002/T01WCT_20250522T000631,S30,1747872391000,rejected_non_intersecting_native_grid
2025-05,NASA/HLS/HLSS30/v002/T01WCU_20250522T000631,S30,1747872391000,rejected_non_intersecting_native_grid
2025-05,NASA/HLS/HLSS30/v002/T01WCV_20250522T000631,S30,1747872391000,rejected_non_intersecting_native_grid
2025-05,NASA/HLS/HLSS30/v002/T60WWE_20250522T000631,S30,1747872391000,rejected_non_intersecting_native_grid
2025-05,NASA/HLS/HLSS30/v002/T01KAA_20250522T222001,S30,1747952401000,rejected_non_intersecting_native_grid
2025-05,NASA/HLS/HLSS30/v002/T01KAB_20250522T222001,S30,1747952401000,rejected_non_intersecting_native_grid
2025-05,NASA/HLS/HLSS30/v002/T01KAU_20250522T222001,S30,1747952401000,rejected_non_intersecting_native_grid
2025-05,NASA/HLS/HLSS30/v002/T01KAV_20250522T222001,S30,1747952401000,rejected_non_intersecting_native_grid
2025-05,NASA/HLS/HLSS30/v002/T01LAC_20250522T222001,S30,1747952401000,rejected_non_intersecting_native_grid
2025-05,NASA/HLS/HLSS30/v002/T01VCK_20250522T233711,S30,1747957031000,rejected_non_intersecting_native_grid
2025-05,NASA/HLS/HLSS30/v002/T01WCM_20250522T233711,S30,1747957031000,rejected_non_intersecting_native_grid
2025-05,NASA/HLS/HLSS30/v002/T01WCN_20250522T233711,S30,1747957031000,rejected_non_intersecting_native_grid
2025-05,NASA/HLS/HLSS30/v002/T01WCP_20250522T233711,S30,1747957031000,rejected_non_intersecting_native_grid
2025-05,NASA/HLS/HLSS30/v002/T60VXQ_20250522T233711,S30,1747957031000,rejected_non_intersecting_native_grid
2025-05,NASA/HLS/HLSS30/v002/T01WCP_20250523T235619,S30,1748044579000,rejected_non_intersecting_native_grid
2025-05,NASA/HLS/HLSS30/v002/T01WCU_20250523T235619,S30,1748044579000,rejected_non_intersecting_native_grid
2025-05,NASA/HLS/HLSS30/v002/T01WCU_20250525T001631,S30,1748132191000,rejected_non_intersecting_native_grid
2025-05,NASA/HLS/HLSS30/v002/T01LAK_20250525T222821,S30,1748212101000,rejected_non_intersecting_native_grid
2025-05,NASA/HLS/HLSS30/v002/T01VCL_20250525T234641,S30,1748216801000,rejected_non_intersecting_native_grid
2025-05,NASA/HLS/HLSS30/v002/T01WCM_20250525T234641,S30,1748216801000,rejected_non_intersecting_native_grid
2025-05,NASA/HLS/HLSS30/v002/T01WCN_20250525T234641,S30,1748216801000,rejected_non_intersecting_native_grid
2025-05,NASA/HLS/HLSS30/v002/T01WCP_20250525T234641,S30,1748216801000,rejected_non_intersecting_native_grid
2025-05,NASA/HLS/HLSS30/v002/T01WCQ_20250525T234641,S30,1748216801000,rejected_non_intersecting_native_grid
2025-05,NASA/HLS/HLSS30/v002/T01WCR_20250525T234641,S30,1748216801000,rejected_non_intersecting_native_grid
2025-05,NASA/HLS/HLSS30/v002/T60VXR_20250525T234641,S30,1748216801000,rejected_non_intersecting_native_grid
2025-05,NASA/HLS/HLSS30/v002/T50SLG_20250526T030541,S30,1748228741000,native_grid_intersects_roi
2025-05,NASA/HLS/HLSS30/v002/T01UBT_20250526T231611,S30,1748301371000,rejected_non_intersecting_native_grid
2025-05,NASA/HLS/HLSS30/v002/T60UXC_20250526T231611,S30,1748301371000,rejected_non_intersecting_native_grid
2025-05,NASA/HLS/HLSS30/v002/T01WCR_20250527T000609,S30,1748304369000,rejected_non_intersecting_native_grid
2025-05,NASA/HLS/HLSS30/v002/T01WCS_20250527T000609,S30,1748304369000,rejected_non_intersecting_native_grid
2025-05,NASA/HLS/HLSS30/v002/T01WCU_20250527T000609,S30,1748304369000,rejected_non_intersecting_native_grid
2025-05,NASA/HLS/HLSS30/v002/T01KAA_20250527T221939,S30,1748384379000,rejected_non_intersecting_native_grid
2025-05,NASA/HLS/HLSS30/v002/T01KAB_20250527T221939,S30,1748384379000,rejected_non_intersecting_native_grid
2025-05,NASA/HLS/HLSS30/v002/T01KAV_20250527T221939,S30,1748384379000,rejected_non_intersecting_native_grid
2025-05,NASA/HLS/HLSS30/v002/T01LAC_20250527T221939,S30,1748384379000,rejected_non_intersecting_native_grid
2025-05,NASA/HLS/HLSS30/v002/T01VCK_20250527T233649,S30,1748389009000,rejected_non_intersecting_native_grid
2025-05,NASA/HLS/HLSS30/v002/T01VCL_20250527T233649,S30,1748389009000,rejected_non_intersecting_native_grid
2025-05,NASA/HLS/HLSS30/v002/T01WCM_20250527T233649,S30,1748389009000,rejected_non_intersecting_native_grid
2025-05,NASA/HLS/HLSS30/v002/T01WCN_20250527T233649,S30,1748389009000,rejected_non_intersecting_native_grid
2025-05,NASA/HLS/HLSS30/v002/T60VXQ_20250527T233649,S30,1748389009000,rejected_non_intersecting_native_grid
2025-05,NASA/HLS/HLSS30/v002/T60VXR_20250527T233649,S30,1748389009000,rejected_non_intersecting_native_grid
2025-05,NASA/HLS/HLSL30/v002/T50SLG_20250528T025957,L30,1748401197000,native_grid_intersects_roi
2025-05,NASA/HLS/HLSS30/v002/T01UBT_20250528T230529,S30,1748473529000,rejected_non_intersecting_native_grid
2025-05,NASA/HLS/HLSS30/v002/T60UXC_20250528T230529,S30,1748473529000,rejected_non_intersecting_native_grid
2025-05,NASA/HLS/HLSS30/v002/T01WCP_20250528T235631,S30,1748476591000,rejected_non_intersecting_native_grid
2025-05,NASA/HLS/HLSS30/v002/T01WCQ_20250528T235631,S30,1748476591000,rejected_non_intersecting_native_grid
2025-05,NASA/HLS/HLSS30/v002/T01WCR_20250528T235631,S30,1748476591000,rejected_non_intersecting_native_grid
2025-05,NASA/HLS/HLSS30/v002/T01WCU_20250528T235631,S30,1748476591000,rejected_non_intersecting_native_grid
2025-05,NASA/HLS/HLSL30/v002/T50SLG_20250529T025347,L30,1748487227000,native_grid_intersects_roi
2025-05,NASA/HLS/HLSS30/v002/T01VCK_20250529T232651,S30,1748561211000,rejected_non_intersecting_native_grid
2025-05,NASA/HLS/HLSS30/v002/T60VXQ_20250529T232651,S30,1748561211000,rejected_non_intersecting_native_grid
2025-05,NASA/HLS/HLSS30/v002/T01WCM_20250530T234619,S30,1748648779000,rejected_non_intersecting_native_grid
2025-05,NASA/HLS/HLSS30/v002/T01WCN_20250530T234619,S30,1748648779000,rejected_non_intersecting_native_grid
2025-06,NASA/HLS/HLSL30/v002/T50SLG_20250605T025957,L30,1749092397000,native_grid_intersects_roi
2025-06,NASA/HLS/HLSS30/v002/T50SLG_20250605T030541,S30,1749092741000,native_grid_intersects_roi
2025-06,NASA/HLS/HLSL30/v002/T50SLG_20250606T025343,L30,1749178423000,native_grid_intersects_roi
2025-06,NASA/HLS/HLSS30/v002/T50SLG_20250610T030519,S30,1749524719000,native_grid_intersects_roi
2025-06,NASA/HLS/HLSL30/v002/T50SLG_20250613T030002,L30,1749783602000,native_grid_intersects_roi
2025-06,NASA/HLS/HLSL30/v002/T50SLG_20250614T025356,L30,1749869636000,native_grid_intersects_roi
2025-06,NASA/HLS/HLSS30/v002/T50SLG_20250615T030541,S30,1749956741000,native_grid_intersects_roi
2025-06,NASA/HLS/HLSS30/v002/T50SLG_20250620T030529,S30,1750388729000,native_grid_intersects_roi
2025-06,NASA/HLS/HLSL30/v002/T50SLG_20250621T030011,L30,1750474811000,native_grid_intersects_roi
2025-06,NASA/HLS/HLSL30/v002/T50SLG_20250622T025358,L30,1750560838000,native_grid_intersects_roi
2025-06,NASA/HLS/HLSS30/v002/T50SLG_20250627T031151,S30,1750993911000,native_grid_intersects_roi
2025-06,NASA/HLS/HLSL30/v002/T50SLG_20250629T030012,L30,1751166012000,native_grid_intersects_roi
2025-06,NASA/HLS/HLSS30/v002/T50SLG_20250630T030529,S30,1751252729000,native_grid_intersects_roi
2025-07,NASA/HLS/HLSS30/v002/T50SLG_20250705T030601,S30,1751684761000,native_grid_intersects_roi
2025-07,NASA/HLS/HLSL30/v002/T50SLG_20250707T030015,L30,1751857215000,native_grid_intersects_roi
2025-07,NASA/HLS/HLSL30/v002/T50SLG_20250708T025402,L30,1751943242000,native_grid_intersects_roi
2025-07,NASA/HLS/HLSS30/v002/T50SLG_20250710T030529,S30,1752116729000,native_grid_intersects_roi
2025-07,NASA/HLS/HLSL30/v002/T50SLG_20250715T030016,L30,1752548416000,native_grid_intersects_roi
2025-07,NASA/HLS/HLSL30/v002/T50SLG_20250716T025408,L30,1752634448000,native_grid_intersects_roi
2025-07,NASA/HLS/HLSS30/v002/T50SLG_20250717T031151,S30,1752721911000,native_grid_intersects_roi
2025-07,NASA/HLS/HLSL30/v002/T50SLG_20250723T030022,L30,1753239622000,native_grid_intersects_roi
2025-07,NASA/HLS/HLSL30/v002/T50SLG_20250724T025410,L30,1753325650000,native_grid_intersects_roi
2025-07,NASA/HLS/HLSS30/v002/T50SLG_20250725T030611,S30,1753412771000,native_grid_intersects_roi
2025-07,NASA/HLS/HLSS30/v002/T50SLG_20250730T030519,S30,1753844719000,native_grid_intersects_roi
2025-07,NASA/HLS/HLSL30/v002/T50SLG_20250731T030022,L30,1753930822000,native_grid_intersects_roi
2025-08,NASA/HLS/HLSL30/v002/T50SLG_20250801T025413,L30,1754016853000,native_grid_intersects_roi
2025-08,NASA/HLS/HLSS30/v002/T50SLG_20250806T031151,S30,1754449911000,native_grid_intersects_roi
2025-08,NASA/HLS/HLSL30/v002/T50SLG_20250808T030029,L30,1754622029000,native_grid_intersects_roi
2025-08,NASA/HLS/HLSL30/v002/T50SLG_20250809T025419,L30,1754708059000,native_grid_intersects_roi
2025-08,NASA/HLS/HLSS30/v002/T50SLG_20250809T030529,S30,1754708729000,native_grid_intersects_roi
2025-08,NASA/HLS/HLSS30/v002/T50SLG_20250814T030601,S30,1755140761000,native_grid_intersects_roi
2025-08,NASA/HLS/HLSL30/v002/T50SLG_20250817T025421,L30,1755399261000,native_grid_intersects_roi
2025-08,NASA/HLS/HLSS30/v002/T50SLG_20250819T030529,S30,1755572729000,native_grid_intersects_roi
2025-08,NASA/HLS/HLSL30/v002/T50SLG_20250825T025426,L30,1756090466000,native_grid_intersects_roi
2025-08,NASA/HLS/HLSS30/v002/T50SLG_20250826T031151,S30,1756177911000,native_grid_intersects_roi
2025-08,NASA/HLS/HLSS30/v002/T50SLG_20250829T030529,S30,1756436729000,native_grid_intersects_roi
