roi_id,month,window_start,window_end_exclusive,output_file,band_index_1based,band_name,variable,acquisition_time_utc,time_start_ms,branch,source_id,source_collection,source_red,source_nir,source_qa,grid_crs,grid_transform,qa_applied,temporal_composite,interpolated,smoothed,ndvi_formula,ndvi_units,qa_storage,nodata,storage,version
NC_ROT,2023-09,2023-09-01,2023-10-01,NC_ROT_HLS_2023-09_g1_NDVI_FMASK_v1.tif,1,s0000_L30_20230904T030028000_NDVI,NDVI,2023-09-04T03:00:28.000Z,1693796428000,L30,NASA/HLS/HLSL30/v002/T50SLG_20230904T030028,NASA/HLS/HLSL30/v002,B4,B5,Fmask,EPSG:32650,"[30,0,300000,0,-30,4200000]",false,false,false,false,(NIR-RED)/(NIR+RED); mask denominator=0; keep source masks,dimensionless; no further scale needed,exact_uint8_values_in_Float32,-9999,Float32,1.0
NC_ROT,2023-09,2023-09-01,2023-10-01,NC_ROT_HLS_2023-09_g1_NDVI_FMASK_v1.tif,2,s0000_L30_20230904T030028000_FMASK,FMASK,2023-09-04T03:00:28.000Z,1693796428000,L30,NASA/HLS/HLSL30/v002/T50SLG_20230904T030028,NASA/HLS/HLSL30/v002,B4,B5,Fmask,EPSG:32650,"[30,0,300000,0,-30,4200000]",false,false,false,false,(NIR-RED)/(NIR+RED); mask denominator=0; keep source masks,dimensionless; no further scale needed,exact_uint8_values_in_Float32,-9999,Float32,1.0
NC_ROT,2023-09,2023-09-01,2023-10-01,NC_ROT_HLS_2023-09_g1_NDVI_FMASK_v1.tif,3,s0001_L30_20230905T025418000_NDVI,NDVI,2023-09-05T02:54:18.000Z,1693882458000,L30,NASA/HLS/HLSL30/v002/T50SLG_20230905T025418,NASA/HLS/HLSL30/v002,B4,B5,Fmask,EPSG:32650,"[30,0,300000,0,-30,4200000]",false,false,false,false,(NIR-RED)/(NIR+RED); mask denominator=0; keep source masks,dimensionless; no further scale needed,exact_uint8_values_in_Float32,-9999,Float32,1.0
NC_ROT,2023-09,2023-09-01,2023-10-01,NC_ROT_HLS_2023-09_g1_NDVI_FMASK_v1.tif,4,s0001_L30_20230905T025418000_FMASK,FMASK,2023-09-05T02:54:18.000Z,1693882458000,L30,NASA/HLS/HLSL30/v002/T50SLG_20230905T025418,NASA/HLS/HLSL30/v002,B4,B5,Fmask,EPSG:32650,"[30,0,300000,0,-30,4200000]",false,false,false,false,(NIR-RED)/(NIR+RED); mask denominator=0; keep source masks,dimensionless; no further scale needed,exact_uint8_values_in_Float32,-9999,Float32,1.0
NC_ROT,2023-09,2023-09-01,2023-10-01,NC_ROT_HLS_2023-09_g1_NDVI_FMASK_v1.tif,5,s0002_S30_20230909T030529000_NDVI,NDVI,2023-09-09T03:05:29.000Z,1694228729000,S30,NASA/HLS/HLSS30/v002/T50SLG_20230909T030529,NASA/HLS/HLSS30/v002,B4,B8A,Fmask,EPSG:32650,"[30,0,300000,0,-30,4200000]",false,false,false,false,(NIR-RED)/(NIR+RED); mask denominator=0; keep source masks,dimensionless; no further scale needed,exact_uint8_values_in_Float32,-9999,Float32,1.0
NC_ROT,2023-09,2023-09-01,2023-10-01,NC_ROT_HLS_2023-09_g1_NDVI_FMASK_v1.tif,6,s0002_S30_20230909T030529000_FMASK,FMASK,2023-09-09T03:05:29.000Z,1694228729000,S30,NASA/HLS/HLSS30/v002/T50SLG_20230909T030529,NASA/HLS/HLSS30/v002,B4,B8A,Fmask,EPSG:32650,"[30,0,300000,0,-30,4200000]",false,false,false,false,(NIR-RED)/(NIR+RED); mask denominator=0; keep source masks,dimensionless; no further scale needed,exact_uint8_values_in_Float32,-9999,Float32,1.0
NC_ROT,2023-09,2023-09-01,2023-10-01,NC_ROT_HLS_2023-09_g1_NDVI_FMASK_v1.tif,7,s0003_L30_20230912T030033000_NDVI,NDVI,2023-09-12T03:00:33.000Z,1694487633000,L30,NASA/HLS/HLSL30/v002/T50SLG_20230912T030033,NASA/HLS/HLSL30/v002,B4,B5,Fmask,EPSG:32650,"[30,0,300000,0,-30,4200000]",false,false,false,false,(NIR-RED)/(NIR+RED); mask denominator=0; keep source masks,dimensionless; no further scale needed,exact_uint8_values_in_Float32,-9999,Float32,1.0
NC_ROT,2023-09,2023-09-01,2023-10-01,NC_ROT_HLS_2023-09_g1_NDVI_FMASK_v1.tif,8,s0003_L30_20230912T030033000_FMASK,FMASK,2023-09-12T03:00:33.000Z,1694487633000,L30,NASA/HLS/HLSL30/v002/T50SLG_20230912T030033,NASA/HLS/HLSL30/v002,B4,B5,Fmask,EPSG:32650,"[30,0,300000,0,-30,4200000]",false,false,false,false,(NIR-RED)/(NIR+RED); mask denominator=0; keep source masks,dimensionless; no further scale needed,exact_uint8_values_in_Float32,-9999,Float32,1.0
NC_ROT,2023-09,2023-09-01,2023-10-01,NC_ROT_HLS_2023-09_g1_NDVI_FMASK_v1.tif,9,s0004_L30_20230913T025421000_NDVI,NDVI,2023-09-13T02:54:21.000Z,1694573661000,L30,NASA/HLS/HLSL30/v002/T50SLG_20230913T025421,NASA/HLS/HLSL30/v002,B4,B5,Fmask,EPSG:32650,"[30,0,300000,0,-30,4200000]",false,false,false,false,(NIR-RED)/(NIR+RED); mask denominator=0; keep source masks,dimensionless; no further scale needed,exact_uint8_values_in_Float32,-9999,Float32,1.0
NC_ROT,2023-09,2023-09-01,2023-10-01,NC_ROT_HLS_2023-09_g1_NDVI_FMASK_v1.tif,10,s0004_L30_20230913T025421000_FMASK,FMASK,2023-09-13T02:54:21.000Z,1694573661000,L30,NASA/HLS/HLSL30/v002/T50SLG_20230913T025421,NASA/HLS/HLSL30/v002,B4,B5,Fmask,EPSG:32650,"[30,0,300000,0,-30,4200000]",false,false,false,false,(NIR-RED)/(NIR+RED); mask denominator=0; keep source masks,dimensionless; no further scale needed,exact_uint8_values_in_Float32,-9999,Float32,1.0
NC_ROT,2023-09,2023-09-01,2023-10-01,NC_ROT_HLS_2023-09_g1_NDVI_FMASK_v1.tif,11,s0005_S30_20230914T030531000_NDVI,NDVI,2023-09-14T03:05:31.000Z,1694660731000,S30,NASA/HLS/HLSS30/v002/T50SLG_20230914T030531,NASA/HLS/HLSS30/v002,B4,B8A,Fmask,EPSG:32650,"[30,0,300000,0,-30,4200000]",false,false,false,false,(NIR-RED)/(NIR+RED); mask denominator=0; keep source masks,dimensionless; no further scale needed,exact_uint8_values_in_Float32,-9999,Float32,1.0
NC_ROT,2023-09,2023-09-01,2023-10-01,NC_ROT_HLS_2023-09_g1_NDVI_FMASK_v1.tif,12,s0005_S30_20230914T030531000_FMASK,FMASK,2023-09-14T03:05:31.000Z,1694660731000,S30,NASA/HLS/HLSS30/v002/T50SLG_20230914T030531,NASA/HLS/HLSS30/v002,B4,B8A,Fmask,EPSG:32650,"[30,0,300000,0,-30,4200000]",false,false,false,false,(NIR-RED)/(NIR+RED); mask denominator=0; keep source masks,dimensionless; no further scale needed,exact_uint8_values_in_Float32,-9999,Float32,1.0
NC_ROT,2023-09,2023-09-01,2023-10-01,NC_ROT_HLS_2023-09_g1_NDVI_FMASK_v1.tif,13,s0006_L30_20230920T030034000_NDVI,NDVI,2023-09-20T03:00:34.000Z,1695178834000,L30,NASA/HLS/HLSL30/v002/T50SLG_20230920T030034,NASA/HLS/HLSL30/v002,B4,B5,Fmask,EPSG:32650,"[30,0,300000,0,-30,4200000]",false,false,false,false,(NIR-RED)/(NIR+RED); mask denominator=0; keep source masks,dimensionless; no further scale needed,exact_uint8_values_in_Float32,-9999,Float32,1.0
NC_ROT,2023-09,2023-09-01,2023-10-01,NC_ROT_HLS_2023-09_g1_NDVI_FMASK_v1.tif,14,s0006_L30_20230920T030034000_FMASK,FMASK,2023-09-20T03:00:34.000Z,1695178834000,L30,NASA/HLS/HLSL30/v002/T50SLG_20230920T030034,NASA/HLS/HLSL30/v002,B4,B5,Fmask,EPSG:32650,"[30,0,300000,0,-30,4200000]",false,false,false,false,(NIR-RED)/(NIR+RED); mask denominator=0; keep source masks,dimensionless; no further scale needed,exact_uint8_values_in_Float32,-9999,Float32,1.0
NC_ROT,2023-09,2023-09-01,2023-10-01,NC_ROT_HLS_2023-09_g1_NDVI_FMASK_v1.tif,15,s0007_L30_20230921T025423000_NDVI,NDVI,2023-09-21T02:54:23.000Z,1695264863000,L30,NASA/HLS/HLSL30/v002/T50SLG_20230921T025423,NASA/HLS/HLSL30/v002,B4,B5,Fmask,EPSG:32650,"[30,0,300000,0,-30,4200000]",false,false,false,false,(NIR-RED)/(NIR+RED); mask denominator=0; keep source masks,dimensionless; no further scale needed,exact_uint8_values_in_Float32,-9999,Float32,1.0
NC_ROT,2023-09,2023-09-01,2023-10-01,NC_ROT_HLS_2023-09_g1_NDVI_FMASK_v1.tif,16,s0007_L30_20230921T025423000_FMASK,FMASK,2023-09-21T02:54:23.000Z,1695264863000,L30,NASA/HLS/HLSL30/v002/T50SLG_20230921T025423,NASA/HLS/HLSL30/v002,B4,B5,Fmask,EPSG:32650,"[30,0,300000,0,-30,4200000]",false,false,false,false,(NIR-RED)/(NIR+RED); mask denominator=0; keep source masks,dimensionless; no further scale needed,exact_uint8_values_in_Float32,-9999,Float32,1.0
NC_ROT,2023-09,2023-09-01,2023-10-01,NC_ROT_HLS_2023-09_g1_NDVI_FMASK_v1.tif,17,s0008_L30_20230928T030029000_NDVI,NDVI,2023-09-28T03:00:29.000Z,1695870029000,L30,NASA/HLS/HLSL30/v002/T50SLG_20230928T030029,NASA/HLS/HLSL30/v002,B4,B5,Fmask,EPSG:32650,"[30,0,300000,0,-30,4200000]",false,false,false,false,(NIR-RED)/(NIR+RED); mask denominator=0; keep source masks,dimensionless; no further scale needed,exact_uint8_values_in_Float32,-9999,Float32,1.0
NC_ROT,2023-09,2023-09-01,2023-10-01,NC_ROT_HLS_2023-09_g1_NDVI_FMASK_v1.tif,18,s0008_L30_20230928T030029000_FMASK,FMASK,2023-09-28T03:00:29.000Z,1695870029000,L30,NASA/HLS/HLSL30/v002/T50SLG_20230928T030029,NASA/HLS/HLSL30/v002,B4,B5,Fmask,EPSG:32650,"[30,0,300000,0,-30,4200000]",false,false,false,false,(NIR-RED)/(NIR+RED); mask denominator=0; keep source masks,dimensionless; no further scale needed,exact_uint8_values_in_Float32,-9999,Float32,1.0
NC_ROT,2023-09,2023-09-01,2023-10-01,NC_ROT_HLS_2023-09_g1_NDVI_FMASK_v1.tif,19,s0009_L30_20230929T025426000_NDVI,NDVI,2023-09-29T02:54:26.000Z,1695956066000,L30,NASA/HLS/HLSL30/v002/T50SLG_20230929T025426,NASA/HLS/HLSL30/v002,B4,B5,Fmask,EPSG:32650,"[30,0,300000,0,-30,4200000]",false,false,false,false,(NIR-RED)/(NIR+RED); mask denominator=0; keep source masks,dimensionless; no further scale needed,exact_uint8_values_in_Float32,-9999,Float32,1.0
NC_ROT,2023-09,2023-09-01,2023-10-01,NC_ROT_HLS_2023-09_g1_NDVI_FMASK_v1.tif,20,s0009_L30_20230929T025426000_FMASK,FMASK,2023-09-29T02:54:26.000Z,1695956066000,L30,NASA/HLS/HLSL30/v002/T50SLG_20230929T025426,NASA/HLS/HLSL30/v002,B4,B5,Fmask,EPSG:32650,"[30,0,300000,0,-30,4200000]",false,false,false,false,(NIR-RED)/(NIR+RED); mask denominator=0; keep source masks,dimensionless; no further scale needed,exact_uint8_values_in_Float32,-9999,Float32,1.0
NC_ROT,2023-09,2023-09-01,2023-10-01,NC_ROT_HLS_2023-09_g1_NDVI_FMASK_v1.tif,21,s0010_S30_20230929T030529000_NDVI,NDVI,2023-09-29T03:05:29.000Z,1695956729000,S30,NASA/HLS/HLSS30/v002/T50SLG_20230929T030529,NASA/HLS/HLSS30/v002,B4,B8A,Fmask,EPSG:32650,"[30,0,300000,0,-30,4200000]",false,false,false,false,(NIR-RED)/(NIR+RED); mask denominator=0; keep source masks,dimensionless; no further scale needed,exact_uint8_values_in_Float32,-9999,Float32,1.0
NC_ROT,2023-09,2023-09-01,2023-10-01,NC_ROT_HLS_2023-09_g1_NDVI_FMASK_v1.tif,22,s0010_S30_20230929T030529000_FMASK,FMASK,2023-09-29T03:05:29.000Z,1695956729000,S30,NASA/HLS/HLSS30/v002/T50SLG_20230929T030529,NASA/HLS/HLSS30/v002,B4,B8A,Fmask,EPSG:32650,"[30,0,300000,0,-30,4200000]",false,false,false,false,(NIR-RED)/(NIR+RED); mask denominator=0; keep source masks,dimensionless; no further scale needed,exact_uint8_values_in_Float32,-9999,Float32,1.0
NC_ROT,2023-10,2023-10-01,2023-11-01,NC_ROT_HLS_2023-10_g1_NDVI_FMASK_v1.tif,1,s0000_S30_20231009T030629000_NDVI,NDVI,2023-10-09T03:06:29.000Z,1696820789000,S30,NASA/HLS/HLSS30/v002/T50SLG_20231009T030629,NASA/HLS/HLSS30/v002,B4,B8A,Fmask,EPSG:32650,"[30,0,300000,0,-30,4200000]",false,false,false,false,(NIR-RED)/(NIR+RED); mask denominator=0; keep source masks,dimensionless; no further scale needed,exact_uint8_values_in_Float32,-9999,Float32,1.0
NC_ROT,2023-10,2023-10-01,2023-11-01,NC_ROT_HLS_2023-10_g1_NDVI_FMASK_v1.tif,2,s0000_S30_20231009T030629000_FMASK,FMASK,2023-10-09T03:06:29.000Z,1696820789000,S30,NASA/HLS/HLSS30/v002/T50SLG_20231009T030629,NASA/HLS/HLSS30/v002,B4,B8A,Fmask,EPSG:32650,"[30,0,300000,0,-30,4200000]",false,false,false,false,(NIR-RED)/(NIR+RED); mask denominator=0; keep source masks,dimensionless; no further scale needed,exact_uint8_values_in_Float32,-9999,Float32,1.0
NC_ROT,2023-10,2023-10-01,2023-11-01,NC_ROT_HLS_2023-10_g1_NDVI_FMASK_v1.tif,3,s0001_L30_20231014T030042000_NDVI,NDVI,2023-10-14T03:00:42.000Z,1697252442000,L30,NASA/HLS/HLSL30/v002/T50SLG_20231014T030042,NASA/HLS/HLSL30/v002,B4,B5,Fmask,EPSG:32650,"[30,0,300000,0,-30,4200000]",false,false,false,false,(NIR-RED)/(NIR+RED); mask denominator=0; keep source masks,dimensionless; no further scale needed,exact_uint8_values_in_Float32,-9999,Float32,1.0
NC_ROT,2023-10,2023-10-01,2023-11-01,NC_ROT_HLS_2023-10_g1_NDVI_FMASK_v1.tif,4,s0001_L30_20231014T030042000_FMASK,FMASK,2023-10-14T03:00:42.000Z,1697252442000,L30,NASA/HLS/HLSL30/v002/T50SLG_20231014T030042,NASA/HLS/HLSL30/v002,B4,B5,Fmask,EPSG:32650,"[30,0,300000,0,-30,4200000]",false,false,false,false,(NIR-RED)/(NIR+RED); mask denominator=0; keep source masks,dimensionless; no further scale needed,exact_uint8_values_in_Float32,-9999,Float32,1.0
NC_ROT,2023-10,2023-10-01,2023-11-01,NC_ROT_HLS_2023-10_g1_NDVI_FMASK_v1.tif,5,s0002_S30_20231014T030651000_NDVI,NDVI,2023-10-14T03:06:51.000Z,1697252811000,S30,NASA/HLS/HLSS30/v002/T50SLG_20231014T030651,NASA/HLS/HLSS30/v002,B4,B8A,Fmask,EPSG:32650,"[30,0,300000,0,-30,4200000]",false,false,false,false,(NIR-RED)/(NIR+RED); mask denominator=0; keep source masks,dimensionless; no further scale needed,exact_uint8_values_in_Float32,-9999,Float32,1.0
NC_ROT,2023-10,2023-10-01,2023-11-01,NC_ROT_HLS_2023-10_g1_NDVI_FMASK_v1.tif,6,s0002_S30_20231014T030651000_FMASK,FMASK,2023-10-14T03:06:51.000Z,1697252811000,S30,NASA/HLS/HLSS30/v002/T50SLG_20231014T030651,NASA/HLS/HLSS30/v002,B4,B8A,Fmask,EPSG:32650,"[30,0,300000,0,-30,4200000]",false,false,false,false,(NIR-RED)/(NIR+RED); mask denominator=0; keep source masks,dimensionless; no further scale needed,exact_uint8_values_in_Float32,-9999,Float32,1.0
NC_ROT,2023-10,2023-10-01,2023-11-01,NC_ROT_HLS_2023-10_g1_NDVI_FMASK_v1.tif,7,s0003_L30_20231015T025428000_NDVI,NDVI,2023-10-15T02:54:28.000Z,1697338468000,L30,NASA/HLS/HLSL30/v002/T50SLG_20231015T025428,NASA/HLS/HLSL30/v002,B4,B5,Fmask,EPSG:32650,"[30,0,300000,0,-30,4200000]",false,false,false,false,(NIR-RED)/(NIR+RED); mask denominator=0; keep source masks,dimensionless; no further scale needed,exact_uint8_values_in_Float32,-9999,Float32,1.0
NC_ROT,2023-10,2023-10-01,2023-11-01,NC_ROT_HLS_2023-10_g1_NDVI_FMASK_v1.tif,8,s0003_L30_20231015T025428000_FMASK,FMASK,2023-10-15T02:54:28.000Z,1697338468000,L30,NASA/HLS/HLSL30/v002/T50SLG_20231015T025428,NASA/HLS/HLSL30/v002,B4,B5,Fmask,EPSG:32650,"[30,0,300000,0,-30,4200000]",false,false,false,false,(NIR-RED)/(NIR+RED); mask denominator=0; keep source masks,dimensionless; no further scale needed,exact_uint8_values_in_Float32,-9999,Float32,1.0
NC_ROT,2023-10,2023-10-01,2023-11-01,NC_ROT_HLS_2023-10_g1_NDVI_FMASK_v1.tif,9,s0004_L30_20231022T030039000_NDVI,NDVI,2023-10-22T03:00:39.000Z,1697943639000,L30,NASA/HLS/HLSL30/v002/T50SLG_20231022T030039,NASA/HLS/HLSL30/v002,B4,B5,Fmask,EPSG:32650,"[30,0,300000,0,-30,4200000]",false,false,false,false,(NIR-RED)/(NIR+RED); mask denominator=0; keep source masks,dimensionless; no further scale needed,exact_uint8_values_in_Float32,-9999,Float32,1.0
NC_ROT,2023-10,2023-10-01,2023-11-01,NC_ROT_HLS_2023-10_g1_NDVI_FMASK_v1.tif,10,s0004_L30_20231022T030039000_FMASK,FMASK,2023-10-22T03:00:39.000Z,1697943639000,L30,NASA/HLS/HLSL30/v002/T50SLG_20231022T030039,NASA/HLS/HLSL30/v002,B4,B5,Fmask,EPSG:32650,"[30,0,300000,0,-30,4200000]",false,false,false,false,(NIR-RED)/(NIR+RED); mask denominator=0; keep source masks,dimensionless; no further scale needed,exact_uint8_values_in_Float32,-9999,Float32,1.0
NC_ROT,2023-10,2023-10-01,2023-11-01,NC_ROT_HLS_2023-10_g1_NDVI_FMASK_v1.tif,11,s0005_L30_20231023T025433000_NDVI,NDVI,2023-10-23T02:54:33.000Z,1698029673000,L30,NASA/HLS/HLSL30/v002/T50SLG_20231023T025433,NASA/HLS/HLSL30/v002,B4,B5,Fmask,EPSG:32650,"[30,0,300000,0,-30,4200000]",false,false,false,false,(NIR-RED)/(NIR+RED); mask denominator=0; keep source masks,dimensionless; no further scale needed,exact_uint8_values_in_Float32,-9999,Float32,1.0
NC_ROT,2023-10,2023-10-01,2023-11-01,NC_ROT_HLS_2023-10_g1_NDVI_FMASK_v1.tif,12,s0005_L30_20231023T025433000_FMASK,FMASK,2023-10-23T02:54:33.000Z,1698029673000,L30,NASA/HLS/HLSL30/v002/T50SLG_20231023T025433,NASA/HLS/HLSL30/v002,B4,B5,Fmask,EPSG:32650,"[30,0,300000,0,-30,4200000]",false,false,false,false,(NIR-RED)/(NIR+RED); mask denominator=0; keep source masks,dimensionless; no further scale needed,exact_uint8_values_in_Float32,-9999,Float32,1.0
NC_ROT,2023-10,2023-10-01,2023-11-01,NC_ROT_HLS_2023-10_g1_NDVI_FMASK_v1.tif,13,s0006_S30_20231024T030801000_NDVI,NDVI,2023-10-24T03:08:01.000Z,1698116881000,S30,NASA/HLS/HLSS30/v002/T50SLG_20231024T030801,NASA/HLS/HLSS30/v002,B4,B8A,Fmask,EPSG:32650,"[30,0,300000,0,-30,4200000]",false,false,false,false,(NIR-RED)/(NIR+RED); mask denominator=0; keep source masks,dimensionless; no further scale needed,exact_uint8_values_in_Float32,-9999,Float32,1.0
NC_ROT,2023-10,2023-10-01,2023-11-01,NC_ROT_HLS_2023-10_g1_NDVI_FMASK_v1.tif,14,s0006_S30_20231024T030801000_FMASK,FMASK,2023-10-24T03:08:01.000Z,1698116881000,S30,NASA/HLS/HLSS30/v002/T50SLG_20231024T030801,NASA/HLS/HLSS30/v002,B4,B8A,Fmask,EPSG:32650,"[30,0,300000,0,-30,4200000]",false,false,false,false,(NIR-RED)/(NIR+RED); mask denominator=0; keep source masks,dimensionless; no further scale needed,exact_uint8_values_in_Float32,-9999,Float32,1.0
NC_ROT,2023-10,2023-10-01,2023-11-01,NC_ROT_HLS_2023-10_g1_NDVI_FMASK_v1.tif,15,s0007_L30_20231030T030040000_NDVI,NDVI,2023-10-30T03:00:40.000Z,1698634840000,L30,NASA/HLS/HLSL30/v002/T50SLG_20231030T030040,NASA/HLS/HLSL30/v002,B4,B5,Fmask,EPSG:32650,"[30,0,300000,0,-30,4200000]",false,false,false,false,(NIR-RED)/(NIR+RED); mask denominator=0; keep source masks,dimensionless; no further scale needed,exact_uint8_values_in_Float32,-9999,Float32,1.0
NC_ROT,2023-10,2023-10-01,2023-11-01,NC_ROT_HLS_2023-10_g1_NDVI_FMASK_v1.tif,16,s0007_L30_20231030T030040000_FMASK,FMASK,2023-10-30T03:00:40.000Z,1698634840000,L30,NASA/HLS/HLSL30/v002/T50SLG_20231030T030040,NASA/HLS/HLSL30/v002,B4,B5,Fmask,EPSG:32650,"[30,0,300000,0,-30,4200000]",false,false,false,false,(NIR-RED)/(NIR+RED); mask denominator=0; keep source masks,dimensionless; no further scale needed,exact_uint8_values_in_Float32,-9999,Float32,1.0
NC_ROT,2023-10,2023-10-01,2023-11-01,NC_ROT_HLS_2023-10_g1_NDVI_FMASK_v1.tif,17,s0008_L30_20231031T025432000_NDVI,NDVI,2023-10-31T02:54:32.000Z,1698720872000,L30,NASA/HLS/HLSL30/v002/T50SLG_20231031T025432,NASA/HLS/HLSL30/v002,B4,B5,Fmask,EPSG:32650,"[30,0,300000,0,-30,4200000]",false,false,false,false,(NIR-RED)/(NIR+RED); mask denominator=0; keep source masks,dimensionless; no further scale needed,exact_uint8_values_in_Float32,-9999,Float32,1.0
NC_ROT,2023-10,2023-10-01,2023-11-01,NC_ROT_HLS_2023-10_g1_NDVI_FMASK_v1.tif,18,s0008_L30_20231031T025432000_FMASK,FMASK,2023-10-31T02:54:32.000Z,1698720872000,L30,NASA/HLS/HLSL30/v002/T50SLG_20231031T025432,NASA/HLS/HLSL30/v002,B4,B5,Fmask,EPSG:32650,"[30,0,300000,0,-30,4200000]",false,false,false,false,(NIR-RED)/(NIR+RED); mask denominator=0; keep source masks,dimensionless; no further scale needed,exact_uint8_values_in_Float32,-9999,Float32,1.0
NC_ROT,2023-11,2023-11-01,2023-12-01,NC_ROT_HLS_2023-11_g1_NDVI_FMASK_v1.tif,1,s0000_S30_20231103T030901000_NDVI,NDVI,2023-11-03T03:09:01.000Z,1698980941000,S30,NASA/HLS/HLSS30/v002/T50SLG_20231103T030901,NASA/HLS/HLSS30/v002,B4,B8A,Fmask,EPSG:32650,"[30,0,300000,0,-30,4200000]",false,false,false,false,(NIR-RED)/(NIR+RED); mask denominator=0; keep source masks,dimensionless; no further scale needed,exact_uint8_values_in_Float32,-9999,Float32,1.0
NC_ROT,2023-11,2023-11-01,2023-12-01,NC_ROT_HLS_2023-11_g1_NDVI_FMASK_v1.tif,2,s0000_S30_20231103T030901000_FMASK,FMASK,2023-11-03T03:09:01.000Z,1698980941000,S30,NASA/HLS/HLSS30/v002/T50SLG_20231103T030901,NASA/HLS/HLSS30/v002,B4,B8A,Fmask,EPSG:32650,"[30,0,300000,0,-30,4200000]",false,false,false,false,(NIR-RED)/(NIR+RED); mask denominator=0; keep source masks,dimensionless; no further scale needed,exact_uint8_values_in_Float32,-9999,Float32,1.0
NC_ROT,2023-11,2023-11-01,2023-12-01,NC_ROT_HLS_2023-11_g1_NDVI_FMASK_v1.tif,3,s0001_L30_20231107T030039000_NDVI,NDVI,2023-11-07T03:00:39.000Z,1699326039000,L30,NASA/HLS/HLSL30/v002/T50SLG_20231107T030039,NASA/HLS/HLSL30/v002,B4,B5,Fmask,EPSG:32650,"[30,0,300000,0,-30,4200000]",false,false,false,false,(NIR-RED)/(NIR+RED); mask denominator=0; keep source masks,dimensionless; no further scale needed,exact_uint8_values_in_Float32,-9999,Float32,1.0
NC_ROT,2023-11,2023-11-01,2023-12-01,NC_ROT_HLS_2023-11_g1_NDVI_FMASK_v1.tif,4,s0001_L30_20231107T030039000_FMASK,FMASK,2023-11-07T03:00:39.000Z,1699326039000,L30,NASA/HLS/HLSL30/v002/T50SLG_20231107T030039,NASA/HLS/HLSL30/v002,B4,B5,Fmask,EPSG:32650,"[30,0,300000,0,-30,4200000]",false,false,false,false,(NIR-RED)/(NIR+RED); mask denominator=0; keep source masks,dimensionless; no further scale needed,exact_uint8_values_in_Float32,-9999,Float32,1.0
NC_ROT,2023-11,2023-11-01,2023-12-01,NC_ROT_HLS_2023-11_g1_NDVI_FMASK_v1.tif,5,s0002_L30_20231108T025429000_NDVI,NDVI,2023-11-08T02:54:29.000Z,1699412069000,L30,NASA/HLS/HLSL30/v002/T50SLG_20231108T025429,NASA/HLS/HLSL30/v002,B4,B5,Fmask,EPSG:32650,"[30,0,300000,0,-30,4200000]",false,false,false,false,(NIR-RED)/(NIR+RED); mask denominator=0; keep source masks,dimensionless; no further scale needed,exact_uint8_values_in_Float32,-9999,Float32,1.0
NC_ROT,2023-11,2023-11-01,2023-12-01,NC_ROT_HLS_2023-11_g1_NDVI_FMASK_v1.tif,6,s0002_L30_20231108T025429000_FMASK,FMASK,2023-11-08T02:54:29.000Z,1699412069000,L30,NASA/HLS/HLSL30/v002/T50SLG_20231108T025429,NASA/HLS/HLSL30/v002,B4,B5,Fmask,EPSG:32650,"[30,0,300000,0,-30,4200000]",false,false,false,false,(NIR-RED)/(NIR+RED); mask denominator=0; keep source masks,dimensionless; no further scale needed,exact_uint8_values_in_Float32,-9999,Float32,1.0
NC_ROT,2023-11,2023-11-01,2023-12-01,NC_ROT_HLS_2023-11_g1_NDVI_FMASK_v1.tif,7,s0003_S30_20231108T030929000_NDVI,NDVI,2023-11-08T03:09:29.000Z,1699412969000,S30,NASA/HLS/HLSS30/v002/T50SLG_20231108T030929,NASA/HLS/HLSS30/v002,B4,B8A,Fmask,EPSG:32650,"[30,0,300000,0,-30,4200000]",false,false,false,false,(NIR-RED)/(NIR+RED); mask denominator=0; keep source masks,dimensionless; no further scale needed,exact_uint8_values_in_Float32,-9999,Float32,1.0
NC_ROT,2023-11,2023-11-01,2023-12-01,NC_ROT_HLS_2023-11_g1_NDVI_FMASK_v1.tif,8,s0003_S30_20231108T030929000_FMASK,FMASK,2023-11-08T03:09:29.000Z,1699412969000,S30,NASA/HLS/HLSS30/v002/T50SLG_20231108T030929,NASA/HLS/HLSS30/v002,B4,B8A,Fmask,EPSG:32650,"[30,0,300000,0,-30,4200000]",false,false,false,false,(NIR-RED)/(NIR+RED); mask denominator=0; keep source masks,dimensionless; no further scale needed,exact_uint8_values_in_Float32,-9999,Float32,1.0
NC_ROT,2023-11,2023-11-01,2023-12-01,NC_ROT_HLS_2023-11_g1_NDVI_FMASK_v1.tif,9,s0004_S30_20231113T030951000_NDVI,NDVI,2023-11-13T03:09:51.000Z,1699844991000,S30,NASA/HLS/HLSS30/v002/T50SLG_20231113T030951,NASA/HLS/HLSS30/v002,B4,B8A,Fmask,EPSG:32650,"[30,0,300000,0,-30,4200000]",false,false,false,false,(NIR-RED)/(NIR+RED); mask denominator=0; keep source masks,dimensionless; no further scale needed,exact_uint8_values_in_Float32,-9999,Float32,1.0
NC_ROT,2023-11,2023-11-01,2023-12-01,NC_ROT_HLS_2023-11_g1_NDVI_FMASK_v1.tif,10,s0004_S30_20231113T030951000_FMASK,FMASK,2023-11-13T03:09:51.000Z,1699844991000,S30,NASA/HLS/HLSS30/v002/T50SLG_20231113T030951,NASA/HLS/HLSS30/v002,B4,B8A,Fmask,EPSG:32650,"[30,0,300000,0,-30,4200000]",false,false,false,false,(NIR-RED)/(NIR+RED); mask denominator=0; keep source masks,dimensionless; no further scale needed,exact_uint8_values_in_Float32,-9999,Float32,1.0
NC_ROT,2023-11,2023-11-01,2023-12-01,NC_ROT_HLS_2023-11_g1_NDVI_FMASK_v1.tif,11,s0005_L30_20231116T025431000_NDVI,NDVI,2023-11-16T02:54:31.000Z,1700103271000,L30,NASA/HLS/HLSL30/v002/T50SLG_20231116T025431,NASA/HLS/HLSL30/v002,B4,B5,Fmask,EPSG:32650,"[30,0,300000,0,-30,4200000]",false,false,false,false,(NIR-RED)/(NIR+RED); mask denominator=0; keep source masks,dimensionless; no further scale needed,exact_uint8_values_in_Float32,-9999,Float32,1.0
NC_ROT,2023-11,2023-11-01,2023-12-01,NC_ROT_HLS_2023-11_g1_NDVI_FMASK_v1.tif,12,s0005_L30_20231116T025431000_FMASK,FMASK,2023-11-16T02:54:31.000Z,1700103271000,L30,NASA/HLS/HLSL30/v002/T50SLG_20231116T025431,NASA/HLS/HLSL30/v002,B4,B5,Fmask,EPSG:32650,"[30,0,300000,0,-30,4200000]",false,false,false,false,(NIR-RED)/(NIR+RED); mask denominator=0; keep source masks,dimensionless; no further scale needed,exact_uint8_values_in_Float32,-9999,Float32,1.0
NC_ROT,2023-11,2023-11-01,2023-12-01,NC_ROT_HLS_2023-11_g1_NDVI_FMASK_v1.tif,13,s0006_S30_20231118T031019000_NDVI,NDVI,2023-11-18T03:10:19.000Z,1700277019000,S30,NASA/HLS/HLSS30/v002/T50SLG_20231118T031019,NASA/HLS/HLSS30/v002,B4,B8A,Fmask,EPSG:32650,"[30,0,300000,0,-30,4200000]",false,false,false,false,(NIR-RED)/(NIR+RED); mask denominator=0; keep source masks,dimensionless; no further scale needed,exact_uint8_values_in_Float32,-9999,Float32,1.0
NC_ROT,2023-11,2023-11-01,2023-12-01,NC_ROT_HLS_2023-11_g1_NDVI_FMASK_v1.tif,14,s0006_S30_20231118T031019000_FMASK,FMASK,2023-11-18T03:10:19.000Z,1700277019000,S30,NASA/HLS/HLSS30/v002/T50SLG_20231118T031019,NASA/HLS/HLSS30/v002,B4,B8A,Fmask,EPSG:32650,"[30,0,300000,0,-30,4200000]",false,false,false,false,(NIR-RED)/(NIR+RED); mask denominator=0; keep source masks,dimensionless; no further scale needed,exact_uint8_values_in_Float32,-9999,Float32,1.0
NC_ROT,2023-11,2023-11-01,2023-12-01,NC_ROT_HLS_2023-11_g1_NDVI_FMASK_v1.tif,15,s0007_L30_20231123T030044000_NDVI,NDVI,2023-11-23T03:00:44.000Z,1700708444000,L30,NASA/HLS/HLSL30/v002/T50SLG_20231123T030044,NASA/HLS/HLSL30/v002,B4,B5,Fmask,EPSG:32650,"[30,0,300000,0,-30,4200000]",false,false,false,false,(NIR-RED)/(NIR+RED); mask denominator=0; keep source masks,dimensionless; no further scale needed,exact_uint8_values_in_Float32,-9999,Float32,1.0
NC_ROT,2023-11,2023-11-01,2023-12-01,NC_ROT_HLS_2023-11_g1_NDVI_FMASK_v1.tif,16,s0007_L30_20231123T030044000_FMASK,FMASK,2023-11-23T03:00:44.000Z,1700708444000,L30,NASA/HLS/HLSL30/v002/T50SLG_20231123T030044,NASA/HLS/HLSL30/v002,B4,B5,Fmask,EPSG:32650,"[30,0,300000,0,-30,4200000]",false,false,false,false,(NIR-RED)/(NIR+RED); mask denominator=0; keep source masks,dimensionless; no further scale needed,exact_uint8_values_in_Float32,-9999,Float32,1.0
NC_ROT,2023-11,2023-11-01,2023-12-01,NC_ROT_HLS_2023-11_g1_NDVI_FMASK_v1.tif,17,s0008_S30_20231123T031021000_NDVI,NDVI,2023-11-23T03:10:21.000Z,1700709021000,S30,NASA/HLS/HLSS30/v002/T50SLG_20231123T031021,NASA/HLS/HLSS30/v002,B4,B8A,Fmask,EPSG:32650,"[30,0,300000,0,-30,4200000]",false,false,false,false,(NIR-RED)/(NIR+RED); mask denominator=0; keep source masks,dimensionless; no further scale needed,exact_uint8_values_in_Float32,-9999,Float32,1.0
NC_ROT,2023-11,2023-11-01,2023-12-01,NC_ROT_HLS_2023-11_g1_NDVI_FMASK_v1.tif,18,s0008_S30_20231123T031021000_FMASK,FMASK,2023-11-23T03:10:21.000Z,1700709021000,S30,NASA/HLS/HLSS30/v002/T50SLG_20231123T031021,NASA/HLS/HLSS30/v002,B4,B8A,Fmask,EPSG:32650,"[30,0,300000,0,-30,4200000]",false,false,false,false,(NIR-RED)/(NIR+RED); mask denominator=0; keep source masks,dimensionless; no further scale needed,exact_uint8_values_in_Float32,-9999,Float32,1.0
NC_ROT,2023-11,2023-11-01,2023-12-01,NC_ROT_HLS_2023-11_g1_NDVI_FMASK_v1.tif,19,s0009_L30_20231124T025436000_NDVI,NDVI,2023-11-24T02:54:36.000Z,1700794476000,L30,NASA/HLS/HLSL30/v002/T50SLG_20231124T025436,NASA/HLS/HLSL30/v002,B4,B5,Fmask,EPSG:32650,"[30,0,300000,0,-30,4200000]",false,false,false,false,(NIR-RED)/(NIR+RED); mask denominator=0; keep source masks,dimensionless; no further scale needed,exact_uint8_values_in_Float32,-9999,Float32,1.0
NC_ROT,2023-11,2023-11-01,2023-12-01,NC_ROT_HLS_2023-11_g1_NDVI_FMASK_v1.tif,20,s0009_L30_20231124T025436000_FMASK,FMASK,2023-11-24T02:54:36.000Z,1700794476000,L30,NASA/HLS/HLSL30/v002/T50SLG_20231124T025436,NASA/HLS/HLSL30/v002,B4,B5,Fmask,EPSG:32650,"[30,0,300000,0,-30,4200000]",false,false,false,false,(NIR-RED)/(NIR+RED); mask denominator=0; keep source masks,dimensionless; no further scale needed,exact_uint8_values_in_Float32,-9999,Float32,1.0
NC_ROT,2023-11,2023-11-01,2023-12-01,NC_ROT_HLS_2023-11_g1_NDVI_FMASK_v1.tif,21,s0010_S30_20231128T031049000_NDVI,NDVI,2023-11-28T03:10:49.000Z,1701141049000,S30,NASA/HLS/HLSS30/v002/T50SLG_20231128T031049,NASA/HLS/HLSS30/v002,B4,B8A,Fmask,EPSG:32650,"[30,0,300000,0,-30,4200000]",false,false,false,false,(NIR-RED)/(NIR+RED); mask denominator=0; keep source masks,dimensionless; no further scale needed,exact_uint8_values_in_Float32,-9999,Float32,1.0
NC_ROT,2023-11,2023-11-01,2023-12-01,NC_ROT_HLS_2023-11_g1_NDVI_FMASK_v1.tif,22,s0010_S30_20231128T031049000_FMASK,FMASK,2023-11-28T03:10:49.000Z,1701141049000,S30,NASA/HLS/HLSS30/v002/T50SLG_20231128T031049,NASA/HLS/HLSS30/v002,B4,B8A,Fmask,EPSG:32650,"[30,0,300000,0,-30,4200000]",false,false,false,false,(NIR-RED)/(NIR+RED); mask denominator=0; keep source masks,dimensionless; no further scale needed,exact_uint8_values_in_Float32,-9999,Float32,1.0
NC_ROT,2023-12,2023-12-01,2024-01-01,NC_ROT_HLS_2023-12_g1_NDVI_FMASK_v1.tif,1,s0000_L30_20231201T030047000_NDVI,NDVI,2023-12-01T03:00:47.000Z,1701399647000,L30,NASA/HLS/HLSL30/v002/T50SLG_20231201T030047,NASA/HLS/HLSL30/v002,B4,B5,Fmask,EPSG:32650,"[30,0,300000,0,-30,4200000]",false,false,false,false,(NIR-RED)/(NIR+RED); mask denominator=0; keep source masks,dimensionless; no further scale needed,exact_uint8_values_in_Float32,-9999,Float32,1.0
NC_ROT,2023-12,2023-12-01,2024-01-01,NC_ROT_HLS_2023-12_g1_NDVI_FMASK_v1.tif,2,s0000_L30_20231201T030047000_FMASK,FMASK,2023-12-01T03:00:47.000Z,1701399647000,L30,NASA/HLS/HLSL30/v002/T50SLG_20231201T030047,NASA/HLS/HLSL30/v002,B4,B5,Fmask,EPSG:32650,"[30,0,300000,0,-30,4200000]",false,false,false,false,(NIR-RED)/(NIR+RED); mask denominator=0; keep source masks,dimensionless; no further scale needed,exact_uint8_values_in_Float32,-9999,Float32,1.0
NC_ROT,2023-12,2023-12-01,2024-01-01,NC_ROT_HLS_2023-12_g1_NDVI_FMASK_v1.tif,3,s0001_L30_20231202T025429000_NDVI,NDVI,2023-12-02T02:54:29.000Z,1701485669000,L30,NASA/HLS/HLSL30/v002/T50SLG_20231202T025429,NASA/HLS/HLSL30/v002,B4,B5,Fmask,EPSG:32650,"[30,0,300000,0,-30,4200000]",false,false,false,false,(NIR-RED)/(NIR+RED); mask denominator=0; keep source masks,dimensionless; no further scale needed,exact_uint8_values_in_Float32,-9999,Float32,1.0
NC_ROT,2023-12,2023-12-01,2024-01-01,NC_ROT_HLS_2023-12_g1_NDVI_FMASK_v1.tif,4,s0001_L30_20231202T025429000_FMASK,FMASK,2023-12-02T02:54:29.000Z,1701485669000,L30,NASA/HLS/HLSL30/v002/T50SLG_20231202T025429,NASA/HLS/HLSL30/v002,B4,B5,Fmask,EPSG:32650,"[30,0,300000,0,-30,4200000]",false,false,false,false,(NIR-RED)/(NIR+RED); mask denominator=0; keep source masks,dimensionless; no further scale needed,exact_uint8_values_in_Float32,-9999,Float32,1.0
NC_ROT,2023-12,2023-12-01,2024-01-01,NC_ROT_HLS_2023-12_g1_NDVI_FMASK_v1.tif,5,s0002_S30_20231203T031101000_NDVI,NDVI,2023-12-03T03:11:01.000Z,1701573061000,S30,NASA/HLS/HLSS30/v002/T50SLG_20231203T031101,NASA/HLS/HLSS30/v002,B4,B8A,Fmask,EPSG:32650,"[30,0,300000,0,-30,4200000]",false,false,false,false,(NIR-RED)/(NIR+RED); mask denominator=0; keep source masks,dimensionless; no further scale needed,exact_uint8_values_in_Float32,-9999,Float32,1.0
NC_ROT,2023-12,2023-12-01,2024-01-01,NC_ROT_HLS_2023-12_g1_NDVI_FMASK_v1.tif,6,s0002_S30_20231203T031101000_FMASK,FMASK,2023-12-03T03:11:01.000Z,1701573061000,S30,NASA/HLS/HLSS30/v002/T50SLG_20231203T031101,NASA/HLS/HLSS30/v002,B4,B8A,Fmask,EPSG:32650,"[30,0,300000,0,-30,4200000]",false,false,false,false,(NIR-RED)/(NIR+RED); mask denominator=0; keep source masks,dimensionless; no further scale needed,exact_uint8_values_in_Float32,-9999,Float32,1.0
NC_ROT,2023-12,2023-12-01,2024-01-01,NC_ROT_HLS_2023-12_g1_NDVI_FMASK_v1.tif,7,s0003_S30_20231208T031119000_NDVI,NDVI,2023-12-08T03:11:19.000Z,1702005079000,S30,NASA/HLS/HLSS30/v002/T50SLG_20231208T031119,NASA/HLS/HLSS30/v002,B4,B8A,Fmask,EPSG:32650,"[30,0,300000,0,-30,4200000]",false,false,false,false,(NIR-RED)/(NIR+RED); mask denominator=0; keep source masks,dimensionless; no further scale needed,exact_uint8_values_in_Float32,-9999,Float32,1.0
NC_ROT,2023-12,2023-12-01,2024-01-01,NC_ROT_HLS_2023-12_g1_NDVI_FMASK_v1.tif,8,s0003_S30_20231208T031119000_FMASK,FMASK,2023-12-08T03:11:19.000Z,1702005079000,S30,NASA/HLS/HLSS30/v002/T50SLG_20231208T031119,NASA/HLS/HLSS30/v002,B4,B8A,Fmask,EPSG:32650,"[30,0,300000,0,-30,4200000]",false,false,false,false,(NIR-RED)/(NIR+RED); mask denominator=0; keep source masks,dimensionless; no further scale needed,exact_uint8_values_in_Float32,-9999,Float32,1.0
NC_ROT,2023-12,2023-12-01,2024-01-01,NC_ROT_HLS_2023-12_g1_NDVI_FMASK_v1.tif,9,s0004_L30_20231209T030036000_NDVI,NDVI,2023-12-09T03:00:36.000Z,1702090836000,L30,NASA/HLS/HLSL30/v002/T50SLG_20231209T030036,NASA/HLS/HLSL30/v002,B4,B5,Fmask,EPSG:32650,"[30,0,300000,0,-30,4200000]",false,false,false,false,(NIR-RED)/(NIR+RED); mask denominator=0; keep source masks,dimensionless; no further scale needed,exact_uint8_values_in_Float32,-9999,Float32,1.0
NC_ROT,2023-12,2023-12-01,2024-01-01,NC_ROT_HLS_2023-12_g1_NDVI_FMASK_v1.tif,10,s0004_L30_20231209T030036000_FMASK,FMASK,2023-12-09T03:00:36.000Z,1702090836000,L30,NASA/HLS/HLSL30/v002/T50SLG_20231209T030036,NASA/HLS/HLSL30/v002,B4,B5,Fmask,EPSG:32650,"[30,0,300000,0,-30,4200000]",false,false,false,false,(NIR-RED)/(NIR+RED); mask denominator=0; keep source masks,dimensionless; no further scale needed,exact_uint8_values_in_Float32,-9999,Float32,1.0
NC_ROT,2023-12,2023-12-01,2024-01-01,NC_ROT_HLS_2023-12_g1_NDVI_FMASK_v1.tif,11,s0005_L30_20231217T030049000_NDVI,NDVI,2023-12-17T03:00:49.000Z,1702782049000,L30,NASA/HLS/HLSL30/v002/T50SLG_20231217T030049,NASA/HLS/HLSL30/v002,B4,B5,Fmask,EPSG:32650,"[30,0,300000,0,-30,4200000]",false,false,false,false,(NIR-RED)/(NIR+RED); mask denominator=0; keep source masks,dimensionless; no further scale needed,exact_uint8_values_in_Float32,-9999,Float32,1.0
NC_ROT,2023-12,2023-12-01,2024-01-01,NC_ROT_HLS_2023-12_g1_NDVI_FMASK_v1.tif,12,s0005_L30_20231217T030049000_FMASK,FMASK,2023-12-17T03:00:49.000Z,1702782049000,L30,NASA/HLS/HLSL30/v002/T50SLG_20231217T030049,NASA/HLS/HLSL30/v002,B4,B5,Fmask,EPSG:32650,"[30,0,300000,0,-30,4200000]",false,false,false,false,(NIR-RED)/(NIR+RED); mask denominator=0; keep source masks,dimensionless; no further scale needed,exact_uint8_values_in_Float32,-9999,Float32,1.0
NC_ROT,2023-12,2023-12-01,2024-01-01,NC_ROT_HLS_2023-12_g1_NDVI_FMASK_v1.tif,13,s0006_L30_20231218T025431000_NDVI,NDVI,2023-12-18T02:54:31.000Z,1702868071000,L30,NASA/HLS/HLSL30/v002/T50SLG_20231218T025431,NASA/HLS/HLSL30/v002,B4,B5,Fmask,EPSG:32650,"[30,0,300000,0,-30,4200000]",false,false,false,false,(NIR-RED)/(NIR+RED); mask denominator=0; keep source masks,dimensionless; no further scale needed,exact_uint8_values_in_Float32,-9999,Float32,1.0
NC_ROT,2023-12,2023-12-01,2024-01-01,NC_ROT_HLS_2023-12_g1_NDVI_FMASK_v1.tif,14,s0006_L30_20231218T025431000_FMASK,FMASK,2023-12-18T02:54:31.000Z,1702868071000,L30,NASA/HLS/HLSL30/v002/T50SLG_20231218T025431,NASA/HLS/HLSL30/v002,B4,B5,Fmask,EPSG:32650,"[30,0,300000,0,-30,4200000]",false,false,false,false,(NIR-RED)/(NIR+RED); mask denominator=0; keep source masks,dimensionless; no further scale needed,exact_uint8_values_in_Float32,-9999,Float32,1.0
NC_ROT,2023-12,2023-12-01,2024-01-01,NC_ROT_HLS_2023-12_g1_NDVI_FMASK_v1.tif,15,s0007_S30_20231223T031131000_NDVI,NDVI,2023-12-23T03:11:31.000Z,1703301091000,S30,NASA/HLS/HLSS30/v002/T50SLG_20231223T031131,NASA/HLS/HLSS30/v002,B4,B8A,Fmask,EPSG:32650,"[30,0,300000,0,-30,4200000]",false,false,false,false,(NIR-RED)/(NIR+RED); mask denominator=0; keep source masks,dimensionless; no further scale needed,exact_uint8_values_in_Float32,-9999,Float32,1.0
NC_ROT,2023-12,2023-12-01,2024-01-01,NC_ROT_HLS_2023-12_g1_NDVI_FMASK_v1.tif,16,s0007_S30_20231223T031131000_FMASK,FMASK,2023-12-23T03:11:31.000Z,1703301091000,S30,NASA/HLS/HLSS30/v002/T50SLG_20231223T031131,NASA/HLS/HLSS30/v002,B4,B8A,Fmask,EPSG:32650,"[30,0,300000,0,-30,4200000]",false,false,false,false,(NIR-RED)/(NIR+RED); mask denominator=0; keep source masks,dimensionless; no further scale needed,exact_uint8_values_in_Float32,-9999,Float32,1.0
NC_ROT,2023-12,2023-12-01,2024-01-01,NC_ROT_HLS_2023-12_g1_NDVI_FMASK_v1.tif,17,s0008_L30_20231225T030042000_NDVI,NDVI,2023-12-25T03:00:42.000Z,1703473242000,L30,NASA/HLS/HLSL30/v002/T50SLG_20231225T030042,NASA/HLS/HLSL30/v002,B4,B5,Fmask,EPSG:32650,"[30,0,300000,0,-30,4200000]",false,false,false,false,(NIR-RED)/(NIR+RED); mask denominator=0; keep source masks,dimensionless; no further scale needed,exact_uint8_values_in_Float32,-9999,Float32,1.0
NC_ROT,2023-12,2023-12-01,2024-01-01,NC_ROT_HLS_2023-12_g1_NDVI_FMASK_v1.tif,18,s0008_L30_20231225T030042000_FMASK,FMASK,2023-12-25T03:00:42.000Z,1703473242000,L30,NASA/HLS/HLSL30/v002/T50SLG_20231225T030042,NASA/HLS/HLSL30/v002,B4,B5,Fmask,EPSG:32650,"[30,0,300000,0,-30,4200000]",false,false,false,false,(NIR-RED)/(NIR+RED); mask denominator=0; keep source masks,dimensionless; no further scale needed,exact_uint8_values_in_Float32,-9999,Float32,1.0
NC_ROT,2023-12,2023-12-01,2024-01-01,NC_ROT_HLS_2023-12_g1_NDVI_FMASK_v1.tif,19,s0009_L30_20231226T025439000_NDVI,NDVI,2023-12-26T02:54:39.000Z,1703559279000,L30,NASA/HLS/HLSL30/v002/T50SLG_20231226T025439,NASA/HLS/HLSL30/v002,B4,B5,Fmask,EPSG:32650,"[30,0,300000,0,-30,4200000]",false,false,false,false,(NIR-RED)/(NIR+RED); mask denominator=0; keep source masks,dimensionless; no further scale needed,exact_uint8_values_in_Float32,-9999,Float32,1.0
NC_ROT,2023-12,2023-12-01,2024-01-01,NC_ROT_HLS_2023-12_g1_NDVI_FMASK_v1.tif,20,s0009_L30_20231226T025439000_FMASK,FMASK,2023-12-26T02:54:39.000Z,1703559279000,L30,NASA/HLS/HLSL30/v002/T50SLG_20231226T025439,NASA/HLS/HLSL30/v002,B4,B5,Fmask,EPSG:32650,"[30,0,300000,0,-30,4200000]",false,false,false,false,(NIR-RED)/(NIR+RED); mask denominator=0; keep source masks,dimensionless; no further scale needed,exact_uint8_values_in_Float32,-9999,Float32,1.0
NC_ROT,2023-12,2023-12-01,2024-01-01,NC_ROT_HLS_2023-12_g1_NDVI_FMASK_v1.tif,21,s0010_S30_20231228T031139000_NDVI,NDVI,2023-12-28T03:11:39.000Z,1703733099000,S30,NASA/HLS/HLSS30/v002/T50SLG_20231228T031139,NASA/HLS/HLSS30/v002,B4,B8A,Fmask,EPSG:32650,"[30,0,300000,0,-30,4200000]",false,false,false,false,(NIR-RED)/(NIR+RED); mask denominator=0; keep source masks,dimensionless; no further scale needed,exact_uint8_values_in_Float32,-9999,Float32,1.0
NC_ROT,2023-12,2023-12-01,2024-01-01,NC_ROT_HLS_2023-12_g1_NDVI_FMASK_v1.tif,22,s0010_S30_20231228T031139000_FMASK,FMASK,2023-12-28T03:11:39.000Z,1703733099000,S30,NASA/HLS/HLSS30/v002/T50SLG_20231228T031139,NASA/HLS/HLSS30/v002,B4,B8A,Fmask,EPSG:32650,"[30,0,300000,0,-30,4200000]",false,false,false,false,(NIR-RED)/(NIR+RED); mask denominator=0; keep source masks,dimensionless; no further scale needed,exact_uint8_values_in_Float32,-9999,Float32,1.0
NC_ROT,2024-01,2024-01-01,2024-02-01,NC_ROT_HLS_2024-01_g1_NDVI_FMASK_v1.tif,1,s0000_L30_20240102T030046000_NDVI,NDVI,2024-01-02T03:00:46.000Z,1704164446000,L30,NASA/HLS/HLSL30/v002/T50SLG_20240102T030046,NASA/HLS/HLSL30/v002,B4,B5,Fmask,EPSG:32650,"[30,0,300000,0,-30,4200000]",false,false,false,false,(NIR-RED)/(NIR+RED); mask denominator=0; keep source masks,dimensionless; no further scale needed,exact_uint8_values_in_Float32,-9999,Float32,1.0
NC_ROT,2024-01,2024-01-01,2024-02-01,NC_ROT_HLS_2024-01_g1_NDVI_FMASK_v1.tif,2,s0000_L30_20240102T030046000_FMASK,FMASK,2024-01-02T03:00:46.000Z,1704164446000,L30,NASA/HLS/HLSL30/v002/T50SLG_20240102T030046,NASA/HLS/HLSL30/v002,B4,B5,Fmask,EPSG:32650,"[30,0,300000,0,-30,4200000]",false,false,false,false,(NIR-RED)/(NIR+RED); mask denominator=0; keep source masks,dimensionless; no further scale needed,exact_uint8_values_in_Float32,-9999,Float32,1.0
NC_ROT,2024-01,2024-01-01,2024-02-01,NC_ROT_HLS_2024-01_g1_NDVI_FMASK_v1.tif,3,s0001_S30_20240102T031131000_NDVI,NDVI,2024-01-02T03:11:31.000Z,1704165091000,S30,NASA/HLS/HLSS30/v002/T50SLG_20240102T031131,NASA/HLS/HLSS30/v002,B4,B8A,Fmask,EPSG:32650,"[30,0,300000,0,-30,4200000]",false,false,false,false,(NIR-RED)/(NIR+RED); mask denominator=0; keep source masks,dimensionless; no further scale needed,exact_uint8_values_in_Float32,-9999,Float32,1.0
NC_ROT,2024-01,2024-01-01,2024-02-01,NC_ROT_HLS_2024-01_g1_NDVI_FMASK_v1.tif,4,s0001_S30_20240102T031131000_FMASK,FMASK,2024-01-02T03:11:31.000Z,1704165091000,S30,NASA/HLS/HLSS30/v002/T50SLG_20240102T031131,NASA/HLS/HLSS30/v002,B4,B8A,Fmask,EPSG:32650,"[30,0,300000,0,-30,4200000]",false,false,false,false,(NIR-RED)/(NIR+RED); mask denominator=0; keep source masks,dimensionless; no further scale needed,exact_uint8_values_in_Float32,-9999,Float32,1.0
NC_ROT,2024-01,2024-01-01,2024-02-01,NC_ROT_HLS_2024-01_g1_NDVI_FMASK_v1.tif,5,s0002_L30_20240103T025424000_NDVI,NDVI,2024-01-03T02:54:24.000Z,1704250464000,L30,NASA/HLS/HLSL30/v002/T50SLG_20240103T025424,NASA/HLS/HLSL30/v002,B4,B5,Fmask,EPSG:32650,"[30,0,300000,0,-30,4200000]",false,false,false,false,(NIR-RED)/(NIR+RED); mask denominator=0; keep source masks,dimensionless; no further scale needed,exact_uint8_values_in_Float32,-9999,Float32,1.0
NC_ROT,2024-01,2024-01-01,2024-02-01,NC_ROT_HLS_2024-01_g1_NDVI_FMASK_v1.tif,6,s0002_L30_20240103T025424000_FMASK,FMASK,2024-01-03T02:54:24.000Z,1704250464000,L30,NASA/HLS/HLSL30/v002/T50SLG_20240103T025424,NASA/HLS/HLSL30/v002,B4,B5,Fmask,EPSG:32650,"[30,0,300000,0,-30,4200000]",false,false,false,false,(NIR-RED)/(NIR+RED); mask denominator=0; keep source masks,dimensionless; no further scale needed,exact_uint8_values_in_Float32,-9999,Float32,1.0
NC_ROT,2024-01,2024-01-01,2024-02-01,NC_ROT_HLS_2024-01_g1_NDVI_FMASK_v1.tif,7,s0003_S30_20240107T031119000_NDVI,NDVI,2024-01-07T03:11:19.000Z,1704597079000,S30,NASA/HLS/HLSS30/v002/T50SLG_20240107T031119,NASA/HLS/HLSS30/v002,B4,B8A,Fmask,EPSG:32650,"[30,0,300000,0,-30,4200000]",false,false,false,false,(NIR-RED)/(NIR+RED); mask denominator=0; keep source masks,dimensionless; no further scale needed,exact_uint8_values_in_Float32,-9999,Float32,1.0
NC_ROT,2024-01,2024-01-01,2024-02-01,NC_ROT_HLS_2024-01_g1_NDVI_FMASK_v1.tif,8,s0003_S30_20240107T031119000_FMASK,FMASK,2024-01-07T03:11:19.000Z,1704597079000,S30,NASA/HLS/HLSS30/v002/T50SLG_20240107T031119,NASA/HLS/HLSS30/v002,B4,B8A,Fmask,EPSG:32650,"[30,0,300000,0,-30,4200000]",false,false,false,false,(NIR-RED)/(NIR+RED); mask denominator=0; keep source masks,dimensionless; no further scale needed,exact_uint8_values_in_Float32,-9999,Float32,1.0
NC_ROT,2024-01,2024-01-01,2024-02-01,NC_ROT_HLS_2024-01_g1_NDVI_FMASK_v1.tif,9,s0004_L30_20240110T030036000_NDVI,NDVI,2024-01-10T03:00:36.000Z,1704855636000,L30,NASA/HLS/HLSL30/v002/T50SLG_20240110T030036,NASA/HLS/HLSL30/v002,B4,B5,Fmask,EPSG:32650,"[30,0,300000,0,-30,4200000]",false,false,false,false,(NIR-RED)/(NIR+RED); mask denominator=0; keep source masks,dimensionless; no further scale needed,exact_uint8_values_in_Float32,-9999,Float32,1.0
NC_ROT,2024-01,2024-01-01,2024-02-01,NC_ROT_HLS_2024-01_g1_NDVI_FMASK_v1.tif,10,s0004_L30_20240110T030036000_FMASK,FMASK,2024-01-10T03:00:36.000Z,1704855636000,L30,NASA/HLS/HLSL30/v002/T50SLG_20240110T030036,NASA/HLS/HLSL30/v002,B4,B5,Fmask,EPSG:32650,"[30,0,300000,0,-30,4200000]",false,false,false,false,(NIR-RED)/(NIR+RED); mask denominator=0; keep source masks,dimensionless; no further scale needed,exact_uint8_values_in_Float32,-9999,Float32,1.0
NC_ROT,2024-01,2024-01-01,2024-02-01,NC_ROT_HLS_2024-01_g1_NDVI_FMASK_v1.tif,11,s0005_L30_20240111T025435000_NDVI,NDVI,2024-01-11T02:54:35.000Z,1704941675000,L30,NASA/HLS/HLSL30/v002/T50SLG_20240111T025435,NASA/HLS/HLSL30/v002,B4,B5,Fmask,EPSG:32650,"[30,0,300000,0,-30,4200000]",false,false,false,false,(NIR-RED)/(NIR+RED); mask denominator=0; keep source masks,dimensionless; no further scale needed,exact_uint8_values_in_Float32,-9999,Float32,1.0
NC_ROT,2024-01,2024-01-01,2024-02-01,NC_ROT_HLS_2024-01_g1_NDVI_FMASK_v1.tif,12,s0005_L30_20240111T025435000_FMASK,FMASK,2024-01-11T02:54:35.000Z,1704941675000,L30,NASA/HLS/HLSL30/v002/T50SLG_20240111T025435,NASA/HLS/HLSL30/v002,B4,B5,Fmask,EPSG:32650,"[30,0,300000,0,-30,4200000]",false,false,false,false,(NIR-RED)/(NIR+RED); mask denominator=0; keep source masks,dimensionless; no further scale needed,exact_uint8_values_in_Float32,-9999,Float32,1.0
NC_ROT,2024-01,2024-01-01,2024-02-01,NC_ROT_HLS_2024-01_g1_NDVI_FMASK_v1.tif,13,s0006_S30_20240112T031101000_NDVI,NDVI,2024-01-12T03:11:01.000Z,1705029061000,S30,NASA/HLS/HLSS30/v002/T50SLG_20240112T031101,NASA/HLS/HLSS30/v002,B4,B8A,Fmask,EPSG:32650,"[30,0,300000,0,-30,4200000]",false,false,false,false,(NIR-RED)/(NIR+RED); mask denominator=0; keep source masks,dimensionless; no further scale needed,exact_uint8_values_in_Float32,-9999,Float32,1.0
NC_ROT,2024-01,2024-01-01,2024-02-01,NC_ROT_HLS_2024-01_g1_NDVI_FMASK_v1.tif,14,s0006_S30_20240112T031101000_FMASK,FMASK,2024-01-12T03:11:01.000Z,1705029061000,S30,NASA/HLS/HLSS30/v002/T50SLG_20240112T031101,NASA/HLS/HLSS30/v002,B4,B8A,Fmask,EPSG:32650,"[30,0,300000,0,-30,4200000]",false,false,false,false,(NIR-RED)/(NIR+RED); mask denominator=0; keep source masks,dimensionless; no further scale needed,exact_uint8_values_in_Float32,-9999,Float32,1.0
NC_ROT,2024-01,2024-01-01,2024-02-01,NC_ROT_HLS_2024-01_g1_NDVI_FMASK_v1.tif,15,s0007_L30_20240118T030046000_NDVI,NDVI,2024-01-18T03:00:46.000Z,1705546846000,L30,NASA/HLS/HLSL30/v002/T50SLG_20240118T030046,NASA/HLS/HLSL30/v002,B4,B5,Fmask,EPSG:32650,"[30,0,300000,0,-30,4200000]",false,false,false,false,(NIR-RED)/(NIR+RED); mask denominator=0; keep source masks,dimensionless; no further scale needed,exact_uint8_values_in_Float32,-9999,Float32,1.0
NC_ROT,2024-01,2024-01-01,2024-02-01,NC_ROT_HLS_2024-01_g1_NDVI_FMASK_v1.tif,16,s0007_L30_20240118T030046000_FMASK,FMASK,2024-01-18T03:00:46.000Z,1705546846000,L30,NASA/HLS/HLSL30/v002/T50SLG_20240118T030046,NASA/HLS/HLSL30/v002,B4,B5,Fmask,EPSG:32650,"[30,0,300000,0,-30,4200000]",false,false,false,false,(NIR-RED)/(NIR+RED); mask denominator=0; keep source masks,dimensionless; no further scale needed,exact_uint8_values_in_Float32,-9999,Float32,1.0
NC_ROT,2024-01,2024-01-01,2024-02-01,NC_ROT_HLS_2024-01_g1_NDVI_FMASK_v1.tif,17,s0008_L30_20240119T025425000_NDVI,NDVI,2024-01-19T02:54:25.000Z,1705632865000,L30,NASA/HLS/HLSL30/v002/T50SLG_20240119T025425,NASA/HLS/HLSL30/v002,B4,B5,Fmask,EPSG:32650,"[30,0,300000,0,-30,4200000]",false,false,false,false,(NIR-RED)/(NIR+RED); mask denominator=0; keep source masks,dimensionless; no further scale needed,exact_uint8_values_in_Float32,-9999,Float32,1.0
NC_ROT,2024-01,2024-01-01,2024-02-01,NC_ROT_HLS_2024-01_g1_NDVI_FMASK_v1.tif,18,s0008_L30_20240119T025425000_FMASK,FMASK,2024-01-19T02:54:25.000Z,1705632865000,L30,NASA/HLS/HLSL30/v002/T50SLG_20240119T025425,NASA/HLS/HLSL30/v002,B4,B5,Fmask,EPSG:32650,"[30,0,300000,0,-30,4200000]",false,false,false,false,(NIR-RED)/(NIR+RED); mask denominator=0; keep source masks,dimensionless; no further scale needed,exact_uint8_values_in_Float32,-9999,Float32,1.0
NC_ROT,2024-01,2024-01-01,2024-02-01,NC_ROT_HLS_2024-01_g1_NDVI_FMASK_v1.tif,19,s0009_S30_20240122T031021000_NDVI,NDVI,2024-01-22T03:10:21.000Z,1705893021000,S30,NASA/HLS/HLSS30/v002/T50SLG_20240122T031021,NASA/HLS/HLSS30/v002,B4,B8A,Fmask,EPSG:32650,"[30,0,300000,0,-30,4200000]",false,false,false,false,(NIR-RED)/(NIR+RED); mask denominator=0; keep source masks,dimensionless; no further scale needed,exact_uint8_values_in_Float32,-9999,Float32,1.0
NC_ROT,2024-01,2024-01-01,2024-02-01,NC_ROT_HLS_2024-01_g1_NDVI_FMASK_v1.tif,20,s0009_S30_20240122T031021000_FMASK,FMASK,2024-01-22T03:10:21.000Z,1705893021000,S30,NASA/HLS/HLSS30/v002/T50SLG_20240122T031021,NASA/HLS/HLSS30/v002,B4,B8A,Fmask,EPSG:32650,"[30,0,300000,0,-30,4200000]",false,false,false,false,(NIR-RED)/(NIR+RED); mask denominator=0; keep source masks,dimensionless; no further scale needed,exact_uint8_values_in_Float32,-9999,Float32,1.0
NC_ROT,2024-01,2024-01-01,2024-02-01,NC_ROT_HLS_2024-01_g1_NDVI_FMASK_v1.tif,21,s0010_L30_20240126T030029000_NDVI,NDVI,2024-01-26T03:00:29.000Z,1706238029000,L30,NASA/HLS/HLSL30/v002/T50SLG_20240126T030029,NASA/HLS/HLSL30/v002,B4,B5,Fmask,EPSG:32650,"[30,0,300000,0,-30,4200000]",false,false,false,false,(NIR-RED)/(NIR+RED); mask denominator=0; keep source masks,dimensionless; no further scale needed,exact_uint8_values_in_Float32,-9999,Float32,1.0
NC_ROT,2024-01,2024-01-01,2024-02-01,NC_ROT_HLS_2024-01_g1_NDVI_FMASK_v1.tif,22,s0010_L30_20240126T030029000_FMASK,FMASK,2024-01-26T03:00:29.000Z,1706238029000,L30,NASA/HLS/HLSL30/v002/T50SLG_20240126T030029,NASA/HLS/HLSL30/v002,B4,B5,Fmask,EPSG:32650,"[30,0,300000,0,-30,4200000]",false,false,false,false,(NIR-RED)/(NIR+RED); mask denominator=0; keep source masks,dimensionless; no further scale needed,exact_uint8_values_in_Float32,-9999,Float32,1.0
NC_ROT,2024-01,2024-01-01,2024-02-01,NC_ROT_HLS_2024-01_g1_NDVI_FMASK_v1.tif,23,s0011_L30_20240127T025433000_NDVI,NDVI,2024-01-27T02:54:33.000Z,1706324073000,L30,NASA/HLS/HLSL30/v002/T50SLG_20240127T025433,NASA/HLS/HLSL30/v002,B4,B5,Fmask,EPSG:32650,"[30,0,300000,0,-30,4200000]",false,false,false,false,(NIR-RED)/(NIR+RED); mask denominator=0; keep source masks,dimensionless; no further scale needed,exact_uint8_values_in_Float32,-9999,Float32,1.0
NC_ROT,2024-01,2024-01-01,2024-02-01,NC_ROT_HLS_2024-01_g1_NDVI_FMASK_v1.tif,24,s0011_L30_20240127T025433000_FMASK,FMASK,2024-01-27T02:54:33.000Z,1706324073000,L30,NASA/HLS/HLSL30/v002/T50SLG_20240127T025433,NASA/HLS/HLSL30/v002,B4,B5,Fmask,EPSG:32650,"[30,0,300000,0,-30,4200000]",false,false,false,false,(NIR-RED)/(NIR+RED); mask denominator=0; keep source masks,dimensionless; no further scale needed,exact_uint8_values_in_Float32,-9999,Float32,1.0
NC_ROT,2024-01,2024-01-01,2024-02-01,NC_ROT_HLS_2024-01_g1_NDVI_FMASK_v1.tif,25,s0012_S30_20240127T031009000_NDVI,NDVI,2024-01-27T03:10:09.000Z,1706325009000,S30,NASA/HLS/HLSS30/v002/T50SLG_20240127T031009,NASA/HLS/HLSS30/v002,B4,B8A,Fmask,EPSG:32650,"[30,0,300000,0,-30,4200000]",false,false,false,false,(NIR-RED)/(NIR+RED); mask denominator=0; keep source masks,dimensionless; no further scale needed,exact_uint8_values_in_Float32,-9999,Float32,1.0
NC_ROT,2024-01,2024-01-01,2024-02-01,NC_ROT_HLS_2024-01_g1_NDVI_FMASK_v1.tif,26,s0012_S30_20240127T031009000_FMASK,FMASK,2024-01-27T03:10:09.000Z,1706325009000,S30,NASA/HLS/HLSS30/v002/T50SLG_20240127T031009,NASA/HLS/HLSS30/v002,B4,B8A,Fmask,EPSG:32650,"[30,0,300000,0,-30,4200000]",false,false,false,false,(NIR-RED)/(NIR+RED); mask denominator=0; keep source masks,dimensionless; no further scale needed,exact_uint8_values_in_Float32,-9999,Float32,1.0
NC_ROT,2024-02,2024-02-01,2024-03-01,NC_ROT_HLS_2024-02_g1_NDVI_FMASK_v1.tif,1,s0000_S30_20240201T030941000_NDVI,NDVI,2024-02-01T03:09:41.000Z,1706756981000,S30,NASA/HLS/HLSS30/v002/T50SLG_20240201T030941,NASA/HLS/HLSS30/v002,B4,B8A,Fmask,EPSG:32650,"[30,0,300000,0,-30,4200000]",false,false,false,false,(NIR-RED)/(NIR+RED); mask denominator=0; keep source masks,dimensionless; no further scale needed,exact_uint8_values_in_Float32,-9999,Float32,1.0
NC_ROT,2024-02,2024-02-01,2024-03-01,NC_ROT_HLS_2024-02_g1_NDVI_FMASK_v1.tif,2,s0000_S30_20240201T030941000_FMASK,FMASK,2024-02-01T03:09:41.000Z,1706756981000,S30,NASA/HLS/HLSS30/v002/T50SLG_20240201T030941,NASA/HLS/HLSS30/v002,B4,B8A,Fmask,EPSG:32650,"[30,0,300000,0,-30,4200000]",false,false,false,false,(NIR-RED)/(NIR+RED); mask denominator=0; keep source masks,dimensionless; no further scale needed,exact_uint8_values_in_Float32,-9999,Float32,1.0
NC_ROT,2024-02,2024-02-01,2024-03-01,NC_ROT_HLS_2024-02_g1_NDVI_FMASK_v1.tif,3,s0001_L30_20240203T030048000_NDVI,NDVI,2024-02-03T03:00:48.000Z,1706929248000,L30,NASA/HLS/HLSL30/v002/T50SLG_20240203T030048,NASA/HLS/HLSL30/v002,B4,B5,Fmask,EPSG:32650,"[30,0,300000,0,-30,4200000]",false,false,false,false,(NIR-RED)/(NIR+RED); mask denominator=0; keep source masks,dimensionless; no further scale needed,exact_uint8_values_in_Float32,-9999,Float32,1.0
NC_ROT,2024-02,2024-02-01,2024-03-01,NC_ROT_HLS_2024-02_g1_NDVI_FMASK_v1.tif,4,s0001_L30_20240203T030048000_FMASK,FMASK,2024-02-03T03:00:48.000Z,1706929248000,L30,NASA/HLS/HLSL30/v002/T50SLG_20240203T030048,NASA/HLS/HLSL30/v002,B4,B5,Fmask,EPSG:32650,"[30,0,300000,0,-30,4200000]",false,false,false,false,(NIR-RED)/(NIR+RED); mask denominator=0; keep source masks,dimensionless; no further scale needed,exact_uint8_values_in_Float32,-9999,Float32,1.0
NC_ROT,2024-02,2024-02-01,2024-03-01,NC_ROT_HLS_2024-02_g1_NDVI_FMASK_v1.tif,5,s0002_S30_20240206T030919000_NDVI,NDVI,2024-02-06T03:09:19.000Z,1707188959000,S30,NASA/HLS/HLSS30/v002/T50SLG_20240206T030919,NASA/HLS/HLSS30/v002,B4,B8A,Fmask,EPSG:32650,"[30,0,300000,0,-30,4200000]",false,false,false,false,(NIR-RED)/(NIR+RED); mask denominator=0; keep source masks,dimensionless; no further scale needed,exact_uint8_values_in_Float32,-9999,Float32,1.0
NC_ROT,2024-02,2024-02-01,2024-03-01,NC_ROT_HLS_2024-02_g1_NDVI_FMASK_v1.tif,6,s0002_S30_20240206T030919000_FMASK,FMASK,2024-02-06T03:09:19.000Z,1707188959000,S30,NASA/HLS/HLSS30/v002/T50SLG_20240206T030919,NASA/HLS/HLSS30/v002,B4,B8A,Fmask,EPSG:32650,"[30,0,300000,0,-30,4200000]",false,false,false,false,(NIR-RED)/(NIR+RED); mask denominator=0; keep source masks,dimensionless; no further scale needed,exact_uint8_values_in_Float32,-9999,Float32,1.0
NC_ROT,2024-02,2024-02-01,2024-03-01,NC_ROT_HLS_2024-02_g1_NDVI_FMASK_v1.tif,7,s0003_L30_20240211T030035000_NDVI,NDVI,2024-02-11T03:00:35.000Z,1707620435000,L30,NASA/HLS/HLSL30/v002/T50SLG_20240211T030035,NASA/HLS/HLSL30/v002,B4,B5,Fmask,EPSG:32650,"[30,0,300000,0,-30,4200000]",false,false,false,false,(NIR-RED)/(NIR+RED); mask denominator=0; keep source masks,dimensionless; no further scale needed,exact_uint8_values_in_Float32,-9999,Float32,1.0
NC_ROT,2024-02,2024-02-01,2024-03-01,NC_ROT_HLS_2024-02_g1_NDVI_FMASK_v1.tif,8,s0003_L30_20240211T030035000_FMASK,FMASK,2024-02-11T03:00:35.000Z,1707620435000,L30,NASA/HLS/HLSL30/v002/T50SLG_20240211T030035,NASA/HLS/HLSL30/v002,B4,B5,Fmask,EPSG:32650,"[30,0,300000,0,-30,4200000]",false,false,false,false,(NIR-RED)/(NIR+RED); mask denominator=0; keep source masks,dimensionless; no further scale needed,exact_uint8_values_in_Float32,-9999,Float32,1.0
NC_ROT,2024-02,2024-02-01,2024-03-01,NC_ROT_HLS_2024-02_g1_NDVI_FMASK_v1.tif,9,s0004_S30_20240211T030851000_NDVI,NDVI,2024-02-11T03:08:51.000Z,1707620931000,S30,NASA/HLS/HLSS30/v002/T50SLG_20240211T030851,NASA/HLS/HLSS30/v002,B4,B8A,Fmask,EPSG:32650,"[30,0,300000,0,-30,4200000]",false,false,false,false,(NIR-RED)/(NIR+RED); mask denominator=0; keep source masks,dimensionless; no further scale needed,exact_uint8_values_in_Float32,-9999,Float32,1.0
NC_ROT,2024-02,2024-02-01,2024-03-01,NC_ROT_HLS_2024-02_g1_NDVI_FMASK_v1.tif,10,s0004_S30_20240211T030851000_FMASK,FMASK,2024-02-11T03:08:51.000Z,1707620931000,S30,NASA/HLS/HLSS30/v002/T50SLG_20240211T030851,NASA/HLS/HLSS30/v002,B4,B8A,Fmask,EPSG:32650,"[30,0,300000,0,-30,4200000]",false,false,false,false,(NIR-RED)/(NIR+RED); mask denominator=0; keep source masks,dimensionless; no further scale needed,exact_uint8_values_in_Float32,-9999,Float32,1.0
NC_ROT,2024-02,2024-02-01,2024-03-01,NC_ROT_HLS_2024-02_g1_NDVI_FMASK_v1.tif,11,s0005_L30_20240212T025436000_NDVI,NDVI,2024-02-12T02:54:36.000Z,1707706476000,L30,NASA/HLS/HLSL30/v002/T50SLG_20240212T025436,NASA/HLS/HLSL30/v002,B4,B5,Fmask,EPSG:32650,"[30,0,300000,0,-30,4200000]",false,false,false,false,(NIR-RED)/(NIR+RED); mask denominator=0; keep source masks,dimensionless; no further scale needed,exact_uint8_values_in_Float32,-9999,Float32,1.0
NC_ROT,2024-02,2024-02-01,2024-03-01,NC_ROT_HLS_2024-02_g1_NDVI_FMASK_v1.tif,12,s0005_L30_20240212T025436000_FMASK,FMASK,2024-02-12T02:54:36.000Z,1707706476000,L30,NASA/HLS/HLSL30/v002/T50SLG_20240212T025436,NASA/HLS/HLSL30/v002,B4,B5,Fmask,EPSG:32650,"[30,0,300000,0,-30,4200000]",false,false,false,false,(NIR-RED)/(NIR+RED); mask denominator=0; keep source masks,dimensionless; no further scale needed,exact_uint8_values_in_Float32,-9999,Float32,1.0
NC_ROT,2024-02,2024-02-01,2024-03-01,NC_ROT_HLS_2024-02_g1_NDVI_FMASK_v1.tif,13,s0006_S30_20240216T030819000_NDVI,NDVI,2024-02-16T03:08:19.000Z,1708052899000,S30,NASA/HLS/HLSS30/v002/T50SLG_20240216T030819,NASA/HLS/HLSS30/v002,B4,B8A,Fmask,EPSG:32650,"[30,0,300000,0,-30,4200000]",false,false,false,false,(NIR-RED)/(NIR+RED); mask denominator=0; keep source masks,dimensionless; no further scale needed,exact_uint8_values_in_Float32,-9999,Float32,1.0
NC_ROT,2024-02,2024-02-01,2024-03-01,NC_ROT_HLS_2024-02_g1_NDVI_FMASK_v1.tif,14,s0006_S30_20240216T030819000_FMASK,FMASK,2024-02-16T03:08:19.000Z,1708052899000,S30,NASA/HLS/HLSS30/v002/T50SLG_20240216T030819,NASA/HLS/HLSS30/v002,B4,B8A,Fmask,EPSG:32650,"[30,0,300000,0,-30,4200000]",false,false,false,false,(NIR-RED)/(NIR+RED); mask denominator=0; keep source masks,dimensionless; no further scale needed,exact_uint8_values_in_Float32,-9999,Float32,1.0
NC_ROT,2024-02,2024-02-01,2024-03-01,NC_ROT_HLS_2024-02_g1_NDVI_FMASK_v1.tif,15,s0007_S30_20240226T030709000_NDVI,NDVI,2024-02-26T03:07:09.000Z,1708916829000,S30,NASA/HLS/HLSS30/v002/T50SLG_20240226T030709,NASA/HLS/HLSS30/v002,B4,B8A,Fmask,EPSG:32650,"[30,0,300000,0,-30,4200000]",false,false,false,false,(NIR-RED)/(NIR+RED); mask denominator=0; keep source masks,dimensionless; no further scale needed,exact_uint8_values_in_Float32,-9999,Float32,1.0
NC_ROT,2024-02,2024-02-01,2024-03-01,NC_ROT_HLS_2024-02_g1_NDVI_FMASK_v1.tif,16,s0007_S30_20240226T030709000_FMASK,FMASK,2024-02-26T03:07:09.000Z,1708916829000,S30,NASA/HLS/HLSS30/v002/T50SLG_20240226T030709,NASA/HLS/HLSS30/v002,B4,B8A,Fmask,EPSG:32650,"[30,0,300000,0,-30,4200000]",false,false,false,false,(NIR-RED)/(NIR+RED); mask denominator=0; keep source masks,dimensionless; no further scale needed,exact_uint8_values_in_Float32,-9999,Float32,1.0
NC_ROT,2024-02,2024-02-01,2024-03-01,NC_ROT_HLS_2024-02_g1_NDVI_FMASK_v1.tif,17,s0008_L30_20240227T030030000_NDVI,NDVI,2024-02-27T03:00:30.000Z,1709002830000,L30,NASA/HLS/HLSL30/v002/T50SLG_20240227T030030,NASA/HLS/HLSL30/v002,B4,B5,Fmask,EPSG:32650,"[30,0,300000,0,-30,4200000]",false,false,false,false,(NIR-RED)/(NIR+RED); mask denominator=0; keep source masks,dimensionless; no further scale needed,exact_uint8_values_in_Float32,-9999,Float32,1.0
NC_ROT,2024-02,2024-02-01,2024-03-01,NC_ROT_HLS_2024-02_g1_NDVI_FMASK_v1.tif,18,s0008_L30_20240227T030030000_FMASK,FMASK,2024-02-27T03:00:30.000Z,1709002830000,L30,NASA/HLS/HLSL30/v002/T50SLG_20240227T030030,NASA/HLS/HLSL30/v002,B4,B5,Fmask,EPSG:32650,"[30,0,300000,0,-30,4200000]",false,false,false,false,(NIR-RED)/(NIR+RED); mask denominator=0; keep source masks,dimensionless; no further scale needed,exact_uint8_values_in_Float32,-9999,Float32,1.0
NC_ROT,2024-02,2024-02-01,2024-03-01,NC_ROT_HLS_2024-02_g1_NDVI_FMASK_v1.tif,19,s0009_L30_20240228T025427000_NDVI,NDVI,2024-02-28T02:54:27.000Z,1709088867000,L30,NASA/HLS/HLSL30/v002/T50SLG_20240228T025427,NASA/HLS/HLSL30/v002,B4,B5,Fmask,EPSG:32650,"[30,0,300000,0,-30,4200000]",false,false,false,false,(NIR-RED)/(NIR+RED); mask denominator=0; keep source masks,dimensionless; no further scale needed,exact_uint8_values_in_Float32,-9999,Float32,1.0
NC_ROT,2024-02,2024-02-01,2024-03-01,NC_ROT_HLS_2024-02_g1_NDVI_FMASK_v1.tif,20,s0009_L30_20240228T025427000_FMASK,FMASK,2024-02-28T02:54:27.000Z,1709088867000,L30,NASA/HLS/HLSL30/v002/T50SLG_20240228T025427,NASA/HLS/HLSL30/v002,B4,B5,Fmask,EPSG:32650,"[30,0,300000,0,-30,4200000]",false,false,false,false,(NIR-RED)/(NIR+RED); mask denominator=0; keep source masks,dimensionless; no further scale needed,exact_uint8_values_in_Float32,-9999,Float32,1.0
NC_ROT,2024-03,2024-03-01,2024-04-01,NC_ROT_HLS_2024-03_g1_NDVI_FMASK_v1.tif,1,s0000_S30_20240302T030631000_NDVI,NDVI,2024-03-02T03:06:31.000Z,1709348791000,S30,NASA/HLS/HLSS30/v002/T50SLG_20240302T030631,NASA/HLS/HLSS30/v002,B4,B8A,Fmask,EPSG:32650,"[30,0,300000,0,-30,4200000]",false,false,false,false,(NIR-RED)/(NIR+RED); mask denominator=0; keep source masks,dimensionless; no further scale needed,exact_uint8_values_in_Float32,-9999,Float32,1.0
NC_ROT,2024-03,2024-03-01,2024-04-01,NC_ROT_HLS_2024-03_g1_NDVI_FMASK_v1.tif,2,s0000_S30_20240302T030631000_FMASK,FMASK,2024-03-02T03:06:31.000Z,1709348791000,S30,NASA/HLS/HLSS30/v002/T50SLG_20240302T030631,NASA/HLS/HLSS30/v002,B4,B8A,Fmask,EPSG:32650,"[30,0,300000,0,-30,4200000]",false,false,false,false,(NIR-RED)/(NIR+RED); mask denominator=0; keep source masks,dimensionless; no further scale needed,exact_uint8_values_in_Float32,-9999,Float32,1.0
NC_ROT,2024-03,2024-03-01,2024-04-01,NC_ROT_HLS_2024-03_g1_NDVI_FMASK_v1.tif,3,s0001_L30_20240306T030040000_NDVI,NDVI,2024-03-06T03:00:40.000Z,1709694040000,L30,NASA/HLS/HLSL30/v002/T50SLG_20240306T030040,NASA/HLS/HLSL30/v002,B4,B5,Fmask,EPSG:32650,"[30,0,300000,0,-30,4200000]",false,false,false,false,(NIR-RED)/(NIR+RED); mask denominator=0; keep source masks,dimensionless; no further scale needed,exact_uint8_values_in_Float32,-9999,Float32,1.0
NC_ROT,2024-03,2024-03-01,2024-04-01,NC_ROT_HLS_2024-03_g1_NDVI_FMASK_v1.tif,4,s0001_L30_20240306T030040000_FMASK,FMASK,2024-03-06T03:00:40.000Z,1709694040000,L30,NASA/HLS/HLSL30/v002/T50SLG_20240306T030040,NASA/HLS/HLSL30/v002,B4,B5,Fmask,EPSG:32650,"[30,0,300000,0,-30,4200000]",false,false,false,false,(NIR-RED)/(NIR+RED); mask denominator=0; keep source masks,dimensionless; no further scale needed,exact_uint8_values_in_Float32,-9999,Float32,1.0
NC_ROT,2024-03,2024-03-01,2024-04-01,NC_ROT_HLS_2024-03_g1_NDVI_FMASK_v1.tif,5,s0002_L30_20240307T025410000_NDVI,NDVI,2024-03-07T02:54:10.000Z,1709780050000,L30,NASA/HLS/HLSL30/v002/T50SLG_20240307T025410,NASA/HLS/HLSL30/v002,B4,B5,Fmask,EPSG:32650,"[30,0,300000,0,-30,4200000]",false,false,false,false,(NIR-RED)/(NIR+RED); mask denominator=0; keep source masks,dimensionless; no further scale needed,exact_uint8_values_in_Float32,-9999,Float32,1.0
NC_ROT,2024-03,2024-03-01,2024-04-01,NC_ROT_HLS_2024-03_g1_NDVI_FMASK_v1.tif,6,s0002_L30_20240307T025410000_FMASK,FMASK,2024-03-07T02:54:10.000Z,1709780050000,L30,NASA/HLS/HLSL30/v002/T50SLG_20240307T025410,NASA/HLS/HLSL30/v002,B4,B5,Fmask,EPSG:32650,"[30,0,300000,0,-30,4200000]",false,false,false,false,(NIR-RED)/(NIR+RED); mask denominator=0; keep source masks,dimensionless; no further scale needed,exact_uint8_values_in_Float32,-9999,Float32,1.0
NC_ROT,2024-03,2024-03-01,2024-04-01,NC_ROT_HLS_2024-03_g1_NDVI_FMASK_v1.tif,7,s0003_S30_20240307T030549000_NDVI,NDVI,2024-03-07T03:05:49.000Z,1709780749000,S30,NASA/HLS/HLSS30/v002/T50SLG_20240307T030549,NASA/HLS/HLSS30/v002,B4,B8A,Fmask,EPSG:32650,"[30,0,300000,0,-30,4200000]",false,false,false,false,(NIR-RED)/(NIR+RED); mask denominator=0; keep source masks,dimensionless; no further scale needed,exact_uint8_values_in_Float32,-9999,Float32,1.0
NC_ROT,2024-03,2024-03-01,2024-04-01,NC_ROT_HLS_2024-03_g1_NDVI_FMASK_v1.tif,8,s0003_S30_20240307T030549000_FMASK,FMASK,2024-03-07T03:05:49.000Z,1709780749000,S30,NASA/HLS/HLSS30/v002/T50SLG_20240307T030549,NASA/HLS/HLSS30/v002,B4,B8A,Fmask,EPSG:32650,"[30,0,300000,0,-30,4200000]",false,false,false,false,(NIR-RED)/(NIR+RED); mask denominator=0; keep source masks,dimensionless; no further scale needed,exact_uint8_values_in_Float32,-9999,Float32,1.0
NC_ROT,2024-03,2024-03-01,2024-04-01,NC_ROT_HLS_2024-03_g1_NDVI_FMASK_v1.tif,9,s0004_S30_20240312T030521000_NDVI,NDVI,2024-03-12T03:05:21.000Z,1710212721000,S30,NASA/HLS/HLSS30/v002/T50SLG_20240312T030521,NASA/HLS/HLSS30/v002,B4,B8A,Fmask,EPSG:32650,"[30,0,300000,0,-30,4200000]",false,false,false,false,(NIR-RED)/(NIR+RED); mask denominator=0; keep source masks,dimensionless; no further scale needed,exact_uint8_values_in_Float32,-9999,Float32,1.0
NC_ROT,2024-03,2024-03-01,2024-04-01,NC_ROT_HLS_2024-03_g1_NDVI_FMASK_v1.tif,10,s0004_S30_20240312T030521000_FMASK,FMASK,2024-03-12T03:05:21.000Z,1710212721000,S30,NASA/HLS/HLSS30/v002/T50SLG_20240312T030521,NASA/HLS/HLSS30/v002,B4,B8A,Fmask,EPSG:32650,"[30,0,300000,0,-30,4200000]",false,false,false,false,(NIR-RED)/(NIR+RED); mask denominator=0; keep source masks,dimensionless; no further scale needed,exact_uint8_values_in_Float32,-9999,Float32,1.0
NC_ROT,2024-03,2024-03-01,2024-04-01,NC_ROT_HLS_2024-03_g1_NDVI_FMASK_v1.tif,11,s0005_L30_20240314T030019000_NDVI,NDVI,2024-03-14T03:00:19.000Z,1710385219000,L30,NASA/HLS/HLSL30/v002/T50SLG_20240314T030019,NASA/HLS/HLSL30/v002,B4,B5,Fmask,EPSG:32650,"[30,0,300000,0,-30,4200000]",false,false,false,false,(NIR-RED)/(NIR+RED); mask denominator=0; keep source masks,dimensionless; no further scale needed,exact_uint8_values_in_Float32,-9999,Float32,1.0
NC_ROT,2024-03,2024-03-01,2024-04-01,NC_ROT_HLS_2024-03_g1_NDVI_FMASK_v1.tif,12,s0005_L30_20240314T030019000_FMASK,FMASK,2024-03-14T03:00:19.000Z,1710385219000,L30,NASA/HLS/HLSL30/v002/T50SLG_20240314T030019,NASA/HLS/HLSL30/v002,B4,B5,Fmask,EPSG:32650,"[30,0,300000,0,-30,4200000]",false,false,false,false,(NIR-RED)/(NIR+RED); mask denominator=0; keep source masks,dimensionless; no further scale needed,exact_uint8_values_in_Float32,-9999,Float32,1.0
NC_ROT,2024-03,2024-03-01,2024-04-01,NC_ROT_HLS_2024-03_g1_NDVI_FMASK_v1.tif,13,s0006_L30_20240315T025428000_NDVI,NDVI,2024-03-15T02:54:28.000Z,1710471268000,L30,NASA/HLS/HLSL30/v002/T50SLG_20240315T025428,NASA/HLS/HLSL30/v002,B4,B5,Fmask,EPSG:32650,"[30,0,300000,0,-30,4200000]",false,false,false,false,(NIR-RED)/(NIR+RED); mask denominator=0; keep source masks,dimensionless; no further scale needed,exact_uint8_values_in_Float32,-9999,Float32,1.0
NC_ROT,2024-03,2024-03-01,2024-04-01,NC_ROT_HLS_2024-03_g1_NDVI_FMASK_v1.tif,14,s0006_L30_20240315T025428000_FMASK,FMASK,2024-03-15T02:54:28.000Z,1710471268000,L30,NASA/HLS/HLSL30/v002/T50SLG_20240315T025428,NASA/HLS/HLSL30/v002,B4,B5,Fmask,EPSG:32650,"[30,0,300000,0,-30,4200000]",false,false,false,false,(NIR-RED)/(NIR+RED); mask denominator=0; keep source masks,dimensionless; no further scale needed,exact_uint8_values_in_Float32,-9999,Float32,1.0
NC_ROT,2024-03,2024-03-01,2024-04-01,NC_ROT_HLS_2024-03_g1_NDVI_FMASK_v1.tif,15,s0007_S30_20240317T030519000_NDVI,NDVI,2024-03-17T03:05:19.000Z,1710644719000,S30,NASA/HLS/HLSS30/v002/T50SLG_20240317T030519,NASA/HLS/HLSS30/v002,B4,B8A,Fmask,EPSG:32650,"[30,0,300000,0,-30,4200000]",false,false,false,false,(NIR-RED)/(NIR+RED); mask denominator=0; keep source masks,dimensionless; no further scale needed,exact_uint8_values_in_Float32,-9999,Float32,1.0
NC_ROT,2024-03,2024-03-01,2024-04-01,NC_ROT_HLS_2024-03_g1_NDVI_FMASK_v1.tif,16,s0007_S30_20240317T030519000_FMASK,FMASK,2024-03-17T03:05:19.000Z,1710644719000,S30,NASA/HLS/HLSS30/v002/T50SLG_20240317T030519,NASA/HLS/HLSS30/v002,B4,B8A,Fmask,EPSG:32650,"[30,0,300000,0,-30,4200000]",false,false,false,false,(NIR-RED)/(NIR+RED); mask denominator=0; keep source masks,dimensionless; no further scale needed,exact_uint8_values_in_Float32,-9999,Float32,1.0
NC_ROT,2024-03,2024-03-01,2024-04-01,NC_ROT_HLS_2024-03_g1_NDVI_FMASK_v1.tif,17,s0008_L30_20240322T030037000_NDVI,NDVI,2024-03-22T03:00:37.000Z,1711076437000,L30,NASA/HLS/HLSL30/v002/T50SLG_20240322T030037,NASA/HLS/HLSL30/v002,B4,B5,Fmask,EPSG:32650,"[30,0,300000,0,-30,4200000]",false,false,false,false,(NIR-RED)/(NIR+RED); mask denominator=0; keep source masks,dimensionless; no further scale needed,exact_uint8_values_in_Float32,-9999,Float32,1.0
NC_ROT,2024-03,2024-03-01,2024-04-01,NC_ROT_HLS_2024-03_g1_NDVI_FMASK_v1.tif,18,s0008_L30_20240322T030037000_FMASK,FMASK,2024-03-22T03:00:37.000Z,1711076437000,L30,NASA/HLS/HLSL30/v002/T50SLG_20240322T030037,NASA/HLS/HLSL30/v002,B4,B5,Fmask,EPSG:32650,"[30,0,300000,0,-30,4200000]",false,false,false,false,(NIR-RED)/(NIR+RED); mask denominator=0; keep source masks,dimensionless; no further scale needed,exact_uint8_values_in_Float32,-9999,Float32,1.0
NC_ROT,2024-03,2024-03-01,2024-04-01,NC_ROT_HLS_2024-03_g1_NDVI_FMASK_v1.tif,19,s0009_S30_20240322T030521000_NDVI,NDVI,2024-03-22T03:05:21.000Z,1711076721000,S30,NASA/HLS/HLSS30/v002/T50SLG_20240322T030521,NASA/HLS/HLSS30/v002,B4,B8A,Fmask,EPSG:32650,"[30,0,300000,0,-30,4200000]",false,false,false,false,(NIR-RED)/(NIR+RED); mask denominator=0; keep source masks,dimensionless; no further scale needed,exact_uint8_values_in_Float32,-9999,Float32,1.0
NC_ROT,2024-03,2024-03-01,2024-04-01,NC_ROT_HLS_2024-03_g1_NDVI_FMASK_v1.tif,20,s0009_S30_20240322T030521000_FMASK,FMASK,2024-03-22T03:05:21.000Z,1711076721000,S30,NASA/HLS/HLSS30/v002/T50SLG_20240322T030521,NASA/HLS/HLSS30/v002,B4,B8A,Fmask,EPSG:32650,"[30,0,300000,0,-30,4200000]",false,false,false,false,(NIR-RED)/(NIR+RED); mask denominator=0; keep source masks,dimensionless; no further scale needed,exact_uint8_values_in_Float32,-9999,Float32,1.0
NC_ROT,2024-03,2024-03-01,2024-04-01,NC_ROT_HLS_2024-03_g1_NDVI_FMASK_v1.tif,21,s0010_L30_20240323T025401000_NDVI,NDVI,2024-03-23T02:54:01.000Z,1711162441000,L30,NASA/HLS/HLSL30/v002/T50SLG_20240323T025401,NASA/HLS/HLSL30/v002,B4,B5,Fmask,EPSG:32650,"[30,0,300000,0,-30,4200000]",false,false,false,false,(NIR-RED)/(NIR+RED); mask denominator=0; keep source masks,dimensionless; no further scale needed,exact_uint8_values_in_Float32,-9999,Float32,1.0
NC_ROT,2024-03,2024-03-01,2024-04-01,NC_ROT_HLS_2024-03_g1_NDVI_FMASK_v1.tif,22,s0010_L30_20240323T025401000_FMASK,FMASK,2024-03-23T02:54:01.000Z,1711162441000,L30,NASA/HLS/HLSL30/v002/T50SLG_20240323T025401,NASA/HLS/HLSL30/v002,B4,B5,Fmask,EPSG:32650,"[30,0,300000,0,-30,4200000]",false,false,false,false,(NIR-RED)/(NIR+RED); mask denominator=0; keep source masks,dimensionless; no further scale needed,exact_uint8_values_in_Float32,-9999,Float32,1.0
NC_ROT,2024-03,2024-03-01,2024-04-01,NC_ROT_HLS_2024-03_g1_NDVI_FMASK_v1.tif,23,s0011_S30_20240327T030519000_NDVI,NDVI,2024-03-27T03:05:19.000Z,1711508719000,S30,NASA/HLS/HLSS30/v002/T50SLG_20240327T030519,NASA/HLS/HLSS30/v002,B4,B8A,Fmask,EPSG:32650,"[30,0,300000,0,-30,4200000]",false,false,false,false,(NIR-RED)/(NIR+RED); mask denominator=0; keep source masks,dimensionless; no further scale needed,exact_uint8_values_in_Float32,-9999,Float32,1.0
NC_ROT,2024-03,2024-03-01,2024-04-01,NC_ROT_HLS_2024-03_g1_NDVI_FMASK_v1.tif,24,s0011_S30_20240327T030519000_FMASK,FMASK,2024-03-27T03:05:19.000Z,1711508719000,S30,NASA/HLS/HLSS30/v002/T50SLG_20240327T030519,NASA/HLS/HLSS30/v002,B4,B8A,Fmask,EPSG:32650,"[30,0,300000,0,-30,4200000]",false,false,false,false,(NIR-RED)/(NIR+RED); mask denominator=0; keep source masks,dimensionless; no further scale needed,exact_uint8_values_in_Float32,-9999,Float32,1.0
NC_ROT,2024-03,2024-03-01,2024-04-01,NC_ROT_HLS_2024-03_g1_NDVI_FMASK_v1.tif,25,s0012_L30_20240330T030006000_NDVI,NDVI,2024-03-30T03:00:06.000Z,1711767606000,L30,NASA/HLS/HLSL30/v002/T50SLG_20240330T030006,NASA/HLS/HLSL30/v002,B4,B5,Fmask,EPSG:32650,"[30,0,300000,0,-30,4200000]",false,false,false,false,(NIR-RED)/(NIR+RED); mask denominator=0; keep source masks,dimensionless; no further scale needed,exact_uint8_values_in_Float32,-9999,Float32,1.0
NC_ROT,2024-03,2024-03-01,2024-04-01,NC_ROT_HLS_2024-03_g1_NDVI_FMASK_v1.tif,26,s0012_L30_20240330T030006000_FMASK,FMASK,2024-03-30T03:00:06.000Z,1711767606000,L30,NASA/HLS/HLSL30/v002/T50SLG_20240330T030006,NASA/HLS/HLSL30/v002,B4,B5,Fmask,EPSG:32650,"[30,0,300000,0,-30,4200000]",false,false,false,false,(NIR-RED)/(NIR+RED); mask denominator=0; keep source masks,dimensionless; no further scale needed,exact_uint8_values_in_Float32,-9999,Float32,1.0
NC_ROT,2024-03,2024-03-01,2024-04-01,NC_ROT_HLS_2024-03_g1_NDVI_FMASK_v1.tif,27,s0013_L30_20240331T025419000_NDVI,NDVI,2024-03-31T02:54:19.000Z,1711853659000,L30,NASA/HLS/HLSL30/v002/T50SLG_20240331T025419,NASA/HLS/HLSL30/v002,B4,B5,Fmask,EPSG:32650,"[30,0,300000,0,-30,4200000]",false,false,false,false,(NIR-RED)/(NIR+RED); mask denominator=0; keep source masks,dimensionless; no further scale needed,exact_uint8_values_in_Float32,-9999,Float32,1.0
NC_ROT,2024-03,2024-03-01,2024-04-01,NC_ROT_HLS_2024-03_g1_NDVI_FMASK_v1.tif,28,s0013_L30_20240331T025419000_FMASK,FMASK,2024-03-31T02:54:19.000Z,1711853659000,L30,NASA/HLS/HLSL30/v002/T50SLG_20240331T025419,NASA/HLS/HLSL30/v002,B4,B5,Fmask,EPSG:32650,"[30,0,300000,0,-30,4200000]",false,false,false,false,(NIR-RED)/(NIR+RED); mask denominator=0; keep source masks,dimensionless; no further scale needed,exact_uint8_values_in_Float32,-9999,Float32,1.0
NC_ROT,2024-04,2024-04-01,2024-05-01,NC_ROT_HLS_2024-04_g1_NDVI_FMASK_v1.tif,1,s0000_S30_20240406T030519000_NDVI,NDVI,2024-04-06T03:05:19.000Z,1712372719000,S30,NASA/HLS/HLSS30/v002/T50SLG_20240406T030519,NASA/HLS/HLSS30/v002,B4,B8A,Fmask,EPSG:32650,"[30,0,300000,0,-30,4200000]",false,false,false,false,(NIR-RED)/(NIR+RED); mask denominator=0; keep source masks,dimensionless; no further scale needed,exact_uint8_values_in_Float32,-9999,Float32,1.0
NC_ROT,2024-04,2024-04-01,2024-05-01,NC_ROT_HLS_2024-04_g1_NDVI_FMASK_v1.tif,2,s0000_S30_20240406T030519000_FMASK,FMASK,2024-04-06T03:05:19.000Z,1712372719000,S30,NASA/HLS/HLSS30/v002/T50SLG_20240406T030519,NASA/HLS/HLSS30/v002,B4,B8A,Fmask,EPSG:32650,"[30,0,300000,0,-30,4200000]",false,false,false,false,(NIR-RED)/(NIR+RED); mask denominator=0; keep source masks,dimensionless; no further scale needed,exact_uint8_values_in_Float32,-9999,Float32,1.0
NC_ROT,2024-04,2024-04-01,2024-05-01,NC_ROT_HLS_2024-04_g1_NDVI_FMASK_v1.tif,3,s0001_L30_20240407T030028000_NDVI,NDVI,2024-04-07T03:00:28.000Z,1712458828000,L30,NASA/HLS/HLSL30/v002/T50SLG_20240407T030028,NASA/HLS/HLSL30/v002,B4,B5,Fmask,EPSG:32650,"[30,0,300000,0,-30,4200000]",false,false,false,false,(NIR-RED)/(NIR+RED); mask denominator=0; keep source masks,dimensionless; no further scale needed,exact_uint8_values_in_Float32,-9999,Float32,1.0
NC_ROT,2024-04,2024-04-01,2024-05-01,NC_ROT_HLS_2024-04_g1_NDVI_FMASK_v1.tif,4,s0001_L30_20240407T030028000_FMASK,FMASK,2024-04-07T03:00:28.000Z,1712458828000,L30,NASA/HLS/HLSL30/v002/T50SLG_20240407T030028,NASA/HLS/HLSL30/v002,B4,B5,Fmask,EPSG:32650,"[30,0,300000,0,-30,4200000]",false,false,false,false,(NIR-RED)/(NIR+RED); mask denominator=0; keep source masks,dimensionless; no further scale needed,exact_uint8_values_in_Float32,-9999,Float32,1.0
NC_ROT,2024-04,2024-04-01,2024-05-01,NC_ROT_HLS_2024-04_g1_NDVI_FMASK_v1.tif,5,s0002_L30_20240408T025355000_NDVI,NDVI,2024-04-08T02:53:55.000Z,1712544835000,L30,NASA/HLS/HLSL30/v002/T50SLG_20240408T025355,NASA/HLS/HLSL30/v002,B4,B5,Fmask,EPSG:32650,"[30,0,300000,0,-30,4200000]",false,false,false,false,(NIR-RED)/(NIR+RED); mask denominator=0; keep source masks,dimensionless; no further scale needed,exact_uint8_values_in_Float32,-9999,Float32,1.0
NC_ROT,2024-04,2024-04-01,2024-05-01,NC_ROT_HLS_2024-04_g1_NDVI_FMASK_v1.tif,6,s0002_L30_20240408T025355000_FMASK,FMASK,2024-04-08T02:53:55.000Z,1712544835000,L30,NASA/HLS/HLSL30/v002/T50SLG_20240408T025355,NASA/HLS/HLSL30/v002,B4,B5,Fmask,EPSG:32650,"[30,0,300000,0,-30,4200000]",false,false,false,false,(NIR-RED)/(NIR+RED); mask denominator=0; keep source masks,dimensionless; no further scale needed,exact_uint8_values_in_Float32,-9999,Float32,1.0
NC_ROT,2024-04,2024-04-01,2024-05-01,NC_ROT_HLS_2024-04_g1_NDVI_FMASK_v1.tif,7,s0003_S30_20240411T030521000_NDVI,NDVI,2024-04-11T03:05:21.000Z,1712804721000,S30,NASA/HLS/HLSS30/v002/T50SLG_20240411T030521,NASA/HLS/HLSS30/v002,B4,B8A,Fmask,EPSG:32650,"[30,0,300000,0,-30,4200000]",false,false,false,false,(NIR-RED)/(NIR+RED); mask denominator=0; keep source masks,dimensionless; no further scale needed,exact_uint8_values_in_Float32,-9999,Float32,1.0
NC_ROT,2024-04,2024-04-01,2024-05-01,NC_ROT_HLS_2024-04_g1_NDVI_FMASK_v1.tif,8,s0003_S30_20240411T030521000_FMASK,FMASK,2024-04-11T03:05:21.000Z,1712804721000,S30,NASA/HLS/HLSS30/v002/T50SLG_20240411T030521,NASA/HLS/HLSS30/v002,B4,B8A,Fmask,EPSG:32650,"[30,0,300000,0,-30,4200000]",false,false,false,false,(NIR-RED)/(NIR+RED); mask denominator=0; keep source masks,dimensionless; no further scale needed,exact_uint8_values_in_Float32,-9999,Float32,1.0
NC_ROT,2024-04,2024-04-01,2024-05-01,NC_ROT_HLS_2024-04_g1_NDVI_FMASK_v1.tif,9,s0004_L30_20240415T030001000_NDVI,NDVI,2024-04-15T03:00:01.000Z,1713150001000,L30,NASA/HLS/HLSL30/v002/T50SLG_20240415T030001,NASA/HLS/HLSL30/v002,B4,B5,Fmask,EPSG:32650,"[30,0,300000,0,-30,4200000]",false,false,false,false,(NIR-RED)/(NIR+RED); mask denominator=0; keep source masks,dimensionless; no further scale needed,exact_uint8_values_in_Float32,-9999,Float32,1.0
NC_ROT,2024-04,2024-04-01,2024-05-01,NC_ROT_HLS_2024-04_g1_NDVI_FMASK_v1.tif,10,s0004_L30_20240415T030001000_FMASK,FMASK,2024-04-15T03:00:01.000Z,1713150001000,L30,NASA/HLS/HLSL30/v002/T50SLG_20240415T030001,NASA/HLS/HLSL30/v002,B4,B5,Fmask,EPSG:32650,"[30,0,300000,0,-30,4200000]",false,false,false,false,(NIR-RED)/(NIR+RED); mask denominator=0; keep source masks,dimensionless; no further scale needed,exact_uint8_values_in_Float32,-9999,Float32,1.0
NC_ROT,2024-04,2024-04-01,2024-05-01,NC_ROT_HLS_2024-04_g1_NDVI_FMASK_v1.tif,11,s0005_L30_20240416T025411000_NDVI,NDVI,2024-04-16T02:54:11.000Z,1713236051000,L30,NASA/HLS/HLSL30/v002/T50SLG_20240416T025411,NASA/HLS/HLSL30/v002,B4,B5,Fmask,EPSG:32650,"[30,0,300000,0,-30,4200000]",false,false,false,false,(NIR-RED)/(NIR+RED); mask denominator=0; keep source masks,dimensionless; no further scale needed,exact_uint8_values_in_Float32,-9999,Float32,1.0
NC_ROT,2024-04,2024-04-01,2024-05-01,NC_ROT_HLS_2024-04_g1_NDVI_FMASK_v1.tif,12,s0005_L30_20240416T025411000_FMASK,FMASK,2024-04-16T02:54:11.000Z,1713236051000,L30,NASA/HLS/HLSL30/v002/T50SLG_20240416T025411,NASA/HLS/HLSL30/v002,B4,B5,Fmask,EPSG:32650,"[30,0,300000,0,-30,4200000]",false,false,false,false,(NIR-RED)/(NIR+RED); mask denominator=0; keep source masks,dimensionless; no further scale needed,exact_uint8_values_in_Float32,-9999,Float32,1.0
NC_ROT,2024-04,2024-04-01,2024-05-01,NC_ROT_HLS_2024-04_g1_NDVI_FMASK_v1.tif,13,s0006_S30_20240416T030529000_NDVI,NDVI,2024-04-16T03:05:29.000Z,1713236729000,S30,NASA/HLS/HLSS30/v002/T50SLG_20240416T030529,NASA/HLS/HLSS30/v002,B4,B8A,Fmask,EPSG:32650,"[30,0,300000,0,-30,4200000]",false,false,false,false,(NIR-RED)/(NIR+RED); mask denominator=0; keep source masks,dimensionless; no further scale needed,exact_uint8_values_in_Float32,-9999,Float32,1.0
NC_ROT,2024-04,2024-04-01,2024-05-01,NC_ROT_HLS_2024-04_g1_NDVI_FMASK_v1.tif,14,s0006_S30_20240416T030529000_FMASK,FMASK,2024-04-16T03:05:29.000Z,1713236729000,S30,NASA/HLS/HLSS30/v002/T50SLG_20240416T030529,NASA/HLS/HLSS30/v002,B4,B8A,Fmask,EPSG:32650,"[30,0,300000,0,-30,4200000]",false,false,false,false,(NIR-RED)/(NIR+RED); mask denominator=0; keep source masks,dimensionless; no further scale needed,exact_uint8_values_in_Float32,-9999,Float32,1.0
NC_ROT,2024-04,2024-04-01,2024-05-01,NC_ROT_HLS_2024-04_g1_NDVI_FMASK_v1.tif,15,s0007_S30_20240421T030531000_NDVI,NDVI,2024-04-21T03:05:31.000Z,1713668731000,S30,NASA/HLS/HLSS30/v002/T50SLG_20240421T030531,NASA/HLS/HLSS30/v002,B4,B8A,Fmask,EPSG:32650,"[30,0,300000,0,-30,4200000]",false,false,false,false,(NIR-RED)/(NIR+RED); mask denominator=0; keep source masks,dimensionless; no further scale needed,exact_uint8_values_in_Float32,-9999,Float32,1.0
NC_ROT,2024-04,2024-04-01,2024-05-01,NC_ROT_HLS_2024-04_g1_NDVI_FMASK_v1.tif,16,s0007_S30_20240421T030531000_FMASK,FMASK,2024-04-21T03:05:31.000Z,1713668731000,S30,NASA/HLS/HLSS30/v002/T50SLG_20240421T030531,NASA/HLS/HLSS30/v002,B4,B8A,Fmask,EPSG:32650,"[30,0,300000,0,-30,4200000]",false,false,false,false,(NIR-RED)/(NIR+RED); mask denominator=0; keep source masks,dimensionless; no further scale needed,exact_uint8_values_in_Float32,-9999,Float32,1.0
NC_ROT,2024-04,2024-04-01,2024-05-01,NC_ROT_HLS_2024-04_g1_NDVI_FMASK_v1.tif,17,s0008_L30_20240423T030008000_NDVI,NDVI,2024-04-23T03:00:08.000Z,1713841208000,L30,NASA/HLS/HLSL30/v002/T50SLG_20240423T030008,NASA/HLS/HLSL30/v002,B4,B5,Fmask,EPSG:32650,"[30,0,300000,0,-30,4200000]",false,false,false,false,(NIR-RED)/(NIR+RED); mask denominator=0; keep source masks,dimensionless; no further scale needed,exact_uint8_values_in_Float32,-9999,Float32,1.0
NC_ROT,2024-04,2024-04-01,2024-05-01,NC_ROT_HLS_2024-04_g1_NDVI_FMASK_v1.tif,18,s0008_L30_20240423T030008000_FMASK,FMASK,2024-04-23T03:00:08.000Z,1713841208000,L30,NASA/HLS/HLSL30/v002/T50SLG_20240423T030008,NASA/HLS/HLSL30/v002,B4,B5,Fmask,EPSG:32650,"[30,0,300000,0,-30,4200000]",false,false,false,false,(NIR-RED)/(NIR+RED); mask denominator=0; keep source masks,dimensionless; no further scale needed,exact_uint8_values_in_Float32,-9999,Float32,1.0
NC_ROT,2024-04,2024-04-01,2024-05-01,NC_ROT_HLS_2024-04_g1_NDVI_FMASK_v1.tif,19,s0009_L30_20240424T025346000_NDVI,NDVI,2024-04-24T02:53:46.000Z,1713927226000,L30,NASA/HLS/HLSL30/v002/T50SLG_20240424T025346,NASA/HLS/HLSL30/v002,B4,B5,Fmask,EPSG:32650,"[30,0,300000,0,-30,4200000]",false,false,false,false,(NIR-RED)/(NIR+RED); mask denominator=0; keep source masks,dimensionless; no further scale needed,exact_uint8_values_in_Float32,-9999,Float32,1.0
NC_ROT,2024-04,2024-04-01,2024-05-01,NC_ROT_HLS_2024-04_g1_NDVI_FMASK_v1.tif,20,s0009_L30_20240424T025346000_FMASK,FMASK,2024-04-24T02:53:46.000Z,1713927226000,L30,NASA/HLS/HLSL30/v002/T50SLG_20240424T025346,NASA/HLS/HLSL30/v002,B4,B5,Fmask,EPSG:32650,"[30,0,300000,0,-30,4200000]",false,false,false,false,(NIR-RED)/(NIR+RED); mask denominator=0; keep source masks,dimensionless; no further scale needed,exact_uint8_values_in_Float32,-9999,Float32,1.0
NC_ROT,2024-04,2024-04-01,2024-05-01,NC_ROT_HLS_2024-04_g1_NDVI_FMASK_v1.tif,21,s0010_S30_20240426T030519000_NDVI,NDVI,2024-04-26T03:05:19.000Z,1714100719000,S30,NASA/HLS/HLSS30/v002/T50SLG_20240426T030519,NASA/HLS/HLSS30/v002,B4,B8A,Fmask,EPSG:32650,"[30,0,300000,0,-30,4200000]",false,false,false,false,(NIR-RED)/(NIR+RED); mask denominator=0; keep source masks,dimensionless; no further scale needed,exact_uint8_values_in_Float32,-9999,Float32,1.0
NC_ROT,2024-04,2024-04-01,2024-05-01,NC_ROT_HLS_2024-04_g1_NDVI_FMASK_v1.tif,22,s0010_S30_20240426T030519000_FMASK,FMASK,2024-04-26T03:05:19.000Z,1714100719000,S30,NASA/HLS/HLSS30/v002/T50SLG_20240426T030519,NASA/HLS/HLSS30/v002,B4,B8A,Fmask,EPSG:32650,"[30,0,300000,0,-30,4200000]",false,false,false,false,(NIR-RED)/(NIR+RED); mask denominator=0; keep source masks,dimensionless; no further scale needed,exact_uint8_values_in_Float32,-9999,Float32,1.0
NC_ROT,2024-05,2024-05-01,2024-06-01,NC_ROT_HLS_2024-05_g1_NDVI_FMASK_v1.tif,1,s0000_L30_20240501T025950000_NDVI,NDVI,2024-05-01T02:59:50.000Z,1714532390000,L30,NASA/HLS/HLSL30/v002/T50SLG_20240501T025950,NASA/HLS/HLSL30/v002,B4,B5,Fmask,EPSG:32650,"[30,0,300000,0,-30,4200000]",false,false,false,false,(NIR-RED)/(NIR+RED); mask denominator=0; keep source masks,dimensionless; no further scale needed,exact_uint8_values_in_Float32,-9999,Float32,1.0
NC_ROT,2024-05,2024-05-01,2024-06-01,NC_ROT_HLS_2024-05_g1_NDVI_FMASK_v1.tif,2,s0000_L30_20240501T025950000_FMASK,FMASK,2024-05-01T02:59:50.000Z,1714532390000,L30,NASA/HLS/HLSL30/v002/T50SLG_20240501T025950,NASA/HLS/HLSL30/v002,B4,B5,Fmask,EPSG:32650,"[30,0,300000,0,-30,4200000]",false,false,false,false,(NIR-RED)/(NIR+RED); mask denominator=0; keep source masks,dimensionless; no further scale needed,exact_uint8_values_in_Float32,-9999,Float32,1.0
NC_ROT,2024-05,2024-05-01,2024-06-01,NC_ROT_HLS_2024-05_g1_NDVI_FMASK_v1.tif,3,s0001_S30_20240501T030551000_NDVI,NDVI,2024-05-01T03:05:51.000Z,1714532751000,S30,NASA/HLS/HLSS30/v002/T50SLG_20240501T030551,NASA/HLS/HLSS30/v002,B4,B8A,Fmask,EPSG:32650,"[30,0,300000,0,-30,4200000]",false,false,false,false,(NIR-RED)/(NIR+RED); mask denominator=0; keep source masks,dimensionless; no further scale needed,exact_uint8_values_in_Float32,-9999,Float32,1.0
NC_ROT,2024-05,2024-05-01,2024-06-01,NC_ROT_HLS_2024-05_g1_NDVI_FMASK_v1.tif,4,s0001_S30_20240501T030551000_FMASK,FMASK,2024-05-01T03:05:51.000Z,1714532751000,S30,NASA/HLS/HLSS30/v002/T50SLG_20240501T030551,NASA/HLS/HLSS30/v002,B4,B8A,Fmask,EPSG:32650,"[30,0,300000,0,-30,4200000]",false,false,false,false,(NIR-RED)/(NIR+RED); mask denominator=0; keep source masks,dimensionless; no further scale needed,exact_uint8_values_in_Float32,-9999,Float32,1.0
NC_ROT,2024-05,2024-05-01,2024-06-01,NC_ROT_HLS_2024-05_g1_NDVI_FMASK_v1.tif,5,s0002_L30_20240502T025354000_NDVI,NDVI,2024-05-02T02:53:54.000Z,1714618434000,L30,NASA/HLS/HLSL30/v002/T50SLG_20240502T025354,NASA/HLS/HLSL30/v002,B4,B5,Fmask,EPSG:32650,"[30,0,300000,0,-30,4200000]",false,false,false,false,(NIR-RED)/(NIR+RED); mask denominator=0; keep source masks,dimensionless; no further scale needed,exact_uint8_values_in_Float32,-9999,Float32,1.0
NC_ROT,2024-05,2024-05-01,2024-06-01,NC_ROT_HLS_2024-05_g1_NDVI_FMASK_v1.tif,6,s0002_L30_20240502T025354000_FMASK,FMASK,2024-05-02T02:53:54.000Z,1714618434000,L30,NASA/HLS/HLSL30/v002/T50SLG_20240502T025354,NASA/HLS/HLSL30/v002,B4,B5,Fmask,EPSG:32650,"[30,0,300000,0,-30,4200000]",false,false,false,false,(NIR-RED)/(NIR+RED); mask denominator=0; keep source masks,dimensionless; no further scale needed,exact_uint8_values_in_Float32,-9999,Float32,1.0
NC_ROT,2024-05,2024-05-01,2024-06-01,NC_ROT_HLS_2024-05_g1_NDVI_FMASK_v1.tif,7,s0003_L30_20240509T030006000_NDVI,NDVI,2024-05-09T03:00:06.000Z,1715223606000,L30,NASA/HLS/HLSL30/v002/T50SLG_20240509T030006,NASA/HLS/HLSL30/v002,B4,B5,Fmask,EPSG:32650,"[30,0,300000,0,-30,4200000]",false,false,false,false,(NIR-RED)/(NIR+RED); mask denominator=0; keep source masks,dimensionless; no further scale needed,exact_uint8_values_in_Float32,-9999,Float32,1.0
NC_ROT,2024-05,2024-05-01,2024-06-01,NC_ROT_HLS_2024-05_g1_NDVI_FMASK_v1.tif,8,s0003_L30_20240509T030006000_FMASK,FMASK,2024-05-09T03:00:06.000Z,1715223606000,L30,NASA/HLS/HLSL30/v002/T50SLG_20240509T030006,NASA/HLS/HLSL30/v002,B4,B5,Fmask,EPSG:32650,"[30,0,300000,0,-30,4200000]",false,false,false,false,(NIR-RED)/(NIR+RED); mask denominator=0; keep source masks,dimensionless; no further scale needed,exact_uint8_values_in_Float32,-9999,Float32,1.0
NC_ROT,2024-05,2024-05-01,2024-06-01,NC_ROT_HLS_2024-05_g1_NDVI_FMASK_v1.tif,9,s0004_L30_20240510T025334000_NDVI,NDVI,2024-05-10T02:53:34.000Z,1715309614000,L30,NASA/HLS/HLSL30/v002/T50SLG_20240510T025334,NASA/HLS/HLSL30/v002,B4,B5,Fmask,EPSG:32650,"[30,0,300000,0,-30,4200000]",false,false,false,false,(NIR-RED)/(NIR+RED); mask denominator=0; keep source masks,dimensionless; no further scale needed,exact_uint8_values_in_Float32,-9999,Float32,1.0
NC_ROT,2024-05,2024-05-01,2024-06-01,NC_ROT_HLS_2024-05_g1_NDVI_FMASK_v1.tif,10,s0004_L30_20240510T025334000_FMASK,FMASK,2024-05-10T02:53:34.000Z,1715309614000,L30,NASA/HLS/HLSL30/v002/T50SLG_20240510T025334,NASA/HLS/HLSL30/v002,B4,B5,Fmask,EPSG:32650,"[30,0,300000,0,-30,4200000]",false,false,false,false,(NIR-RED)/(NIR+RED); mask denominator=0; keep source masks,dimensionless; no further scale needed,exact_uint8_values_in_Float32,-9999,Float32,1.0
NC_ROT,2024-05,2024-05-01,2024-06-01,NC_ROT_HLS_2024-05_g1_NDVI_FMASK_v1.tif,11,s0005_S30_20240511T030551000_NDVI,NDVI,2024-05-11T03:05:51.000Z,1715396751000,S30,NASA/HLS/HLSS30/v002/T50SLG_20240511T030551,NASA/HLS/HLSS30/v002,B4,B8A,Fmask,EPSG:32650,"[30,0,300000,0,-30,4200000]",false,false,false,false,(NIR-RED)/(NIR+RED); mask denominator=0; keep source masks,dimensionless; no further scale needed,exact_uint8_values_in_Float32,-9999,Float32,1.0
NC_ROT,2024-05,2024-05-01,2024-06-01,NC_ROT_HLS_2024-05_g1_NDVI_FMASK_v1.tif,12,s0005_S30_20240511T030551000_FMASK,FMASK,2024-05-11T03:05:51.000Z,1715396751000,S30,NASA/HLS/HLSS30/v002/T50SLG_20240511T030551,NASA/HLS/HLSS30/v002,B4,B8A,Fmask,EPSG:32650,"[30,0,300000,0,-30,4200000]",false,false,false,false,(NIR-RED)/(NIR+RED); mask denominator=0; keep source masks,dimensionless; no further scale needed,exact_uint8_values_in_Float32,-9999,Float32,1.0
NC_ROT,2024-05,2024-05-01,2024-06-01,NC_ROT_HLS_2024-05_g1_NDVI_FMASK_v1.tif,13,s0006_S30_20240516T030519000_NDVI,NDVI,2024-05-16T03:05:19.000Z,1715828719000,S30,NASA/HLS/HLSS30/v002/T50SLG_20240516T030519,NASA/HLS/HLSS30/v002,B4,B8A,Fmask,EPSG:32650,"[30,0,300000,0,-30,4200000]",false,false,false,false,(NIR-RED)/(NIR+RED); mask denominator=0; keep source masks,dimensionless; no further scale needed,exact_uint8_values_in_Float32,-9999,Float32,1.0
NC_ROT,2024-05,2024-05-01,2024-06-01,NC_ROT_HLS_2024-05_g1_NDVI_FMASK_v1.tif,14,s0006_S30_20240516T030519000_FMASK,FMASK,2024-05-16T03:05:19.000Z,1715828719000,S30,NASA/HLS/HLSS30/v002/T50SLG_20240516T030519,NASA/HLS/HLSS30/v002,B4,B8A,Fmask,EPSG:32650,"[30,0,300000,0,-30,4200000]",false,false,false,false,(NIR-RED)/(NIR+RED); mask denominator=0; keep source masks,dimensionless; no further scale needed,exact_uint8_values_in_Float32,-9999,Float32,1.0
NC_ROT,2024-05,2024-05-01,2024-06-01,NC_ROT_HLS_2024-05_g1_NDVI_FMASK_v1.tif,15,s0007_L30_20240517T025936000_NDVI,NDVI,2024-05-17T02:59:36.000Z,1715914776000,L30,NASA/HLS/HLSL30/v002/T50SLG_20240517T025936,NASA/HLS/HLSL30/v002,B4,B5,Fmask,EPSG:32650,"[30,0,300000,0,-30,4200000]",false,false,false,false,(NIR-RED)/(NIR+RED); mask denominator=0; keep source masks,dimensionless; no further scale needed,exact_uint8_values_in_Float32,-9999,Float32,1.0
NC_ROT,2024-05,2024-05-01,2024-06-01,NC_ROT_HLS_2024-05_g1_NDVI_FMASK_v1.tif,16,s0007_L30_20240517T025936000_FMASK,FMASK,2024-05-17T02:59:36.000Z,1715914776000,L30,NASA/HLS/HLSL30/v002/T50SLG_20240517T025936,NASA/HLS/HLSL30/v002,B4,B5,Fmask,EPSG:32650,"[30,0,300000,0,-30,4200000]",false,false,false,false,(NIR-RED)/(NIR+RED); mask denominator=0; keep source masks,dimensionless; no further scale needed,exact_uint8_values_in_Float32,-9999,Float32,1.0
NC_ROT,2024-05,2024-05-01,2024-06-01,NC_ROT_HLS_2024-05_g1_NDVI_FMASK_v1.tif,17,s0008_L30_20240518T025347000_NDVI,NDVI,2024-05-18T02:53:47.000Z,1716000827000,L30,NASA/HLS/HLSL30/v002/T50SLG_20240518T025347,NASA/HLS/HLSL30/v002,B4,B5,Fmask,EPSG:32650,"[30,0,300000,0,-30,4200000]",false,false,false,false,(NIR-RED)/(NIR+RED); mask denominator=0; keep source masks,dimensionless; no further scale needed,exact_uint8_values_in_Float32,-9999,Float32,1.0
NC_ROT,2024-05,2024-05-01,2024-06-01,NC_ROT_HLS_2024-05_g1_NDVI_FMASK_v1.tif,18,s0008_L30_20240518T025347000_FMASK,FMASK,2024-05-18T02:53:47.000Z,1716000827000,L30,NASA/HLS/HLSL30/v002/T50SLG_20240518T025347,NASA/HLS/HLSL30/v002,B4,B5,Fmask,EPSG:32650,"[30,0,300000,0,-30,4200000]",false,false,false,false,(NIR-RED)/(NIR+RED); mask denominator=0; keep source masks,dimensionless; no further scale needed,exact_uint8_values_in_Float32,-9999,Float32,1.0
NC_ROT,2024-05,2024-05-01,2024-06-01,NC_ROT_HLS_2024-05_g1_NDVI_FMASK_v1.tif,19,s0009_S30_20240521T030521000_NDVI,NDVI,2024-05-21T03:05:21.000Z,1716260721000,S30,NASA/HLS/HLSS30/v002/T50SLG_20240521T030521,NASA/HLS/HLSS30/v002,B4,B8A,Fmask,EPSG:32650,"[30,0,300000,0,-30,4200000]",false,false,false,false,(NIR-RED)/(NIR+RED); mask denominator=0; keep source masks,dimensionless; no further scale needed,exact_uint8_values_in_Float32,-9999,Float32,1.0
NC_ROT,2024-05,2024-05-01,2024-06-01,NC_ROT_HLS_2024-05_g1_NDVI_FMASK_v1.tif,20,s0009_S30_20240521T030521000_FMASK,FMASK,2024-05-21T03:05:21.000Z,1716260721000,S30,NASA/HLS/HLSS30/v002/T50SLG_20240521T030521,NASA/HLS/HLSS30/v002,B4,B8A,Fmask,EPSG:32650,"[30,0,300000,0,-30,4200000]",false,false,false,false,(NIR-RED)/(NIR+RED); mask denominator=0; keep source masks,dimensionless; no further scale needed,exact_uint8_values_in_Float32,-9999,Float32,1.0
NC_ROT,2024-05,2024-05-01,2024-06-01,NC_ROT_HLS_2024-05_g1_NDVI_FMASK_v1.tif,21,s0010_L30_20240526T025322000_NDVI,NDVI,2024-05-26T02:53:22.000Z,1716692002000,L30,NASA/HLS/HLSL30/v002/T50SLG_20240526T025322,NASA/HLS/HLSL30/v002,B4,B5,Fmask,EPSG:32650,"[30,0,300000,0,-30,4200000]",false,false,false,false,(NIR-RED)/(NIR+RED); mask denominator=0; keep source masks,dimensionless; no further scale needed,exact_uint8_values_in_Float32,-9999,Float32,1.0
NC_ROT,2024-05,2024-05-01,2024-06-01,NC_ROT_HLS_2024-05_g1_NDVI_FMASK_v1.tif,22,s0010_L30_20240526T025322000_FMASK,FMASK,2024-05-26T02:53:22.000Z,1716692002000,L30,NASA/HLS/HLSL30/v002/T50SLG_20240526T025322,NASA/HLS/HLSL30/v002,B4,B5,Fmask,EPSG:32650,"[30,0,300000,0,-30,4200000]",false,false,false,false,(NIR-RED)/(NIR+RED); mask denominator=0; keep source masks,dimensionless; no further scale needed,exact_uint8_values_in_Float32,-9999,Float32,1.0
NC_ROT,2024-05,2024-05-01,2024-06-01,NC_ROT_HLS_2024-05_g1_NDVI_FMASK_v1.tif,23,s0011_S30_20240526T030519000_NDVI,NDVI,2024-05-26T03:05:19.000Z,1716692719000,S30,NASA/HLS/HLSS30/v002/T50SLG_20240526T030519,NASA/HLS/HLSS30/v002,B4,B8A,Fmask,EPSG:32650,"[30,0,300000,0,-30,4200000]",false,false,false,false,(NIR-RED)/(NIR+RED); mask denominator=0; keep source masks,dimensionless; no further scale needed,exact_uint8_values_in_Float32,-9999,Float32,1.0
NC_ROT,2024-05,2024-05-01,2024-06-01,NC_ROT_HLS_2024-05_g1_NDVI_FMASK_v1.tif,24,s0011_S30_20240526T030519000_FMASK,FMASK,2024-05-26T03:05:19.000Z,1716692719000,S30,NASA/HLS/HLSS30/v002/T50SLG_20240526T030519,NASA/HLS/HLSS30/v002,B4,B8A,Fmask,EPSG:32650,"[30,0,300000,0,-30,4200000]",false,false,false,false,(NIR-RED)/(NIR+RED); mask denominator=0; keep source masks,dimensionless; no further scale needed,exact_uint8_values_in_Float32,-9999,Float32,1.0
NC_ROT,2024-05,2024-05-01,2024-06-01,NC_ROT_HLS_2024-05_g1_NDVI_FMASK_v1.tif,25,s0012_S30_20240531T030531000_NDVI,NDVI,2024-05-31T03:05:31.000Z,1717124731000,S30,NASA/HLS/HLSS30/v002/T50SLG_20240531T030531,NASA/HLS/HLSS30/v002,B4,B8A,Fmask,EPSG:32650,"[30,0,300000,0,-30,4200000]",false,false,false,false,(NIR-RED)/(NIR+RED); mask denominator=0; keep source masks,dimensionless; no further scale needed,exact_uint8_values_in_Float32,-9999,Float32,1.0
NC_ROT,2024-05,2024-05-01,2024-06-01,NC_ROT_HLS_2024-05_g1_NDVI_FMASK_v1.tif,26,s0012_S30_20240531T030531000_FMASK,FMASK,2024-05-31T03:05:31.000Z,1717124731000,S30,NASA/HLS/HLSS30/v002/T50SLG_20240531T030531,NASA/HLS/HLSS30/v002,B4,B8A,Fmask,EPSG:32650,"[30,0,300000,0,-30,4200000]",false,false,false,false,(NIR-RED)/(NIR+RED); mask denominator=0; keep source masks,dimensionless; no further scale needed,exact_uint8_values_in_Float32,-9999,Float32,1.0
NC_ROT,2024-06,2024-06-01,2024-07-01,NC_ROT_HLS_2024-06_g1_NDVI_FMASK_v1.tif,1,s0000_L30_20240602T025933000_NDVI,NDVI,2024-06-02T02:59:33.000Z,1717297173000,L30,NASA/HLS/HLSL30/v002/T50SLG_20240602T025933,NASA/HLS/HLSL30/v002,B4,B5,Fmask,EPSG:32650,"[30,0,300000,0,-30,4200000]",false,false,false,false,(NIR-RED)/(NIR+RED); mask denominator=0; keep source masks,dimensionless; no further scale needed,exact_uint8_values_in_Float32,-9999,Float32,1.0
NC_ROT,2024-06,2024-06-01,2024-07-01,NC_ROT_HLS_2024-06_g1_NDVI_FMASK_v1.tif,2,s0000_L30_20240602T025933000_FMASK,FMASK,2024-06-02T02:59:33.000Z,1717297173000,L30,NASA/HLS/HLSL30/v002/T50SLG_20240602T025933,NASA/HLS/HLSL30/v002,B4,B5,Fmask,EPSG:32650,"[30,0,300000,0,-30,4200000]",false,false,false,false,(NIR-RED)/(NIR+RED); mask denominator=0; keep source masks,dimensionless; no further scale needed,exact_uint8_values_in_Float32,-9999,Float32,1.0
NC_ROT,2024-06,2024-06-01,2024-07-01,NC_ROT_HLS_2024-06_g1_NDVI_FMASK_v1.tif,3,s0001_L30_20240603T025341000_NDVI,NDVI,2024-06-03T02:53:41.000Z,1717383221000,L30,NASA/HLS/HLSL30/v002/T50SLG_20240603T025341,NASA/HLS/HLSL30/v002,B4,B5,Fmask,EPSG:32650,"[30,0,300000,0,-30,4200000]",false,false,false,false,(NIR-RED)/(NIR+RED); mask denominator=0; keep source masks,dimensionless; no further scale needed,exact_uint8_values_in_Float32,-9999,Float32,1.0
NC_ROT,2024-06,2024-06-01,2024-07-01,NC_ROT_HLS_2024-06_g1_NDVI_FMASK_v1.tif,4,s0001_L30_20240603T025341000_FMASK,FMASK,2024-06-03T02:53:41.000Z,1717383221000,L30,NASA/HLS/HLSL30/v002/T50SLG_20240603T025341,NASA/HLS/HLSL30/v002,B4,B5,Fmask,EPSG:32650,"[30,0,300000,0,-30,4200000]",false,false,false,false,(NIR-RED)/(NIR+RED); mask denominator=0; keep source masks,dimensionless; no further scale needed,exact_uint8_values_in_Float32,-9999,Float32,1.0
NC_ROT,2024-06,2024-06-01,2024-07-01,NC_ROT_HLS_2024-06_g1_NDVI_FMASK_v1.tif,5,s0002_L30_20240610T025948000_NDVI,NDVI,2024-06-10T02:59:48.000Z,1717988388000,L30,NASA/HLS/HLSL30/v002/T50SLG_20240610T025948,NASA/HLS/HLSL30/v002,B4,B5,Fmask,EPSG:32650,"[30,0,300000,0,-30,4200000]",false,false,false,false,(NIR-RED)/(NIR+RED); mask denominator=0; keep source masks,dimensionless; no further scale needed,exact_uint8_values_in_Float32,-9999,Float32,1.0
NC_ROT,2024-06,2024-06-01,2024-07-01,NC_ROT_HLS_2024-06_g1_NDVI_FMASK_v1.tif,6,s0002_L30_20240610T025948000_FMASK,FMASK,2024-06-10T02:59:48.000Z,1717988388000,L30,NASA/HLS/HLSL30/v002/T50SLG_20240610T025948,NASA/HLS/HLSL30/v002,B4,B5,Fmask,EPSG:32650,"[30,0,300000,0,-30,4200000]",false,false,false,false,(NIR-RED)/(NIR+RED); mask denominator=0; keep source masks,dimensionless; no further scale needed,exact_uint8_values_in_Float32,-9999,Float32,1.0
NC_ROT,2024-06,2024-06-01,2024-07-01,NC_ROT_HLS_2024-06_g1_NDVI_FMASK_v1.tif,7,s0003_S30_20240610T030531000_NDVI,NDVI,2024-06-10T03:05:31.000Z,1717988731000,S30,NASA/HLS/HLSS30/v002/T50SLG_20240610T030531,NASA/HLS/HLSS30/v002,B4,B8A,Fmask,EPSG:32650,"[30,0,300000,0,-30,4200000]",false,false,false,false,(NIR-RED)/(NIR+RED); mask denominator=0; keep source masks,dimensionless; no further scale needed,exact_uint8_values_in_Float32,-9999,Float32,1.0
NC_ROT,2024-06,2024-06-01,2024-07-01,NC_ROT_HLS_2024-06_g1_NDVI_FMASK_v1.tif,8,s0003_S30_20240610T030531000_FMASK,FMASK,2024-06-10T03:05:31.000Z,1717988731000,S30,NASA/HLS/HLSS30/v002/T50SLG_20240610T030531,NASA/HLS/HLSS30/v002,B4,B8A,Fmask,EPSG:32650,"[30,0,300000,0,-30,4200000]",false,false,false,false,(NIR-RED)/(NIR+RED); mask denominator=0; keep source masks,dimensionless; no further scale needed,exact_uint8_values_in_Float32,-9999,Float32,1.0
NC_ROT,2024-06,2024-06-01,2024-07-01,NC_ROT_HLS_2024-06_g1_NDVI_FMASK_v1.tif,9,s0004_L30_20240611T025323000_NDVI,NDVI,2024-06-11T02:53:23.000Z,1718074403000,L30,NASA/HLS/HLSL30/v002/T50SLG_20240611T025323,NASA/HLS/HLSL30/v002,B4,B5,Fmask,EPSG:32650,"[30,0,300000,0,-30,4200000]",false,false,false,false,(NIR-RED)/(NIR+RED); mask denominator=0; keep source masks,dimensionless; no further scale needed,exact_uint8_values_in_Float32,-9999,Float32,1.0
NC_ROT,2024-06,2024-06-01,2024-07-01,NC_ROT_HLS_2024-06_g1_NDVI_FMASK_v1.tif,10,s0004_L30_20240611T025323000_FMASK,FMASK,2024-06-11T02:53:23.000Z,1718074403000,L30,NASA/HLS/HLSL30/v002/T50SLG_20240611T025323,NASA/HLS/HLSL30/v002,B4,B5,Fmask,EPSG:32650,"[30,0,300000,0,-30,4200000]",false,false,false,false,(NIR-RED)/(NIR+RED); mask denominator=0; keep source masks,dimensionless; no further scale needed,exact_uint8_values_in_Float32,-9999,Float32,1.0
NC_ROT,2024-06,2024-06-01,2024-07-01,NC_ROT_HLS_2024-06_g1_NDVI_FMASK_v1.tif,11,s0005_S30_20240615T030529000_NDVI,NDVI,2024-06-15T03:05:29.000Z,1718420729000,S30,NASA/HLS/HLSS30/v002/T50SLG_20240615T030529,NASA/HLS/HLSS30/v002,B4,B8A,Fmask,EPSG:32650,"[30,0,300000,0,-30,4200000]",false,false,false,false,(NIR-RED)/(NIR+RED); mask denominator=0; keep source masks,dimensionless; no further scale needed,exact_uint8_values_in_Float32,-9999,Float32,1.0
NC_ROT,2024-06,2024-06-01,2024-07-01,NC_ROT_HLS_2024-06_g1_NDVI_FMASK_v1.tif,12,s0005_S30_20240615T030529000_FMASK,FMASK,2024-06-15T03:05:29.000Z,1718420729000,S30,NASA/HLS/HLSS30/v002/T50SLG_20240615T030529,NASA/HLS/HLSS30/v002,B4,B8A,Fmask,EPSG:32650,"[30,0,300000,0,-30,4200000]",false,false,false,false,(NIR-RED)/(NIR+RED); mask denominator=0; keep source masks,dimensionless; no further scale needed,exact_uint8_values_in_Float32,-9999,Float32,1.0
NC_ROT,2024-06,2024-06-01,2024-07-01,NC_ROT_HLS_2024-06_g1_NDVI_FMASK_v1.tif,13,s0006_L30_20240618T025940000_NDVI,NDVI,2024-06-18T02:59:40.000Z,1718679580000,L30,NASA/HLS/HLSL30/v002/T50SLG_20240618T025940,NASA/HLS/HLSL30/v002,B4,B5,Fmask,EPSG:32650,"[30,0,300000,0,-30,4200000]",false,false,false,false,(NIR-RED)/(NIR+RED); mask denominator=0; keep source masks,dimensionless; no further scale needed,exact_uint8_values_in_Float32,-9999,Float32,1.0
NC_ROT,2024-06,2024-06-01,2024-07-01,NC_ROT_HLS_2024-06_g1_NDVI_FMASK_v1.tif,14,s0006_L30_20240618T025940000_FMASK,FMASK,2024-06-18T02:59:40.000Z,1718679580000,L30,NASA/HLS/HLSL30/v002/T50SLG_20240618T025940,NASA/HLS/HLSL30/v002,B4,B5,Fmask,EPSG:32650,"[30,0,300000,0,-30,4200000]",false,false,false,false,(NIR-RED)/(NIR+RED); mask denominator=0; keep source masks,dimensionless; no further scale needed,exact_uint8_values_in_Float32,-9999,Float32,1.0
NC_ROT,2024-06,2024-06-01,2024-07-01,NC_ROT_HLS_2024-06_g1_NDVI_FMASK_v1.tif,15,s0007_L30_20240619T025326000_NDVI,NDVI,2024-06-19T02:53:26.000Z,1718765606000,L30,NASA/HLS/HLSL30/v002/T50SLG_20240619T025326,NASA/HLS/HLSL30/v002,B4,B5,Fmask,EPSG:32650,"[30,0,300000,0,-30,4200000]",false,false,false,false,(NIR-RED)/(NIR+RED); mask denominator=0; keep source masks,dimensionless; no further scale needed,exact_uint8_values_in_Float32,-9999,Float32,1.0
NC_ROT,2024-06,2024-06-01,2024-07-01,NC_ROT_HLS_2024-06_g1_NDVI_FMASK_v1.tif,16,s0007_L30_20240619T025326000_FMASK,FMASK,2024-06-19T02:53:26.000Z,1718765606000,L30,NASA/HLS/HLSL30/v002/T50SLG_20240619T025326,NASA/HLS/HLSL30/v002,B4,B5,Fmask,EPSG:32650,"[30,0,300000,0,-30,4200000]",false,false,false,false,(NIR-RED)/(NIR+RED); mask denominator=0; keep source masks,dimensionless; no further scale needed,exact_uint8_values_in_Float32,-9999,Float32,1.0
NC_ROT,2024-06,2024-06-01,2024-07-01,NC_ROT_HLS_2024-06_g1_NDVI_FMASK_v1.tif,17,s0008_S30_20240625T030529000_NDVI,NDVI,2024-06-25T03:05:29.000Z,1719284729000,S30,NASA/HLS/HLSS30/v002/T50SLG_20240625T030529,NASA/HLS/HLSS30/v002,B4,B8A,Fmask,EPSG:32650,"[30,0,300000,0,-30,4200000]",false,false,false,false,(NIR-RED)/(NIR+RED); mask denominator=0; keep source masks,dimensionless; no further scale needed,exact_uint8_values_in_Float32,-9999,Float32,1.0
NC_ROT,2024-06,2024-06-01,2024-07-01,NC_ROT_HLS_2024-06_g1_NDVI_FMASK_v1.tif,18,s0008_S30_20240625T030529000_FMASK,FMASK,2024-06-25T03:05:29.000Z,1719284729000,S30,NASA/HLS/HLSS30/v002/T50SLG_20240625T030529,NASA/HLS/HLSS30/v002,B4,B8A,Fmask,EPSG:32650,"[30,0,300000,0,-30,4200000]",false,false,false,false,(NIR-RED)/(NIR+RED); mask denominator=0; keep source masks,dimensionless; no further scale needed,exact_uint8_values_in_Float32,-9999,Float32,1.0
NC_ROT,2024-06,2024-06-01,2024-07-01,NC_ROT_HLS_2024-06_g1_NDVI_FMASK_v1.tif,19,s0009_L30_20240626T025932000_NDVI,NDVI,2024-06-26T02:59:32.000Z,1719370772000,L30,NASA/HLS/HLSL30/v002/T50SLG_20240626T025932,NASA/HLS/HLSL30/v002,B4,B5,Fmask,EPSG:32650,"[30,0,300000,0,-30,4200000]",false,false,false,false,(NIR-RED)/(NIR+RED); mask denominator=0; keep source masks,dimensionless; no further scale needed,exact_uint8_values_in_Float32,-9999,Float32,1.0
NC_ROT,2024-06,2024-06-01,2024-07-01,NC_ROT_HLS_2024-06_g1_NDVI_FMASK_v1.tif,20,s0009_L30_20240626T025932000_FMASK,FMASK,2024-06-26T02:59:32.000Z,1719370772000,L30,NASA/HLS/HLSL30/v002/T50SLG_20240626T025932,NASA/HLS/HLSL30/v002,B4,B5,Fmask,EPSG:32650,"[30,0,300000,0,-30,4200000]",false,false,false,false,(NIR-RED)/(NIR+RED); mask denominator=0; keep source masks,dimensionless; no further scale needed,exact_uint8_values_in_Float32,-9999,Float32,1.0
NC_ROT,2024-06,2024-06-01,2024-07-01,NC_ROT_HLS_2024-06_g1_NDVI_FMASK_v1.tif,21,s0010_L30_20240627T025335000_NDVI,NDVI,2024-06-27T02:53:35.000Z,1719456815000,L30,NASA/HLS/HLSL30/v002/T50SLG_20240627T025335,NASA/HLS/HLSL30/v002,B4,B5,Fmask,EPSG:32650,"[30,0,300000,0,-30,4200000]",false,false,false,false,(NIR-RED)/(NIR+RED); mask denominator=0; keep source masks,dimensionless; no further scale needed,exact_uint8_values_in_Float32,-9999,Float32,1.0
NC_ROT,2024-06,2024-06-01,2024-07-01,NC_ROT_HLS_2024-06_g1_NDVI_FMASK_v1.tif,22,s0010_L30_20240627T025335000_FMASK,FMASK,2024-06-27T02:53:35.000Z,1719456815000,L30,NASA/HLS/HLSL30/v002/T50SLG_20240627T025335,NASA/HLS/HLSL30/v002,B4,B5,Fmask,EPSG:32650,"[30,0,300000,0,-30,4200000]",false,false,false,false,(NIR-RED)/(NIR+RED); mask denominator=0; keep source masks,dimensionless; no further scale needed,exact_uint8_values_in_Float32,-9999,Float32,1.0
NC_ROT,2024-06,2024-06-01,2024-07-01,NC_ROT_HLS_2024-06_g1_NDVI_FMASK_v1.tif,23,s0011_S30_20240630T030531000_NDVI,NDVI,2024-06-30T03:05:31.000Z,1719716731000,S30,NASA/HLS/HLSS30/v002/T50SLG_20240630T030531,NASA/HLS/HLSS30/v002,B4,B8A,Fmask,EPSG:32650,"[30,0,300000,0,-30,4200000]",false,false,false,false,(NIR-RED)/(NIR+RED); mask denominator=0; keep source masks,dimensionless; no further scale needed,exact_uint8_values_in_Float32,-9999,Float32,1.0
NC_ROT,2024-06,2024-06-01,2024-07-01,NC_ROT_HLS_2024-06_g1_NDVI_FMASK_v1.tif,24,s0011_S30_20240630T030531000_FMASK,FMASK,2024-06-30T03:05:31.000Z,1719716731000,S30,NASA/HLS/HLSS30/v002/T50SLG_20240630T030531,NASA/HLS/HLSS30/v002,B4,B8A,Fmask,EPSG:32650,"[30,0,300000,0,-30,4200000]",false,false,false,false,(NIR-RED)/(NIR+RED); mask denominator=0; keep source masks,dimensionless; no further scale needed,exact_uint8_values_in_Float32,-9999,Float32,1.0
NC_ROT,2024-07,2024-07-01,2024-08-01,NC_ROT_HLS_2024-07_g1_NDVI_FMASK_v1.tif,1,s0000_L30_20240704T025948000_NDVI,NDVI,2024-07-04T02:59:48.000Z,1720061988000,L30,NASA/HLS/HLSL30/v002/T50SLG_20240704T025948,NASA/HLS/HLSL30/v002,B4,B5,Fmask,EPSG:32650,"[30,0,300000,0,-30,4200000]",false,false,false,false,(NIR-RED)/(NIR+RED); mask denominator=0; keep source masks,dimensionless; no further scale needed,exact_uint8_values_in_Float32,-9999,Float32,1.0
NC_ROT,2024-07,2024-07-01,2024-08-01,NC_ROT_HLS_2024-07_g1_NDVI_FMASK_v1.tif,2,s0000_L30_20240704T025948000_FMASK,FMASK,2024-07-04T02:59:48.000Z,1720061988000,L30,NASA/HLS/HLSL30/v002/T50SLG_20240704T025948,NASA/HLS/HLSL30/v002,B4,B5,Fmask,EPSG:32650,"[30,0,300000,0,-30,4200000]",false,false,false,false,(NIR-RED)/(NIR+RED); mask denominator=0; keep source masks,dimensionless; no further scale needed,exact_uint8_values_in_Float32,-9999,Float32,1.0
NC_ROT,2024-07,2024-07-01,2024-08-01,NC_ROT_HLS_2024-07_g1_NDVI_FMASK_v1.tif,3,s0001_S30_20240710T030551000_NDVI,NDVI,2024-07-10T03:05:51.000Z,1720580751000,S30,NASA/HLS/HLSS30/v002/T50SLG_20240710T030551,NASA/HLS/HLSS30/v002,B4,B8A,Fmask,EPSG:32650,"[30,0,300000,0,-30,4200000]",false,false,false,false,(NIR-RED)/(NIR+RED); mask denominator=0; keep source masks,dimensionless; no further scale needed,exact_uint8_values_in_Float32,-9999,Float32,1.0
NC_ROT,2024-07,2024-07-01,2024-08-01,NC_ROT_HLS_2024-07_g1_NDVI_FMASK_v1.tif,4,s0001_S30_20240710T030551000_FMASK,FMASK,2024-07-10T03:05:51.000Z,1720580751000,S30,NASA/HLS/HLSS30/v002/T50SLG_20240710T030551,NASA/HLS/HLSS30/v002,B4,B8A,Fmask,EPSG:32650,"[30,0,300000,0,-30,4200000]",false,false,false,false,(NIR-RED)/(NIR+RED); mask denominator=0; keep source masks,dimensionless; no further scale needed,exact_uint8_values_in_Float32,-9999,Float32,1.0
NC_ROT,2024-07,2024-07-01,2024-08-01,NC_ROT_HLS_2024-07_g1_NDVI_FMASK_v1.tif,5,s0002_L30_20240720T030004000_NDVI,NDVI,2024-07-20T03:00:04.000Z,1721444404000,L30,NASA/HLS/HLSL30/v002/T50SLG_20240720T030004,NASA/HLS/HLSL30/v002,B4,B5,Fmask,EPSG:32650,"[30,0,300000,0,-30,4200000]",false,false,false,false,(NIR-RED)/(NIR+RED); mask denominator=0; keep source masks,dimensionless; no further scale needed,exact_uint8_values_in_Float32,-9999,Float32,1.0
NC_ROT,2024-07,2024-07-01,2024-08-01,NC_ROT_HLS_2024-07_g1_NDVI_FMASK_v1.tif,6,s0002_L30_20240720T030004000_FMASK,FMASK,2024-07-20T03:00:04.000Z,1721444404000,L30,NASA/HLS/HLSL30/v002/T50SLG_20240720T030004,NASA/HLS/HLSL30/v002,B4,B5,Fmask,EPSG:32650,"[30,0,300000,0,-30,4200000]",false,false,false,false,(NIR-RED)/(NIR+RED); mask denominator=0; keep source masks,dimensionless; no further scale needed,exact_uint8_values_in_Float32,-9999,Float32,1.0
NC_ROT,2024-07,2024-07-01,2024-08-01,NC_ROT_HLS_2024-07_g1_NDVI_FMASK_v1.tif,7,s0003_S30_20240720T030541000_NDVI,NDVI,2024-07-20T03:05:41.000Z,1721444741000,S30,NASA/HLS/HLSS30/v002/T50SLG_20240720T030541,NASA/HLS/HLSS30/v002,B4,B8A,Fmask,EPSG:32650,"[30,0,300000,0,-30,4200000]",false,false,false,false,(NIR-RED)/(NIR+RED); mask denominator=0; keep source masks,dimensionless; no further scale needed,exact_uint8_values_in_Float32,-9999,Float32,1.0
NC_ROT,2024-07,2024-07-01,2024-08-01,NC_ROT_HLS_2024-07_g1_NDVI_FMASK_v1.tif,8,s0003_S30_20240720T030541000_FMASK,FMASK,2024-07-20T03:05:41.000Z,1721444741000,S30,NASA/HLS/HLSS30/v002/T50SLG_20240720T030541,NASA/HLS/HLSS30/v002,B4,B8A,Fmask,EPSG:32650,"[30,0,300000,0,-30,4200000]",false,false,false,false,(NIR-RED)/(NIR+RED); mask denominator=0; keep source masks,dimensionless; no further scale needed,exact_uint8_values_in_Float32,-9999,Float32,1.0
NC_ROT,2024-07,2024-07-01,2024-08-01,NC_ROT_HLS_2024-07_g1_NDVI_FMASK_v1.tif,9,s0004_L30_20240721T025345000_NDVI,NDVI,2024-07-21T02:53:45.000Z,1721530425000,L30,NASA/HLS/HLSL30/v002/T50SLG_20240721T025345,NASA/HLS/HLSL30/v002,B4,B5,Fmask,EPSG:32650,"[30,0,300000,0,-30,4200000]",false,false,false,false,(NIR-RED)/(NIR+RED); mask denominator=0; keep source masks,dimensionless; no further scale needed,exact_uint8_values_in_Float32,-9999,Float32,1.0
NC_ROT,2024-07,2024-07-01,2024-08-01,NC_ROT_HLS_2024-07_g1_NDVI_FMASK_v1.tif,10,s0004_L30_20240721T025345000_FMASK,FMASK,2024-07-21T02:53:45.000Z,1721530425000,L30,NASA/HLS/HLSL30/v002/T50SLG_20240721T025345,NASA/HLS/HLSL30/v002,B4,B5,Fmask,EPSG:32650,"[30,0,300000,0,-30,4200000]",false,false,false,false,(NIR-RED)/(NIR+RED); mask denominator=0; keep source masks,dimensionless; no further scale needed,exact_uint8_values_in_Float32,-9999,Float32,1.0
NC_ROT,2024-07,2024-07-01,2024-08-01,NC_ROT_HLS_2024-07_g1_NDVI_FMASK_v1.tif,11,s0005_L30_20240728T025956000_NDVI,NDVI,2024-07-28T02:59:56.000Z,1722135596000,L30,NASA/HLS/HLSL30/v002/T50SLG_20240728T025956,NASA/HLS/HLSL30/v002,B4,B5,Fmask,EPSG:32650,"[30,0,300000,0,-30,4200000]",false,false,false,false,(NIR-RED)/(NIR+RED); mask denominator=0; keep source masks,dimensionless; no further scale needed,exact_uint8_values_in_Float32,-9999,Float32,1.0
NC_ROT,2024-07,2024-07-01,2024-08-01,NC_ROT_HLS_2024-07_g1_NDVI_FMASK_v1.tif,12,s0005_L30_20240728T025956000_FMASK,FMASK,2024-07-28T02:59:56.000Z,1722135596000,L30,NASA/HLS/HLSL30/v002/T50SLG_20240728T025956,NASA/HLS/HLSL30/v002,B4,B5,Fmask,EPSG:32650,"[30,0,300000,0,-30,4200000]",false,false,false,false,(NIR-RED)/(NIR+RED); mask denominator=0; keep source masks,dimensionless; no further scale needed,exact_uint8_values_in_Float32,-9999,Float32,1.0
NC_ROT,2024-07,2024-07-01,2024-08-01,NC_ROT_HLS_2024-07_g1_NDVI_FMASK_v1.tif,13,s0006_S30_20240730T030531000_NDVI,NDVI,2024-07-30T03:05:31.000Z,1722308731000,S30,NASA/HLS/HLSS30/v002/T50SLG_20240730T030531,NASA/HLS/HLSS30/v002,B4,B8A,Fmask,EPSG:32650,"[30,0,300000,0,-30,4200000]",false,false,false,false,(NIR-RED)/(NIR+RED); mask denominator=0; keep source masks,dimensionless; no further scale needed,exact_uint8_values_in_Float32,-9999,Float32,1.0
NC_ROT,2024-07,2024-07-01,2024-08-01,NC_ROT_HLS_2024-07_g1_NDVI_FMASK_v1.tif,14,s0006_S30_20240730T030531000_FMASK,FMASK,2024-07-30T03:05:31.000Z,1722308731000,S30,NASA/HLS/HLSS30/v002/T50SLG_20240730T030531,NASA/HLS/HLSS30/v002,B4,B8A,Fmask,EPSG:32650,"[30,0,300000,0,-30,4200000]",false,false,false,false,(NIR-RED)/(NIR+RED); mask denominator=0; keep source masks,dimensionless; no further scale needed,exact_uint8_values_in_Float32,-9999,Float32,1.0
NC_ROT,2024-08,2024-08-01,2024-09-01,NC_ROT_HLS_2024-08_g1_NDVI_FMASK_v1.tif,1,s0000_S30_20240804T030529000_NDVI,NDVI,2024-08-04T03:05:29.000Z,1722740729000,S30,NASA/HLS/HLSS30/v002/T50SLG_20240804T030529,NASA/HLS/HLSS30/v002,B4,B8A,Fmask,EPSG:32650,"[30,0,300000,0,-30,4200000]",false,false,false,false,(NIR-RED)/(NIR+RED); mask denominator=0; keep source masks,dimensionless; no further scale needed,exact_uint8_values_in_Float32,-9999,Float32,1.0
NC_ROT,2024-08,2024-08-01,2024-09-01,NC_ROT_HLS_2024-08_g1_NDVI_FMASK_v1.tif,2,s0000_S30_20240804T030529000_FMASK,FMASK,2024-08-04T03:05:29.000Z,1722740729000,S30,NASA/HLS/HLSS30/v002/T50SLG_20240804T030529,NASA/HLS/HLSS30/v002,B4,B8A,Fmask,EPSG:32650,"[30,0,300000,0,-30,4200000]",false,false,false,false,(NIR-RED)/(NIR+RED); mask denominator=0; keep source masks,dimensionless; no further scale needed,exact_uint8_values_in_Float32,-9999,Float32,1.0
NC_ROT,2024-08,2024-08-01,2024-09-01,NC_ROT_HLS_2024-08_g1_NDVI_FMASK_v1.tif,3,s0001_L30_20240805T030004000_NDVI,NDVI,2024-08-05T03:00:04.000Z,1722826804000,L30,NASA/HLS/HLSL30/v002/T50SLG_20240805T030004,NASA/HLS/HLSL30/v002,B4,B5,Fmask,EPSG:32650,"[30,0,300000,0,-30,4200000]",false,false,false,false,(NIR-RED)/(NIR+RED); mask denominator=0; keep source masks,dimensionless; no further scale needed,exact_uint8_values_in_Float32,-9999,Float32,1.0
NC_ROT,2024-08,2024-08-01,2024-09-01,NC_ROT_HLS_2024-08_g1_NDVI_FMASK_v1.tif,4,s0001_L30_20240805T030004000_FMASK,FMASK,2024-08-05T03:00:04.000Z,1722826804000,L30,NASA/HLS/HLSL30/v002/T50SLG_20240805T030004,NASA/HLS/HLSL30/v002,B4,B5,Fmask,EPSG:32650,"[30,0,300000,0,-30,4200000]",false,false,false,false,(NIR-RED)/(NIR+RED); mask denominator=0; keep source masks,dimensionless; no further scale needed,exact_uint8_values_in_Float32,-9999,Float32,1.0
NC_ROT,2024-08,2024-08-01,2024-09-01,NC_ROT_HLS_2024-08_g1_NDVI_FMASK_v1.tif,5,s0002_L30_20240806T025349000_NDVI,NDVI,2024-08-06T02:53:49.000Z,1722912829000,L30,NASA/HLS/HLSL30/v002/T50SLG_20240806T025349,NASA/HLS/HLSL30/v002,B4,B5,Fmask,EPSG:32650,"[30,0,300000,0,-30,4200000]",false,false,false,false,(NIR-RED)/(NIR+RED); mask denominator=0; keep source masks,dimensionless; no further scale needed,exact_uint8_values_in_Float32,-9999,Float32,1.0
NC_ROT,2024-08,2024-08-01,2024-09-01,NC_ROT_HLS_2024-08_g1_NDVI_FMASK_v1.tif,6,s0002_L30_20240806T025349000_FMASK,FMASK,2024-08-06T02:53:49.000Z,1722912829000,L30,NASA/HLS/HLSL30/v002/T50SLG_20240806T025349,NASA/HLS/HLSL30/v002,B4,B5,Fmask,EPSG:32650,"[30,0,300000,0,-30,4200000]",false,false,false,false,(NIR-RED)/(NIR+RED); mask denominator=0; keep source masks,dimensionless; no further scale needed,exact_uint8_values_in_Float32,-9999,Float32,1.0
NC_ROT,2024-08,2024-08-01,2024-09-01,NC_ROT_HLS_2024-08_g1_NDVI_FMASK_v1.tif,7,s0003_L30_20240813T030005000_NDVI,NDVI,2024-08-13T03:00:05.000Z,1723518005000,L30,NASA/HLS/HLSL30/v002/T50SLG_20240813T030005,NASA/HLS/HLSL30/v002,B4,B5,Fmask,EPSG:32650,"[30,0,300000,0,-30,4200000]",false,false,false,false,(NIR-RED)/(NIR+RED); mask denominator=0; keep source masks,dimensionless; no further scale needed,exact_uint8_values_in_Float32,-9999,Float32,1.0
NC_ROT,2024-08,2024-08-01,2024-09-01,NC_ROT_HLS_2024-08_g1_NDVI_FMASK_v1.tif,8,s0003_L30_20240813T030005000_FMASK,FMASK,2024-08-13T03:00:05.000Z,1723518005000,L30,NASA/HLS/HLSL30/v002/T50SLG_20240813T030005,NASA/HLS/HLSL30/v002,B4,B5,Fmask,EPSG:32650,"[30,0,300000,0,-30,4200000]",false,false,false,false,(NIR-RED)/(NIR+RED); mask denominator=0; keep source masks,dimensionless; no further scale needed,exact_uint8_values_in_Float32,-9999,Float32,1.0
NC_ROT,2024-08,2024-08-01,2024-09-01,NC_ROT_HLS_2024-08_g1_NDVI_FMASK_v1.tif,9,s0004_L30_20240814T025357000_NDVI,NDVI,2024-08-14T02:53:57.000Z,1723604037000,L30,NASA/HLS/HLSL30/v002/T50SLG_20240814T025357,NASA/HLS/HLSL30/v002,B4,B5,Fmask,EPSG:32650,"[30,0,300000,0,-30,4200000]",false,false,false,false,(NIR-RED)/(NIR+RED); mask denominator=0; keep source masks,dimensionless; no further scale needed,exact_uint8_values_in_Float32,-9999,Float32,1.0
NC_ROT,2024-08,2024-08-01,2024-09-01,NC_ROT_HLS_2024-08_g1_NDVI_FMASK_v1.tif,10,s0004_L30_20240814T025357000_FMASK,FMASK,2024-08-14T02:53:57.000Z,1723604037000,L30,NASA/HLS/HLSL30/v002/T50SLG_20240814T025357,NASA/HLS/HLSL30/v002,B4,B5,Fmask,EPSG:32650,"[30,0,300000,0,-30,4200000]",false,false,false,false,(NIR-RED)/(NIR+RED); mask denominator=0; keep source masks,dimensionless; no further scale needed,exact_uint8_values_in_Float32,-9999,Float32,1.0
NC_ROT,2024-08,2024-08-01,2024-09-01,NC_ROT_HLS_2024-08_g1_NDVI_FMASK_v1.tif,11,s0005_S30_20240814T030529000_NDVI,NDVI,2024-08-14T03:05:29.000Z,1723604729000,S30,NASA/HLS/HLSS30/v002/T50SLG_20240814T030529,NASA/HLS/HLSS30/v002,B4,B8A,Fmask,EPSG:32650,"[30,0,300000,0,-30,4200000]",false,false,false,false,(NIR-RED)/(NIR+RED); mask denominator=0; keep source masks,dimensionless; no further scale needed,exact_uint8_values_in_Float32,-9999,Float32,1.0
NC_ROT,2024-08,2024-08-01,2024-09-01,NC_ROT_HLS_2024-08_g1_NDVI_FMASK_v1.tif,12,s0005_S30_20240814T030529000_FMASK,FMASK,2024-08-14T03:05:29.000Z,1723604729000,S30,NASA/HLS/HLSS30/v002/T50SLG_20240814T030529,NASA/HLS/HLSS30/v002,B4,B8A,Fmask,EPSG:32650,"[30,0,300000,0,-30,4200000]",false,false,false,false,(NIR-RED)/(NIR+RED); mask denominator=0; keep source masks,dimensionless; no further scale needed,exact_uint8_values_in_Float32,-9999,Float32,1.0
NC_ROT,2024-08,2024-08-01,2024-09-01,NC_ROT_HLS_2024-08_g1_NDVI_FMASK_v1.tif,13,s0006_S30_20240819T030541000_NDVI,NDVI,2024-08-19T03:05:41.000Z,1724036741000,S30,NASA/HLS/HLSS30/v002/T50SLG_20240819T030541,NASA/HLS/HLSS30/v002,B4,B8A,Fmask,EPSG:32650,"[30,0,300000,0,-30,4200000]",false,false,false,false,(NIR-RED)/(NIR+RED); mask denominator=0; keep source masks,dimensionless; no further scale needed,exact_uint8_values_in_Float32,-9999,Float32,1.0
NC_ROT,2024-08,2024-08-01,2024-09-01,NC_ROT_HLS_2024-08_g1_NDVI_FMASK_v1.tif,14,s0006_S30_20240819T030541000_FMASK,FMASK,2024-08-19T03:05:41.000Z,1724036741000,S30,NASA/HLS/HLSS30/v002/T50SLG_20240819T030541,NASA/HLS/HLSS30/v002,B4,B8A,Fmask,EPSG:32650,"[30,0,300000,0,-30,4200000]",false,false,false,false,(NIR-RED)/(NIR+RED); mask denominator=0; keep source masks,dimensionless; no further scale needed,exact_uint8_values_in_Float32,-9999,Float32,1.0
NC_ROT,2024-08,2024-08-01,2024-09-01,NC_ROT_HLS_2024-08_g1_NDVI_FMASK_v1.tif,15,s0007_S30_20240821T025529000_NDVI,NDVI,2024-08-21T02:55:29.000Z,1724208929000,S30,NASA/HLS/HLSS30/v002/T50SLG_20240821T025529,NASA/HLS/HLSS30/v002,B4,B8A,Fmask,EPSG:32650,"[30,0,300000,0,-30,4200000]",false,false,false,false,(NIR-RED)/(NIR+RED); mask denominator=0; keep source masks,dimensionless; no further scale needed,exact_uint8_values_in_Float32,-9999,Float32,1.0
NC_ROT,2024-08,2024-08-01,2024-09-01,NC_ROT_HLS_2024-08_g1_NDVI_FMASK_v1.tif,16,s0007_S30_20240821T025529000_FMASK,FMASK,2024-08-21T02:55:29.000Z,1724208929000,S30,NASA/HLS/HLSS30/v002/T50SLG_20240821T025529,NASA/HLS/HLSS30/v002,B4,B8A,Fmask,EPSG:32650,"[30,0,300000,0,-30,4200000]",false,false,false,false,(NIR-RED)/(NIR+RED); mask denominator=0; keep source masks,dimensionless; no further scale needed,exact_uint8_values_in_Float32,-9999,Float32,1.0
NC_ROT,2024-08,2024-08-01,2024-09-01,NC_ROT_HLS_2024-08_g1_NDVI_FMASK_v1.tif,17,s0008_L30_20240821T030014000_NDVI,NDVI,2024-08-21T03:00:14.000Z,1724209214000,L30,NASA/HLS/HLSL30/v002/T50SLG_20240821T030014,NASA/HLS/HLSL30/v002,B4,B5,Fmask,EPSG:32650,"[30,0,300000,0,-30,4200000]",false,false,false,false,(NIR-RED)/(NIR+RED); mask denominator=0; keep source masks,dimensionless; no further scale needed,exact_uint8_values_in_Float32,-9999,Float32,1.0
NC_ROT,2024-08,2024-08-01,2024-09-01,NC_ROT_HLS_2024-08_g1_NDVI_FMASK_v1.tif,18,s0008_L30_20240821T030014000_FMASK,FMASK,2024-08-21T03:00:14.000Z,1724209214000,L30,NASA/HLS/HLSL30/v002/T50SLG_20240821T030014,NASA/HLS/HLSL30/v002,B4,B5,Fmask,EPSG:32650,"[30,0,300000,0,-30,4200000]",false,false,false,false,(NIR-RED)/(NIR+RED); mask denominator=0; keep source masks,dimensionless; no further scale needed,exact_uint8_values_in_Float32,-9999,Float32,1.0
NC_ROT,2024-08,2024-08-01,2024-09-01,NC_ROT_HLS_2024-08_g1_NDVI_FMASK_v1.tif,19,s0009_L30_20240822T025402000_NDVI,NDVI,2024-08-22T02:54:02.000Z,1724295242000,L30,NASA/HLS/HLSL30/v002/T50SLG_20240822T025402,NASA/HLS/HLSL30/v002,B4,B5,Fmask,EPSG:32650,"[30,0,300000,0,-30,4200000]",false,false,false,false,(NIR-RED)/(NIR+RED); mask denominator=0; keep source masks,dimensionless; no further scale needed,exact_uint8_values_in_Float32,-9999,Float32,1.0
NC_ROT,2024-08,2024-08-01,2024-09-01,NC_ROT_HLS_2024-08_g1_NDVI_FMASK_v1.tif,20,s0009_L30_20240822T025402000_FMASK,FMASK,2024-08-22T02:54:02.000Z,1724295242000,L30,NASA/HLS/HLSL30/v002/T50SLG_20240822T025402,NASA/HLS/HLSL30/v002,B4,B5,Fmask,EPSG:32650,"[30,0,300000,0,-30,4200000]",false,false,false,false,(NIR-RED)/(NIR+RED); mask denominator=0; keep source masks,dimensionless; no further scale needed,exact_uint8_values_in_Float32,-9999,Float32,1.0
NC_ROT,2024-08,2024-08-01,2024-09-01,NC_ROT_HLS_2024-08_g1_NDVI_FMASK_v1.tif,21,s0010_S30_20240824T030519000_NDVI,NDVI,2024-08-24T03:05:19.000Z,1724468719000,S30,NASA/HLS/HLSS30/v002/T50SLG_20240824T030519,NASA/HLS/HLSS30/v002,B4,B8A,Fmask,EPSG:32650,"[30,0,300000,0,-30,4200000]",false,false,false,false,(NIR-RED)/(NIR+RED); mask denominator=0; keep source masks,dimensionless; no further scale needed,exact_uint8_values_in_Float32,-9999,Float32,1.0
NC_ROT,2024-08,2024-08-01,2024-09-01,NC_ROT_HLS_2024-08_g1_NDVI_FMASK_v1.tif,22,s0010_S30_20240824T030519000_FMASK,FMASK,2024-08-24T03:05:19.000Z,1724468719000,S30,NASA/HLS/HLSS30/v002/T50SLG_20240824T030519,NASA/HLS/HLSS30/v002,B4,B8A,Fmask,EPSG:32650,"[30,0,300000,0,-30,4200000]",false,false,false,false,(NIR-RED)/(NIR+RED); mask denominator=0; keep source masks,dimensionless; no further scale needed,exact_uint8_values_in_Float32,-9999,Float32,1.0
NC_ROT,2024-08,2024-08-01,2024-09-01,NC_ROT_HLS_2024-08_g1_NDVI_FMASK_v1.tif,23,s0011_L30_20240829T030016000_NDVI,NDVI,2024-08-29T03:00:16.000Z,1724900416000,L30,NASA/HLS/HLSL30/v002/T50SLG_20240829T030016,NASA/HLS/HLSL30/v002,B4,B5,Fmask,EPSG:32650,"[30,0,300000,0,-30,4200000]",false,false,false,false,(NIR-RED)/(NIR+RED); mask denominator=0; keep source masks,dimensionless; no further scale needed,exact_uint8_values_in_Float32,-9999,Float32,1.0
NC_ROT,2024-08,2024-08-01,2024-09-01,NC_ROT_HLS_2024-08_g1_NDVI_FMASK_v1.tif,24,s0011_L30_20240829T030016000_FMASK,FMASK,2024-08-29T03:00:16.000Z,1724900416000,L30,NASA/HLS/HLSL30/v002/T50SLG_20240829T030016,NASA/HLS/HLSL30/v002,B4,B5,Fmask,EPSG:32650,"[30,0,300000,0,-30,4200000]",false,false,false,false,(NIR-RED)/(NIR+RED); mask denominator=0; keep source masks,dimensionless; no further scale needed,exact_uint8_values_in_Float32,-9999,Float32,1.0
NC_ROT,2024-08,2024-08-01,2024-09-01,NC_ROT_HLS_2024-08_g1_NDVI_FMASK_v1.tif,25,s0012_S30_20240829T030541000_NDVI,NDVI,2024-08-29T03:05:41.000Z,1724900741000,S30,NASA/HLS/HLSS30/v002/T50SLG_20240829T030541,NASA/HLS/HLSS30/v002,B4,B8A,Fmask,EPSG:32650,"[30,0,300000,0,-30,4200000]",false,false,false,false,(NIR-RED)/(NIR+RED); mask denominator=0; keep source masks,dimensionless; no further scale needed,exact_uint8_values_in_Float32,-9999,Float32,1.0
NC_ROT,2024-08,2024-08-01,2024-09-01,NC_ROT_HLS_2024-08_g1_NDVI_FMASK_v1.tif,26,s0012_S30_20240829T030541000_FMASK,FMASK,2024-08-29T03:05:41.000Z,1724900741000,S30,NASA/HLS/HLSS30/v002/T50SLG_20240829T030541,NASA/HLS/HLSS30/v002,B4,B8A,Fmask,EPSG:32650,"[30,0,300000,0,-30,4200000]",false,false,false,false,(NIR-RED)/(NIR+RED); mask denominator=0; keep source masks,dimensionless; no further scale needed,exact_uint8_values_in_Float32,-9999,Float32,1.0
NC_ROT,2024-08,2024-08-01,2024-09-01,NC_ROT_HLS_2024-08_g1_NDVI_FMASK_v1.tif,27,s0013_L30_20240830T025405000_NDVI,NDVI,2024-08-30T02:54:05.000Z,1724986445000,L30,NASA/HLS/HLSL30/v002/T50SLG_20240830T025405,NASA/HLS/HLSL30/v002,B4,B5,Fmask,EPSG:32650,"[30,0,300000,0,-30,4200000]",false,false,false,false,(NIR-RED)/(NIR+RED); mask denominator=0; keep source masks,dimensionless; no further scale needed,exact_uint8_values_in_Float32,-9999,Float32,1.0
NC_ROT,2024-08,2024-08-01,2024-09-01,NC_ROT_HLS_2024-08_g1_NDVI_FMASK_v1.tif,28,s0013_L30_20240830T025405000_FMASK,FMASK,2024-08-30T02:54:05.000Z,1724986445000,L30,NASA/HLS/HLSL30/v002/T50SLG_20240830T025405,NASA/HLS/HLSL30/v002,B4,B5,Fmask,EPSG:32650,"[30,0,300000,0,-30,4200000]",false,false,false,false,(NIR-RED)/(NIR+RED); mask denominator=0; keep source masks,dimensionless; no further scale needed,exact_uint8_values_in_Float32,-9999,Float32,1.0
NC_ROT,2024-09,2024-09-01,2024-10-01,NC_ROT_HLS_2024-09_g1_NDVI_FMASK_v1.tif,1,s0000_S30_20240903T030529000_NDVI,NDVI,2024-09-03T03:05:29.000Z,1725332729000,S30,NASA/HLS/HLSS30/v002/T50SLG_20240903T030529,NASA/HLS/HLSS30/v002,B4,B8A,Fmask,EPSG:32650,"[30,0,300000,0,-30,4200000]",false,false,false,false,(NIR-RED)/(NIR+RED); mask denominator=0; keep source masks,dimensionless; no further scale needed,exact_uint8_values_in_Float32,-9999,Float32,1.0
NC_ROT,2024-09,2024-09-01,2024-10-01,NC_ROT_HLS_2024-09_g1_NDVI_FMASK_v1.tif,2,s0000_S30_20240903T030529000_FMASK,FMASK,2024-09-03T03:05:29.000Z,1725332729000,S30,NASA/HLS/HLSS30/v002/T50SLG_20240903T030529,NASA/HLS/HLSS30/v002,B4,B8A,Fmask,EPSG:32650,"[30,0,300000,0,-30,4200000]",false,false,false,false,(NIR-RED)/(NIR+RED); mask denominator=0; keep source masks,dimensionless; no further scale needed,exact_uint8_values_in_Float32,-9999,Float32,1.0
NC_ROT,2024-09,2024-09-01,2024-10-01,NC_ROT_HLS_2024-09_g1_NDVI_FMASK_v1.tif,3,s0001_L30_20240906T030023000_NDVI,NDVI,2024-09-06T03:00:23.000Z,1725591623000,L30,NASA/HLS/HLSL30/v002/T50SLG_20240906T030023,NASA/HLS/HLSL30/v002,B4,B5,Fmask,EPSG:32650,"[30,0,300000,0,-30,4200000]",false,false,false,false,(NIR-RED)/(NIR+RED); mask denominator=0; keep source masks,dimensionless; no further scale needed,exact_uint8_values_in_Float32,-9999,Float32,1.0
NC_ROT,2024-09,2024-09-01,2024-10-01,NC_ROT_HLS_2024-09_g1_NDVI_FMASK_v1.tif,4,s0001_L30_20240906T030023000_FMASK,FMASK,2024-09-06T03:00:23.000Z,1725591623000,L30,NASA/HLS/HLSL30/v002/T50SLG_20240906T030023,NASA/HLS/HLSL30/v002,B4,B5,Fmask,EPSG:32650,"[30,0,300000,0,-30,4200000]",false,false,false,false,(NIR-RED)/(NIR+RED); mask denominator=0; keep source masks,dimensionless; no further scale needed,exact_uint8_values_in_Float32,-9999,Float32,1.0
NC_ROT,2024-09,2024-09-01,2024-10-01,NC_ROT_HLS_2024-09_g1_NDVI_FMASK_v1.tif,5,s0002_L30_20240907T025401000_NDVI,NDVI,2024-09-07T02:54:01.000Z,1725677641000,L30,NASA/HLS/HLSL30/v002/T50SLG_20240907T025401,NASA/HLS/HLSL30/v002,B4,B5,Fmask,EPSG:32650,"[30,0,300000,0,-30,4200000]",false,false,false,false,(NIR-RED)/(NIR+RED); mask denominator=0; keep source masks,dimensionless; no further scale needed,exact_uint8_values_in_Float32,-9999,Float32,1.0
NC_ROT,2024-09,2024-09-01,2024-10-01,NC_ROT_HLS_2024-09_g1_NDVI_FMASK_v1.tif,6,s0002_L30_20240907T025401000_FMASK,FMASK,2024-09-07T02:54:01.000Z,1725677641000,L30,NASA/HLS/HLSL30/v002/T50SLG_20240907T025401,NASA/HLS/HLSL30/v002,B4,B5,Fmask,EPSG:32650,"[30,0,300000,0,-30,4200000]",false,false,false,false,(NIR-RED)/(NIR+RED); mask denominator=0; keep source masks,dimensionless; no further scale needed,exact_uint8_values_in_Float32,-9999,Float32,1.0
NC_ROT,2024-09,2024-09-01,2024-10-01,NC_ROT_HLS_2024-09_g1_NDVI_FMASK_v1.tif,7,s0003_S30_20240908T030541000_NDVI,NDVI,2024-09-08T03:05:41.000Z,1725764741000,S30,NASA/HLS/HLSS30/v002/T50SLG_20240908T030541,NASA/HLS/HLSS30/v002,B4,B8A,Fmask,EPSG:32650,"[30,0,300000,0,-30,4200000]",false,false,false,false,(NIR-RED)/(NIR+RED); mask denominator=0; keep source masks,dimensionless; no further scale needed,exact_uint8_values_in_Float32,-9999,Float32,1.0
NC_ROT,2024-09,2024-09-01,2024-10-01,NC_ROT_HLS_2024-09_g1_NDVI_FMASK_v1.tif,8,s0003_S30_20240908T030541000_FMASK,FMASK,2024-09-08T03:05:41.000Z,1725764741000,S30,NASA/HLS/HLSS30/v002/T50SLG_20240908T030541,NASA/HLS/HLSS30/v002,B4,B8A,Fmask,EPSG:32650,"[30,0,300000,0,-30,4200000]",false,false,false,false,(NIR-RED)/(NIR+RED); mask denominator=0; keep source masks,dimensionless; no further scale needed,exact_uint8_values_in_Float32,-9999,Float32,1.0
NC_ROT,2024-09,2024-09-01,2024-10-01,NC_ROT_HLS_2024-09_g1_NDVI_FMASK_v1.tif,9,s0004_S30_20240913T030519000_NDVI,NDVI,2024-09-13T03:05:19.000Z,1726196719000,S30,NASA/HLS/HLSS30/v002/T50SLG_20240913T030519,NASA/HLS/HLSS30/v002,B4,B8A,Fmask,EPSG:32650,"[30,0,300000,0,-30,4200000]",false,false,false,false,(NIR-RED)/(NIR+RED); mask denominator=0; keep source masks,dimensionless; no further scale needed,exact_uint8_values_in_Float32,-9999,Float32,1.0
NC_ROT,2024-09,2024-09-01,2024-10-01,NC_ROT_HLS_2024-09_g1_NDVI_FMASK_v1.tif,10,s0004_S30_20240913T030519000_FMASK,FMASK,2024-09-13T03:05:19.000Z,1726196719000,S30,NASA/HLS/HLSS30/v002/T50SLG_20240913T030519,NASA/HLS/HLSS30/v002,B4,B8A,Fmask,EPSG:32650,"[30,0,300000,0,-30,4200000]",false,false,false,false,(NIR-RED)/(NIR+RED); mask denominator=0; keep source masks,dimensionless; no further scale needed,exact_uint8_values_in_Float32,-9999,Float32,1.0
NC_ROT,2024-09,2024-09-01,2024-10-01,NC_ROT_HLS_2024-09_g1_NDVI_FMASK_v1.tif,11,s0005_L30_20240915T025414000_NDVI,NDVI,2024-09-15T02:54:14.000Z,1726368854000,L30,NASA/HLS/HLSL30/v002/T50SLG_20240915T025414,NASA/HLS/HLSL30/v002,B4,B5,Fmask,EPSG:32650,"[30,0,300000,0,-30,4200000]",false,false,false,false,(NIR-RED)/(NIR+RED); mask denominator=0; keep source masks,dimensionless; no further scale needed,exact_uint8_values_in_Float32,-9999,Float32,1.0
NC_ROT,2024-09,2024-09-01,2024-10-01,NC_ROT_HLS_2024-09_g1_NDVI_FMASK_v1.tif,12,s0005_L30_20240915T025414000_FMASK,FMASK,2024-09-15T02:54:14.000Z,1726368854000,L30,NASA/HLS/HLSL30/v002/T50SLG_20240915T025414,NASA/HLS/HLSL30/v002,B4,B5,Fmask,EPSG:32650,"[30,0,300000,0,-30,4200000]",false,false,false,false,(NIR-RED)/(NIR+RED); mask denominator=0; keep source masks,dimensionless; no further scale needed,exact_uint8_values_in_Float32,-9999,Float32,1.0
NC_ROT,2024-09,2024-09-01,2024-10-01,NC_ROT_HLS_2024-09_g1_NDVI_FMASK_v1.tif,13,s0006_L30_20240922T030024000_NDVI,NDVI,2024-09-22T03:00:24.000Z,1726974024000,L30,NASA/HLS/HLSL30/v002/T50SLG_20240922T030024,NASA/HLS/HLSL30/v002,B4,B5,Fmask,EPSG:32650,"[30,0,300000,0,-30,4200000]",false,false,false,false,(NIR-RED)/(NIR+RED); mask denominator=0; keep source masks,dimensionless; no further scale needed,exact_uint8_values_in_Float32,-9999,Float32,1.0
NC_ROT,2024-09,2024-09-01,2024-10-01,NC_ROT_HLS_2024-09_g1_NDVI_FMASK_v1.tif,14,s0006_L30_20240922T030024000_FMASK,FMASK,2024-09-22T03:00:24.000Z,1726974024000,L30,NASA/HLS/HLSL30/v002/T50SLG_20240922T030024,NASA/HLS/HLSL30/v002,B4,B5,Fmask,EPSG:32650,"[30,0,300000,0,-30,4200000]",false,false,false,false,(NIR-RED)/(NIR+RED); mask denominator=0; keep source masks,dimensionless; no further scale needed,exact_uint8_values_in_Float32,-9999,Float32,1.0
NC_ROT,2024-09,2024-09-01,2024-10-01,NC_ROT_HLS_2024-09_g1_NDVI_FMASK_v1.tif,15,s0007_L30_20240923T025404000_NDVI,NDVI,2024-09-23T02:54:04.000Z,1727060044000,L30,NASA/HLS/HLSL30/v002/T50SLG_20240923T025404,NASA/HLS/HLSL30/v002,B4,B5,Fmask,EPSG:32650,"[30,0,300000,0,-30,4200000]",false,false,false,false,(NIR-RED)/(NIR+RED); mask denominator=0; keep source masks,dimensionless; no further scale needed,exact_uint8_values_in_Float32,-9999,Float32,1.0
NC_ROT,2024-09,2024-09-01,2024-10-01,NC_ROT_HLS_2024-09_g1_NDVI_FMASK_v1.tif,16,s0007_L30_20240923T025404000_FMASK,FMASK,2024-09-23T02:54:04.000Z,1727060044000,L30,NASA/HLS/HLSL30/v002/T50SLG_20240923T025404,NASA/HLS/HLSL30/v002,B4,B5,Fmask,EPSG:32650,"[30,0,300000,0,-30,4200000]",false,false,false,false,(NIR-RED)/(NIR+RED); mask denominator=0; keep source masks,dimensionless; no further scale needed,exact_uint8_values_in_Float32,-9999,Float32,1.0
NC_ROT,2024-09,2024-09-01,2024-10-01,NC_ROT_HLS_2024-09_g1_NDVI_FMASK_v1.tif,17,s0008_S30_20240923T030519000_NDVI,NDVI,2024-09-23T03:05:19.000Z,1727060719000,S30,NASA/HLS/HLSS30/v002/T50SLG_20240923T030519,NASA/HLS/HLSS30/v002,B4,B8A,Fmask,EPSG:32650,"[30,0,300000,0,-30,4200000]",false,false,false,false,(NIR-RED)/(NIR+RED); mask denominator=0; keep source masks,dimensionless; no further scale needed,exact_uint8_values_in_Float32,-9999,Float32,1.0
NC_ROT,2024-09,2024-09-01,2024-10-01,NC_ROT_HLS_2024-09_g1_NDVI_FMASK_v1.tif,18,s0008_S30_20240923T030519000_FMASK,FMASK,2024-09-23T03:05:19.000Z,1727060719000,S30,NASA/HLS/HLSS30/v002/T50SLG_20240923T030519,NASA/HLS/HLSS30/v002,B4,B8A,Fmask,EPSG:32650,"[30,0,300000,0,-30,4200000]",false,false,false,false,(NIR-RED)/(NIR+RED); mask denominator=0; keep source masks,dimensionless; no further scale needed,exact_uint8_values_in_Float32,-9999,Float32,1.0
NC_ROT,2024-09,2024-09-01,2024-10-01,NC_ROT_HLS_2024-09_g1_NDVI_FMASK_v1.tif,19,s0009_S30_20240928T030521000_NDVI,NDVI,2024-09-28T03:05:21.000Z,1727492721000,S30,NASA/HLS/HLSS30/v002/T50SLG_20240928T030521,NASA/HLS/HLSS30/v002,B4,B8A,Fmask,EPSG:32650,"[30,0,300000,0,-30,4200000]",false,false,false,false,(NIR-RED)/(NIR+RED); mask denominator=0; keep source masks,dimensionless; no further scale needed,exact_uint8_values_in_Float32,-9999,Float32,1.0
NC_ROT,2024-09,2024-09-01,2024-10-01,NC_ROT_HLS_2024-09_g1_NDVI_FMASK_v1.tif,20,s0009_S30_20240928T030521000_FMASK,FMASK,2024-09-28T03:05:21.000Z,1727492721000,S30,NASA/HLS/HLSS30/v002/T50SLG_20240928T030521,NASA/HLS/HLSS30/v002,B4,B8A,Fmask,EPSG:32650,"[30,0,300000,0,-30,4200000]",false,false,false,false,(NIR-RED)/(NIR+RED); mask denominator=0; keep source masks,dimensionless; no further scale needed,exact_uint8_values_in_Float32,-9999,Float32,1.0
NC_ROT,2024-10,2024-10-01,2024-11-01,NC_ROT_HLS_2024-10_g1_NDVI_FMASK_v1.tif,1,s0000_L30_20241001T025408000_NDVI,NDVI,2024-10-01T02:54:08.000Z,1727751248000,L30,NASA/HLS/HLSL30/v002/T50SLG_20241001T025408,NASA/HLS/HLSL30/v002,B4,B5,Fmask,EPSG:32650,"[30,0,300000,0,-30,4200000]",false,false,false,false,(NIR-RED)/(NIR+RED); mask denominator=0; keep source masks,dimensionless; no further scale needed,exact_uint8_values_in_Float32,-9999,Float32,1.0
NC_ROT,2024-10,2024-10-01,2024-11-01,NC_ROT_HLS_2024-10_g1_NDVI_FMASK_v1.tif,2,s0000_L30_20241001T025408000_FMASK,FMASK,2024-10-01T02:54:08.000Z,1727751248000,L30,NASA/HLS/HLSL30/v002/T50SLG_20241001T025408,NASA/HLS/HLSL30/v002,B4,B5,Fmask,EPSG:32650,"[30,0,300000,0,-30,4200000]",false,false,false,false,(NIR-RED)/(NIR+RED); mask denominator=0; keep source masks,dimensionless; no further scale needed,exact_uint8_values_in_Float32,-9999,Float32,1.0
NC_ROT,2024-10,2024-10-01,2024-11-01,NC_ROT_HLS_2024-10_g1_NDVI_FMASK_v1.tif,3,s0001_S30_20241003T030529000_NDVI,NDVI,2024-10-03T03:05:29.000Z,1727924729000,S30,NASA/HLS/HLSS30/v002/T50SLG_20241003T030529,NASA/HLS/HLSS30/v002,B4,B8A,Fmask,EPSG:32650,"[30,0,300000,0,-30,4200000]",false,false,false,false,(NIR-RED)/(NIR+RED); mask denominator=0; keep source masks,dimensionless; no further scale needed,exact_uint8_values_in_Float32,-9999,Float32,1.0
NC_ROT,2024-10,2024-10-01,2024-11-01,NC_ROT_HLS_2024-10_g1_NDVI_FMASK_v1.tif,4,s0001_S30_20241003T030529000_FMASK,FMASK,2024-10-03T03:05:29.000Z,1727924729000,S30,NASA/HLS/HLSS30/v002/T50SLG_20241003T030529,NASA/HLS/HLSS30/v002,B4,B8A,Fmask,EPSG:32650,"[30,0,300000,0,-30,4200000]",false,false,false,false,(NIR-RED)/(NIR+RED); mask denominator=0; keep source masks,dimensionless; no further scale needed,exact_uint8_values_in_Float32,-9999,Float32,1.0
NC_ROT,2024-10,2024-10-01,2024-11-01,NC_ROT_HLS_2024-10_g1_NDVI_FMASK_v1.tif,5,s0002_L30_20241008T030022000_NDVI,NDVI,2024-10-08T03:00:22.000Z,1728356422000,L30,NASA/HLS/HLSL30/v002/T50SLG_20241008T030022,NASA/HLS/HLSL30/v002,B4,B5,Fmask,EPSG:32650,"[30,0,300000,0,-30,4200000]",false,false,false,false,(NIR-RED)/(NIR+RED); mask denominator=0; keep source masks,dimensionless; no further scale needed,exact_uint8_values_in_Float32,-9999,Float32,1.0
NC_ROT,2024-10,2024-10-01,2024-11-01,NC_ROT_HLS_2024-10_g1_NDVI_FMASK_v1.tif,6,s0002_L30_20241008T030022000_FMASK,FMASK,2024-10-08T03:00:22.000Z,1728356422000,L30,NASA/HLS/HLSL30/v002/T50SLG_20241008T030022,NASA/HLS/HLSL30/v002,B4,B5,Fmask,EPSG:32650,"[30,0,300000,0,-30,4200000]",false,false,false,false,(NIR-RED)/(NIR+RED); mask denominator=0; keep source masks,dimensionless; no further scale needed,exact_uint8_values_in_Float32,-9999,Float32,1.0
NC_ROT,2024-10,2024-10-01,2024-11-01,NC_ROT_HLS_2024-10_g1_NDVI_FMASK_v1.tif,7,s0003_S30_20241008T030621000_NDVI,NDVI,2024-10-08T03:06:21.000Z,1728356781000,S30,NASA/HLS/HLSS30/v002/T50SLG_20241008T030621,NASA/HLS/HLSS30/v002,B4,B8A,Fmask,EPSG:32650,"[30,0,300000,0,-30,4200000]",false,false,false,false,(NIR-RED)/(NIR+RED); mask denominator=0; keep source masks,dimensionless; no further scale needed,exact_uint8_values_in_Float32,-9999,Float32,1.0
NC_ROT,2024-10,2024-10-01,2024-11-01,NC_ROT_HLS_2024-10_g1_NDVI_FMASK_v1.tif,8,s0003_S30_20241008T030621000_FMASK,FMASK,2024-10-08T03:06:21.000Z,1728356781000,S30,NASA/HLS/HLSS30/v002/T50SLG_20241008T030621,NASA/HLS/HLSS30/v002,B4,B8A,Fmask,EPSG:32650,"[30,0,300000,0,-30,4200000]",false,false,false,false,(NIR-RED)/(NIR+RED); mask denominator=0; keep source masks,dimensionless; no further scale needed,exact_uint8_values_in_Float32,-9999,Float32,1.0
NC_ROT,2024-10,2024-10-01,2024-11-01,NC_ROT_HLS_2024-10_g1_NDVI_FMASK_v1.tif,9,s0004_S30_20241013T030559000_NDVI,NDVI,2024-10-13T03:05:59.000Z,1728788759000,S30,NASA/HLS/HLSS30/v002/T50SLG_20241013T030559,NASA/HLS/HLSS30/v002,B4,B8A,Fmask,EPSG:32650,"[30,0,300000,0,-30,4200000]",false,false,false,false,(NIR-RED)/(NIR+RED); mask denominator=0; keep source masks,dimensionless; no further scale needed,exact_uint8_values_in_Float32,-9999,Float32,1.0
NC_ROT,2024-10,2024-10-01,2024-11-01,NC_ROT_HLS_2024-10_g1_NDVI_FMASK_v1.tif,10,s0004_S30_20241013T030559000_FMASK,FMASK,2024-10-13T03:05:59.000Z,1728788759000,S30,NASA/HLS/HLSS30/v002/T50SLG_20241013T030559,NASA/HLS/HLSS30/v002,B4,B8A,Fmask,EPSG:32650,"[30,0,300000,0,-30,4200000]",false,false,false,false,(NIR-RED)/(NIR+RED); mask denominator=0; keep source masks,dimensionless; no further scale needed,exact_uint8_values_in_Float32,-9999,Float32,1.0
NC_ROT,2024-10,2024-10-01,2024-11-01,NC_ROT_HLS_2024-10_g1_NDVI_FMASK_v1.tif,11,s0005_L30_20241016T030032000_NDVI,NDVI,2024-10-16T03:00:32.000Z,1729047632000,L30,NASA/HLS/HLSL30/v002/T50SLG_20241016T030032,NASA/HLS/HLSL30/v002,B4,B5,Fmask,EPSG:32650,"[30,0,300000,0,-30,4200000]",false,false,false,false,(NIR-RED)/(NIR+RED); mask denominator=0; keep source masks,dimensionless; no further scale needed,exact_uint8_values_in_Float32,-9999,Float32,1.0
NC_ROT,2024-10,2024-10-01,2024-11-01,NC_ROT_HLS_2024-10_g1_NDVI_FMASK_v1.tif,12,s0005_L30_20241016T030032000_FMASK,FMASK,2024-10-16T03:00:32.000Z,1729047632000,L30,NASA/HLS/HLSL30/v002/T50SLG_20241016T030032,NASA/HLS/HLSL30/v002,B4,B5,Fmask,EPSG:32650,"[30,0,300000,0,-30,4200000]",false,false,false,false,(NIR-RED)/(NIR+RED); mask denominator=0; keep source masks,dimensionless; no further scale needed,exact_uint8_values_in_Float32,-9999,Float32,1.0
NC_ROT,2024-10,2024-10-01,2024-11-01,NC_ROT_HLS_2024-10_g1_NDVI_FMASK_v1.tif,13,s0006_S30_20241023T030709000_NDVI,NDVI,2024-10-23T03:07:09.000Z,1729652829000,S30,NASA/HLS/HLSS30/v002/T50SLG_20241023T030709,NASA/HLS/HLSS30/v002,B4,B8A,Fmask,EPSG:32650,"[30,0,300000,0,-30,4200000]",false,false,false,false,(NIR-RED)/(NIR+RED); mask denominator=0; keep source masks,dimensionless; no further scale needed,exact_uint8_values_in_Float32,-9999,Float32,1.0
NC_ROT,2024-10,2024-10-01,2024-11-01,NC_ROT_HLS_2024-10_g1_NDVI_FMASK_v1.tif,14,s0006_S30_20241023T030709000_FMASK,FMASK,2024-10-23T03:07:09.000Z,1729652829000,S30,NASA/HLS/HLSS30/v002/T50SLG_20241023T030709,NASA/HLS/HLSS30/v002,B4,B8A,Fmask,EPSG:32650,"[30,0,300000,0,-30,4200000]",false,false,false,false,(NIR-RED)/(NIR+RED); mask denominator=0; keep source masks,dimensionless; no further scale needed,exact_uint8_values_in_Float32,-9999,Float32,1.0
NC_ROT,2024-10,2024-10-01,2024-11-01,NC_ROT_HLS_2024-10_g1_NDVI_FMASK_v1.tif,15,s0007_L30_20241024T030033000_NDVI,NDVI,2024-10-24T03:00:33.000Z,1729738833000,L30,NASA/HLS/HLSL30/v002/T50SLG_20241024T030033,NASA/HLS/HLSL30/v002,B4,B5,Fmask,EPSG:32650,"[30,0,300000,0,-30,4200000]",false,false,false,false,(NIR-RED)/(NIR+RED); mask denominator=0; keep source masks,dimensionless; no further scale needed,exact_uint8_values_in_Float32,-9999,Float32,1.0
NC_ROT,2024-10,2024-10-01,2024-11-01,NC_ROT_HLS_2024-10_g1_NDVI_FMASK_v1.tif,16,s0007_L30_20241024T030033000_FMASK,FMASK,2024-10-24T03:00:33.000Z,1729738833000,L30,NASA/HLS/HLSL30/v002/T50SLG_20241024T030033,NASA/HLS/HLSL30/v002,B4,B5,Fmask,EPSG:32650,"[30,0,300000,0,-30,4200000]",false,false,false,false,(NIR-RED)/(NIR+RED); mask denominator=0; keep source masks,dimensionless; no further scale needed,exact_uint8_values_in_Float32,-9999,Float32,1.0
NC_ROT,2024-10,2024-10-01,2024-11-01,NC_ROT_HLS_2024-10_g1_NDVI_FMASK_v1.tif,17,s0008_L30_20241025T025429000_NDVI,NDVI,2024-10-25T02:54:29.000Z,1729824869000,L30,NASA/HLS/HLSL30/v002/T50SLG_20241025T025429,NASA/HLS/HLSL30/v002,B4,B5,Fmask,EPSG:32650,"[30,0,300000,0,-30,4200000]",false,false,false,false,(NIR-RED)/(NIR+RED); mask denominator=0; keep source masks,dimensionless; no further scale needed,exact_uint8_values_in_Float32,-9999,Float32,1.0
NC_ROT,2024-10,2024-10-01,2024-11-01,NC_ROT_HLS_2024-10_g1_NDVI_FMASK_v1.tif,18,s0008_L30_20241025T025429000_FMASK,FMASK,2024-10-25T02:54:29.000Z,1729824869000,L30,NASA/HLS/HLSL30/v002/T50SLG_20241025T025429,NASA/HLS/HLSL30/v002,B4,B5,Fmask,EPSG:32650,"[30,0,300000,0,-30,4200000]",false,false,false,false,(NIR-RED)/(NIR+RED); mask denominator=0; keep source masks,dimensionless; no further scale needed,exact_uint8_values_in_Float32,-9999,Float32,1.0
NC_ROT,2024-10,2024-10-01,2024-11-01,NC_ROT_HLS_2024-10_g1_NDVI_FMASK_v1.tif,19,s0009_S30_20241028T030831000_NDVI,NDVI,2024-10-28T03:08:31.000Z,1730084911000,S30,NASA/HLS/HLSS30/v002/T50SLG_20241028T030831,NASA/HLS/HLSS30/v002,B4,B8A,Fmask,EPSG:32650,"[30,0,300000,0,-30,4200000]",false,false,false,false,(NIR-RED)/(NIR+RED); mask denominator=0; keep source masks,dimensionless; no further scale needed,exact_uint8_values_in_Float32,-9999,Float32,1.0
NC_ROT,2024-10,2024-10-01,2024-11-01,NC_ROT_HLS_2024-10_g1_NDVI_FMASK_v1.tif,20,s0009_S30_20241028T030831000_FMASK,FMASK,2024-10-28T03:08:31.000Z,1730084911000,S30,NASA/HLS/HLSS30/v002/T50SLG_20241028T030831,NASA/HLS/HLSS30/v002,B4,B8A,Fmask,EPSG:32650,"[30,0,300000,0,-30,4200000]",false,false,false,false,(NIR-RED)/(NIR+RED); mask denominator=0; keep source masks,dimensionless; no further scale needed,exact_uint8_values_in_Float32,-9999,Float32,1.0
NC_ROT,2024-11,2024-11-01,2024-12-01,NC_ROT_HLS_2024-11_g1_NDVI_FMASK_v1.tif,1,s0000_L30_20241101T030034000_NDVI,NDVI,2024-11-01T03:00:34.000Z,1730430034000,L30,NASA/HLS/HLSL30/v002/T50SLG_20241101T030034,NASA/HLS/HLSL30/v002,B4,B5,Fmask,EPSG:32650,"[30,0,300000,0,-30,4200000]",false,false,false,false,(NIR-RED)/(NIR+RED); mask denominator=0; keep source masks,dimensionless; no further scale needed,exact_uint8_values_in_Float32,-9999,Float32,1.0
NC_ROT,2024-11,2024-11-01,2024-12-01,NC_ROT_HLS_2024-11_g1_NDVI_FMASK_v1.tif,2,s0000_L30_20241101T030034000_FMASK,FMASK,2024-11-01T03:00:34.000Z,1730430034000,L30,NASA/HLS/HLSL30/v002/T50SLG_20241101T030034,NASA/HLS/HLSL30/v002,B4,B5,Fmask,EPSG:32650,"[30,0,300000,0,-30,4200000]",false,false,false,false,(NIR-RED)/(NIR+RED); mask denominator=0; keep source masks,dimensionless; no further scale needed,exact_uint8_values_in_Float32,-9999,Float32,1.0
NC_ROT,2024-11,2024-11-01,2024-12-01,NC_ROT_HLS_2024-11_g1_NDVI_FMASK_v1.tif,3,s0001_L30_20241102T025414000_NDVI,NDVI,2024-11-02T02:54:14.000Z,1730516054000,L30,NASA/HLS/HLSL30/v002/T50SLG_20241102T025414,NASA/HLS/HLSL30/v002,B4,B5,Fmask,EPSG:32650,"[30,0,300000,0,-30,4200000]",false,false,false,false,(NIR-RED)/(NIR+RED); mask denominator=0; keep source masks,dimensionless; no further scale needed,exact_uint8_values_in_Float32,-9999,Float32,1.0
NC_ROT,2024-11,2024-11-01,2024-12-01,NC_ROT_HLS_2024-11_g1_NDVI_FMASK_v1.tif,4,s0001_L30_20241102T025414000_FMASK,FMASK,2024-11-02T02:54:14.000Z,1730516054000,L30,NASA/HLS/HLSL30/v002/T50SLG_20241102T025414,NASA/HLS/HLSL30/v002,B4,B5,Fmask,EPSG:32650,"[30,0,300000,0,-30,4200000]",false,false,false,false,(NIR-RED)/(NIR+RED); mask denominator=0; keep source masks,dimensionless; no further scale needed,exact_uint8_values_in_Float32,-9999,Float32,1.0
NC_ROT,2024-11,2024-11-01,2024-12-01,NC_ROT_HLS_2024-11_g1_NDVI_FMASK_v1.tif,5,s0002_S30_20241102T030809000_NDVI,NDVI,2024-11-02T03:08:09.000Z,1730516889000,S30,NASA/HLS/HLSS30/v002/T50SLG_20241102T030809,NASA/HLS/HLSS30/v002,B4,B8A,Fmask,EPSG:32650,"[30,0,300000,0,-30,4200000]",false,false,false,false,(NIR-RED)/(NIR+RED); mask denominator=0; keep source masks,dimensionless; no further scale needed,exact_uint8_values_in_Float32,-9999,Float32,1.0
NC_ROT,2024-11,2024-11-01,2024-12-01,NC_ROT_HLS_2024-11_g1_NDVI_FMASK_v1.tif,6,s0002_S30_20241102T030809000_FMASK,FMASK,2024-11-02T03:08:09.000Z,1730516889000,S30,NASA/HLS/HLSS30/v002/T50SLG_20241102T030809,NASA/HLS/HLSS30/v002,B4,B8A,Fmask,EPSG:32650,"[30,0,300000,0,-30,4200000]",false,false,false,false,(NIR-RED)/(NIR+RED); mask denominator=0; keep source masks,dimensionless; no further scale needed,exact_uint8_values_in_Float32,-9999,Float32,1.0
NC_ROT,2024-11,2024-11-01,2024-12-01,NC_ROT_HLS_2024-11_g1_NDVI_FMASK_v1.tif,7,s0003_S30_20241107T030921000_NDVI,NDVI,2024-11-07T03:09:21.000Z,1730948961000,S30,NASA/HLS/HLSS30/v002/T50SLG_20241107T030921,NASA/HLS/HLSS30/v002,B4,B8A,Fmask,EPSG:32650,"[30,0,300000,0,-30,4200000]",false,false,false,false,(NIR-RED)/(NIR+RED); mask denominator=0; keep source masks,dimensionless; no further scale needed,exact_uint8_values_in_Float32,-9999,Float32,1.0
NC_ROT,2024-11,2024-11-01,2024-12-01,NC_ROT_HLS_2024-11_g1_NDVI_FMASK_v1.tif,8,s0003_S30_20241107T030921000_FMASK,FMASK,2024-11-07T03:09:21.000Z,1730948961000,S30,NASA/HLS/HLSS30/v002/T50SLG_20241107T030921,NASA/HLS/HLSS30/v002,B4,B8A,Fmask,EPSG:32650,"[30,0,300000,0,-30,4200000]",false,false,false,false,(NIR-RED)/(NIR+RED); mask denominator=0; keep source masks,dimensionless; no further scale needed,exact_uint8_values_in_Float32,-9999,Float32,1.0
NC_ROT,2024-11,2024-11-01,2024-12-01,NC_ROT_HLS_2024-11_g1_NDVI_FMASK_v1.tif,9,s0004_L30_20241117T030037000_NDVI,NDVI,2024-11-17T03:00:37.000Z,1731812437000,L30,NASA/HLS/HLSL30/v002/T50SLG_20241117T030037,NASA/HLS/HLSL30/v002,B4,B5,Fmask,EPSG:32650,"[30,0,300000,0,-30,4200000]",false,false,false,false,(NIR-RED)/(NIR+RED); mask denominator=0; keep source masks,dimensionless; no further scale needed,exact_uint8_values_in_Float32,-9999,Float32,1.0
NC_ROT,2024-11,2024-11-01,2024-12-01,NC_ROT_HLS_2024-11_g1_NDVI_FMASK_v1.tif,10,s0004_L30_20241117T030037000_FMASK,FMASK,2024-11-17T03:00:37.000Z,1731812437000,L30,NASA/HLS/HLSL30/v002/T50SLG_20241117T030037,NASA/HLS/HLSL30/v002,B4,B5,Fmask,EPSG:32650,"[30,0,300000,0,-30,4200000]",false,false,false,false,(NIR-RED)/(NIR+RED); mask denominator=0; keep source masks,dimensionless; no further scale needed,exact_uint8_values_in_Float32,-9999,Float32,1.0
NC_ROT,2024-11,2024-11-01,2024-12-01,NC_ROT_HLS_2024-11_g1_NDVI_FMASK_v1.tif,11,s0005_S30_20241117T031011000_NDVI,NDVI,2024-11-17T03:10:11.000Z,1731813011000,S30,NASA/HLS/HLSS30/v002/T50SLG_20241117T031011,NASA/HLS/HLSS30/v002,B4,B8A,Fmask,EPSG:32650,"[30,0,300000,0,-30,4200000]",false,false,false,false,(NIR-RED)/(NIR+RED); mask denominator=0; keep source masks,dimensionless; no further scale needed,exact_uint8_values_in_Float32,-9999,Float32,1.0
NC_ROT,2024-11,2024-11-01,2024-12-01,NC_ROT_HLS_2024-11_g1_NDVI_FMASK_v1.tif,12,s0005_S30_20241117T031011000_FMASK,FMASK,2024-11-17T03:10:11.000Z,1731813011000,S30,NASA/HLS/HLSS30/v002/T50SLG_20241117T031011,NASA/HLS/HLSS30/v002,B4,B8A,Fmask,EPSG:32650,"[30,0,300000,0,-30,4200000]",false,false,false,false,(NIR-RED)/(NIR+RED); mask denominator=0; keep source masks,dimensionless; no further scale needed,exact_uint8_values_in_Float32,-9999,Float32,1.0
NC_ROT,2024-11,2024-11-01,2024-12-01,NC_ROT_HLS_2024-11_g1_NDVI_FMASK_v1.tif,13,s0006_L30_20241118T025422000_NDVI,NDVI,2024-11-18T02:54:22.000Z,1731898462000,L30,NASA/HLS/HLSL30/v002/T50SLG_20241118T025422,NASA/HLS/HLSL30/v002,B4,B5,Fmask,EPSG:32650,"[30,0,300000,0,-30,4200000]",false,false,false,false,(NIR-RED)/(NIR+RED); mask denominator=0; keep source masks,dimensionless; no further scale needed,exact_uint8_values_in_Float32,-9999,Float32,1.0
NC_ROT,2024-11,2024-11-01,2024-12-01,NC_ROT_HLS_2024-11_g1_NDVI_FMASK_v1.tif,14,s0006_L30_20241118T025422000_FMASK,FMASK,2024-11-18T02:54:22.000Z,1731898462000,L30,NASA/HLS/HLSL30/v002/T50SLG_20241118T025422,NASA/HLS/HLSL30/v002,B4,B5,Fmask,EPSG:32650,"[30,0,300000,0,-30,4200000]",false,false,false,false,(NIR-RED)/(NIR+RED); mask denominator=0; keep source masks,dimensionless; no further scale needed,exact_uint8_values_in_Float32,-9999,Float32,1.0
NC_ROT,2024-11,2024-11-01,2024-12-01,NC_ROT_HLS_2024-11_g1_NDVI_FMASK_v1.tif,15,s0007_S30_20241122T030939000_NDVI,NDVI,2024-11-22T03:09:39.000Z,1732244979000,S30,NASA/HLS/HLSS30/v002/T50SLG_20241122T030939,NASA/HLS/HLSS30/v002,B4,B8A,Fmask,EPSG:32650,"[30,0,300000,0,-30,4200000]",false,false,false,false,(NIR-RED)/(NIR+RED); mask denominator=0; keep source masks,dimensionless; no further scale needed,exact_uint8_values_in_Float32,-9999,Float32,1.0
NC_ROT,2024-11,2024-11-01,2024-12-01,NC_ROT_HLS_2024-11_g1_NDVI_FMASK_v1.tif,16,s0007_S30_20241122T030939000_FMASK,FMASK,2024-11-22T03:09:39.000Z,1732244979000,S30,NASA/HLS/HLSS30/v002/T50SLG_20241122T030939,NASA/HLS/HLSS30/v002,B4,B8A,Fmask,EPSG:32650,"[30,0,300000,0,-30,4200000]",false,false,false,false,(NIR-RED)/(NIR+RED); mask denominator=0; keep source masks,dimensionless; no further scale needed,exact_uint8_values_in_Float32,-9999,Float32,1.0
NC_ROT,2024-11,2024-11-01,2024-12-01,NC_ROT_HLS_2024-11_g1_NDVI_FMASK_v1.tif,17,s0008_L30_20241125T030040000_NDVI,NDVI,2024-11-25T03:00:40.000Z,1732503640000,L30,NASA/HLS/HLSL30/v002/T50SLG_20241125T030040,NASA/HLS/HLSL30/v002,B4,B5,Fmask,EPSG:32650,"[30,0,300000,0,-30,4200000]",false,false,false,false,(NIR-RED)/(NIR+RED); mask denominator=0; keep source masks,dimensionless; no further scale needed,exact_uint8_values_in_Float32,-9999,Float32,1.0
NC_ROT,2024-11,2024-11-01,2024-12-01,NC_ROT_HLS_2024-11_g1_NDVI_FMASK_v1.tif,18,s0008_L30_20241125T030040000_FMASK,FMASK,2024-11-25T03:00:40.000Z,1732503640000,L30,NASA/HLS/HLSL30/v002/T50SLG_20241125T030040,NASA/HLS/HLSL30/v002,B4,B5,Fmask,EPSG:32650,"[30,0,300000,0,-30,4200000]",false,false,false,false,(NIR-RED)/(NIR+RED); mask denominator=0; keep source masks,dimensionless; no further scale needed,exact_uint8_values_in_Float32,-9999,Float32,1.0
NC_ROT,2024-11,2024-11-01,2024-12-01,NC_ROT_HLS_2024-11_g1_NDVI_FMASK_v1.tif,19,s0009_L30_20241126T025435000_NDVI,NDVI,2024-11-26T02:54:35.000Z,1732589675000,L30,NASA/HLS/HLSL30/v002/T50SLG_20241126T025435,NASA/HLS/HLSL30/v002,B4,B5,Fmask,EPSG:32650,"[30,0,300000,0,-30,4200000]",false,false,false,false,(NIR-RED)/(NIR+RED); mask denominator=0; keep source masks,dimensionless; no further scale needed,exact_uint8_values_in_Float32,-9999,Float32,1.0
NC_ROT,2024-11,2024-11-01,2024-12-01,NC_ROT_HLS_2024-11_g1_NDVI_FMASK_v1.tif,20,s0009_L30_20241126T025435000_FMASK,FMASK,2024-11-26T02:54:35.000Z,1732589675000,L30,NASA/HLS/HLSL30/v002/T50SLG_20241126T025435,NASA/HLS/HLSL30/v002,B4,B5,Fmask,EPSG:32650,"[30,0,300000,0,-30,4200000]",false,false,false,false,(NIR-RED)/(NIR+RED); mask denominator=0; keep source masks,dimensionless; no further scale needed,exact_uint8_values_in_Float32,-9999,Float32,1.0
NC_ROT,2024-11,2024-11-01,2024-12-01,NC_ROT_HLS_2024-11_g1_NDVI_FMASK_v1.tif,21,s0010_S30_20241127T031051000_NDVI,NDVI,2024-11-27T03:10:51.000Z,1732677051000,S30,NASA/HLS/HLSS30/v002/T50SLG_20241127T031051,NASA/HLS/HLSS30/v002,B4,B8A,Fmask,EPSG:32650,"[30,0,300000,0,-30,4200000]",false,false,false,false,(NIR-RED)/(NIR+RED); mask denominator=0; keep source masks,dimensionless; no further scale needed,exact_uint8_values_in_Float32,-9999,Float32,1.0
NC_ROT,2024-11,2024-11-01,2024-12-01,NC_ROT_HLS_2024-11_g1_NDVI_FMASK_v1.tif,22,s0010_S30_20241127T031051000_FMASK,FMASK,2024-11-27T03:10:51.000Z,1732677051000,S30,NASA/HLS/HLSS30/v002/T50SLG_20241127T031051,NASA/HLS/HLSS30/v002,B4,B8A,Fmask,EPSG:32650,"[30,0,300000,0,-30,4200000]",false,false,false,false,(NIR-RED)/(NIR+RED); mask denominator=0; keep source masks,dimensionless; no further scale needed,exact_uint8_values_in_Float32,-9999,Float32,1.0
NC_ROT,2024-12,2024-12-01,2025-01-01,NC_ROT_HLS_2024-12_g1_NDVI_FMASK_v1.tif,1,s0000_S30_20241202T031019000_NDVI,NDVI,2024-12-02T03:10:19.000Z,1733109019000,S30,NASA/HLS/HLSS30/v002/T50SLG_20241202T031019,NASA/HLS/HLSS30/v002,B4,B8A,Fmask,EPSG:32650,"[30,0,300000,0,-30,4200000]",false,false,false,false,(NIR-RED)/(NIR+RED); mask denominator=0; keep source masks,dimensionless; no further scale needed,exact_uint8_values_in_Float32,-9999,Float32,1.0
NC_ROT,2024-12,2024-12-01,2025-01-01,NC_ROT_HLS_2024-12_g1_NDVI_FMASK_v1.tif,2,s0000_S30_20241202T031019000_FMASK,FMASK,2024-12-02T03:10:19.000Z,1733109019000,S30,NASA/HLS/HLSS30/v002/T50SLG_20241202T031019,NASA/HLS/HLSS30/v002,B4,B8A,Fmask,EPSG:32650,"[30,0,300000,0,-30,4200000]",false,false,false,false,(NIR-RED)/(NIR+RED); mask denominator=0; keep source masks,dimensionless; no further scale needed,exact_uint8_values_in_Float32,-9999,Float32,1.0
NC_ROT,2024-12,2024-12-01,2025-01-01,NC_ROT_HLS_2024-12_g1_NDVI_FMASK_v1.tif,3,s0001_L30_20241203T030043000_NDVI,NDVI,2024-12-03T03:00:43.000Z,1733194843000,L30,NASA/HLS/HLSL30/v002/T50SLG_20241203T030043,NASA/HLS/HLSL30/v002,B4,B5,Fmask,EPSG:32650,"[30,0,300000,0,-30,4200000]",false,false,false,false,(NIR-RED)/(NIR+RED); mask denominator=0; keep source masks,dimensionless; no further scale needed,exact_uint8_values_in_Float32,-9999,Float32,1.0
NC_ROT,2024-12,2024-12-01,2025-01-01,NC_ROT_HLS_2024-12_g1_NDVI_FMASK_v1.tif,4,s0001_L30_20241203T030043000_FMASK,FMASK,2024-12-03T03:00:43.000Z,1733194843000,L30,NASA/HLS/HLSL30/v002/T50SLG_20241203T030043,NASA/HLS/HLSL30/v002,B4,B5,Fmask,EPSG:32650,"[30,0,300000,0,-30,4200000]",false,false,false,false,(NIR-RED)/(NIR+RED); mask denominator=0; keep source masks,dimensionless; no further scale needed,exact_uint8_values_in_Float32,-9999,Float32,1.0
NC_ROT,2024-12,2024-12-01,2025-01-01,NC_ROT_HLS_2024-12_g1_NDVI_FMASK_v1.tif,5,s0002_L30_20241204T025428000_NDVI,NDVI,2024-12-04T02:54:28.000Z,1733280868000,L30,NASA/HLS/HLSL30/v002/T50SLG_20241204T025428,NASA/HLS/HLSL30/v002,B4,B5,Fmask,EPSG:32650,"[30,0,300000,0,-30,4200000]",false,false,false,false,(NIR-RED)/(NIR+RED); mask denominator=0; keep source masks,dimensionless; no further scale needed,exact_uint8_values_in_Float32,-9999,Float32,1.0
NC_ROT,2024-12,2024-12-01,2025-01-01,NC_ROT_HLS_2024-12_g1_NDVI_FMASK_v1.tif,6,s0002_L30_20241204T025428000_FMASK,FMASK,2024-12-04T02:54:28.000Z,1733280868000,L30,NASA/HLS/HLSL30/v002/T50SLG_20241204T025428,NASA/HLS/HLSL30/v002,B4,B5,Fmask,EPSG:32650,"[30,0,300000,0,-30,4200000]",false,false,false,false,(NIR-RED)/(NIR+RED); mask denominator=0; keep source masks,dimensionless; no further scale needed,exact_uint8_values_in_Float32,-9999,Float32,1.0
NC_ROT,2024-12,2024-12-01,2025-01-01,NC_ROT_HLS_2024-12_g1_NDVI_FMASK_v1.tif,7,s0003_S30_20241207T031121000_NDVI,NDVI,2024-12-07T03:11:21.000Z,1733541081000,S30,NASA/HLS/HLSS30/v002/T50SLG_20241207T031121,NASA/HLS/HLSS30/v002,B4,B8A,Fmask,EPSG:32650,"[30,0,300000,0,-30,4200000]",false,false,false,false,(NIR-RED)/(NIR+RED); mask denominator=0; keep source masks,dimensionless; no further scale needed,exact_uint8_values_in_Float32,-9999,Float32,1.0
NC_ROT,2024-12,2024-12-01,2025-01-01,NC_ROT_HLS_2024-12_g1_NDVI_FMASK_v1.tif,8,s0003_S30_20241207T031121000_FMASK,FMASK,2024-12-07T03:11:21.000Z,1733541081000,S30,NASA/HLS/HLSS30/v002/T50SLG_20241207T031121,NASA/HLS/HLSS30/v002,B4,B8A,Fmask,EPSG:32650,"[30,0,300000,0,-30,4200000]",false,false,false,false,(NIR-RED)/(NIR+RED); mask denominator=0; keep source masks,dimensionless; no further scale needed,exact_uint8_values_in_Float32,-9999,Float32,1.0
NC_ROT,2024-12,2024-12-01,2025-01-01,NC_ROT_HLS_2024-12_g1_NDVI_FMASK_v1.tif,9,s0004_L30_20241211T030028000_NDVI,NDVI,2024-12-11T03:00:28.000Z,1733886028000,L30,NASA/HLS/HLSL30/v002/T50SLG_20241211T030028,NASA/HLS/HLSL30/v002,B4,B5,Fmask,EPSG:32650,"[30,0,300000,0,-30,4200000]",false,false,false,false,(NIR-RED)/(NIR+RED); mask denominator=0; keep source masks,dimensionless; no further scale needed,exact_uint8_values_in_Float32,-9999,Float32,1.0
NC_ROT,2024-12,2024-12-01,2025-01-01,NC_ROT_HLS_2024-12_g1_NDVI_FMASK_v1.tif,10,s0004_L30_20241211T030028000_FMASK,FMASK,2024-12-11T03:00:28.000Z,1733886028000,L30,NASA/HLS/HLSL30/v002/T50SLG_20241211T030028,NASA/HLS/HLSL30/v002,B4,B5,Fmask,EPSG:32650,"[30,0,300000,0,-30,4200000]",false,false,false,false,(NIR-RED)/(NIR+RED); mask denominator=0; keep source masks,dimensionless; no further scale needed,exact_uint8_values_in_Float32,-9999,Float32,1.0
NC_ROT,2024-12,2024-12-01,2025-01-01,NC_ROT_HLS_2024-12_g1_NDVI_FMASK_v1.tif,11,s0005_S30_20241217T031131000_NDVI,NDVI,2024-12-17T03:11:31.000Z,1734405091000,S30,NASA/HLS/HLSS30/v002/T50SLG_20241217T031131,NASA/HLS/HLSS30/v002,B4,B8A,Fmask,EPSG:32650,"[30,0,300000,0,-30,4200000]",false,false,false,false,(NIR-RED)/(NIR+RED); mask denominator=0; keep source masks,dimensionless; no further scale needed,exact_uint8_values_in_Float32,-9999,Float32,1.0
NC_ROT,2024-12,2024-12-01,2025-01-01,NC_ROT_HLS_2024-12_g1_NDVI_FMASK_v1.tif,12,s0005_S30_20241217T031131000_FMASK,FMASK,2024-12-17T03:11:31.000Z,1734405091000,S30,NASA/HLS/HLSS30/v002/T50SLG_20241217T031131,NASA/HLS/HLSS30/v002,B4,B8A,Fmask,EPSG:32650,"[30,0,300000,0,-30,4200000]",false,false,false,false,(NIR-RED)/(NIR+RED); mask denominator=0; keep source masks,dimensionless; no further scale needed,exact_uint8_values_in_Float32,-9999,Float32,1.0
NC_ROT,2024-12,2024-12-01,2025-01-01,NC_ROT_HLS_2024-12_g1_NDVI_FMASK_v1.tif,13,s0006_L30_20241219T030039000_NDVI,NDVI,2024-12-19T03:00:39.000Z,1734577239000,L30,NASA/HLS/HLSL30/v002/T50SLG_20241219T030039,NASA/HLS/HLSL30/v002,B4,B5,Fmask,EPSG:32650,"[30,0,300000,0,-30,4200000]",false,false,false,false,(NIR-RED)/(NIR+RED); mask denominator=0; keep source masks,dimensionless; no further scale needed,exact_uint8_values_in_Float32,-9999,Float32,1.0
NC_ROT,2024-12,2024-12-01,2025-01-01,NC_ROT_HLS_2024-12_g1_NDVI_FMASK_v1.tif,14,s0006_L30_20241219T030039000_FMASK,FMASK,2024-12-19T03:00:39.000Z,1734577239000,L30,NASA/HLS/HLSL30/v002/T50SLG_20241219T030039,NASA/HLS/HLSL30/v002,B4,B5,Fmask,EPSG:32650,"[30,0,300000,0,-30,4200000]",false,false,false,false,(NIR-RED)/(NIR+RED); mask denominator=0; keep source masks,dimensionless; no further scale needed,exact_uint8_values_in_Float32,-9999,Float32,1.0
NC_ROT,2024-12,2024-12-01,2025-01-01,NC_ROT_HLS_2024-12_g1_NDVI_FMASK_v1.tif,15,s0007_L30_20241220T025420000_NDVI,NDVI,2024-12-20T02:54:20.000Z,1734663260000,L30,NASA/HLS/HLSL30/v002/T50SLG_20241220T025420,NASA/HLS/HLSL30/v002,B4,B5,Fmask,EPSG:32650,"[30,0,300000,0,-30,4200000]",false,false,false,false,(NIR-RED)/(NIR+RED); mask denominator=0; keep source masks,dimensionless; no further scale needed,exact_uint8_values_in_Float32,-9999,Float32,1.0
NC_ROT,2024-12,2024-12-01,2025-01-01,NC_ROT_HLS_2024-12_g1_NDVI_FMASK_v1.tif,16,s0007_L30_20241220T025420000_FMASK,FMASK,2024-12-20T02:54:20.000Z,1734663260000,L30,NASA/HLS/HLSL30/v002/T50SLG_20241220T025420,NASA/HLS/HLSL30/v002,B4,B5,Fmask,EPSG:32650,"[30,0,300000,0,-30,4200000]",false,false,false,false,(NIR-RED)/(NIR+RED); mask denominator=0; keep source masks,dimensionless; no further scale needed,exact_uint8_values_in_Float32,-9999,Float32,1.0
NC_ROT,2024-12,2024-12-01,2025-01-01,NC_ROT_HLS_2024-12_g1_NDVI_FMASK_v1.tif,17,s0008_S30_20241222T031039000_NDVI,NDVI,2024-12-22T03:10:39.000Z,1734837039000,S30,NASA/HLS/HLSS30/v002/T50SLG_20241222T031039,NASA/HLS/HLSS30/v002,B4,B8A,Fmask,EPSG:32650,"[30,0,300000,0,-30,4200000]",false,false,false,false,(NIR-RED)/(NIR+RED); mask denominator=0; keep source masks,dimensionless; no further scale needed,exact_uint8_values_in_Float32,-9999,Float32,1.0
NC_ROT,2024-12,2024-12-01,2025-01-01,NC_ROT_HLS_2024-12_g1_NDVI_FMASK_v1.tif,18,s0008_S30_20241222T031039000_FMASK,FMASK,2024-12-22T03:10:39.000Z,1734837039000,S30,NASA/HLS/HLSS30/v002/T50SLG_20241222T031039,NASA/HLS/HLSS30/v002,B4,B8A,Fmask,EPSG:32650,"[30,0,300000,0,-30,4200000]",false,false,false,false,(NIR-RED)/(NIR+RED); mask denominator=0; keep source masks,dimensionless; no further scale needed,exact_uint8_values_in_Float32,-9999,Float32,1.0
NC_ROT,2024-12,2024-12-01,2025-01-01,NC_ROT_HLS_2024-12_g1_NDVI_FMASK_v1.tif,19,s0009_L30_20241227T030032000_NDVI,NDVI,2024-12-27T03:00:32.000Z,1735268432000,L30,NASA/HLS/HLSL30/v002/T50SLG_20241227T030032,NASA/HLS/HLSL30/v002,B4,B5,Fmask,EPSG:32650,"[30,0,300000,0,-30,4200000]",false,false,false,false,(NIR-RED)/(NIR+RED); mask denominator=0; keep source masks,dimensionless; no further scale needed,exact_uint8_values_in_Float32,-9999,Float32,1.0
NC_ROT,2024-12,2024-12-01,2025-01-01,NC_ROT_HLS_2024-12_g1_NDVI_FMASK_v1.tif,20,s0009_L30_20241227T030032000_FMASK,FMASK,2024-12-27T03:00:32.000Z,1735268432000,L30,NASA/HLS/HLSL30/v002/T50SLG_20241227T030032,NASA/HLS/HLSL30/v002,B4,B5,Fmask,EPSG:32650,"[30,0,300000,0,-30,4200000]",false,false,false,false,(NIR-RED)/(NIR+RED); mask denominator=0; keep source masks,dimensionless; no further scale needed,exact_uint8_values_in_Float32,-9999,Float32,1.0
NC_ROT,2024-12,2024-12-01,2025-01-01,NC_ROT_HLS_2024-12_g1_NDVI_FMASK_v1.tif,21,s0010_S30_20241227T031141000_NDVI,NDVI,2024-12-27T03:11:41.000Z,1735269101000,S30,NASA/HLS/HLSS30/v002/T50SLG_20241227T031141,NASA/HLS/HLSS30/v002,B4,B8A,Fmask,EPSG:32650,"[30,0,300000,0,-30,4200000]",false,false,false,false,(NIR-RED)/(NIR+RED); mask denominator=0; keep source masks,dimensionless; no further scale needed,exact_uint8_values_in_Float32,-9999,Float32,1.0
NC_ROT,2024-12,2024-12-01,2025-01-01,NC_ROT_HLS_2024-12_g1_NDVI_FMASK_v1.tif,22,s0010_S30_20241227T031141000_FMASK,FMASK,2024-12-27T03:11:41.000Z,1735269101000,S30,NASA/HLS/HLSS30/v002/T50SLG_20241227T031141,NASA/HLS/HLSS30/v002,B4,B8A,Fmask,EPSG:32650,"[30,0,300000,0,-30,4200000]",false,false,false,false,(NIR-RED)/(NIR+RED); mask denominator=0; keep source masks,dimensionless; no further scale needed,exact_uint8_values_in_Float32,-9999,Float32,1.0
NC_ROT,2024-12,2024-12-01,2025-01-01,NC_ROT_HLS_2024-12_g1_NDVI_FMASK_v1.tif,23,s0011_L30_20241228T025429000_NDVI,NDVI,2024-12-28T02:54:29.000Z,1735354469000,L30,NASA/HLS/HLSL30/v002/T50SLG_20241228T025429,NASA/HLS/HLSL30/v002,B4,B5,Fmask,EPSG:32650,"[30,0,300000,0,-30,4200000]",false,false,false,false,(NIR-RED)/(NIR+RED); mask denominator=0; keep source masks,dimensionless; no further scale needed,exact_uint8_values_in_Float32,-9999,Float32,1.0
NC_ROT,2024-12,2024-12-01,2025-01-01,NC_ROT_HLS_2024-12_g1_NDVI_FMASK_v1.tif,24,s0011_L30_20241228T025429000_FMASK,FMASK,2024-12-28T02:54:29.000Z,1735354469000,L30,NASA/HLS/HLSL30/v002/T50SLG_20241228T025429,NASA/HLS/HLSL30/v002,B4,B5,Fmask,EPSG:32650,"[30,0,300000,0,-30,4200000]",false,false,false,false,(NIR-RED)/(NIR+RED); mask denominator=0; keep source masks,dimensionless; no further scale needed,exact_uint8_values_in_Float32,-9999,Float32,1.0
NC_ROT,2025-01,2025-01-01,2025-02-01,NC_ROT_HLS_2025-01_g1_NDVI_FMASK_v1.tif,1,s0000_S30_20250101T031029000_NDVI,NDVI,2025-01-01T03:10:29.000Z,1735701029000,S30,NASA/HLS/HLSS30/v002/T50SLG_20250101T031029,NASA/HLS/HLSS30/v002,B4,B8A,Fmask,EPSG:32650,"[30,0,300000,0,-30,4200000]",false,false,false,false,(NIR-RED)/(NIR+RED); mask denominator=0; keep source masks,dimensionless; no further scale needed,exact_uint8_values_in_Float32,-9999,Float32,1.0
NC_ROT,2025-01,2025-01-01,2025-02-01,NC_ROT_HLS_2025-01_g1_NDVI_FMASK_v1.tif,2,s0000_S30_20250101T031029000_FMASK,FMASK,2025-01-01T03:10:29.000Z,1735701029000,S30,NASA/HLS/HLSS30/v002/T50SLG_20250101T031029,NASA/HLS/HLSS30/v002,B4,B8A,Fmask,EPSG:32650,"[30,0,300000,0,-30,4200000]",false,false,false,false,(NIR-RED)/(NIR+RED); mask denominator=0; keep source masks,dimensionless; no further scale needed,exact_uint8_values_in_Float32,-9999,Float32,1.0
NC_ROT,2025-01,2025-01-01,2025-02-01,NC_ROT_HLS_2025-01_g1_NDVI_FMASK_v1.tif,3,s0001_L30_20250104T030034000_NDVI,NDVI,2025-01-04T03:00:34.000Z,1735959634000,L30,NASA/HLS/HLSL30/v002/T50SLG_20250104T030034,NASA/HLS/HLSL30/v002,B4,B5,Fmask,EPSG:32650,"[30,0,300000,0,-30,4200000]",false,false,false,false,(NIR-RED)/(NIR+RED); mask denominator=0; keep source masks,dimensionless; no further scale needed,exact_uint8_values_in_Float32,-9999,Float32,1.0
NC_ROT,2025-01,2025-01-01,2025-02-01,NC_ROT_HLS_2025-01_g1_NDVI_FMASK_v1.tif,4,s0001_L30_20250104T030034000_FMASK,FMASK,2025-01-04T03:00:34.000Z,1735959634000,L30,NASA/HLS/HLSL30/v002/T50SLG_20250104T030034,NASA/HLS/HLSL30/v002,B4,B5,Fmask,EPSG:32650,"[30,0,300000,0,-30,4200000]",false,false,false,false,(NIR-RED)/(NIR+RED); mask denominator=0; keep source masks,dimensionless; no further scale needed,exact_uint8_values_in_Float32,-9999,Float32,1.0
NC_ROT,2025-01,2025-01-01,2025-02-01,NC_ROT_HLS_2025-01_g1_NDVI_FMASK_v1.tif,5,s0002_L30_20250105T025422000_NDVI,NDVI,2025-01-05T02:54:22.000Z,1736045662000,L30,NASA/HLS/HLSL30/v002/T50SLG_20250105T025422,NASA/HLS/HLSL30/v002,B4,B5,Fmask,EPSG:32650,"[30,0,300000,0,-30,4200000]",false,false,false,false,(NIR-RED)/(NIR+RED); mask denominator=0; keep source masks,dimensionless; no further scale needed,exact_uint8_values_in_Float32,-9999,Float32,1.0
NC_ROT,2025-01,2025-01-01,2025-02-01,NC_ROT_HLS_2025-01_g1_NDVI_FMASK_v1.tif,6,s0002_L30_20250105T025422000_FMASK,FMASK,2025-01-05T02:54:22.000Z,1736045662000,L30,NASA/HLS/HLSL30/v002/T50SLG_20250105T025422,NASA/HLS/HLSL30/v002,B4,B5,Fmask,EPSG:32650,"[30,0,300000,0,-30,4200000]",false,false,false,false,(NIR-RED)/(NIR+RED); mask denominator=0; keep source masks,dimensionless; no further scale needed,exact_uint8_values_in_Float32,-9999,Float32,1.0
NC_ROT,2025-01,2025-01-01,2025-02-01,NC_ROT_HLS_2025-01_g1_NDVI_FMASK_v1.tif,7,s0003_S30_20250106T031121000_NDVI,NDVI,2025-01-06T03:11:21.000Z,1736133081000,S30,NASA/HLS/HLSS30/v002/T50SLG_20250106T031121,NASA/HLS/HLSS30/v002,B4,B8A,Fmask,EPSG:32650,"[30,0,300000,0,-30,4200000]",false,false,false,false,(NIR-RED)/(NIR+RED); mask denominator=0; keep source masks,dimensionless; no further scale needed,exact_uint8_values_in_Float32,-9999,Float32,1.0
NC_ROT,2025-01,2025-01-01,2025-02-01,NC_ROT_HLS_2025-01_g1_NDVI_FMASK_v1.tif,8,s0003_S30_20250106T031121000_FMASK,FMASK,2025-01-06T03:11:21.000Z,1736133081000,S30,NASA/HLS/HLSS30/v002/T50SLG_20250106T031121,NASA/HLS/HLSS30/v002,B4,B8A,Fmask,EPSG:32650,"[30,0,300000,0,-30,4200000]",false,false,false,false,(NIR-RED)/(NIR+RED); mask denominator=0; keep source masks,dimensionless; no further scale needed,exact_uint8_values_in_Float32,-9999,Float32,1.0
NC_ROT,2025-01,2025-01-01,2025-02-01,NC_ROT_HLS_2025-01_g1_NDVI_FMASK_v1.tif,9,s0004_S30_20250111T031009000_NDVI,NDVI,2025-01-11T03:10:09.000Z,1736565009000,S30,NASA/HLS/HLSS30/v002/T50SLG_20250111T031009,NASA/HLS/HLSS30/v002,B4,B8A,Fmask,EPSG:32650,"[30,0,300000,0,-30,4200000]",false,false,false,false,(NIR-RED)/(NIR+RED); mask denominator=0; keep source masks,dimensionless; no further scale needed,exact_uint8_values_in_Float32,-9999,Float32,1.0
NC_ROT,2025-01,2025-01-01,2025-02-01,NC_ROT_HLS_2025-01_g1_NDVI_FMASK_v1.tif,10,s0004_S30_20250111T031009000_FMASK,FMASK,2025-01-11T03:10:09.000Z,1736565009000,S30,NASA/HLS/HLSS30/v002/T50SLG_20250111T031009,NASA/HLS/HLSS30/v002,B4,B8A,Fmask,EPSG:32650,"[30,0,300000,0,-30,4200000]",false,false,false,false,(NIR-RED)/(NIR+RED); mask denominator=0; keep source masks,dimensionless; no further scale needed,exact_uint8_values_in_Float32,-9999,Float32,1.0
NC_ROT,2025-01,2025-01-01,2025-02-01,NC_ROT_HLS_2025-01_g1_NDVI_FMASK_v1.tif,11,s0005_L30_20250112T030035000_NDVI,NDVI,2025-01-12T03:00:35.000Z,1736650835000,L30,NASA/HLS/HLSL30/v002/T50SLG_20250112T030035,NASA/HLS/HLSL30/v002,B4,B5,Fmask,EPSG:32650,"[30,0,300000,0,-30,4200000]",false,false,false,false,(NIR-RED)/(NIR+RED); mask denominator=0; keep source masks,dimensionless; no further scale needed,exact_uint8_values_in_Float32,-9999,Float32,1.0
NC_ROT,2025-01,2025-01-01,2025-02-01,NC_ROT_HLS_2025-01_g1_NDVI_FMASK_v1.tif,12,s0005_L30_20250112T030035000_FMASK,FMASK,2025-01-12T03:00:35.000Z,1736650835000,L30,NASA/HLS/HLSL30/v002/T50SLG_20250112T030035,NASA/HLS/HLSL30/v002,B4,B5,Fmask,EPSG:32650,"[30,0,300000,0,-30,4200000]",false,false,false,false,(NIR-RED)/(NIR+RED); mask denominator=0; keep source masks,dimensionless; no further scale needed,exact_uint8_values_in_Float32,-9999,Float32,1.0
NC_ROT,2025-01,2025-01-01,2025-02-01,NC_ROT_HLS_2025-01_g1_NDVI_FMASK_v1.tif,13,s0006_L30_20250113T025428000_NDVI,NDVI,2025-01-13T02:54:28.000Z,1736736868000,L30,NASA/HLS/HLSL30/v002/T50SLG_20250113T025428,NASA/HLS/HLSL30/v002,B4,B5,Fmask,EPSG:32650,"[30,0,300000,0,-30,4200000]",false,false,false,false,(NIR-RED)/(NIR+RED); mask denominator=0; keep source masks,dimensionless; no further scale needed,exact_uint8_values_in_Float32,-9999,Float32,1.0
NC_ROT,2025-01,2025-01-01,2025-02-01,NC_ROT_HLS_2025-01_g1_NDVI_FMASK_v1.tif,14,s0006_L30_20250113T025428000_FMASK,FMASK,2025-01-13T02:54:28.000Z,1736736868000,L30,NASA/HLS/HLSL30/v002/T50SLG_20250113T025428,NASA/HLS/HLSL30/v002,B4,B5,Fmask,EPSG:32650,"[30,0,300000,0,-30,4200000]",false,false,false,false,(NIR-RED)/(NIR+RED); mask denominator=0; keep source masks,dimensionless; no further scale needed,exact_uint8_values_in_Float32,-9999,Float32,1.0
NC_ROT,2025-01,2025-01-01,2025-02-01,NC_ROT_HLS_2025-01_g1_NDVI_FMASK_v1.tif,15,s0007_S30_20250116T031051000_NDVI,NDVI,2025-01-16T03:10:51.000Z,1736997051000,S30,NASA/HLS/HLSS30/v002/T50SLG_20250116T031051,NASA/HLS/HLSS30/v002,B4,B8A,Fmask,EPSG:32650,"[30,0,300000,0,-30,4200000]",false,false,false,false,(NIR-RED)/(NIR+RED); mask denominator=0; keep source masks,dimensionless; no further scale needed,exact_uint8_values_in_Float32,-9999,Float32,1.0
NC_ROT,2025-01,2025-01-01,2025-02-01,NC_ROT_HLS_2025-01_g1_NDVI_FMASK_v1.tif,16,s0007_S30_20250116T031051000_FMASK,FMASK,2025-01-16T03:10:51.000Z,1736997051000,S30,NASA/HLS/HLSS30/v002/T50SLG_20250116T031051,NASA/HLS/HLSS30/v002,B4,B8A,Fmask,EPSG:32650,"[30,0,300000,0,-30,4200000]",false,false,false,false,(NIR-RED)/(NIR+RED); mask denominator=0; keep source masks,dimensionless; no further scale needed,exact_uint8_values_in_Float32,-9999,Float32,1.0
NC_ROT,2025-01,2025-01-01,2025-02-01,NC_ROT_HLS_2025-01_g1_NDVI_FMASK_v1.tif,17,s0008_L30_20250120T030042000_NDVI,NDVI,2025-01-20T03:00:42.000Z,1737342042000,L30,NASA/HLS/HLSL30/v002/T50SLG_20250120T030042,NASA/HLS/HLSL30/v002,B4,B5,Fmask,EPSG:32650,"[30,0,300000,0,-30,4200000]",false,false,false,false,(NIR-RED)/(NIR+RED); mask denominator=0; keep source masks,dimensionless; no further scale needed,exact_uint8_values_in_Float32,-9999,Float32,1.0
NC_ROT,2025-01,2025-01-01,2025-02-01,NC_ROT_HLS_2025-01_g1_NDVI_FMASK_v1.tif,18,s0008_L30_20250120T030042000_FMASK,FMASK,2025-01-20T03:00:42.000Z,1737342042000,L30,NASA/HLS/HLSL30/v002/T50SLG_20250120T030042,NASA/HLS/HLSL30/v002,B4,B5,Fmask,EPSG:32650,"[30,0,300000,0,-30,4200000]",false,false,false,false,(NIR-RED)/(NIR+RED); mask denominator=0; keep source masks,dimensionless; no further scale needed,exact_uint8_values_in_Float32,-9999,Float32,1.0
NC_ROT,2025-01,2025-01-01,2025-02-01,NC_ROT_HLS_2025-01_g1_NDVI_FMASK_v1.tif,19,s0009_L30_20250121T025420000_NDVI,NDVI,2025-01-21T02:54:20.000Z,1737428060000,L30,NASA/HLS/HLSL30/v002/T50SLG_20250121T025420,NASA/HLS/HLSL30/v002,B4,B5,Fmask,EPSG:32650,"[30,0,300000,0,-30,4200000]",false,false,false,false,(NIR-RED)/(NIR+RED); mask denominator=0; keep source masks,dimensionless; no further scale needed,exact_uint8_values_in_Float32,-9999,Float32,1.0
NC_ROT,2025-01,2025-01-01,2025-02-01,NC_ROT_HLS_2025-01_g1_NDVI_FMASK_v1.tif,20,s0009_L30_20250121T025420000_FMASK,FMASK,2025-01-21T02:54:20.000Z,1737428060000,L30,NASA/HLS/HLSL30/v002/T50SLG_20250121T025420,NASA/HLS/HLSL30/v002,B4,B5,Fmask,EPSG:32650,"[30,0,300000,0,-30,4200000]",false,false,false,false,(NIR-RED)/(NIR+RED); mask denominator=0; keep source masks,dimensionless; no further scale needed,exact_uint8_values_in_Float32,-9999,Float32,1.0
NC_ROT,2025-01,2025-01-01,2025-02-01,NC_ROT_HLS_2025-01_g1_NDVI_FMASK_v1.tif,21,s0010_S30_20250121T030939000_NDVI,NDVI,2025-01-21T03:09:39.000Z,1737428979000,S30,NASA/HLS/HLSS30/v002/T50SLG_20250121T030939,NASA/HLS/HLSS30/v002,B4,B8A,Fmask,EPSG:32650,"[30,0,300000,0,-30,4200000]",false,false,false,false,(NIR-RED)/(NIR+RED); mask denominator=0; keep source masks,dimensionless; no further scale needed,exact_uint8_values_in_Float32,-9999,Float32,1.0
NC_ROT,2025-01,2025-01-01,2025-02-01,NC_ROT_HLS_2025-01_g1_NDVI_FMASK_v1.tif,22,s0010_S30_20250121T030939000_FMASK,FMASK,2025-01-21T03:09:39.000Z,1737428979000,S30,NASA/HLS/HLSS30/v002/T50SLG_20250121T030939,NASA/HLS/HLSS30/v002,B4,B8A,Fmask,EPSG:32650,"[30,0,300000,0,-30,4200000]",false,false,false,false,(NIR-RED)/(NIR+RED); mask denominator=0; keep source masks,dimensionless; no further scale needed,exact_uint8_values_in_Float32,-9999,Float32,1.0
NC_ROT,2025-01,2025-01-01,2025-02-01,NC_ROT_HLS_2025-01_g1_NDVI_FMASK_v1.tif,23,s0011_S30_20250126T031041000_NDVI,NDVI,2025-01-26T03:10:41.000Z,1737861041000,S30,NASA/HLS/HLSS30/v002/T50SLG_20250126T031041,NASA/HLS/HLSS30/v002,B4,B8A,Fmask,EPSG:32650,"[30,0,300000,0,-30,4200000]",false,false,false,false,(NIR-RED)/(NIR+RED); mask denominator=0; keep source masks,dimensionless; no further scale needed,exact_uint8_values_in_Float32,-9999,Float32,1.0
NC_ROT,2025-01,2025-01-01,2025-02-01,NC_ROT_HLS_2025-01_g1_NDVI_FMASK_v1.tif,24,s0011_S30_20250126T031041000_FMASK,FMASK,2025-01-26T03:10:41.000Z,1737861041000,S30,NASA/HLS/HLSS30/v002/T50SLG_20250126T031041,NASA/HLS/HLSS30/v002,B4,B8A,Fmask,EPSG:32650,"[30,0,300000,0,-30,4200000]",false,false,false,false,(NIR-RED)/(NIR+RED); mask denominator=0; keep source masks,dimensionless; no further scale needed,exact_uint8_values_in_Float32,-9999,Float32,1.0
NC_ROT,2025-01,2025-01-01,2025-02-01,NC_ROT_HLS_2025-01_g1_NDVI_FMASK_v1.tif,25,s0012_L30_20250128T030032000_NDVI,NDVI,2025-01-28T03:00:32.000Z,1738033232000,L30,NASA/HLS/HLSL30/v002/T50SLG_20250128T030032,NASA/HLS/HLSL30/v002,B4,B5,Fmask,EPSG:32650,"[30,0,300000,0,-30,4200000]",false,false,false,false,(NIR-RED)/(NIR+RED); mask denominator=0; keep source masks,dimensionless; no further scale needed,exact_uint8_values_in_Float32,-9999,Float32,1.0
NC_ROT,2025-01,2025-01-01,2025-02-01,NC_ROT_HLS_2025-01_g1_NDVI_FMASK_v1.tif,26,s0012_L30_20250128T030032000_FMASK,FMASK,2025-01-28T03:00:32.000Z,1738033232000,L30,NASA/HLS/HLSL30/v002/T50SLG_20250128T030032,NASA/HLS/HLSL30/v002,B4,B5,Fmask,EPSG:32650,"[30,0,300000,0,-30,4200000]",false,false,false,false,(NIR-RED)/(NIR+RED); mask denominator=0; keep source masks,dimensionless; no further scale needed,exact_uint8_values_in_Float32,-9999,Float32,1.0
NC_ROT,2025-01,2025-01-01,2025-02-01,NC_ROT_HLS_2025-01_g1_NDVI_FMASK_v1.tif,27,s0013_L30_20250129T025425000_NDVI,NDVI,2025-01-29T02:54:25.000Z,1738119265000,L30,NASA/HLS/HLSL30/v002/T50SLG_20250129T025425,NASA/HLS/HLSL30/v002,B4,B5,Fmask,EPSG:32650,"[30,0,300000,0,-30,4200000]",false,false,false,false,(NIR-RED)/(NIR+RED); mask denominator=0; keep source masks,dimensionless; no further scale needed,exact_uint8_values_in_Float32,-9999,Float32,1.0
NC_ROT,2025-01,2025-01-01,2025-02-01,NC_ROT_HLS_2025-01_g1_NDVI_FMASK_v1.tif,28,s0013_L30_20250129T025425000_FMASK,FMASK,2025-01-29T02:54:25.000Z,1738119265000,L30,NASA/HLS/HLSL30/v002/T50SLG_20250129T025425,NASA/HLS/HLSL30/v002,B4,B5,Fmask,EPSG:32650,"[30,0,300000,0,-30,4200000]",false,false,false,false,(NIR-RED)/(NIR+RED); mask denominator=0; keep source masks,dimensionless; no further scale needed,exact_uint8_values_in_Float32,-9999,Float32,1.0
NC_ROT,2025-02,2025-02-01,2025-03-01,NC_ROT_HLS_2025-02_g1_NDVI_FMASK_v1.tif,1,s0000_L30_20250205T030036000_NDVI,NDVI,2025-02-05T03:00:36.000Z,1738724436000,L30,NASA/HLS/HLSL30/v002/T50SLG_20250205T030036,NASA/HLS/HLSL30/v002,B4,B5,Fmask,EPSG:32650,"[30,0,300000,0,-30,4200000]",false,false,false,false,(NIR-RED)/(NIR+RED); mask denominator=0; keep source masks,dimensionless; no further scale needed,exact_uint8_values_in_Float32,-9999,Float32,1.0
NC_ROT,2025-02,2025-02-01,2025-03-01,NC_ROT_HLS_2025-02_g1_NDVI_FMASK_v1.tif,2,s0000_L30_20250205T030036000_FMASK,FMASK,2025-02-05T03:00:36.000Z,1738724436000,L30,NASA/HLS/HLSL30/v002/T50SLG_20250205T030036,NASA/HLS/HLSL30/v002,B4,B5,Fmask,EPSG:32650,"[30,0,300000,0,-30,4200000]",false,false,false,false,(NIR-RED)/(NIR+RED); mask denominator=0; keep source masks,dimensionless; no further scale needed,exact_uint8_values_in_Float32,-9999,Float32,1.0
NC_ROT,2025-02,2025-02-01,2025-03-01,NC_ROT_HLS_2025-02_g1_NDVI_FMASK_v1.tif,3,s0001_S30_20250205T030951000_NDVI,NDVI,2025-02-05T03:09:51.000Z,1738724991000,S30,NASA/HLS/HLSS30/v002/T50SLG_20250205T030951,NASA/HLS/HLSS30/v002,B4,B8A,Fmask,EPSG:32650,"[30,0,300000,0,-30,4200000]",false,false,false,false,(NIR-RED)/(NIR+RED); mask denominator=0; keep source masks,dimensionless; no further scale needed,exact_uint8_values_in_Float32,-9999,Float32,1.0
NC_ROT,2025-02,2025-02-01,2025-03-01,NC_ROT_HLS_2025-02_g1_NDVI_FMASK_v1.tif,4,s0001_S30_20250205T030951000_FMASK,FMASK,2025-02-05T03:09:51.000Z,1738724991000,S30,NASA/HLS/HLSS30/v002/T50SLG_20250205T030951,NASA/HLS/HLSS30/v002,B4,B8A,Fmask,EPSG:32650,"[30,0,300000,0,-30,4200000]",false,false,false,false,(NIR-RED)/(NIR+RED); mask denominator=0; keep source masks,dimensionless; no further scale needed,exact_uint8_values_in_Float32,-9999,Float32,1.0
NC_ROT,2025-02,2025-02-01,2025-03-01,NC_ROT_HLS_2025-02_g1_NDVI_FMASK_v1.tif,5,s0002_L30_20250206T025422000_NDVI,NDVI,2025-02-06T02:54:22.000Z,1738810462000,L30,NASA/HLS/HLSL30/v002/T50SLG_20250206T025422,NASA/HLS/HLSL30/v002,B4,B5,Fmask,EPSG:32650,"[30,0,300000,0,-30,4200000]",false,false,false,false,(NIR-RED)/(NIR+RED); mask denominator=0; keep source masks,dimensionless; no further scale needed,exact_uint8_values_in_Float32,-9999,Float32,1.0
NC_ROT,2025-02,2025-02-01,2025-03-01,NC_ROT_HLS_2025-02_g1_NDVI_FMASK_v1.tif,6,s0002_L30_20250206T025422000_FMASK,FMASK,2025-02-06T02:54:22.000Z,1738810462000,L30,NASA/HLS/HLSL30/v002/T50SLG_20250206T025422,NASA/HLS/HLSL30/v002,B4,B5,Fmask,EPSG:32650,"[30,0,300000,0,-30,4200000]",false,false,false,false,(NIR-RED)/(NIR+RED); mask denominator=0; keep source masks,dimensionless; no further scale needed,exact_uint8_values_in_Float32,-9999,Float32,1.0
NC_ROT,2025-02,2025-02-01,2025-03-01,NC_ROT_HLS_2025-02_g1_NDVI_FMASK_v1.tif,7,s0003_S30_20250210T030759000_NDVI,NDVI,2025-02-10T03:07:59.000Z,1739156879000,S30,NASA/HLS/HLSS30/v002/T50SLG_20250210T030759,NASA/HLS/HLSS30/v002,B4,B8A,Fmask,EPSG:32650,"[30,0,300000,0,-30,4200000]",false,false,false,false,(NIR-RED)/(NIR+RED); mask denominator=0; keep source masks,dimensionless; no further scale needed,exact_uint8_values_in_Float32,-9999,Float32,1.0
NC_ROT,2025-02,2025-02-01,2025-03-01,NC_ROT_HLS_2025-02_g1_NDVI_FMASK_v1.tif,8,s0003_S30_20250210T030759000_FMASK,FMASK,2025-02-10T03:07:59.000Z,1739156879000,S30,NASA/HLS/HLSS30/v002/T50SLG_20250210T030759,NASA/HLS/HLSS30/v002,B4,B8A,Fmask,EPSG:32650,"[30,0,300000,0,-30,4200000]",false,false,false,false,(NIR-RED)/(NIR+RED); mask denominator=0; keep source masks,dimensionless; no further scale needed,exact_uint8_values_in_Float32,-9999,Float32,1.0
NC_ROT,2025-02,2025-02-01,2025-03-01,NC_ROT_HLS_2025-02_g1_NDVI_FMASK_v1.tif,9,s0004_L30_20250214T025430000_NDVI,NDVI,2025-02-14T02:54:30.000Z,1739501670000,L30,NASA/HLS/HLSL30/v002/T50SLG_20250214T025430,NASA/HLS/HLSL30/v002,B4,B5,Fmask,EPSG:32650,"[30,0,300000,0,-30,4200000]",false,false,false,false,(NIR-RED)/(NIR+RED); mask denominator=0; keep source masks,dimensionless; no further scale needed,exact_uint8_values_in_Float32,-9999,Float32,1.0
NC_ROT,2025-02,2025-02-01,2025-03-01,NC_ROT_HLS_2025-02_g1_NDVI_FMASK_v1.tif,10,s0004_L30_20250214T025430000_FMASK,FMASK,2025-02-14T02:54:30.000Z,1739501670000,L30,NASA/HLS/HLSL30/v002/T50SLG_20250214T025430,NASA/HLS/HLSL30/v002,B4,B5,Fmask,EPSG:32650,"[30,0,300000,0,-30,4200000]",false,false,false,false,(NIR-RED)/(NIR+RED); mask denominator=0; keep source masks,dimensionless; no further scale needed,exact_uint8_values_in_Float32,-9999,Float32,1.0
NC_ROT,2025-02,2025-02-01,2025-03-01,NC_ROT_HLS_2025-02_g1_NDVI_FMASK_v1.tif,11,s0005_S30_20250215T030841000_NDVI,NDVI,2025-02-15T03:08:41.000Z,1739588921000,S30,NASA/HLS/HLSS30/v002/T50SLG_20250215T030841,NASA/HLS/HLSS30/v002,B4,B8A,Fmask,EPSG:32650,"[30,0,300000,0,-30,4200000]",false,false,false,false,(NIR-RED)/(NIR+RED); mask denominator=0; keep source masks,dimensionless; no further scale needed,exact_uint8_values_in_Float32,-9999,Float32,1.0
NC_ROT,2025-02,2025-02-01,2025-03-01,NC_ROT_HLS_2025-02_g1_NDVI_FMASK_v1.tif,12,s0005_S30_20250215T030841000_FMASK,FMASK,2025-02-15T03:08:41.000Z,1739588921000,S30,NASA/HLS/HLSS30/v002/T50SLG_20250215T030841,NASA/HLS/HLSS30/v002,B4,B8A,Fmask,EPSG:32650,"[30,0,300000,0,-30,4200000]",false,false,false,false,(NIR-RED)/(NIR+RED); mask denominator=0; keep source masks,dimensionless; no further scale needed,exact_uint8_values_in_Float32,-9999,Float32,1.0
NC_ROT,2025-02,2025-02-01,2025-03-01,NC_ROT_HLS_2025-02_g1_NDVI_FMASK_v1.tif,13,s0006_S30_20250220T030659000_NDVI,NDVI,2025-02-20T03:06:59.000Z,1740020819000,S30,NASA/HLS/HLSS30/v002/T50SLG_20250220T030659,NASA/HLS/HLSS30/v002,B4,B8A,Fmask,EPSG:32650,"[30,0,300000,0,-30,4200000]",false,false,false,false,(NIR-RED)/(NIR+RED); mask denominator=0; keep source masks,dimensionless; no further scale needed,exact_uint8_values_in_Float32,-9999,Float32,1.0
NC_ROT,2025-02,2025-02-01,2025-03-01,NC_ROT_HLS_2025-02_g1_NDVI_FMASK_v1.tif,14,s0006_S30_20250220T030659000_FMASK,FMASK,2025-02-20T03:06:59.000Z,1740020819000,S30,NASA/HLS/HLSS30/v002/T50SLG_20250220T030659,NASA/HLS/HLSS30/v002,B4,B8A,Fmask,EPSG:32650,"[30,0,300000,0,-30,4200000]",false,false,false,false,(NIR-RED)/(NIR+RED); mask denominator=0; keep source masks,dimensionless; no further scale needed,exact_uint8_values_in_Float32,-9999,Float32,1.0
NC_ROT,2025-02,2025-02-01,2025-03-01,NC_ROT_HLS_2025-02_g1_NDVI_FMASK_v1.tif,15,s0007_L30_20250221T030039000_NDVI,NDVI,2025-02-21T03:00:39.000Z,1740106839000,L30,NASA/HLS/HLSL30/v002/T50SLG_20250221T030039,NASA/HLS/HLSL30/v002,B4,B5,Fmask,EPSG:32650,"[30,0,300000,0,-30,4200000]",false,false,false,false,(NIR-RED)/(NIR+RED); mask denominator=0; keep source masks,dimensionless; no further scale needed,exact_uint8_values_in_Float32,-9999,Float32,1.0
NC_ROT,2025-02,2025-02-01,2025-03-01,NC_ROT_HLS_2025-02_g1_NDVI_FMASK_v1.tif,16,s0007_L30_20250221T030039000_FMASK,FMASK,2025-02-21T03:00:39.000Z,1740106839000,L30,NASA/HLS/HLSL30/v002/T50SLG_20250221T030039,NASA/HLS/HLSL30/v002,B4,B5,Fmask,EPSG:32650,"[30,0,300000,0,-30,4200000]",false,false,false,false,(NIR-RED)/(NIR+RED); mask denominator=0; keep source masks,dimensionless; no further scale needed,exact_uint8_values_in_Float32,-9999,Float32,1.0
NC_ROT,2025-02,2025-02-01,2025-03-01,NC_ROT_HLS_2025-02_g1_NDVI_FMASK_v1.tif,17,s0008_L30_20250222T025414000_NDVI,NDVI,2025-02-22T02:54:14.000Z,1740192854000,L30,NASA/HLS/HLSL30/v002/T50SLG_20250222T025414,NASA/HLS/HLSL30/v002,B4,B5,Fmask,EPSG:32650,"[30,0,300000,0,-30,4200000]",false,false,false,false,(NIR-RED)/(NIR+RED); mask denominator=0; keep source masks,dimensionless; no further scale needed,exact_uint8_values_in_Float32,-9999,Float32,1.0
NC_ROT,2025-02,2025-02-01,2025-03-01,NC_ROT_HLS_2025-02_g1_NDVI_FMASK_v1.tif,18,s0008_L30_20250222T025414000_FMASK,FMASK,2025-02-22T02:54:14.000Z,1740192854000,L30,NASA/HLS/HLSL30/v002/T50SLG_20250222T025414,NASA/HLS/HLSL30/v002,B4,B5,Fmask,EPSG:32650,"[30,0,300000,0,-30,4200000]",false,false,false,false,(NIR-RED)/(NIR+RED); mask denominator=0; keep source masks,dimensionless; no further scale needed,exact_uint8_values_in_Float32,-9999,Float32,1.0
NC_ROT,2025-02,2025-02-01,2025-03-01,NC_ROT_HLS_2025-02_g1_NDVI_FMASK_v1.tif,19,s0009_S30_20250225T030731000_NDVI,NDVI,2025-02-25T03:07:31.000Z,1740452851000,S30,NASA/HLS/HLSS30/v002/T50SLG_20250225T030731,NASA/HLS/HLSS30/v002,B4,B8A,Fmask,EPSG:32650,"[30,0,300000,0,-30,4200000]",false,false,false,false,(NIR-RED)/(NIR+RED); mask denominator=0; keep source masks,dimensionless; no further scale needed,exact_uint8_values_in_Float32,-9999,Float32,1.0
NC_ROT,2025-02,2025-02-01,2025-03-01,NC_ROT_HLS_2025-02_g1_NDVI_FMASK_v1.tif,20,s0009_S30_20250225T030731000_FMASK,FMASK,2025-02-25T03:07:31.000Z,1740452851000,S30,NASA/HLS/HLSS30/v002/T50SLG_20250225T030731,NASA/HLS/HLSS30/v002,B4,B8A,Fmask,EPSG:32650,"[30,0,300000,0,-30,4200000]",false,false,false,false,(NIR-RED)/(NIR+RED); mask denominator=0; keep source masks,dimensionless; no further scale needed,exact_uint8_values_in_Float32,-9999,Float32,1.0
NC_ROT,2025-03,2025-03-01,2025-04-01,NC_ROT_HLS_2025-03_g1_NDVI_FMASK_v1.tif,1,s0000_L30_20250301T030020000_NDVI,NDVI,2025-03-01T03:00:20.000Z,1740798020000,L30,NASA/HLS/HLSL30/v002/T50SLG_20250301T030020,NASA/HLS/HLSL30/v002,B4,B5,Fmask,EPSG:32650,"[30,0,300000,0,-30,4200000]",false,false,false,false,(NIR-RED)/(NIR+RED); mask denominator=0; keep source masks,dimensionless; no further scale needed,exact_uint8_values_in_Float32,-9999,Float32,1.0
NC_ROT,2025-03,2025-03-01,2025-04-01,NC_ROT_HLS_2025-03_g1_NDVI_FMASK_v1.tif,2,s0000_L30_20250301T030020000_FMASK,FMASK,2025-03-01T03:00:20.000Z,1740798020000,L30,NASA/HLS/HLSL30/v002/T50SLG_20250301T030020,NASA/HLS/HLSL30/v002,B4,B5,Fmask,EPSG:32650,"[30,0,300000,0,-30,4200000]",false,false,false,false,(NIR-RED)/(NIR+RED); mask denominator=0; keep source masks,dimensionless; no further scale needed,exact_uint8_values_in_Float32,-9999,Float32,1.0
NC_ROT,2025-03,2025-03-01,2025-04-01,NC_ROT_HLS_2025-03_g1_NDVI_FMASK_v1.tif,3,s0001_L30_20250309T030033000_NDVI,NDVI,2025-03-09T03:00:33.000Z,1741489233000,L30,NASA/HLS/HLSL30/v002/T50SLG_20250309T030033,NASA/HLS/HLSL30/v002,B4,B5,Fmask,EPSG:32650,"[30,0,300000,0,-30,4200000]",false,false,false,false,(NIR-RED)/(NIR+RED); mask denominator=0; keep source masks,dimensionless; no further scale needed,exact_uint8_values_in_Float32,-9999,Float32,1.0
NC_ROT,2025-03,2025-03-01,2025-04-01,NC_ROT_HLS_2025-03_g1_NDVI_FMASK_v1.tif,4,s0001_L30_20250309T030033000_FMASK,FMASK,2025-03-09T03:00:33.000Z,1741489233000,L30,NASA/HLS/HLSL30/v002/T50SLG_20250309T030033,NASA/HLS/HLSL30/v002,B4,B5,Fmask,EPSG:32650,"[30,0,300000,0,-30,4200000]",false,false,false,false,(NIR-RED)/(NIR+RED); mask denominator=0; keep source masks,dimensionless; no further scale needed,exact_uint8_values_in_Float32,-9999,Float32,1.0
NC_ROT,2025-03,2025-03-01,2025-04-01,NC_ROT_HLS_2025-03_g1_NDVI_FMASK_v1.tif,5,s0002_L30_20250310T025409000_NDVI,NDVI,2025-03-10T02:54:09.000Z,1741575249000,L30,NASA/HLS/HLSL30/v002/T50SLG_20250310T025409,NASA/HLS/HLSL30/v002,B4,B5,Fmask,EPSG:32650,"[30,0,300000,0,-30,4200000]",false,false,false,false,(NIR-RED)/(NIR+RED); mask denominator=0; keep source masks,dimensionless; no further scale needed,exact_uint8_values_in_Float32,-9999,Float32,1.0
NC_ROT,2025-03,2025-03-01,2025-04-01,NC_ROT_HLS_2025-03_g1_NDVI_FMASK_v1.tif,6,s0002_L30_20250310T025409000_FMASK,FMASK,2025-03-10T02:54:09.000Z,1741575249000,L30,NASA/HLS/HLSL30/v002/T50SLG_20250310T025409,NASA/HLS/HLSL30/v002,B4,B5,Fmask,EPSG:32650,"[30,0,300000,0,-30,4200000]",false,false,false,false,(NIR-RED)/(NIR+RED); mask denominator=0; keep source masks,dimensionless; no further scale needed,exact_uint8_values_in_Float32,-9999,Float32,1.0
NC_ROT,2025-03,2025-03-01,2025-04-01,NC_ROT_HLS_2025-03_g1_NDVI_FMASK_v1.tif,7,s0003_S30_20250312T030529000_NDVI,NDVI,2025-03-12T03:05:29.000Z,1741748729000,S30,NASA/HLS/HLSS30/v002/T50SLG_20250312T030529,NASA/HLS/HLSS30/v002,B4,B8A,Fmask,EPSG:32650,"[30,0,300000,0,-30,4200000]",false,false,false,false,(NIR-RED)/(NIR+RED); mask denominator=0; keep source masks,dimensionless; no further scale needed,exact_uint8_values_in_Float32,-9999,Float32,1.0
NC_ROT,2025-03,2025-03-01,2025-04-01,NC_ROT_HLS_2025-03_g1_NDVI_FMASK_v1.tif,8,s0003_S30_20250312T030529000_FMASK,FMASK,2025-03-12T03:05:29.000Z,1741748729000,S30,NASA/HLS/HLSS30/v002/T50SLG_20250312T030529,NASA/HLS/HLSS30/v002,B4,B8A,Fmask,EPSG:32650,"[30,0,300000,0,-30,4200000]",false,false,false,false,(NIR-RED)/(NIR+RED); mask denominator=0; keep source masks,dimensionless; no further scale needed,exact_uint8_values_in_Float32,-9999,Float32,1.0
NC_ROT,2025-03,2025-03-01,2025-04-01,NC_ROT_HLS_2025-03_g1_NDVI_FMASK_v1.tif,9,s0004_L30_20250317T030014000_NDVI,NDVI,2025-03-17T03:00:14.000Z,1742180414000,L30,NASA/HLS/HLSL30/v002/T50SLG_20250317T030014,NASA/HLS/HLSL30/v002,B4,B5,Fmask,EPSG:32650,"[30,0,300000,0,-30,4200000]",false,false,false,false,(NIR-RED)/(NIR+RED); mask denominator=0; keep source masks,dimensionless; no further scale needed,exact_uint8_values_in_Float32,-9999,Float32,1.0
NC_ROT,2025-03,2025-03-01,2025-04-01,NC_ROT_HLS_2025-03_g1_NDVI_FMASK_v1.tif,10,s0004_L30_20250317T030014000_FMASK,FMASK,2025-03-17T03:00:14.000Z,1742180414000,L30,NASA/HLS/HLSL30/v002/T50SLG_20250317T030014,NASA/HLS/HLSL30/v002,B4,B5,Fmask,EPSG:32650,"[30,0,300000,0,-30,4200000]",false,false,false,false,(NIR-RED)/(NIR+RED); mask denominator=0; keep source masks,dimensionless; no further scale needed,exact_uint8_values_in_Float32,-9999,Float32,1.0
NC_ROT,2025-03,2025-03-01,2025-04-01,NC_ROT_HLS_2025-03_g1_NDVI_FMASK_v1.tif,11,s0005_S30_20250317T030551000_NDVI,NDVI,2025-03-17T03:05:51.000Z,1742180751000,S30,NASA/HLS/HLSS30/v002/T50SLG_20250317T030551,NASA/HLS/HLSS30/v002,B4,B8A,Fmask,EPSG:32650,"[30,0,300000,0,-30,4200000]",false,false,false,false,(NIR-RED)/(NIR+RED); mask denominator=0; keep source masks,dimensionless; no further scale needed,exact_uint8_values_in_Float32,-9999,Float32,1.0
NC_ROT,2025-03,2025-03-01,2025-04-01,NC_ROT_HLS_2025-03_g1_NDVI_FMASK_v1.tif,12,s0005_S30_20250317T030551000_FMASK,FMASK,2025-03-17T03:05:51.000Z,1742180751000,S30,NASA/HLS/HLSS30/v002/T50SLG_20250317T030551,NASA/HLS/HLSS30/v002,B4,B8A,Fmask,EPSG:32650,"[30,0,300000,0,-30,4200000]",false,false,false,false,(NIR-RED)/(NIR+RED); mask denominator=0; keep source masks,dimensionless; no further scale needed,exact_uint8_values_in_Float32,-9999,Float32,1.0
NC_ROT,2025-03,2025-03-01,2025-04-01,NC_ROT_HLS_2025-03_g1_NDVI_FMASK_v1.tif,13,s0006_L30_20250318T025415000_NDVI,NDVI,2025-03-18T02:54:15.000Z,1742266455000,L30,NASA/HLS/HLSL30/v002/T50SLG_20250318T025415,NASA/HLS/HLSL30/v002,B4,B5,Fmask,EPSG:32650,"[30,0,300000,0,-30,4200000]",false,false,false,false,(NIR-RED)/(NIR+RED); mask denominator=0; keep source masks,dimensionless; no further scale needed,exact_uint8_values_in_Float32,-9999,Float32,1.0
NC_ROT,2025-03,2025-03-01,2025-04-01,NC_ROT_HLS_2025-03_g1_NDVI_FMASK_v1.tif,14,s0006_L30_20250318T025415000_FMASK,FMASK,2025-03-18T02:54:15.000Z,1742266455000,L30,NASA/HLS/HLSL30/v002/T50SLG_20250318T025415,NASA/HLS/HLSL30/v002,B4,B5,Fmask,EPSG:32650,"[30,0,300000,0,-30,4200000]",false,false,false,false,(NIR-RED)/(NIR+RED); mask denominator=0; keep source masks,dimensionless; no further scale needed,exact_uint8_values_in_Float32,-9999,Float32,1.0
NC_ROT,2025-03,2025-03-01,2025-04-01,NC_ROT_HLS_2025-03_g1_NDVI_FMASK_v1.tif,15,s0007_S30_20250322T030529000_NDVI,NDVI,2025-03-22T03:05:29.000Z,1742612729000,S30,NASA/HLS/HLSS30/v002/T50SLG_20250322T030529,NASA/HLS/HLSS30/v002,B4,B8A,Fmask,EPSG:32650,"[30,0,300000,0,-30,4200000]",false,false,false,false,(NIR-RED)/(NIR+RED); mask denominator=0; keep source masks,dimensionless; no further scale needed,exact_uint8_values_in_Float32,-9999,Float32,1.0
NC_ROT,2025-03,2025-03-01,2025-04-01,NC_ROT_HLS_2025-03_g1_NDVI_FMASK_v1.tif,16,s0007_S30_20250322T030529000_FMASK,FMASK,2025-03-22T03:05:29.000Z,1742612729000,S30,NASA/HLS/HLSS30/v002/T50SLG_20250322T030529,NASA/HLS/HLSS30/v002,B4,B8A,Fmask,EPSG:32650,"[30,0,300000,0,-30,4200000]",false,false,false,false,(NIR-RED)/(NIR+RED); mask denominator=0; keep source masks,dimensionless; no further scale needed,exact_uint8_values_in_Float32,-9999,Float32,1.0
NC_ROT,2025-03,2025-03-01,2025-04-01,NC_ROT_HLS_2025-03_g1_NDVI_FMASK_v1.tif,17,s0008_L30_20250325T030022000_NDVI,NDVI,2025-03-25T03:00:22.000Z,1742871622000,L30,NASA/HLS/HLSL30/v002/T50SLG_20250325T030022,NASA/HLS/HLSL30/v002,B4,B5,Fmask,EPSG:32650,"[30,0,300000,0,-30,4200000]",false,false,false,false,(NIR-RED)/(NIR+RED); mask denominator=0; keep source masks,dimensionless; no further scale needed,exact_uint8_values_in_Float32,-9999,Float32,1.0
NC_ROT,2025-03,2025-03-01,2025-04-01,NC_ROT_HLS_2025-03_g1_NDVI_FMASK_v1.tif,18,s0008_L30_20250325T030022000_FMASK,FMASK,2025-03-25T03:00:22.000Z,1742871622000,L30,NASA/HLS/HLSL30/v002/T50SLG_20250325T030022,NASA/HLS/HLSL30/v002,B4,B5,Fmask,EPSG:32650,"[30,0,300000,0,-30,4200000]",false,false,false,false,(NIR-RED)/(NIR+RED); mask denominator=0; keep source masks,dimensionless; no further scale needed,exact_uint8_values_in_Float32,-9999,Float32,1.0
NC_ROT,2025-03,2025-03-01,2025-04-01,NC_ROT_HLS_2025-03_g1_NDVI_FMASK_v1.tif,19,s0009_L30_20250326T025359000_NDVI,NDVI,2025-03-26T02:53:59.000Z,1742957639000,L30,NASA/HLS/HLSL30/v002/T50SLG_20250326T025359,NASA/HLS/HLSL30/v002,B4,B5,Fmask,EPSG:32650,"[30,0,300000,0,-30,4200000]",false,false,false,false,(NIR-RED)/(NIR+RED); mask denominator=0; keep source masks,dimensionless; no further scale needed,exact_uint8_values_in_Float32,-9999,Float32,1.0
NC_ROT,2025-03,2025-03-01,2025-04-01,NC_ROT_HLS_2025-03_g1_NDVI_FMASK_v1.tif,20,s0009_L30_20250326T025359000_FMASK,FMASK,2025-03-26T02:53:59.000Z,1742957639000,L30,NASA/HLS/HLSL30/v002/T50SLG_20250326T025359,NASA/HLS/HLSL30/v002,B4,B5,Fmask,EPSG:32650,"[30,0,300000,0,-30,4200000]",false,false,false,false,(NIR-RED)/(NIR+RED); mask denominator=0; keep source masks,dimensionless; no further scale needed,exact_uint8_values_in_Float32,-9999,Float32,1.0
NC_ROT,2025-04,2025-04-01,2025-05-01,NC_ROT_HLS_2025-04_g1_NDVI_FMASK_v1.tif,1,s0000_S30_20250401T030519000_NDVI,NDVI,2025-04-01T03:05:19.000Z,1743476719000,S30,NASA/HLS/HLSS30/v002/T50SLG_20250401T030519,NASA/HLS/HLSS30/v002,B4,B8A,Fmask,EPSG:32650,"[30,0,300000,0,-30,4200000]",false,false,false,false,(NIR-RED)/(NIR+RED); mask denominator=0; keep source masks,dimensionless; no further scale needed,exact_uint8_values_in_Float32,-9999,Float32,1.0
NC_ROT,2025-04,2025-04-01,2025-05-01,NC_ROT_HLS_2025-04_g1_NDVI_FMASK_v1.tif,2,s0000_S30_20250401T030519000_FMASK,FMASK,2025-04-01T03:05:19.000Z,1743476719000,S30,NASA/HLS/HLSS30/v002/T50SLG_20250401T030519,NASA/HLS/HLSS30/v002,B4,B8A,Fmask,EPSG:32650,"[30,0,300000,0,-30,4200000]",false,false,false,false,(NIR-RED)/(NIR+RED); mask denominator=0; keep source masks,dimensionless; no further scale needed,exact_uint8_values_in_Float32,-9999,Float32,1.0
NC_ROT,2025-04,2025-04-01,2025-05-01,NC_ROT_HLS_2025-04_g1_NDVI_FMASK_v1.tif,3,s0001_L30_20250402T030009000_NDVI,NDVI,2025-04-02T03:00:09.000Z,1743562809000,L30,NASA/HLS/HLSL30/v002/T50SLG_20250402T030009,NASA/HLS/HLSL30/v002,B4,B5,Fmask,EPSG:32650,"[30,0,300000,0,-30,4200000]",false,false,false,false,(NIR-RED)/(NIR+RED); mask denominator=0; keep source masks,dimensionless; no further scale needed,exact_uint8_values_in_Float32,-9999,Float32,1.0
NC_ROT,2025-04,2025-04-01,2025-05-01,NC_ROT_HLS_2025-04_g1_NDVI_FMASK_v1.tif,4,s0001_L30_20250402T030009000_FMASK,FMASK,2025-04-02T03:00:09.000Z,1743562809000,L30,NASA/HLS/HLSL30/v002/T50SLG_20250402T030009,NASA/HLS/HLSL30/v002,B4,B5,Fmask,EPSG:32650,"[30,0,300000,0,-30,4200000]",false,false,false,false,(NIR-RED)/(NIR+RED); mask denominator=0; keep source masks,dimensionless; no further scale needed,exact_uint8_values_in_Float32,-9999,Float32,1.0
NC_ROT,2025-04,2025-04-01,2025-05-01,NC_ROT_HLS_2025-04_g1_NDVI_FMASK_v1.tif,5,s0002_L30_20250403T025406000_NDVI,NDVI,2025-04-03T02:54:06.000Z,1743648846000,L30,NASA/HLS/HLSL30/v002/T50SLG_20250403T025406,NASA/HLS/HLSL30/v002,B4,B5,Fmask,EPSG:32650,"[30,0,300000,0,-30,4200000]",false,false,false,false,(NIR-RED)/(NIR+RED); mask denominator=0; keep source masks,dimensionless; no further scale needed,exact_uint8_values_in_Float32,-9999,Float32,1.0
NC_ROT,2025-04,2025-04-01,2025-05-01,NC_ROT_HLS_2025-04_g1_NDVI_FMASK_v1.tif,6,s0002_L30_20250403T025406000_FMASK,FMASK,2025-04-03T02:54:06.000Z,1743648846000,L30,NASA/HLS/HLSL30/v002/T50SLG_20250403T025406,NASA/HLS/HLSL30/v002,B4,B5,Fmask,EPSG:32650,"[30,0,300000,0,-30,4200000]",false,false,false,false,(NIR-RED)/(NIR+RED); mask denominator=0; keep source masks,dimensionless; no further scale needed,exact_uint8_values_in_Float32,-9999,Float32,1.0
NC_ROT,2025-04,2025-04-01,2025-05-01,NC_ROT_HLS_2025-04_g1_NDVI_FMASK_v1.tif,7,s0003_S30_20250406T030611000_NDVI,NDVI,2025-04-06T03:06:11.000Z,1743908771000,S30,NASA/HLS/HLSS30/v002/T50SLG_20250406T030611,NASA/HLS/HLSS30/v002,B4,B8A,Fmask,EPSG:32650,"[30,0,300000,0,-30,4200000]",false,false,false,false,(NIR-RED)/(NIR+RED); mask denominator=0; keep source masks,dimensionless; no further scale needed,exact_uint8_values_in_Float32,-9999,Float32,1.0
NC_ROT,2025-04,2025-04-01,2025-05-01,NC_ROT_HLS_2025-04_g1_NDVI_FMASK_v1.tif,8,s0003_S30_20250406T030611000_FMASK,FMASK,2025-04-06T03:06:11.000Z,1743908771000,S30,NASA/HLS/HLSS30/v002/T50SLG_20250406T030611,NASA/HLS/HLSS30/v002,B4,B8A,Fmask,EPSG:32650,"[30,0,300000,0,-30,4200000]",false,false,false,false,(NIR-RED)/(NIR+RED); mask denominator=0; keep source masks,dimensionless; no further scale needed,exact_uint8_values_in_Float32,-9999,Float32,1.0
NC_ROT,2025-04,2025-04-01,2025-05-01,NC_ROT_HLS_2025-04_g1_NDVI_FMASK_v1.tif,9,s0004_S30_20250408T031151000_NDVI,NDVI,2025-04-08T03:11:51.000Z,1744081911000,S30,NASA/HLS/HLSS30/v002/T50SLG_20250408T031151,NASA/HLS/HLSS30/v002,B4,B8A,Fmask,EPSG:32650,"[30,0,300000,0,-30,4200000]",false,false,false,false,(NIR-RED)/(NIR+RED); mask denominator=0; keep source masks,dimensionless; no further scale needed,exact_uint8_values_in_Float32,-9999,Float32,1.0
NC_ROT,2025-04,2025-04-01,2025-05-01,NC_ROT_HLS_2025-04_g1_NDVI_FMASK_v1.tif,10,s0004_S30_20250408T031151000_FMASK,FMASK,2025-04-08T03:11:51.000Z,1744081911000,S30,NASA/HLS/HLSS30/v002/T50SLG_20250408T031151,NASA/HLS/HLSS30/v002,B4,B8A,Fmask,EPSG:32650,"[30,0,300000,0,-30,4200000]",false,false,false,false,(NIR-RED)/(NIR+RED); mask denominator=0; keep source masks,dimensionless; no further scale needed,exact_uint8_values_in_Float32,-9999,Float32,1.0
NC_ROT,2025-04,2025-04-01,2025-05-01,NC_ROT_HLS_2025-04_g1_NDVI_FMASK_v1.tif,11,s0005_L30_20250410T030022000_NDVI,NDVI,2025-04-10T03:00:22.000Z,1744254022000,L30,NASA/HLS/HLSL30/v002/T50SLG_20250410T030022,NASA/HLS/HLSL30/v002,B4,B5,Fmask,EPSG:32650,"[30,0,300000,0,-30,4200000]",false,false,false,false,(NIR-RED)/(NIR+RED); mask denominator=0; keep source masks,dimensionless; no further scale needed,exact_uint8_values_in_Float32,-9999,Float32,1.0
NC_ROT,2025-04,2025-04-01,2025-05-01,NC_ROT_HLS_2025-04_g1_NDVI_FMASK_v1.tif,12,s0005_L30_20250410T030022000_FMASK,FMASK,2025-04-10T03:00:22.000Z,1744254022000,L30,NASA/HLS/HLSL30/v002/T50SLG_20250410T030022,NASA/HLS/HLSL30/v002,B4,B5,Fmask,EPSG:32650,"[30,0,300000,0,-30,4200000]",false,false,false,false,(NIR-RED)/(NIR+RED); mask denominator=0; keep source masks,dimensionless; no further scale needed,exact_uint8_values_in_Float32,-9999,Float32,1.0
NC_ROT,2025-04,2025-04-01,2025-05-01,NC_ROT_HLS_2025-04_g1_NDVI_FMASK_v1.tif,13,s0006_L30_20250411T025354000_NDVI,NDVI,2025-04-11T02:53:54.000Z,1744340034000,L30,NASA/HLS/HLSL30/v002/T50SLG_20250411T025354,NASA/HLS/HLSL30/v002,B4,B5,Fmask,EPSG:32650,"[30,0,300000,0,-30,4200000]",false,false,false,false,(NIR-RED)/(NIR+RED); mask denominator=0; keep source masks,dimensionless; no further scale needed,exact_uint8_values_in_Float32,-9999,Float32,1.0
NC_ROT,2025-04,2025-04-01,2025-05-01,NC_ROT_HLS_2025-04_g1_NDVI_FMASK_v1.tif,14,s0006_L30_20250411T025354000_FMASK,FMASK,2025-04-11T02:53:54.000Z,1744340034000,L30,NASA/HLS/HLSL30/v002/T50SLG_20250411T025354,NASA/HLS/HLSL30/v002,B4,B5,Fmask,EPSG:32650,"[30,0,300000,0,-30,4200000]",false,false,false,false,(NIR-RED)/(NIR+RED); mask denominator=0; keep source masks,dimensionless; no further scale needed,exact_uint8_values_in_Float32,-9999,Float32,1.0
NC_ROT,2025-04,2025-04-01,2025-05-01,NC_ROT_HLS_2025-04_g1_NDVI_FMASK_v1.tif,15,s0007_S30_20250416T030601000_NDVI,NDVI,2025-04-16T03:06:01.000Z,1744772761000,S30,NASA/HLS/HLSS30/v002/T50SLG_20250416T030601,NASA/HLS/HLSS30/v002,B4,B8A,Fmask,EPSG:32650,"[30,0,300000,0,-30,4200000]",false,false,false,false,(NIR-RED)/(NIR+RED); mask denominator=0; keep source masks,dimensionless; no further scale needed,exact_uint8_values_in_Float32,-9999,Float32,1.0
NC_ROT,2025-04,2025-04-01,2025-05-01,NC_ROT_HLS_2025-04_g1_NDVI_FMASK_v1.tif,16,s0007_S30_20250416T030601000_FMASK,FMASK,2025-04-16T03:06:01.000Z,1744772761000,S30,NASA/HLS/HLSS30/v002/T50SLG_20250416T030601,NASA/HLS/HLSS30/v002,B4,B8A,Fmask,EPSG:32650,"[30,0,300000,0,-30,4200000]",false,false,false,false,(NIR-RED)/(NIR+RED); mask denominator=0; keep source masks,dimensionless; no further scale needed,exact_uint8_values_in_Float32,-9999,Float32,1.0
NC_ROT,2025-04,2025-04-01,2025-05-01,NC_ROT_HLS_2025-04_g1_NDVI_FMASK_v1.tif,17,s0008_L30_20250419T025408000_NDVI,NDVI,2025-04-19T02:54:08.000Z,1745031248000,L30,NASA/HLS/HLSL30/v002/T50SLG_20250419T025408,NASA/HLS/HLSL30/v002,B4,B5,Fmask,EPSG:32650,"[30,0,300000,0,-30,4200000]",false,false,false,false,(NIR-RED)/(NIR+RED); mask denominator=0; keep source masks,dimensionless; no further scale needed,exact_uint8_values_in_Float32,-9999,Float32,1.0
NC_ROT,2025-04,2025-04-01,2025-05-01,NC_ROT_HLS_2025-04_g1_NDVI_FMASK_v1.tif,18,s0008_L30_20250419T025408000_FMASK,FMASK,2025-04-19T02:54:08.000Z,1745031248000,L30,NASA/HLS/HLSL30/v002/T50SLG_20250419T025408,NASA/HLS/HLSL30/v002,B4,B5,Fmask,EPSG:32650,"[30,0,300000,0,-30,4200000]",false,false,false,false,(NIR-RED)/(NIR+RED); mask denominator=0; keep source masks,dimensionless; no further scale needed,exact_uint8_values_in_Float32,-9999,Float32,1.0
NC_ROT,2025-04,2025-04-01,2025-05-01,NC_ROT_HLS_2025-04_g1_NDVI_FMASK_v1.tif,19,s0009_S30_20250421T030529000_NDVI,NDVI,2025-04-21T03:05:29.000Z,1745204729000,S30,NASA/HLS/HLSS30/v002/T50SLG_20250421T030529,NASA/HLS/HLSS30/v002,B4,B8A,Fmask,EPSG:32650,"[30,0,300000,0,-30,4200000]",false,false,false,false,(NIR-RED)/(NIR+RED); mask denominator=0; keep source masks,dimensionless; no further scale needed,exact_uint8_values_in_Float32,-9999,Float32,1.0
NC_ROT,2025-04,2025-04-01,2025-05-01,NC_ROT_HLS_2025-04_g1_NDVI_FMASK_v1.tif,20,s0009_S30_20250421T030529000_FMASK,FMASK,2025-04-21T03:05:29.000Z,1745204729000,S30,NASA/HLS/HLSS30/v002/T50SLG_20250421T030529,NASA/HLS/HLSS30/v002,B4,B8A,Fmask,EPSG:32650,"[30,0,300000,0,-30,4200000]",false,false,false,false,(NIR-RED)/(NIR+RED); mask denominator=0; keep source masks,dimensionless; no further scale needed,exact_uint8_values_in_Float32,-9999,Float32,1.0
NC_ROT,2025-04,2025-04-01,2025-05-01,NC_ROT_HLS_2025-04_g1_NDVI_FMASK_v1.tif,21,s0010_L30_20250426T030013000_NDVI,NDVI,2025-04-26T03:00:13.000Z,1745636413000,L30,NASA/HLS/HLSL30/v002/T50SLG_20250426T030013,NASA/HLS/HLSL30/v002,B4,B5,Fmask,EPSG:32650,"[30,0,300000,0,-30,4200000]",false,false,false,false,(NIR-RED)/(NIR+RED); mask denominator=0; keep source masks,dimensionless; no further scale needed,exact_uint8_values_in_Float32,-9999,Float32,1.0
NC_ROT,2025-04,2025-04-01,2025-05-01,NC_ROT_HLS_2025-04_g1_NDVI_FMASK_v1.tif,22,s0010_L30_20250426T030013000_FMASK,FMASK,2025-04-26T03:00:13.000Z,1745636413000,L30,NASA/HLS/HLSL30/v002/T50SLG_20250426T030013,NASA/HLS/HLSL30/v002,B4,B5,Fmask,EPSG:32650,"[30,0,300000,0,-30,4200000]",false,false,false,false,(NIR-RED)/(NIR+RED); mask denominator=0; keep source masks,dimensionless; no further scale needed,exact_uint8_values_in_Float32,-9999,Float32,1.0
NC_ROT,2025-04,2025-04-01,2025-05-01,NC_ROT_HLS_2025-04_g1_NDVI_FMASK_v1.tif,23,s0011_S30_20250426T030601000_NDVI,NDVI,2025-04-26T03:06:01.000Z,1745636761000,S30,NASA/HLS/HLSS30/v002/T50SLG_20250426T030601,NASA/HLS/HLSS30/v002,B4,B8A,Fmask,EPSG:32650,"[30,0,300000,0,-30,4200000]",false,false,false,false,(NIR-RED)/(NIR+RED); mask denominator=0; keep source masks,dimensionless; no further scale needed,exact_uint8_values_in_Float32,-9999,Float32,1.0
NC_ROT,2025-04,2025-04-01,2025-05-01,NC_ROT_HLS_2025-04_g1_NDVI_FMASK_v1.tif,24,s0011_S30_20250426T030601000_FMASK,FMASK,2025-04-26T03:06:01.000Z,1745636761000,S30,NASA/HLS/HLSS30/v002/T50SLG_20250426T030601,NASA/HLS/HLSS30/v002,B4,B8A,Fmask,EPSG:32650,"[30,0,300000,0,-30,4200000]",false,false,false,false,(NIR-RED)/(NIR+RED); mask denominator=0; keep source masks,dimensionless; no further scale needed,exact_uint8_values_in_Float32,-9999,Float32,1.0
NC_ROT,2025-04,2025-04-01,2025-05-01,NC_ROT_HLS_2025-04_g1_NDVI_FMASK_v1.tif,25,s0012_L30_20250427T025343000_NDVI,NDVI,2025-04-27T02:53:43.000Z,1745722423000,L30,NASA/HLS/HLSL30/v002/T50SLG_20250427T025343,NASA/HLS/HLSL30/v002,B4,B5,Fmask,EPSG:32650,"[30,0,300000,0,-30,4200000]",false,false,false,false,(NIR-RED)/(NIR+RED); mask denominator=0; keep source masks,dimensionless; no further scale needed,exact_uint8_values_in_Float32,-9999,Float32,1.0
NC_ROT,2025-04,2025-04-01,2025-05-01,NC_ROT_HLS_2025-04_g1_NDVI_FMASK_v1.tif,26,s0012_L30_20250427T025343000_FMASK,FMASK,2025-04-27T02:53:43.000Z,1745722423000,L30,NASA/HLS/HLSL30/v002/T50SLG_20250427T025343,NASA/HLS/HLSL30/v002,B4,B5,Fmask,EPSG:32650,"[30,0,300000,0,-30,4200000]",false,false,false,false,(NIR-RED)/(NIR+RED); mask denominator=0; keep source masks,dimensionless; no further scale needed,exact_uint8_values_in_Float32,-9999,Float32,1.0
NC_ROT,2025-04,2025-04-01,2025-05-01,NC_ROT_HLS_2025-04_g1_NDVI_FMASK_v1.tif,27,s0013_S30_20250428T031151000_NDVI,NDVI,2025-04-28T03:11:51.000Z,1745809911000,S30,NASA/HLS/HLSS30/v002/T50SLG_20250428T031151,NASA/HLS/HLSS30/v002,B4,B8A,Fmask,EPSG:32650,"[30,0,300000,0,-30,4200000]",false,false,false,false,(NIR-RED)/(NIR+RED); mask denominator=0; keep source masks,dimensionless; no further scale needed,exact_uint8_values_in_Float32,-9999,Float32,1.0
NC_ROT,2025-04,2025-04-01,2025-05-01,NC_ROT_HLS_2025-04_g1_NDVI_FMASK_v1.tif,28,s0013_S30_20250428T031151000_FMASK,FMASK,2025-04-28T03:11:51.000Z,1745809911000,S30,NASA/HLS/HLSS30/v002/T50SLG_20250428T031151,NASA/HLS/HLSS30/v002,B4,B8A,Fmask,EPSG:32650,"[30,0,300000,0,-30,4200000]",false,false,false,false,(NIR-RED)/(NIR+RED); mask denominator=0; keep source masks,dimensionless; no further scale needed,exact_uint8_values_in_Float32,-9999,Float32,1.0
NC_ROT,2025-05,2025-05-01,2025-06-01,NC_ROT_HLS_2025-05_g1_NDVI_FMASK_v1.tif,1,s0000_S30_20250501T030529000_NDVI,NDVI,2025-05-01T03:05:29.000Z,1746068729000,S30,NASA/HLS/HLSS30/v002/T50SLG_20250501T030529,NASA/HLS/HLSS30/v002,B4,B8A,Fmask,EPSG:32650,"[30,0,300000,0,-30,4200000]",false,false,false,false,(NIR-RED)/(NIR+RED); mask denominator=0; keep source masks,dimensionless; no further scale needed,exact_uint8_values_in_Float32,-9999,Float32,1.0
NC_ROT,2025-05,2025-05-01,2025-06-01,NC_ROT_HLS_2025-05_g1_NDVI_FMASK_v1.tif,2,s0000_S30_20250501T030529000_FMASK,FMASK,2025-05-01T03:05:29.000Z,1746068729000,S30,NASA/HLS/HLSS30/v002/T50SLG_20250501T030529,NASA/HLS/HLSS30/v002,B4,B8A,Fmask,EPSG:32650,"[30,0,300000,0,-30,4200000]",false,false,false,false,(NIR-RED)/(NIR+RED); mask denominator=0; keep source masks,dimensionless; no further scale needed,exact_uint8_values_in_Float32,-9999,Float32,1.0
NC_ROT,2025-05,2025-05-01,2025-06-01,NC_ROT_HLS_2025-05_g1_NDVI_FMASK_v1.tif,3,s0001_L30_20250505T025400000_NDVI,NDVI,2025-05-05T02:54:00.000Z,1746413640000,L30,NASA/HLS/HLSL30/v002/T50SLG_20250505T025400,NASA/HLS/HLSL30/v002,B4,B5,Fmask,EPSG:32650,"[30,0,300000,0,-30,4200000]",false,false,false,false,(NIR-RED)/(NIR+RED); mask denominator=0; keep source masks,dimensionless; no further scale needed,exact_uint8_values_in_Float32,-9999,Float32,1.0
NC_ROT,2025-05,2025-05-01,2025-06-01,NC_ROT_HLS_2025-05_g1_NDVI_FMASK_v1.tif,4,s0001_L30_20250505T025400000_FMASK,FMASK,2025-05-05T02:54:00.000Z,1746413640000,L30,NASA/HLS/HLSL30/v002/T50SLG_20250505T025400,NASA/HLS/HLSL30/v002,B4,B5,Fmask,EPSG:32650,"[30,0,300000,0,-30,4200000]",false,false,false,false,(NIR-RED)/(NIR+RED); mask denominator=0; keep source masks,dimensionless; no further scale needed,exact_uint8_values_in_Float32,-9999,Float32,1.0
NC_ROT,2025-05,2025-05-01,2025-06-01,NC_ROT_HLS_2025-05_g1_NDVI_FMASK_v1.tif,5,s0002_S30_20250506T030541000_NDVI,NDVI,2025-05-06T03:05:41.000Z,1746500741000,S30,NASA/HLS/HLSS30/v002/T50SLG_20250506T030541,NASA/HLS/HLSS30/v002,B4,B8A,Fmask,EPSG:32650,"[30,0,300000,0,-30,4200000]",false,false,false,false,(NIR-RED)/(NIR+RED); mask denominator=0; keep source masks,dimensionless; no further scale needed,exact_uint8_values_in_Float32,-9999,Float32,1.0
NC_ROT,2025-05,2025-05-01,2025-06-01,NC_ROT_HLS_2025-05_g1_NDVI_FMASK_v1.tif,6,s0002_S30_20250506T030541000_FMASK,FMASK,2025-05-06T03:05:41.000Z,1746500741000,S30,NASA/HLS/HLSS30/v002/T50SLG_20250506T030541,NASA/HLS/HLSS30/v002,B4,B8A,Fmask,EPSG:32650,"[30,0,300000,0,-30,4200000]",false,false,false,false,(NIR-RED)/(NIR+RED); mask denominator=0; keep source masks,dimensionless; no further scale needed,exact_uint8_values_in_Float32,-9999,Float32,1.0
NC_ROT,2025-05,2025-05-01,2025-06-01,NC_ROT_HLS_2025-05_g1_NDVI_FMASK_v1.tif,7,s0003_S30_20250511T030529000_NDVI,NDVI,2025-05-11T03:05:29.000Z,1746932729000,S30,NASA/HLS/HLSS30/v002/T50SLG_20250511T030529,NASA/HLS/HLSS30/v002,B4,B8A,Fmask,EPSG:32650,"[30,0,300000,0,-30,4200000]",false,false,false,false,(NIR-RED)/(NIR+RED); mask denominator=0; keep source masks,dimensionless; no further scale needed,exact_uint8_values_in_Float32,-9999,Float32,1.0
NC_ROT,2025-05,2025-05-01,2025-06-01,NC_ROT_HLS_2025-05_g1_NDVI_FMASK_v1.tif,8,s0003_S30_20250511T030529000_FMASK,FMASK,2025-05-11T03:05:29.000Z,1746932729000,S30,NASA/HLS/HLSS30/v002/T50SLG_20250511T030529,NASA/HLS/HLSS30/v002,B4,B8A,Fmask,EPSG:32650,"[30,0,300000,0,-30,4200000]",false,false,false,false,(NIR-RED)/(NIR+RED); mask denominator=0; keep source masks,dimensionless; no further scale needed,exact_uint8_values_in_Float32,-9999,Float32,1.0
NC_ROT,2025-05,2025-05-01,2025-06-01,NC_ROT_HLS_2025-05_g1_NDVI_FMASK_v1.tif,9,s0004_L30_20250512T030005000_NDVI,NDVI,2025-05-12T03:00:05.000Z,1747018805000,L30,NASA/HLS/HLSL30/v002/T50SLG_20250512T030005,NASA/HLS/HLSL30/v002,B4,B5,Fmask,EPSG:32650,"[30,0,300000,0,-30,4200000]",false,false,false,false,(NIR-RED)/(NIR+RED); mask denominator=0; keep source masks,dimensionless; no further scale needed,exact_uint8_values_in_Float32,-9999,Float32,1.0
NC_ROT,2025-05,2025-05-01,2025-06-01,NC_ROT_HLS_2025-05_g1_NDVI_FMASK_v1.tif,10,s0004_L30_20250512T030005000_FMASK,FMASK,2025-05-12T03:00:05.000Z,1747018805000,L30,NASA/HLS/HLSL30/v002/T50SLG_20250512T030005,NASA/HLS/HLSL30/v002,B4,B5,Fmask,EPSG:32650,"[30,0,300000,0,-30,4200000]",false,false,false,false,(NIR-RED)/(NIR+RED); mask denominator=0; keep source masks,dimensionless; no further scale needed,exact_uint8_values_in_Float32,-9999,Float32,1.0
NC_ROT,2025-05,2025-05-01,2025-06-01,NC_ROT_HLS_2025-05_g1_NDVI_FMASK_v1.tif,11,s0005_L30_20250513T025342000_NDVI,NDVI,2025-05-13T02:53:42.000Z,1747104822000,L30,NASA/HLS/HLSL30/v002/T50SLG_20250513T025342,NASA/HLS/HLSL30/v002,B4,B5,Fmask,EPSG:32650,"[30,0,300000,0,-30,4200000]",false,false,false,false,(NIR-RED)/(NIR+RED); mask denominator=0; keep source masks,dimensionless; no further scale needed,exact_uint8_values_in_Float32,-9999,Float32,1.0
NC_ROT,2025-05,2025-05-01,2025-06-01,NC_ROT_HLS_2025-05_g1_NDVI_FMASK_v1.tif,12,s0005_L30_20250513T025342000_FMASK,FMASK,2025-05-13T02:53:42.000Z,1747104822000,L30,NASA/HLS/HLSL30/v002/T50SLG_20250513T025342,NASA/HLS/HLSL30/v002,B4,B5,Fmask,EPSG:32650,"[30,0,300000,0,-30,4200000]",false,false,false,false,(NIR-RED)/(NIR+RED); mask denominator=0; keep source masks,dimensionless; no further scale needed,exact_uint8_values_in_Float32,-9999,Float32,1.0
NC_ROT,2025-05,2025-05-01,2025-06-01,NC_ROT_HLS_2025-05_g1_NDVI_FMASK_v1.tif,13,s0006_S30_20250516T030541000_NDVI,NDVI,2025-05-16T03:05:41.000Z,1747364741000,S30,NASA/HLS/HLSS30/v002/T50SLG_20250516T030541,NASA/HLS/HLSS30/v002,B4,B8A,Fmask,EPSG:32650,"[30,0,300000,0,-30,4200000]",false,false,false,false,(NIR-RED)/(NIR+RED); mask denominator=0; keep source masks,dimensionless; no further scale needed,exact_uint8_values_in_Float32,-9999,Float32,1.0
NC_ROT,2025-05,2025-05-01,2025-06-01,NC_ROT_HLS_2025-05_g1_NDVI_FMASK_v1.tif,14,s0006_S30_20250516T030541000_FMASK,FMASK,2025-05-16T03:05:41.000Z,1747364741000,S30,NASA/HLS/HLSS30/v002/T50SLG_20250516T030541,NASA/HLS/HLSS30/v002,B4,B8A,Fmask,EPSG:32650,"[30,0,300000,0,-30,4200000]",false,false,false,false,(NIR-RED)/(NIR+RED); mask denominator=0; keep source masks,dimensionless; no further scale needed,exact_uint8_values_in_Float32,-9999,Float32,1.0
NC_ROT,2025-05,2025-05-01,2025-06-01,NC_ROT_HLS_2025-05_g1_NDVI_FMASK_v1.tif,15,s0007_S30_20250518T031151000_NDVI,NDVI,2025-05-18T03:11:51.000Z,1747537911000,S30,NASA/HLS/HLSS30/v002/T50SLG_20250518T031151,NASA/HLS/HLSS30/v002,B4,B8A,Fmask,EPSG:32650,"[30,0,300000,0,-30,4200000]",false,false,false,false,(NIR-RED)/(NIR+RED); mask denominator=0; keep source masks,dimensionless; no further scale needed,exact_uint8_values_in_Float32,-9999,Float32,1.0
NC_ROT,2025-05,2025-05-01,2025-06-01,NC_ROT_HLS_2025-05_g1_NDVI_FMASK_v1.tif,16,s0007_S30_20250518T031151000_FMASK,FMASK,2025-05-18T03:11:51.000Z,1747537911000,S30,NASA/HLS/HLSS30/v002/T50SLG_20250518T031151,NASA/HLS/HLSS30/v002,B4,B8A,Fmask,EPSG:32650,"[30,0,300000,0,-30,4200000]",false,false,false,false,(NIR-RED)/(NIR+RED); mask denominator=0; keep source masks,dimensionless; no further scale needed,exact_uint8_values_in_Float32,-9999,Float32,1.0
NC_ROT,2025-05,2025-05-01,2025-06-01,NC_ROT_HLS_2025-05_g1_NDVI_FMASK_v1.tif,17,s0008_L30_20250520T025956000_NDVI,NDVI,2025-05-20T02:59:56.000Z,1747709996000,L30,NASA/HLS/HLSL30/v002/T50SLG_20250520T025956,NASA/HLS/HLSL30/v002,B4,B5,Fmask,EPSG:32650,"[30,0,300000,0,-30,4200000]",false,false,false,false,(NIR-RED)/(NIR+RED); mask denominator=0; keep source masks,dimensionless; no further scale needed,exact_uint8_values_in_Float32,-9999,Float32,1.0
NC_ROT,2025-05,2025-05-01,2025-06-01,NC_ROT_HLS_2025-05_g1_NDVI_FMASK_v1.tif,18,s0008_L30_20250520T025956000_FMASK,FMASK,2025-05-20T02:59:56.000Z,1747709996000,L30,NASA/HLS/HLSL30/v002/T50SLG_20250520T025956,NASA/HLS/HLSL30/v002,B4,B5,Fmask,EPSG:32650,"[30,0,300000,0,-30,4200000]",false,false,false,false,(NIR-RED)/(NIR+RED); mask denominator=0; keep source masks,dimensionless; no further scale needed,exact_uint8_values_in_Float32,-9999,Float32,1.0
NC_ROT,2025-05,2025-05-01,2025-06-01,NC_ROT_HLS_2025-05_g1_NDVI_FMASK_v1.tif,19,s0009_L30_20250521T025349000_NDVI,NDVI,2025-05-21T02:53:49.000Z,1747796029000,L30,NASA/HLS/HLSL30/v002/T50SLG_20250521T025349,NASA/HLS/HLSL30/v002,B4,B5,Fmask,EPSG:32650,"[30,0,300000,0,-30,4200000]",false,false,false,false,(NIR-RED)/(NIR+RED); mask denominator=0; keep source masks,dimensionless; no further scale needed,exact_uint8_values_in_Float32,-9999,Float32,1.0
NC_ROT,2025-05,2025-05-01,2025-06-01,NC_ROT_HLS_2025-05_g1_NDVI_FMASK_v1.tif,20,s0009_L30_20250521T025349000_FMASK,FMASK,2025-05-21T02:53:49.000Z,1747796029000,L30,NASA/HLS/HLSL30/v002/T50SLG_20250521T025349,NASA/HLS/HLSL30/v002,B4,B5,Fmask,EPSG:32650,"[30,0,300000,0,-30,4200000]",false,false,false,false,(NIR-RED)/(NIR+RED); mask denominator=0; keep source masks,dimensionless; no further scale needed,exact_uint8_values_in_Float32,-9999,Float32,1.0
NC_ROT,2025-05,2025-05-01,2025-06-01,NC_ROT_HLS_2025-05_g1_NDVI_FMASK_v1.tif,21,s0010_S30_20250521T030529000_NDVI,NDVI,2025-05-21T03:05:29.000Z,1747796729000,S30,NASA/HLS/HLSS30/v002/T50SLG_20250521T030529,NASA/HLS/HLSS30/v002,B4,B8A,Fmask,EPSG:32650,"[30,0,300000,0,-30,4200000]",false,false,false,false,(NIR-RED)/(NIR+RED); mask denominator=0; keep source masks,dimensionless; no further scale needed,exact_uint8_values_in_Float32,-9999,Float32,1.0
NC_ROT,2025-05,2025-05-01,2025-06-01,NC_ROT_HLS_2025-05_g1_NDVI_FMASK_v1.tif,22,s0010_S30_20250521T030529000_FMASK,FMASK,2025-05-21T03:05:29.000Z,1747796729000,S30,NASA/HLS/HLSS30/v002/T50SLG_20250521T030529,NASA/HLS/HLSS30/v002,B4,B8A,Fmask,EPSG:32650,"[30,0,300000,0,-30,4200000]",false,false,false,false,(NIR-RED)/(NIR+RED); mask denominator=0; keep source masks,dimensionless; no further scale needed,exact_uint8_values_in_Float32,-9999,Float32,1.0
NC_ROT,2025-05,2025-05-01,2025-06-01,NC_ROT_HLS_2025-05_g1_NDVI_FMASK_v1.tif,23,s0011_S30_20250526T030541000_NDVI,NDVI,2025-05-26T03:05:41.000Z,1748228741000,S30,NASA/HLS/HLSS30/v002/T50SLG_20250526T030541,NASA/HLS/HLSS30/v002,B4,B8A,Fmask,EPSG:32650,"[30,0,300000,0,-30,4200000]",false,false,false,false,(NIR-RED)/(NIR+RED); mask denominator=0; keep source masks,dimensionless; no further scale needed,exact_uint8_values_in_Float32,-9999,Float32,1.0
NC_ROT,2025-05,2025-05-01,2025-06-01,NC_ROT_HLS_2025-05_g1_NDVI_FMASK_v1.tif,24,s0011_S30_20250526T030541000_FMASK,FMASK,2025-05-26T03:05:41.000Z,1748228741000,S30,NASA/HLS/HLSS30/v002/T50SLG_20250526T030541,NASA/HLS/HLSS30/v002,B4,B8A,Fmask,EPSG:32650,"[30,0,300000,0,-30,4200000]",false,false,false,false,(NIR-RED)/(NIR+RED); mask denominator=0; keep source masks,dimensionless; no further scale needed,exact_uint8_values_in_Float32,-9999,Float32,1.0
NC_ROT,2025-05,2025-05-01,2025-06-01,NC_ROT_HLS_2025-05_g1_NDVI_FMASK_v1.tif,25,s0012_L30_20250528T025957000_NDVI,NDVI,2025-05-28T02:59:57.000Z,1748401197000,L30,NASA/HLS/HLSL30/v002/T50SLG_20250528T025957,NASA/HLS/HLSL30/v002,B4,B5,Fmask,EPSG:32650,"[30,0,300000,0,-30,4200000]",false,false,false,false,(NIR-RED)/(NIR+RED); mask denominator=0; keep source masks,dimensionless; no further scale needed,exact_uint8_values_in_Float32,-9999,Float32,1.0
NC_ROT,2025-05,2025-05-01,2025-06-01,NC_ROT_HLS_2025-05_g1_NDVI_FMASK_v1.tif,26,s0012_L30_20250528T025957000_FMASK,FMASK,2025-05-28T02:59:57.000Z,1748401197000,L30,NASA/HLS/HLSL30/v002/T50SLG_20250528T025957,NASA/HLS/HLSL30/v002,B4,B5,Fmask,EPSG:32650,"[30,0,300000,0,-30,4200000]",false,false,false,false,(NIR-RED)/(NIR+RED); mask denominator=0; keep source masks,dimensionless; no further scale needed,exact_uint8_values_in_Float32,-9999,Float32,1.0
NC_ROT,2025-05,2025-05-01,2025-06-01,NC_ROT_HLS_2025-05_g1_NDVI_FMASK_v1.tif,27,s0013_L30_20250529T025347000_NDVI,NDVI,2025-05-29T02:53:47.000Z,1748487227000,L30,NASA/HLS/HLSL30/v002/T50SLG_20250529T025347,NASA/HLS/HLSL30/v002,B4,B5,Fmask,EPSG:32650,"[30,0,300000,0,-30,4200000]",false,false,false,false,(NIR-RED)/(NIR+RED); mask denominator=0; keep source masks,dimensionless; no further scale needed,exact_uint8_values_in_Float32,-9999,Float32,1.0
NC_ROT,2025-05,2025-05-01,2025-06-01,NC_ROT_HLS_2025-05_g1_NDVI_FMASK_v1.tif,28,s0013_L30_20250529T025347000_FMASK,FMASK,2025-05-29T02:53:47.000Z,1748487227000,L30,NASA/HLS/HLSL30/v002/T50SLG_20250529T025347,NASA/HLS/HLSL30/v002,B4,B5,Fmask,EPSG:32650,"[30,0,300000,0,-30,4200000]",false,false,false,false,(NIR-RED)/(NIR+RED); mask denominator=0; keep source masks,dimensionless; no further scale needed,exact_uint8_values_in_Float32,-9999,Float32,1.0
NC_ROT,2025-06,2025-06-01,2025-07-01,NC_ROT_HLS_2025-06_g1_NDVI_FMASK_v1.tif,1,s0000_L30_20250605T025957000_NDVI,NDVI,2025-06-05T02:59:57.000Z,1749092397000,L30,NASA/HLS/HLSL30/v002/T50SLG_20250605T025957,NASA/HLS/HLSL30/v002,B4,B5,Fmask,EPSG:32650,"[30,0,300000,0,-30,4200000]",false,false,false,false,(NIR-RED)/(NIR+RED); mask denominator=0; keep source masks,dimensionless; no further scale needed,exact_uint8_values_in_Float32,-9999,Float32,1.0
NC_ROT,2025-06,2025-06-01,2025-07-01,NC_ROT_HLS_2025-06_g1_NDVI_FMASK_v1.tif,2,s0000_L30_20250605T025957000_FMASK,FMASK,2025-06-05T02:59:57.000Z,1749092397000,L30,NASA/HLS/HLSL30/v002/T50SLG_20250605T025957,NASA/HLS/HLSL30/v002,B4,B5,Fmask,EPSG:32650,"[30,0,300000,0,-30,4200000]",false,false,false,false,(NIR-RED)/(NIR+RED); mask denominator=0; keep source masks,dimensionless; no further scale needed,exact_uint8_values_in_Float32,-9999,Float32,1.0
NC_ROT,2025-06,2025-06-01,2025-07-01,NC_ROT_HLS_2025-06_g1_NDVI_FMASK_v1.tif,3,s0001_S30_20250605T030541000_NDVI,NDVI,2025-06-05T03:05:41.000Z,1749092741000,S30,NASA/HLS/HLSS30/v002/T50SLG_20250605T030541,NASA/HLS/HLSS30/v002,B4,B8A,Fmask,EPSG:32650,"[30,0,300000,0,-30,4200000]",false,false,false,false,(NIR-RED)/(NIR+RED); mask denominator=0; keep source masks,dimensionless; no further scale needed,exact_uint8_values_in_Float32,-9999,Float32,1.0
NC_ROT,2025-06,2025-06-01,2025-07-01,NC_ROT_HLS_2025-06_g1_NDVI_FMASK_v1.tif,4,s0001_S30_20250605T030541000_FMASK,FMASK,2025-06-05T03:05:41.000Z,1749092741000,S30,NASA/HLS/HLSS30/v002/T50SLG_20250605T030541,NASA/HLS/HLSS30/v002,B4,B8A,Fmask,EPSG:32650,"[30,0,300000,0,-30,4200000]",false,false,false,false,(NIR-RED)/(NIR+RED); mask denominator=0; keep source masks,dimensionless; no further scale needed,exact_uint8_values_in_Float32,-9999,Float32,1.0
NC_ROT,2025-06,2025-06-01,2025-07-01,NC_ROT_HLS_2025-06_g1_NDVI_FMASK_v1.tif,5,s0002_L30_20250606T025343000_NDVI,NDVI,2025-06-06T02:53:43.000Z,1749178423000,L30,NASA/HLS/HLSL30/v002/T50SLG_20250606T025343,NASA/HLS/HLSL30/v002,B4,B5,Fmask,EPSG:32650,"[30,0,300000,0,-30,4200000]",false,false,false,false,(NIR-RED)/(NIR+RED); mask denominator=0; keep source masks,dimensionless; no further scale needed,exact_uint8_values_in_Float32,-9999,Float32,1.0
NC_ROT,2025-06,2025-06-01,2025-07-01,NC_ROT_HLS_2025-06_g1_NDVI_FMASK_v1.tif,6,s0002_L30_20250606T025343000_FMASK,FMASK,2025-06-06T02:53:43.000Z,1749178423000,L30,NASA/HLS/HLSL30/v002/T50SLG_20250606T025343,NASA/HLS/HLSL30/v002,B4,B5,Fmask,EPSG:32650,"[30,0,300000,0,-30,4200000]",false,false,false,false,(NIR-RED)/(NIR+RED); mask denominator=0; keep source masks,dimensionless; no further scale needed,exact_uint8_values_in_Float32,-9999,Float32,1.0
NC_ROT,2025-06,2025-06-01,2025-07-01,NC_ROT_HLS_2025-06_g1_NDVI_FMASK_v1.tif,7,s0003_S30_20250610T030519000_NDVI,NDVI,2025-06-10T03:05:19.000Z,1749524719000,S30,NASA/HLS/HLSS30/v002/T50SLG_20250610T030519,NASA/HLS/HLSS30/v002,B4,B8A,Fmask,EPSG:32650,"[30,0,300000,0,-30,4200000]",false,false,false,false,(NIR-RED)/(NIR+RED); mask denominator=0; keep source masks,dimensionless; no further scale needed,exact_uint8_values_in_Float32,-9999,Float32,1.0
NC_ROT,2025-06,2025-06-01,2025-07-01,NC_ROT_HLS_2025-06_g1_NDVI_FMASK_v1.tif,8,s0003_S30_20250610T030519000_FMASK,FMASK,2025-06-10T03:05:19.000Z,1749524719000,S30,NASA/HLS/HLSS30/v002/T50SLG_20250610T030519,NASA/HLS/HLSS30/v002,B4,B8A,Fmask,EPSG:32650,"[30,0,300000,0,-30,4200000]",false,false,false,false,(NIR-RED)/(NIR+RED); mask denominator=0; keep source masks,dimensionless; no further scale needed,exact_uint8_values_in_Float32,-9999,Float32,1.0
NC_ROT,2025-06,2025-06-01,2025-07-01,NC_ROT_HLS_2025-06_g1_NDVI_FMASK_v1.tif,9,s0004_L30_20250613T030002000_NDVI,NDVI,2025-06-13T03:00:02.000Z,1749783602000,L30,NASA/HLS/HLSL30/v002/T50SLG_20250613T030002,NASA/HLS/HLSL30/v002,B4,B5,Fmask,EPSG:32650,"[30,0,300000,0,-30,4200000]",false,false,false,false,(NIR-RED)/(NIR+RED); mask denominator=0; keep source masks,dimensionless; no further scale needed,exact_uint8_values_in_Float32,-9999,Float32,1.0
NC_ROT,2025-06,2025-06-01,2025-07-01,NC_ROT_HLS_2025-06_g1_NDVI_FMASK_v1.tif,10,s0004_L30_20250613T030002000_FMASK,FMASK,2025-06-13T03:00:02.000Z,1749783602000,L30,NASA/HLS/HLSL30/v002/T50SLG_20250613T030002,NASA/HLS/HLSL30/v002,B4,B5,Fmask,EPSG:32650,"[30,0,300000,0,-30,4200000]",false,false,false,false,(NIR-RED)/(NIR+RED); mask denominator=0; keep source masks,dimensionless; no further scale needed,exact_uint8_values_in_Float32,-9999,Float32,1.0
NC_ROT,2025-06,2025-06-01,2025-07-01,NC_ROT_HLS_2025-06_g1_NDVI_FMASK_v1.tif,11,s0005_L30_20250614T025356000_NDVI,NDVI,2025-06-14T02:53:56.000Z,1749869636000,L30,NASA/HLS/HLSL30/v002/T50SLG_20250614T025356,NASA/HLS/HLSL30/v002,B4,B5,Fmask,EPSG:32650,"[30,0,300000,0,-30,4200000]",false,false,false,false,(NIR-RED)/(NIR+RED); mask denominator=0; keep source masks,dimensionless; no further scale needed,exact_uint8_values_in_Float32,-9999,Float32,1.0
NC_ROT,2025-06,2025-06-01,2025-07-01,NC_ROT_HLS_2025-06_g1_NDVI_FMASK_v1.tif,12,s0005_L30_20250614T025356000_FMASK,FMASK,2025-06-14T02:53:56.000Z,1749869636000,L30,NASA/HLS/HLSL30/v002/T50SLG_20250614T025356,NASA/HLS/HLSL30/v002,B4,B5,Fmask,EPSG:32650,"[30,0,300000,0,-30,4200000]",false,false,false,false,(NIR-RED)/(NIR+RED); mask denominator=0; keep source masks,dimensionless; no further scale needed,exact_uint8_values_in_Float32,-9999,Float32,1.0
NC_ROT,2025-06,2025-06-01,2025-07-01,NC_ROT_HLS_2025-06_g1_NDVI_FMASK_v1.tif,13,s0006_S30_20250615T030541000_NDVI,NDVI,2025-06-15T03:05:41.000Z,1749956741000,S30,NASA/HLS/HLSS30/v002/T50SLG_20250615T030541,NASA/HLS/HLSS30/v002,B4,B8A,Fmask,EPSG:32650,"[30,0,300000,0,-30,4200000]",false,false,false,false,(NIR-RED)/(NIR+RED); mask denominator=0; keep source masks,dimensionless; no further scale needed,exact_uint8_values_in_Float32,-9999,Float32,1.0
NC_ROT,2025-06,2025-06-01,2025-07-01,NC_ROT_HLS_2025-06_g1_NDVI_FMASK_v1.tif,14,s0006_S30_20250615T030541000_FMASK,FMASK,2025-06-15T03:05:41.000Z,1749956741000,S30,NASA/HLS/HLSS30/v002/T50SLG_20250615T030541,NASA/HLS/HLSS30/v002,B4,B8A,Fmask,EPSG:32650,"[30,0,300000,0,-30,4200000]",false,false,false,false,(NIR-RED)/(NIR+RED); mask denominator=0; keep source masks,dimensionless; no further scale needed,exact_uint8_values_in_Float32,-9999,Float32,1.0
NC_ROT,2025-06,2025-06-01,2025-07-01,NC_ROT_HLS_2025-06_g1_NDVI_FMASK_v1.tif,15,s0007_S30_20250620T030529000_NDVI,NDVI,2025-06-20T03:05:29.000Z,1750388729000,S30,NASA/HLS/HLSS30/v002/T50SLG_20250620T030529,NASA/HLS/HLSS30/v002,B4,B8A,Fmask,EPSG:32650,"[30,0,300000,0,-30,4200000]",false,false,false,false,(NIR-RED)/(NIR+RED); mask denominator=0; keep source masks,dimensionless; no further scale needed,exact_uint8_values_in_Float32,-9999,Float32,1.0
NC_ROT,2025-06,2025-06-01,2025-07-01,NC_ROT_HLS_2025-06_g1_NDVI_FMASK_v1.tif,16,s0007_S30_20250620T030529000_FMASK,FMASK,2025-06-20T03:05:29.000Z,1750388729000,S30,NASA/HLS/HLSS30/v002/T50SLG_20250620T030529,NASA/HLS/HLSS30/v002,B4,B8A,Fmask,EPSG:32650,"[30,0,300000,0,-30,4200000]",false,false,false,false,(NIR-RED)/(NIR+RED); mask denominator=0; keep source masks,dimensionless; no further scale needed,exact_uint8_values_in_Float32,-9999,Float32,1.0
NC_ROT,2025-06,2025-06-01,2025-07-01,NC_ROT_HLS_2025-06_g1_NDVI_FMASK_v1.tif,17,s0008_L30_20250621T030011000_NDVI,NDVI,2025-06-21T03:00:11.000Z,1750474811000,L30,NASA/HLS/HLSL30/v002/T50SLG_20250621T030011,NASA/HLS/HLSL30/v002,B4,B5,Fmask,EPSG:32650,"[30,0,300000,0,-30,4200000]",false,false,false,false,(NIR-RED)/(NIR+RED); mask denominator=0; keep source masks,dimensionless; no further scale needed,exact_uint8_values_in_Float32,-9999,Float32,1.0
NC_ROT,2025-06,2025-06-01,2025-07-01,NC_ROT_HLS_2025-06_g1_NDVI_FMASK_v1.tif,18,s0008_L30_20250621T030011000_FMASK,FMASK,2025-06-21T03:00:11.000Z,1750474811000,L30,NASA/HLS/HLSL30/v002/T50SLG_20250621T030011,NASA/HLS/HLSL30/v002,B4,B5,Fmask,EPSG:32650,"[30,0,300000,0,-30,4200000]",false,false,false,false,(NIR-RED)/(NIR+RED); mask denominator=0; keep source masks,dimensionless; no further scale needed,exact_uint8_values_in_Float32,-9999,Float32,1.0
NC_ROT,2025-06,2025-06-01,2025-07-01,NC_ROT_HLS_2025-06_g1_NDVI_FMASK_v1.tif,19,s0009_L30_20250622T025358000_NDVI,NDVI,2025-06-22T02:53:58.000Z,1750560838000,L30,NASA/HLS/HLSL30/v002/T50SLG_20250622T025358,NASA/HLS/HLSL30/v002,B4,B5,Fmask,EPSG:32650,"[30,0,300000,0,-30,4200000]",false,false,false,false,(NIR-RED)/(NIR+RED); mask denominator=0; keep source masks,dimensionless; no further scale needed,exact_uint8_values_in_Float32,-9999,Float32,1.0
NC_ROT,2025-06,2025-06-01,2025-07-01,NC_ROT_HLS_2025-06_g1_NDVI_FMASK_v1.tif,20,s0009_L30_20250622T025358000_FMASK,FMASK,2025-06-22T02:53:58.000Z,1750560838000,L30,NASA/HLS/HLSL30/v002/T50SLG_20250622T025358,NASA/HLS/HLSL30/v002,B4,B5,Fmask,EPSG:32650,"[30,0,300000,0,-30,4200000]",false,false,false,false,(NIR-RED)/(NIR+RED); mask denominator=0; keep source masks,dimensionless; no further scale needed,exact_uint8_values_in_Float32,-9999,Float32,1.0
NC_ROT,2025-06,2025-06-01,2025-07-01,NC_ROT_HLS_2025-06_g1_NDVI_FMASK_v1.tif,21,s0010_S30_20250627T031151000_NDVI,NDVI,2025-06-27T03:11:51.000Z,1750993911000,S30,NASA/HLS/HLSS30/v002/T50SLG_20250627T031151,NASA/HLS/HLSS30/v002,B4,B8A,Fmask,EPSG:32650,"[30,0,300000,0,-30,4200000]",false,false,false,false,(NIR-RED)/(NIR+RED); mask denominator=0; keep source masks,dimensionless; no further scale needed,exact_uint8_values_in_Float32,-9999,Float32,1.0
NC_ROT,2025-06,2025-06-01,2025-07-01,NC_ROT_HLS_2025-06_g1_NDVI_FMASK_v1.tif,22,s0010_S30_20250627T031151000_FMASK,FMASK,2025-06-27T03:11:51.000Z,1750993911000,S30,NASA/HLS/HLSS30/v002/T50SLG_20250627T031151,NASA/HLS/HLSS30/v002,B4,B8A,Fmask,EPSG:32650,"[30,0,300000,0,-30,4200000]",false,false,false,false,(NIR-RED)/(NIR+RED); mask denominator=0; keep source masks,dimensionless; no further scale needed,exact_uint8_values_in_Float32,-9999,Float32,1.0
NC_ROT,2025-06,2025-06-01,2025-07-01,NC_ROT_HLS_2025-06_g1_NDVI_FMASK_v1.tif,23,s0011_L30_20250629T030012000_NDVI,NDVI,2025-06-29T03:00:12.000Z,1751166012000,L30,NASA/HLS/HLSL30/v002/T50SLG_20250629T030012,NASA/HLS/HLSL30/v002,B4,B5,Fmask,EPSG:32650,"[30,0,300000,0,-30,4200000]",false,false,false,false,(NIR-RED)/(NIR+RED); mask denominator=0; keep source masks,dimensionless; no further scale needed,exact_uint8_values_in_Float32,-9999,Float32,1.0
NC_ROT,2025-06,2025-06-01,2025-07-01,NC_ROT_HLS_2025-06_g1_NDVI_FMASK_v1.tif,24,s0011_L30_20250629T030012000_FMASK,FMASK,2025-06-29T03:00:12.000Z,1751166012000,L30,NASA/HLS/HLSL30/v002/T50SLG_20250629T030012,NASA/HLS/HLSL30/v002,B4,B5,Fmask,EPSG:32650,"[30,0,300000,0,-30,4200000]",false,false,false,false,(NIR-RED)/(NIR+RED); mask denominator=0; keep source masks,dimensionless; no further scale needed,exact_uint8_values_in_Float32,-9999,Float32,1.0
NC_ROT,2025-06,2025-06-01,2025-07-01,NC_ROT_HLS_2025-06_g1_NDVI_FMASK_v1.tif,25,s0012_S30_20250630T030529000_NDVI,NDVI,2025-06-30T03:05:29.000Z,1751252729000,S30,NASA/HLS/HLSS30/v002/T50SLG_20250630T030529,NASA/HLS/HLSS30/v002,B4,B8A,Fmask,EPSG:32650,"[30,0,300000,0,-30,4200000]",false,false,false,false,(NIR-RED)/(NIR+RED); mask denominator=0; keep source masks,dimensionless; no further scale needed,exact_uint8_values_in_Float32,-9999,Float32,1.0
NC_ROT,2025-06,2025-06-01,2025-07-01,NC_ROT_HLS_2025-06_g1_NDVI_FMASK_v1.tif,26,s0012_S30_20250630T030529000_FMASK,FMASK,2025-06-30T03:05:29.000Z,1751252729000,S30,NASA/HLS/HLSS30/v002/T50SLG_20250630T030529,NASA/HLS/HLSS30/v002,B4,B8A,Fmask,EPSG:32650,"[30,0,300000,0,-30,4200000]",false,false,false,false,(NIR-RED)/(NIR+RED); mask denominator=0; keep source masks,dimensionless; no further scale needed,exact_uint8_values_in_Float32,-9999,Float32,1.0
NC_ROT,2025-07,2025-07-01,2025-08-01,NC_ROT_HLS_2025-07_g1_NDVI_FMASK_v1.tif,1,s0000_S30_20250705T030601000_NDVI,NDVI,2025-07-05T03:06:01.000Z,1751684761000,S30,NASA/HLS/HLSS30/v002/T50SLG_20250705T030601,NASA/HLS/HLSS30/v002,B4,B8A,Fmask,EPSG:32650,"[30,0,300000,0,-30,4200000]",false,false,false,false,(NIR-RED)/(NIR+RED); mask denominator=0; keep source masks,dimensionless; no further scale needed,exact_uint8_values_in_Float32,-9999,Float32,1.0
NC_ROT,2025-07,2025-07-01,2025-08-01,NC_ROT_HLS_2025-07_g1_NDVI_FMASK_v1.tif,2,s0000_S30_20250705T030601000_FMASK,FMASK,2025-07-05T03:06:01.000Z,1751684761000,S30,NASA/HLS/HLSS30/v002/T50SLG_20250705T030601,NASA/HLS/HLSS30/v002,B4,B8A,Fmask,EPSG:32650,"[30,0,300000,0,-30,4200000]",false,false,false,false,(NIR-RED)/(NIR+RED); mask denominator=0; keep source masks,dimensionless; no further scale needed,exact_uint8_values_in_Float32,-9999,Float32,1.0
NC_ROT,2025-07,2025-07-01,2025-08-01,NC_ROT_HLS_2025-07_g1_NDVI_FMASK_v1.tif,3,s0001_L30_20250707T030015000_NDVI,NDVI,2025-07-07T03:00:15.000Z,1751857215000,L30,NASA/HLS/HLSL30/v002/T50SLG_20250707T030015,NASA/HLS/HLSL30/v002,B4,B5,Fmask,EPSG:32650,"[30,0,300000,0,-30,4200000]",false,false,false,false,(NIR-RED)/(NIR+RED); mask denominator=0; keep source masks,dimensionless; no further scale needed,exact_uint8_values_in_Float32,-9999,Float32,1.0
NC_ROT,2025-07,2025-07-01,2025-08-01,NC_ROT_HLS_2025-07_g1_NDVI_FMASK_v1.tif,4,s0001_L30_20250707T030015000_FMASK,FMASK,2025-07-07T03:00:15.000Z,1751857215000,L30,NASA/HLS/HLSL30/v002/T50SLG_20250707T030015,NASA/HLS/HLSL30/v002,B4,B5,Fmask,EPSG:32650,"[30,0,300000,0,-30,4200000]",false,false,false,false,(NIR-RED)/(NIR+RED); mask denominator=0; keep source masks,dimensionless; no further scale needed,exact_uint8_values_in_Float32,-9999,Float32,1.0
NC_ROT,2025-07,2025-07-01,2025-08-01,NC_ROT_HLS_2025-07_g1_NDVI_FMASK_v1.tif,5,s0002_L30_20250708T025402000_NDVI,NDVI,2025-07-08T02:54:02.000Z,1751943242000,L30,NASA/HLS/HLSL30/v002/T50SLG_20250708T025402,NASA/HLS/HLSL30/v002,B4,B5,Fmask,EPSG:32650,"[30,0,300000,0,-30,4200000]",false,false,false,false,(NIR-RED)/(NIR+RED); mask denominator=0; keep source masks,dimensionless; no further scale needed,exact_uint8_values_in_Float32,-9999,Float32,1.0
NC_ROT,2025-07,2025-07-01,2025-08-01,NC_ROT_HLS_2025-07_g1_NDVI_FMASK_v1.tif,6,s0002_L30_20250708T025402000_FMASK,FMASK,2025-07-08T02:54:02.000Z,1751943242000,L30,NASA/HLS/HLSL30/v002/T50SLG_20250708T025402,NASA/HLS/HLSL30/v002,B4,B5,Fmask,EPSG:32650,"[30,0,300000,0,-30,4200000]",false,false,false,false,(NIR-RED)/(NIR+RED); mask denominator=0; keep source masks,dimensionless; no further scale needed,exact_uint8_values_in_Float32,-9999,Float32,1.0
NC_ROT,2025-07,2025-07-01,2025-08-01,NC_ROT_HLS_2025-07_g1_NDVI_FMASK_v1.tif,7,s0003_S30_20250710T030529000_NDVI,NDVI,2025-07-10T03:05:29.000Z,1752116729000,S30,NASA/HLS/HLSS30/v002/T50SLG_20250710T030529,NASA/HLS/HLSS30/v002,B4,B8A,Fmask,EPSG:32650,"[30,0,300000,0,-30,4200000]",false,false,false,false,(NIR-RED)/(NIR+RED); mask denominator=0; keep source masks,dimensionless; no further scale needed,exact_uint8_values_in_Float32,-9999,Float32,1.0
NC_ROT,2025-07,2025-07-01,2025-08-01,NC_ROT_HLS_2025-07_g1_NDVI_FMASK_v1.tif,8,s0003_S30_20250710T030529000_FMASK,FMASK,2025-07-10T03:05:29.000Z,1752116729000,S30,NASA/HLS/HLSS30/v002/T50SLG_20250710T030529,NASA/HLS/HLSS30/v002,B4,B8A,Fmask,EPSG:32650,"[30,0,300000,0,-30,4200000]",false,false,false,false,(NIR-RED)/(NIR+RED); mask denominator=0; keep source masks,dimensionless; no further scale needed,exact_uint8_values_in_Float32,-9999,Float32,1.0
NC_ROT,2025-07,2025-07-01,2025-08-01,NC_ROT_HLS_2025-07_g1_NDVI_FMASK_v1.tif,9,s0004_L30_20250715T030016000_NDVI,NDVI,2025-07-15T03:00:16.000Z,1752548416000,L30,NASA/HLS/HLSL30/v002/T50SLG_20250715T030016,NASA/HLS/HLSL30/v002,B4,B5,Fmask,EPSG:32650,"[30,0,300000,0,-30,4200000]",false,false,false,false,(NIR-RED)/(NIR+RED); mask denominator=0; keep source masks,dimensionless; no further scale needed,exact_uint8_values_in_Float32,-9999,Float32,1.0
NC_ROT,2025-07,2025-07-01,2025-08-01,NC_ROT_HLS_2025-07_g1_NDVI_FMASK_v1.tif,10,s0004_L30_20250715T030016000_FMASK,FMASK,2025-07-15T03:00:16.000Z,1752548416000,L30,NASA/HLS/HLSL30/v002/T50SLG_20250715T030016,NASA/HLS/HLSL30/v002,B4,B5,Fmask,EPSG:32650,"[30,0,300000,0,-30,4200000]",false,false,false,false,(NIR-RED)/(NIR+RED); mask denominator=0; keep source masks,dimensionless; no further scale needed,exact_uint8_values_in_Float32,-9999,Float32,1.0
NC_ROT,2025-07,2025-07-01,2025-08-01,NC_ROT_HLS_2025-07_g1_NDVI_FMASK_v1.tif,11,s0005_L30_20250716T025408000_NDVI,NDVI,2025-07-16T02:54:08.000Z,1752634448000,L30,NASA/HLS/HLSL30/v002/T50SLG_20250716T025408,NASA/HLS/HLSL30/v002,B4,B5,Fmask,EPSG:32650,"[30,0,300000,0,-30,4200000]",false,false,false,false,(NIR-RED)/(NIR+RED); mask denominator=0; keep source masks,dimensionless; no further scale needed,exact_uint8_values_in_Float32,-9999,Float32,1.0
NC_ROT,2025-07,2025-07-01,2025-08-01,NC_ROT_HLS_2025-07_g1_NDVI_FMASK_v1.tif,12,s0005_L30_20250716T025408000_FMASK,FMASK,2025-07-16T02:54:08.000Z,1752634448000,L30,NASA/HLS/HLSL30/v002/T50SLG_20250716T025408,NASA/HLS/HLSL30/v002,B4,B5,Fmask,EPSG:32650,"[30,0,300000,0,-30,4200000]",false,false,false,false,(NIR-RED)/(NIR+RED); mask denominator=0; keep source masks,dimensionless; no further scale needed,exact_uint8_values_in_Float32,-9999,Float32,1.0
NC_ROT,2025-07,2025-07-01,2025-08-01,NC_ROT_HLS_2025-07_g1_NDVI_FMASK_v1.tif,13,s0006_S30_20250717T031151000_NDVI,NDVI,2025-07-17T03:11:51.000Z,1752721911000,S30,NASA/HLS/HLSS30/v002/T50SLG_20250717T031151,NASA/HLS/HLSS30/v002,B4,B8A,Fmask,EPSG:32650,"[30,0,300000,0,-30,4200000]",false,false,false,false,(NIR-RED)/(NIR+RED); mask denominator=0; keep source masks,dimensionless; no further scale needed,exact_uint8_values_in_Float32,-9999,Float32,1.0
NC_ROT,2025-07,2025-07-01,2025-08-01,NC_ROT_HLS_2025-07_g1_NDVI_FMASK_v1.tif,14,s0006_S30_20250717T031151000_FMASK,FMASK,2025-07-17T03:11:51.000Z,1752721911000,S30,NASA/HLS/HLSS30/v002/T50SLG_20250717T031151,NASA/HLS/HLSS30/v002,B4,B8A,Fmask,EPSG:32650,"[30,0,300000,0,-30,4200000]",false,false,false,false,(NIR-RED)/(NIR+RED); mask denominator=0; keep source masks,dimensionless; no further scale needed,exact_uint8_values_in_Float32,-9999,Float32,1.0
NC_ROT,2025-07,2025-07-01,2025-08-01,NC_ROT_HLS_2025-07_g1_NDVI_FMASK_v1.tif,15,s0007_L30_20250723T030022000_NDVI,NDVI,2025-07-23T03:00:22.000Z,1753239622000,L30,NASA/HLS/HLSL30/v002/T50SLG_20250723T030022,NASA/HLS/HLSL30/v002,B4,B5,Fmask,EPSG:32650,"[30,0,300000,0,-30,4200000]",false,false,false,false,(NIR-RED)/(NIR+RED); mask denominator=0; keep source masks,dimensionless; no further scale needed,exact_uint8_values_in_Float32,-9999,Float32,1.0
NC_ROT,2025-07,2025-07-01,2025-08-01,NC_ROT_HLS_2025-07_g1_NDVI_FMASK_v1.tif,16,s0007_L30_20250723T030022000_FMASK,FMASK,2025-07-23T03:00:22.000Z,1753239622000,L30,NASA/HLS/HLSL30/v002/T50SLG_20250723T030022,NASA/HLS/HLSL30/v002,B4,B5,Fmask,EPSG:32650,"[30,0,300000,0,-30,4200000]",false,false,false,false,(NIR-RED)/(NIR+RED); mask denominator=0; keep source masks,dimensionless; no further scale needed,exact_uint8_values_in_Float32,-9999,Float32,1.0
NC_ROT,2025-07,2025-07-01,2025-08-01,NC_ROT_HLS_2025-07_g1_NDVI_FMASK_v1.tif,17,s0008_L30_20250724T025410000_NDVI,NDVI,2025-07-24T02:54:10.000Z,1753325650000,L30,NASA/HLS/HLSL30/v002/T50SLG_20250724T025410,NASA/HLS/HLSL30/v002,B4,B5,Fmask,EPSG:32650,"[30,0,300000,0,-30,4200000]",false,false,false,false,(NIR-RED)/(NIR+RED); mask denominator=0; keep source masks,dimensionless; no further scale needed,exact_uint8_values_in_Float32,-9999,Float32,1.0
NC_ROT,2025-07,2025-07-01,2025-08-01,NC_ROT_HLS_2025-07_g1_NDVI_FMASK_v1.tif,18,s0008_L30_20250724T025410000_FMASK,FMASK,2025-07-24T02:54:10.000Z,1753325650000,L30,NASA/HLS/HLSL30/v002/T50SLG_20250724T025410,NASA/HLS/HLSL30/v002,B4,B5,Fmask,EPSG:32650,"[30,0,300000,0,-30,4200000]",false,false,false,false,(NIR-RED)/(NIR+RED); mask denominator=0; keep source masks,dimensionless; no further scale needed,exact_uint8_values_in_Float32,-9999,Float32,1.0
NC_ROT,2025-07,2025-07-01,2025-08-01,NC_ROT_HLS_2025-07_g1_NDVI_FMASK_v1.tif,19,s0009_S30_20250725T030611000_NDVI,NDVI,2025-07-25T03:06:11.000Z,1753412771000,S30,NASA/HLS/HLSS30/v002/T50SLG_20250725T030611,NASA/HLS/HLSS30/v002,B4,B8A,Fmask,EPSG:32650,"[30,0,300000,0,-30,4200000]",false,false,false,false,(NIR-RED)/(NIR+RED); mask denominator=0; keep source masks,dimensionless; no further scale needed,exact_uint8_values_in_Float32,-9999,Float32,1.0
NC_ROT,2025-07,2025-07-01,2025-08-01,NC_ROT_HLS_2025-07_g1_NDVI_FMASK_v1.tif,20,s0009_S30_20250725T030611000_FMASK,FMASK,2025-07-25T03:06:11.000Z,1753412771000,S30,NASA/HLS/HLSS30/v002/T50SLG_20250725T030611,NASA/HLS/HLSS30/v002,B4,B8A,Fmask,EPSG:32650,"[30,0,300000,0,-30,4200000]",false,false,false,false,(NIR-RED)/(NIR+RED); mask denominator=0; keep source masks,dimensionless; no further scale needed,exact_uint8_values_in_Float32,-9999,Float32,1.0
NC_ROT,2025-07,2025-07-01,2025-08-01,NC_ROT_HLS_2025-07_g1_NDVI_FMASK_v1.tif,21,s0010_S30_20250730T030519000_NDVI,NDVI,2025-07-30T03:05:19.000Z,1753844719000,S30,NASA/HLS/HLSS30/v002/T50SLG_20250730T030519,NASA/HLS/HLSS30/v002,B4,B8A,Fmask,EPSG:32650,"[30,0,300000,0,-30,4200000]",false,false,false,false,(NIR-RED)/(NIR+RED); mask denominator=0; keep source masks,dimensionless; no further scale needed,exact_uint8_values_in_Float32,-9999,Float32,1.0
NC_ROT,2025-07,2025-07-01,2025-08-01,NC_ROT_HLS_2025-07_g1_NDVI_FMASK_v1.tif,22,s0010_S30_20250730T030519000_FMASK,FMASK,2025-07-30T03:05:19.000Z,1753844719000,S30,NASA/HLS/HLSS30/v002/T50SLG_20250730T030519,NASA/HLS/HLSS30/v002,B4,B8A,Fmask,EPSG:32650,"[30,0,300000,0,-30,4200000]",false,false,false,false,(NIR-RED)/(NIR+RED); mask denominator=0; keep source masks,dimensionless; no further scale needed,exact_uint8_values_in_Float32,-9999,Float32,1.0
NC_ROT,2025-07,2025-07-01,2025-08-01,NC_ROT_HLS_2025-07_g1_NDVI_FMASK_v1.tif,23,s0011_L30_20250731T030022000_NDVI,NDVI,2025-07-31T03:00:22.000Z,1753930822000,L30,NASA/HLS/HLSL30/v002/T50SLG_20250731T030022,NASA/HLS/HLSL30/v002,B4,B5,Fmask,EPSG:32650,"[30,0,300000,0,-30,4200000]",false,false,false,false,(NIR-RED)/(NIR+RED); mask denominator=0; keep source masks,dimensionless; no further scale needed,exact_uint8_values_in_Float32,-9999,Float32,1.0
NC_ROT,2025-07,2025-07-01,2025-08-01,NC_ROT_HLS_2025-07_g1_NDVI_FMASK_v1.tif,24,s0011_L30_20250731T030022000_FMASK,FMASK,2025-07-31T03:00:22.000Z,1753930822000,L30,NASA/HLS/HLSL30/v002/T50SLG_20250731T030022,NASA/HLS/HLSL30/v002,B4,B5,Fmask,EPSG:32650,"[30,0,300000,0,-30,4200000]",false,false,false,false,(NIR-RED)/(NIR+RED); mask denominator=0; keep source masks,dimensionless; no further scale needed,exact_uint8_values_in_Float32,-9999,Float32,1.0
NC_ROT,2025-08,2025-08-01,2025-09-01,NC_ROT_HLS_2025-08_g1_NDVI_FMASK_v1.tif,1,s0000_L30_20250801T025413000_NDVI,NDVI,2025-08-01T02:54:13.000Z,1754016853000,L30,NASA/HLS/HLSL30/v002/T50SLG_20250801T025413,NASA/HLS/HLSL30/v002,B4,B5,Fmask,EPSG:32650,"[30,0,300000,0,-30,4200000]",false,false,false,false,(NIR-RED)/(NIR+RED); mask denominator=0; keep source masks,dimensionless; no further scale needed,exact_uint8_values_in_Float32,-9999,Float32,1.0
NC_ROT,2025-08,2025-08-01,2025-09-01,NC_ROT_HLS_2025-08_g1_NDVI_FMASK_v1.tif,2,s0000_L30_20250801T025413000_FMASK,FMASK,2025-08-01T02:54:13.000Z,1754016853000,L30,NASA/HLS/HLSL30/v002/T50SLG_20250801T025413,NASA/HLS/HLSL30/v002,B4,B5,Fmask,EPSG:32650,"[30,0,300000,0,-30,4200000]",false,false,false,false,(NIR-RED)/(NIR+RED); mask denominator=0; keep source masks,dimensionless; no further scale needed,exact_uint8_values_in_Float32,-9999,Float32,1.0
NC_ROT,2025-08,2025-08-01,2025-09-01,NC_ROT_HLS_2025-08_g1_NDVI_FMASK_v1.tif,3,s0001_S30_20250806T031151000_NDVI,NDVI,2025-08-06T03:11:51.000Z,1754449911000,S30,NASA/HLS/HLSS30/v002/T50SLG_20250806T031151,NASA/HLS/HLSS30/v002,B4,B8A,Fmask,EPSG:32650,"[30,0,300000,0,-30,4200000]",false,false,false,false,(NIR-RED)/(NIR+RED); mask denominator=0; keep source masks,dimensionless; no further scale needed,exact_uint8_values_in_Float32,-9999,Float32,1.0
NC_ROT,2025-08,2025-08-01,2025-09-01,NC_ROT_HLS_2025-08_g1_NDVI_FMASK_v1.tif,4,s0001_S30_20250806T031151000_FMASK,FMASK,2025-08-06T03:11:51.000Z,1754449911000,S30,NASA/HLS/HLSS30/v002/T50SLG_20250806T031151,NASA/HLS/HLSS30/v002,B4,B8A,Fmask,EPSG:32650,"[30,0,300000,0,-30,4200000]",false,false,false,false,(NIR-RED)/(NIR+RED); mask denominator=0; keep source masks,dimensionless; no further scale needed,exact_uint8_values_in_Float32,-9999,Float32,1.0
NC_ROT,2025-08,2025-08-01,2025-09-01,NC_ROT_HLS_2025-08_g1_NDVI_FMASK_v1.tif,5,s0002_L30_20250808T030029000_NDVI,NDVI,2025-08-08T03:00:29.000Z,1754622029000,L30,NASA/HLS/HLSL30/v002/T50SLG_20250808T030029,NASA/HLS/HLSL30/v002,B4,B5,Fmask,EPSG:32650,"[30,0,300000,0,-30,4200000]",false,false,false,false,(NIR-RED)/(NIR+RED); mask denominator=0; keep source masks,dimensionless; no further scale needed,exact_uint8_values_in_Float32,-9999,Float32,1.0
NC_ROT,2025-08,2025-08-01,2025-09-01,NC_ROT_HLS_2025-08_g1_NDVI_FMASK_v1.tif,6,s0002_L30_20250808T030029000_FMASK,FMASK,2025-08-08T03:00:29.000Z,1754622029000,L30,NASA/HLS/HLSL30/v002/T50SLG_20250808T030029,NASA/HLS/HLSL30/v002,B4,B5,Fmask,EPSG:32650,"[30,0,300000,0,-30,4200000]",false,false,false,false,(NIR-RED)/(NIR+RED); mask denominator=0; keep source masks,dimensionless; no further scale needed,exact_uint8_values_in_Float32,-9999,Float32,1.0
NC_ROT,2025-08,2025-08-01,2025-09-01,NC_ROT_HLS_2025-08_g1_NDVI_FMASK_v1.tif,7,s0003_L30_20250809T025419000_NDVI,NDVI,2025-08-09T02:54:19.000Z,1754708059000,L30,NASA/HLS/HLSL30/v002/T50SLG_20250809T025419,NASA/HLS/HLSL30/v002,B4,B5,Fmask,EPSG:32650,"[30,0,300000,0,-30,4200000]",false,false,false,false,(NIR-RED)/(NIR+RED); mask denominator=0; keep source masks,dimensionless; no further scale needed,exact_uint8_values_in_Float32,-9999,Float32,1.0
NC_ROT,2025-08,2025-08-01,2025-09-01,NC_ROT_HLS_2025-08_g1_NDVI_FMASK_v1.tif,8,s0003_L30_20250809T025419000_FMASK,FMASK,2025-08-09T02:54:19.000Z,1754708059000,L30,NASA/HLS/HLSL30/v002/T50SLG_20250809T025419,NASA/HLS/HLSL30/v002,B4,B5,Fmask,EPSG:32650,"[30,0,300000,0,-30,4200000]",false,false,false,false,(NIR-RED)/(NIR+RED); mask denominator=0; keep source masks,dimensionless; no further scale needed,exact_uint8_values_in_Float32,-9999,Float32,1.0
NC_ROT,2025-08,2025-08-01,2025-09-01,NC_ROT_HLS_2025-08_g1_NDVI_FMASK_v1.tif,9,s0004_S30_20250809T030529000_NDVI,NDVI,2025-08-09T03:05:29.000Z,1754708729000,S30,NASA/HLS/HLSS30/v002/T50SLG_20250809T030529,NASA/HLS/HLSS30/v002,B4,B8A,Fmask,EPSG:32650,"[30,0,300000,0,-30,4200000]",false,false,false,false,(NIR-RED)/(NIR+RED); mask denominator=0; keep source masks,dimensionless; no further scale needed,exact_uint8_values_in_Float32,-9999,Float32,1.0
NC_ROT,2025-08,2025-08-01,2025-09-01,NC_ROT_HLS_2025-08_g1_NDVI_FMASK_v1.tif,10,s0004_S30_20250809T030529000_FMASK,FMASK,2025-08-09T03:05:29.000Z,1754708729000,S30,NASA/HLS/HLSS30/v002/T50SLG_20250809T030529,NASA/HLS/HLSS30/v002,B4,B8A,Fmask,EPSG:32650,"[30,0,300000,0,-30,4200000]",false,false,false,false,(NIR-RED)/(NIR+RED); mask denominator=0; keep source masks,dimensionless; no further scale needed,exact_uint8_values_in_Float32,-9999,Float32,1.0
NC_ROT,2025-08,2025-08-01,2025-09-01,NC_ROT_HLS_2025-08_g1_NDVI_FMASK_v1.tif,11,s0005_S30_20250814T030601000_NDVI,NDVI,2025-08-14T03:06:01.000Z,1755140761000,S30,NASA/HLS/HLSS30/v002/T50SLG_20250814T030601,NASA/HLS/HLSS30/v002,B4,B8A,Fmask,EPSG:32650,"[30,0,300000,0,-30,4200000]",false,false,false,false,(NIR-RED)/(NIR+RED); mask denominator=0; keep source masks,dimensionless; no further scale needed,exact_uint8_values_in_Float32,-9999,Float32,1.0
NC_ROT,2025-08,2025-08-01,2025-09-01,NC_ROT_HLS_2025-08_g1_NDVI_FMASK_v1.tif,12,s0005_S30_20250814T030601000_FMASK,FMASK,2025-08-14T03:06:01.000Z,1755140761000,S30,NASA/HLS/HLSS30/v002/T50SLG_20250814T030601,NASA/HLS/HLSS30/v002,B4,B8A,Fmask,EPSG:32650,"[30,0,300000,0,-30,4200000]",false,false,false,false,(NIR-RED)/(NIR+RED); mask denominator=0; keep source masks,dimensionless; no further scale needed,exact_uint8_values_in_Float32,-9999,Float32,1.0
NC_ROT,2025-08,2025-08-01,2025-09-01,NC_ROT_HLS_2025-08_g1_NDVI_FMASK_v1.tif,13,s0006_L30_20250817T025421000_NDVI,NDVI,2025-08-17T02:54:21.000Z,1755399261000,L30,NASA/HLS/HLSL30/v002/T50SLG_20250817T025421,NASA/HLS/HLSL30/v002,B4,B5,Fmask,EPSG:32650,"[30,0,300000,0,-30,4200000]",false,false,false,false,(NIR-RED)/(NIR+RED); mask denominator=0; keep source masks,dimensionless; no further scale needed,exact_uint8_values_in_Float32,-9999,Float32,1.0
NC_ROT,2025-08,2025-08-01,2025-09-01,NC_ROT_HLS_2025-08_g1_NDVI_FMASK_v1.tif,14,s0006_L30_20250817T025421000_FMASK,FMASK,2025-08-17T02:54:21.000Z,1755399261000,L30,NASA/HLS/HLSL30/v002/T50SLG_20250817T025421,NASA/HLS/HLSL30/v002,B4,B5,Fmask,EPSG:32650,"[30,0,300000,0,-30,4200000]",false,false,false,false,(NIR-RED)/(NIR+RED); mask denominator=0; keep source masks,dimensionless; no further scale needed,exact_uint8_values_in_Float32,-9999,Float32,1.0
NC_ROT,2025-08,2025-08-01,2025-09-01,NC_ROT_HLS_2025-08_g1_NDVI_FMASK_v1.tif,15,s0007_S30_20250819T030529000_NDVI,NDVI,2025-08-19T03:05:29.000Z,1755572729000,S30,NASA/HLS/HLSS30/v002/T50SLG_20250819T030529,NASA/HLS/HLSS30/v002,B4,B8A,Fmask,EPSG:32650,"[30,0,300000,0,-30,4200000]",false,false,false,false,(NIR-RED)/(NIR+RED); mask denominator=0; keep source masks,dimensionless; no further scale needed,exact_uint8_values_in_Float32,-9999,Float32,1.0
NC_ROT,2025-08,2025-08-01,2025-09-01,NC_ROT_HLS_2025-08_g1_NDVI_FMASK_v1.tif,16,s0007_S30_20250819T030529000_FMASK,FMASK,2025-08-19T03:05:29.000Z,1755572729000,S30,NASA/HLS/HLSS30/v002/T50SLG_20250819T030529,NASA/HLS/HLSS30/v002,B4,B8A,Fmask,EPSG:32650,"[30,0,300000,0,-30,4200000]",false,false,false,false,(NIR-RED)/(NIR+RED); mask denominator=0; keep source masks,dimensionless; no further scale needed,exact_uint8_values_in_Float32,-9999,Float32,1.0
NC_ROT,2025-08,2025-08-01,2025-09-01,NC_ROT_HLS_2025-08_g1_NDVI_FMASK_v1.tif,17,s0008_L30_20250825T025426000_NDVI,NDVI,2025-08-25T02:54:26.000Z,1756090466000,L30,NASA/HLS/HLSL30/v002/T50SLG_20250825T025426,NASA/HLS/HLSL30/v002,B4,B5,Fmask,EPSG:32650,"[30,0,300000,0,-30,4200000]",false,false,false,false,(NIR-RED)/(NIR+RED); mask denominator=0; keep source masks,dimensionless; no further scale needed,exact_uint8_values_in_Float32,-9999,Float32,1.0
NC_ROT,2025-08,2025-08-01,2025-09-01,NC_ROT_HLS_2025-08_g1_NDVI_FMASK_v1.tif,18,s0008_L30_20250825T025426000_FMASK,FMASK,2025-08-25T02:54:26.000Z,1756090466000,L30,NASA/HLS/HLSL30/v002/T50SLG_20250825T025426,NASA/HLS/HLSL30/v002,B4,B5,Fmask,EPSG:32650,"[30,0,300000,0,-30,4200000]",false,false,false,false,(NIR-RED)/(NIR+RED); mask denominator=0; keep source masks,dimensionless; no further scale needed,exact_uint8_values_in_Float32,-9999,Float32,1.0
NC_ROT,2025-08,2025-08-01,2025-09-01,NC_ROT_HLS_2025-08_g1_NDVI_FMASK_v1.tif,19,s0009_S30_20250826T031151000_NDVI,NDVI,2025-08-26T03:11:51.000Z,1756177911000,S30,NASA/HLS/HLSS30/v002/T50SLG_20250826T031151,NASA/HLS/HLSS30/v002,B4,B8A,Fmask,EPSG:32650,"[30,0,300000,0,-30,4200000]",false,false,false,false,(NIR-RED)/(NIR+RED); mask denominator=0; keep source masks,dimensionless; no further scale needed,exact_uint8_values_in_Float32,-9999,Float32,1.0
NC_ROT,2025-08,2025-08-01,2025-09-01,NC_ROT_HLS_2025-08_g1_NDVI_FMASK_v1.tif,20,s0009_S30_20250826T031151000_FMASK,FMASK,2025-08-26T03:11:51.000Z,1756177911000,S30,NASA/HLS/HLSS30/v002/T50SLG_20250826T031151,NASA/HLS/HLSS30/v002,B4,B8A,Fmask,EPSG:32650,"[30,0,300000,0,-30,4200000]",false,false,false,false,(NIR-RED)/(NIR+RED); mask denominator=0; keep source masks,dimensionless; no further scale needed,exact_uint8_values_in_Float32,-9999,Float32,1.0
NC_ROT,2025-08,2025-08-01,2025-09-01,NC_ROT_HLS_2025-08_g1_NDVI_FMASK_v1.tif,21,s0010_S30_20250829T030529000_NDVI,NDVI,2025-08-29T03:05:29.000Z,1756436729000,S30,NASA/HLS/HLSS30/v002/T50SLG_20250829T030529,NASA/HLS/HLSS30/v002,B4,B8A,Fmask,EPSG:32650,"[30,0,300000,0,-30,4200000]",false,false,false,false,(NIR-RED)/(NIR+RED); mask denominator=0; keep source masks,dimensionless; no further scale needed,exact_uint8_values_in_Float32,-9999,Float32,1.0
NC_ROT,2025-08,2025-08-01,2025-09-01,NC_ROT_HLS_2025-08_g1_NDVI_FMASK_v1.tif,22,s0010_S30_20250829T030529000_FMASK,FMASK,2025-08-29T03:05:29.000Z,1756436729000,S30,NASA/HLS/HLSS30/v002/T50SLG_20250829T030529,NASA/HLS/HLSS30/v002,B4,B8A,Fmask,EPSG:32650,"[30,0,300000,0,-30,4200000]",false,false,false,false,(NIR-RED)/(NIR+RED); mask denominator=0; keep source masks,dimensionless; no further scale needed,exact_uint8_values_in_Float32,-9999,Float32,1.0
