roi_id,month,window_start,window_end_exclusive,output_file,band_index_1based,band_name,variable,acquisition_time_utc,time_start_ms,branch,source_id,source_collection,source_red,source_nir,source_qa,grid_crs,grid_transform,qa_applied,temporal_composite,interpolated,smoothed,ndvi_formula,ndvi_units,qa_storage,nodata,storage,version
NE_SOY,2024-01,2024-01-01,2024-02-01,NE_SOY_HLS_2024-01_g1_NDVI_FMASK_v1.tif,1,s0000_S30_20240105T023109000_NDVI,NDVI,2024-01-05T02:31:09.000Z,1704421869000,S30,NASA/HLS/HLSS30/v002/T51TYN_20240105T023109,NASA/HLS/HLSS30/v002,B4,B8A,Fmask,EPSG:32651,"[30,0,699960,0,-30,5300040]",false,false,false,false,(NIR-RED)/(NIR+RED); mask denominator=0; keep source masks,dimensionless; no further scale needed,exact_uint8_values_in_Float32,-9999,Float32,1.0
NE_SOY,2024-01,2024-01-01,2024-02-01,NE_SOY_HLS_2024-01_g1_NDVI_FMASK_v1.tif,2,s0000_S30_20240105T023109000_FMASK,FMASK,2024-01-05T02:31:09.000Z,1704421869000,S30,NASA/HLS/HLSS30/v002/T51TYN_20240105T023109,NASA/HLS/HLSS30/v002,B4,B8A,Fmask,EPSG:32651,"[30,0,699960,0,-30,5300040]",false,false,false,false,(NIR-RED)/(NIR+RED); mask denominator=0; keep source masks,dimensionless; no further scale needed,exact_uint8_values_in_Float32,-9999,Float32,1.0
NE_SOY,2024-01,2024-01-01,2024-02-01,NE_SOY_HLS_2024-01_g1_NDVI_FMASK_v1.tif,3,s0001_L30_20240108T022052000_NDVI,NDVI,2024-01-08T02:20:52.000Z,1704680452000,L30,NASA/HLS/HLSL30/v002/T51TYN_20240108T022052,NASA/HLS/HLSL30/v002,B4,B5,Fmask,EPSG:32651,"[30,0,699960,0,-30,5300040]",false,false,false,false,(NIR-RED)/(NIR+RED); mask denominator=0; keep source masks,dimensionless; no further scale needed,exact_uint8_values_in_Float32,-9999,Float32,1.0
NE_SOY,2024-01,2024-01-01,2024-02-01,NE_SOY_HLS_2024-01_g1_NDVI_FMASK_v1.tif,4,s0001_L30_20240108T022052000_FMASK,FMASK,2024-01-08T02:20:52.000Z,1704680452000,L30,NASA/HLS/HLSL30/v002/T51TYN_20240108T022052,NASA/HLS/HLSL30/v002,B4,B5,Fmask,EPSG:32651,"[30,0,699960,0,-30,5300040]",false,false,false,false,(NIR-RED)/(NIR+RED); mask denominator=0; keep source masks,dimensionless; no further scale needed,exact_uint8_values_in_Float32,-9999,Float32,1.0
NE_SOY,2024-01,2024-01-01,2024-02-01,NE_SOY_HLS_2024-01_g1_NDVI_FMASK_v1.tif,5,s0002_S30_20240110T023051000_NDVI,NDVI,2024-01-10T02:30:51.000Z,1704853851000,S30,NASA/HLS/HLSS30/v002/T51TYN_20240110T023051,NASA/HLS/HLSS30/v002,B4,B8A,Fmask,EPSG:32651,"[30,0,699960,0,-30,5300040]",false,false,false,false,(NIR-RED)/(NIR+RED); mask denominator=0; keep source masks,dimensionless; no further scale needed,exact_uint8_values_in_Float32,-9999,Float32,1.0
NE_SOY,2024-01,2024-01-01,2024-02-01,NE_SOY_HLS_2024-01_g1_NDVI_FMASK_v1.tif,6,s0002_S30_20240110T023051000_FMASK,FMASK,2024-01-10T02:30:51.000Z,1704853851000,S30,NASA/HLS/HLSS30/v002/T51TYN_20240110T023051,NASA/HLS/HLSS30/v002,B4,B8A,Fmask,EPSG:32651,"[30,0,699960,0,-30,5300040]",false,false,false,false,(NIR-RED)/(NIR+RED); mask denominator=0; keep source masks,dimensionless; no further scale needed,exact_uint8_values_in_Float32,-9999,Float32,1.0
NE_SOY,2024-01,2024-01-01,2024-02-01,NE_SOY_HLS_2024-01_g1_NDVI_FMASK_v1.tif,7,s0003_S30_20240115T023039000_NDVI,NDVI,2024-01-15T02:30:39.000Z,1705285839000,S30,NASA/HLS/HLSS30/v002/T51TYN_20240115T023039,NASA/HLS/HLSS30/v002,B4,B8A,Fmask,EPSG:32651,"[30,0,699960,0,-30,5300040]",false,false,false,false,(NIR-RED)/(NIR+RED); mask denominator=0; keep source masks,dimensionless; no further scale needed,exact_uint8_values_in_Float32,-9999,Float32,1.0
NE_SOY,2024-01,2024-01-01,2024-02-01,NE_SOY_HLS_2024-01_g1_NDVI_FMASK_v1.tif,8,s0003_S30_20240115T023039000_FMASK,FMASK,2024-01-15T02:30:39.000Z,1705285839000,S30,NASA/HLS/HLSS30/v002/T51TYN_20240115T023039,NASA/HLS/HLSS30/v002,B4,B8A,Fmask,EPSG:32651,"[30,0,699960,0,-30,5300040]",false,false,false,false,(NIR-RED)/(NIR+RED); mask denominator=0; keep source masks,dimensionless; no further scale needed,exact_uint8_values_in_Float32,-9999,Float32,1.0
NE_SOY,2024-01,2024-01-01,2024-02-01,NE_SOY_HLS_2024-01_g1_NDVI_FMASK_v1.tif,9,s0004_L30_20240116T022045000_NDVI,NDVI,2024-01-16T02:20:45.000Z,1705371645000,L30,NASA/HLS/HLSL30/v002/T51TYN_20240116T022045,NASA/HLS/HLSL30/v002,B4,B5,Fmask,EPSG:32651,"[30,0,699960,0,-30,5300040]",false,false,false,false,(NIR-RED)/(NIR+RED); mask denominator=0; keep source masks,dimensionless; no further scale needed,exact_uint8_values_in_Float32,-9999,Float32,1.0
NE_SOY,2024-01,2024-01-01,2024-02-01,NE_SOY_HLS_2024-01_g1_NDVI_FMASK_v1.tif,10,s0004_L30_20240116T022045000_FMASK,FMASK,2024-01-16T02:20:45.000Z,1705371645000,L30,NASA/HLS/HLSL30/v002/T51TYN_20240116T022045,NASA/HLS/HLSL30/v002,B4,B5,Fmask,EPSG:32651,"[30,0,699960,0,-30,5300040]",false,false,false,false,(NIR-RED)/(NIR+RED); mask denominator=0; keep source masks,dimensionless; no further scale needed,exact_uint8_values_in_Float32,-9999,Float32,1.0
NE_SOY,2024-01,2024-01-01,2024-02-01,NE_SOY_HLS_2024-01_g1_NDVI_FMASK_v1.tif,11,s0005_S30_20240118T024029000_NDVI,NDVI,2024-01-18T02:40:29.000Z,1705545629000,S30,NASA/HLS/HLSS30/v002/T51TYN_20240118T024029,NASA/HLS/HLSS30/v002,B4,B8A,Fmask,EPSG:32651,"[30,0,699960,0,-30,5300040]",false,false,false,false,(NIR-RED)/(NIR+RED); mask denominator=0; keep source masks,dimensionless; no further scale needed,exact_uint8_values_in_Float32,-9999,Float32,1.0
NE_SOY,2024-01,2024-01-01,2024-02-01,NE_SOY_HLS_2024-01_g1_NDVI_FMASK_v1.tif,12,s0005_S30_20240118T024029000_FMASK,FMASK,2024-01-18T02:40:29.000Z,1705545629000,S30,NASA/HLS/HLSS30/v002/T51TYN_20240118T024029,NASA/HLS/HLSS30/v002,B4,B8A,Fmask,EPSG:32651,"[30,0,699960,0,-30,5300040]",false,false,false,false,(NIR-RED)/(NIR+RED); mask denominator=0; keep source masks,dimensionless; no further scale needed,exact_uint8_values_in_Float32,-9999,Float32,1.0
NE_SOY,2024-01,2024-01-01,2024-02-01,NE_SOY_HLS_2024-01_g1_NDVI_FMASK_v1.tif,13,s0006_S30_20240120T023021000_NDVI,NDVI,2024-01-20T02:30:21.000Z,1705717821000,S30,NASA/HLS/HLSS30/v002/T51TYN_20240120T023021,NASA/HLS/HLSS30/v002,B4,B8A,Fmask,EPSG:32651,"[30,0,699960,0,-30,5300040]",false,false,false,false,(NIR-RED)/(NIR+RED); mask denominator=0; keep source masks,dimensionless; no further scale needed,exact_uint8_values_in_Float32,-9999,Float32,1.0
NE_SOY,2024-01,2024-01-01,2024-02-01,NE_SOY_HLS_2024-01_g1_NDVI_FMASK_v1.tif,14,s0006_S30_20240120T023021000_FMASK,FMASK,2024-01-20T02:30:21.000Z,1705717821000,S30,NASA/HLS/HLSS30/v002/T51TYN_20240120T023021,NASA/HLS/HLSS30/v002,B4,B8A,Fmask,EPSG:32651,"[30,0,699960,0,-30,5300040]",false,false,false,false,(NIR-RED)/(NIR+RED); mask denominator=0; keep source masks,dimensionless; no further scale needed,exact_uint8_values_in_Float32,-9999,Float32,1.0
NE_SOY,2024-01,2024-01-01,2024-02-01,NE_SOY_HLS_2024-01_g1_NDVI_FMASK_v1.tif,15,s0007_L30_20240124T022049000_NDVI,NDVI,2024-01-24T02:20:49.000Z,1706062849000,L30,NASA/HLS/HLSL30/v002/T51TYN_20240124T022049,NASA/HLS/HLSL30/v002,B4,B5,Fmask,EPSG:32651,"[30,0,699960,0,-30,5300040]",false,false,false,false,(NIR-RED)/(NIR+RED); mask denominator=0; keep source masks,dimensionless; no further scale needed,exact_uint8_values_in_Float32,-9999,Float32,1.0
NE_SOY,2024-01,2024-01-01,2024-02-01,NE_SOY_HLS_2024-01_g1_NDVI_FMASK_v1.tif,16,s0007_L30_20240124T022049000_FMASK,FMASK,2024-01-24T02:20:49.000Z,1706062849000,L30,NASA/HLS/HLSL30/v002/T51TYN_20240124T022049,NASA/HLS/HLSL30/v002,B4,B5,Fmask,EPSG:32651,"[30,0,699960,0,-30,5300040]",false,false,false,false,(NIR-RED)/(NIR+RED); mask denominator=0; keep source masks,dimensionless; no further scale needed,exact_uint8_values_in_Float32,-9999,Float32,1.0
NE_SOY,2024-01,2024-01-01,2024-02-01,NE_SOY_HLS_2024-01_g1_NDVI_FMASK_v1.tif,17,s0008_S30_20240125T023009000_NDVI,NDVI,2024-01-25T02:30:09.000Z,1706149809000,S30,NASA/HLS/HLSS30/v002/T51TYN_20240125T023009,NASA/HLS/HLSS30/v002,B4,B8A,Fmask,EPSG:32651,"[30,0,699960,0,-30,5300040]",false,false,false,false,(NIR-RED)/(NIR+RED); mask denominator=0; keep source masks,dimensionless; no further scale needed,exact_uint8_values_in_Float32,-9999,Float32,1.0
NE_SOY,2024-01,2024-01-01,2024-02-01,NE_SOY_HLS_2024-01_g1_NDVI_FMASK_v1.tif,18,s0008_S30_20240125T023009000_FMASK,FMASK,2024-01-25T02:30:09.000Z,1706149809000,S30,NASA/HLS/HLSS30/v002/T51TYN_20240125T023009,NASA/HLS/HLSS30/v002,B4,B8A,Fmask,EPSG:32651,"[30,0,699960,0,-30,5300040]",false,false,false,false,(NIR-RED)/(NIR+RED); mask denominator=0; keep source masks,dimensionless; no further scale needed,exact_uint8_values_in_Float32,-9999,Float32,1.0
NE_SOY,2024-01,2024-01-01,2024-02-01,NE_SOY_HLS_2024-01_g1_NDVI_FMASK_v1.tif,19,s0009_S30_20240130T022931000_NDVI,NDVI,2024-01-30T02:29:31.000Z,1706581771000,S30,NASA/HLS/HLSS30/v002/T51TYN_20240130T022931,NASA/HLS/HLSS30/v002,B4,B8A,Fmask,EPSG:32651,"[30,0,699960,0,-30,5300040]",false,false,false,false,(NIR-RED)/(NIR+RED); mask denominator=0; keep source masks,dimensionless; no further scale needed,exact_uint8_values_in_Float32,-9999,Float32,1.0
NE_SOY,2024-01,2024-01-01,2024-02-01,NE_SOY_HLS_2024-01_g1_NDVI_FMASK_v1.tif,20,s0009_S30_20240130T022931000_FMASK,FMASK,2024-01-30T02:29:31.000Z,1706581771000,S30,NASA/HLS/HLSS30/v002/T51TYN_20240130T022931,NASA/HLS/HLSS30/v002,B4,B8A,Fmask,EPSG:32651,"[30,0,699960,0,-30,5300040]",false,false,false,false,(NIR-RED)/(NIR+RED); mask denominator=0; keep source masks,dimensionless; no further scale needed,exact_uint8_values_in_Float32,-9999,Float32,1.0
NE_SOY,2024-01,2024-01-01,2024-02-01,NE_SOY_HLS_2024-01_g2_NDVI_FMASK_v1.tif,1,s0000_S30_20240105T023109000_NDVI,NDVI,2024-01-05T02:31:09.000Z,1704421869000,S30,NASA/HLS/HLSS30/v002/T52TCT_20240105T023109,NASA/HLS/HLSS30/v002,B4,B8A,Fmask,EPSG:32652,"[30,0,300000,0,-30,5300040]",false,false,false,false,(NIR-RED)/(NIR+RED); mask denominator=0; keep source masks,dimensionless; no further scale needed,exact_uint8_values_in_Float32,-9999,Float32,1.0
NE_SOY,2024-01,2024-01-01,2024-02-01,NE_SOY_HLS_2024-01_g2_NDVI_FMASK_v1.tif,2,s0000_S30_20240105T023109000_FMASK,FMASK,2024-01-05T02:31:09.000Z,1704421869000,S30,NASA/HLS/HLSS30/v002/T52TCT_20240105T023109,NASA/HLS/HLSS30/v002,B4,B8A,Fmask,EPSG:32652,"[30,0,300000,0,-30,5300040]",false,false,false,false,(NIR-RED)/(NIR+RED); mask denominator=0; keep source masks,dimensionless; no further scale needed,exact_uint8_values_in_Float32,-9999,Float32,1.0
NE_SOY,2024-01,2024-01-01,2024-02-01,NE_SOY_HLS_2024-01_g2_NDVI_FMASK_v1.tif,3,s0001_L30_20240108T022052000_NDVI,NDVI,2024-01-08T02:20:52.000Z,1704680452000,L30,NASA/HLS/HLSL30/v002/T52TCT_20240108T022052,NASA/HLS/HLSL30/v002,B4,B5,Fmask,EPSG:32652,"[30,0,300000,0,-30,5300040]",false,false,false,false,(NIR-RED)/(NIR+RED); mask denominator=0; keep source masks,dimensionless; no further scale needed,exact_uint8_values_in_Float32,-9999,Float32,1.0
NE_SOY,2024-01,2024-01-01,2024-02-01,NE_SOY_HLS_2024-01_g2_NDVI_FMASK_v1.tif,4,s0001_L30_20240108T022052000_FMASK,FMASK,2024-01-08T02:20:52.000Z,1704680452000,L30,NASA/HLS/HLSL30/v002/T52TCT_20240108T022052,NASA/HLS/HLSL30/v002,B4,B5,Fmask,EPSG:32652,"[30,0,300000,0,-30,5300040]",false,false,false,false,(NIR-RED)/(NIR+RED); mask denominator=0; keep source masks,dimensionless; no further scale needed,exact_uint8_values_in_Float32,-9999,Float32,1.0
NE_SOY,2024-01,2024-01-01,2024-02-01,NE_SOY_HLS_2024-01_g2_NDVI_FMASK_v1.tif,5,s0002_S30_20240108T024109000_NDVI,NDVI,2024-01-08T02:41:09.000Z,1704681669000,S30,NASA/HLS/HLSS30/v002/T52TCT_20240108T024109,NASA/HLS/HLSS30/v002,B4,B8A,Fmask,EPSG:32652,"[30,0,300000,0,-30,5300040]",false,false,false,false,(NIR-RED)/(NIR+RED); mask denominator=0; keep source masks,dimensionless; no further scale needed,exact_uint8_values_in_Float32,-9999,Float32,1.0
NE_SOY,2024-01,2024-01-01,2024-02-01,NE_SOY_HLS_2024-01_g2_NDVI_FMASK_v1.tif,6,s0002_S30_20240108T024109000_FMASK,FMASK,2024-01-08T02:41:09.000Z,1704681669000,S30,NASA/HLS/HLSS30/v002/T52TCT_20240108T024109,NASA/HLS/HLSS30/v002,B4,B8A,Fmask,EPSG:32652,"[30,0,300000,0,-30,5300040]",false,false,false,false,(NIR-RED)/(NIR+RED); mask denominator=0; keep source masks,dimensionless; no further scale needed,exact_uint8_values_in_Float32,-9999,Float32,1.0
NE_SOY,2024-01,2024-01-01,2024-02-01,NE_SOY_HLS_2024-01_g2_NDVI_FMASK_v1.tif,7,s0003_S30_20240110T023051000_NDVI,NDVI,2024-01-10T02:30:51.000Z,1704853851000,S30,NASA/HLS/HLSS30/v002/T52TCT_20240110T023051,NASA/HLS/HLSS30/v002,B4,B8A,Fmask,EPSG:32652,"[30,0,300000,0,-30,5300040]",false,false,false,false,(NIR-RED)/(NIR+RED); mask denominator=0; keep source masks,dimensionless; no further scale needed,exact_uint8_values_in_Float32,-9999,Float32,1.0
NE_SOY,2024-01,2024-01-01,2024-02-01,NE_SOY_HLS_2024-01_g2_NDVI_FMASK_v1.tif,8,s0003_S30_20240110T023051000_FMASK,FMASK,2024-01-10T02:30:51.000Z,1704853851000,S30,NASA/HLS/HLSS30/v002/T52TCT_20240110T023051,NASA/HLS/HLSS30/v002,B4,B8A,Fmask,EPSG:32652,"[30,0,300000,0,-30,5300040]",false,false,false,false,(NIR-RED)/(NIR+RED); mask denominator=0; keep source masks,dimensionless; no further scale needed,exact_uint8_values_in_Float32,-9999,Float32,1.0
NE_SOY,2024-01,2024-01-01,2024-02-01,NE_SOY_HLS_2024-01_g2_NDVI_FMASK_v1.tif,9,s0004_S30_20240115T023039000_NDVI,NDVI,2024-01-15T02:30:39.000Z,1705285839000,S30,NASA/HLS/HLSS30/v002/T52TCT_20240115T023039,NASA/HLS/HLSS30/v002,B4,B8A,Fmask,EPSG:32652,"[30,0,300000,0,-30,5300040]",false,false,false,false,(NIR-RED)/(NIR+RED); mask denominator=0; keep source masks,dimensionless; no further scale needed,exact_uint8_values_in_Float32,-9999,Float32,1.0
NE_SOY,2024-01,2024-01-01,2024-02-01,NE_SOY_HLS_2024-01_g2_NDVI_FMASK_v1.tif,10,s0004_S30_20240115T023039000_FMASK,FMASK,2024-01-15T02:30:39.000Z,1705285839000,S30,NASA/HLS/HLSS30/v002/T52TCT_20240115T023039,NASA/HLS/HLSS30/v002,B4,B8A,Fmask,EPSG:32652,"[30,0,300000,0,-30,5300040]",false,false,false,false,(NIR-RED)/(NIR+RED); mask denominator=0; keep source masks,dimensionless; no further scale needed,exact_uint8_values_in_Float32,-9999,Float32,1.0
NE_SOY,2024-01,2024-01-01,2024-02-01,NE_SOY_HLS_2024-01_g2_NDVI_FMASK_v1.tif,11,s0005_L30_20240116T022045000_NDVI,NDVI,2024-01-16T02:20:45.000Z,1705371645000,L30,NASA/HLS/HLSL30/v002/T52TCT_20240116T022045,NASA/HLS/HLSL30/v002,B4,B5,Fmask,EPSG:32652,"[30,0,300000,0,-30,5300040]",false,false,false,false,(NIR-RED)/(NIR+RED); mask denominator=0; keep source masks,dimensionless; no further scale needed,exact_uint8_values_in_Float32,-9999,Float32,1.0
NE_SOY,2024-01,2024-01-01,2024-02-01,NE_SOY_HLS_2024-01_g2_NDVI_FMASK_v1.tif,12,s0005_L30_20240116T022045000_FMASK,FMASK,2024-01-16T02:20:45.000Z,1705371645000,L30,NASA/HLS/HLSL30/v002/T52TCT_20240116T022045,NASA/HLS/HLSL30/v002,B4,B5,Fmask,EPSG:32652,"[30,0,300000,0,-30,5300040]",false,false,false,false,(NIR-RED)/(NIR+RED); mask denominator=0; keep source masks,dimensionless; no further scale needed,exact_uint8_values_in_Float32,-9999,Float32,1.0
NE_SOY,2024-01,2024-01-01,2024-02-01,NE_SOY_HLS_2024-01_g2_NDVI_FMASK_v1.tif,13,s0006_S30_20240118T024029000_NDVI,NDVI,2024-01-18T02:40:29.000Z,1705545629000,S30,NASA/HLS/HLSS30/v002/T52TCT_20240118T024029,NASA/HLS/HLSS30/v002,B4,B8A,Fmask,EPSG:32652,"[30,0,300000,0,-30,5300040]",false,false,false,false,(NIR-RED)/(NIR+RED); mask denominator=0; keep source masks,dimensionless; no further scale needed,exact_uint8_values_in_Float32,-9999,Float32,1.0
NE_SOY,2024-01,2024-01-01,2024-02-01,NE_SOY_HLS_2024-01_g2_NDVI_FMASK_v1.tif,14,s0006_S30_20240118T024029000_FMASK,FMASK,2024-01-18T02:40:29.000Z,1705545629000,S30,NASA/HLS/HLSS30/v002/T52TCT_20240118T024029,NASA/HLS/HLSS30/v002,B4,B8A,Fmask,EPSG:32652,"[30,0,300000,0,-30,5300040]",false,false,false,false,(NIR-RED)/(NIR+RED); mask denominator=0; keep source masks,dimensionless; no further scale needed,exact_uint8_values_in_Float32,-9999,Float32,1.0
NE_SOY,2024-01,2024-01-01,2024-02-01,NE_SOY_HLS_2024-01_g2_NDVI_FMASK_v1.tif,15,s0007_S30_20240120T023021000_NDVI,NDVI,2024-01-20T02:30:21.000Z,1705717821000,S30,NASA/HLS/HLSS30/v002/T52TCT_20240120T023021,NASA/HLS/HLSS30/v002,B4,B8A,Fmask,EPSG:32652,"[30,0,300000,0,-30,5300040]",false,false,false,false,(NIR-RED)/(NIR+RED); mask denominator=0; keep source masks,dimensionless; no further scale needed,exact_uint8_values_in_Float32,-9999,Float32,1.0
NE_SOY,2024-01,2024-01-01,2024-02-01,NE_SOY_HLS_2024-01_g2_NDVI_FMASK_v1.tif,16,s0007_S30_20240120T023021000_FMASK,FMASK,2024-01-20T02:30:21.000Z,1705717821000,S30,NASA/HLS/HLSS30/v002/T52TCT_20240120T023021,NASA/HLS/HLSS30/v002,B4,B8A,Fmask,EPSG:32652,"[30,0,300000,0,-30,5300040]",false,false,false,false,(NIR-RED)/(NIR+RED); mask denominator=0; keep source masks,dimensionless; no further scale needed,exact_uint8_values_in_Float32,-9999,Float32,1.0
NE_SOY,2024-01,2024-01-01,2024-02-01,NE_SOY_HLS_2024-01_g2_NDVI_FMASK_v1.tif,17,s0008_S30_20240123T024011000_NDVI,NDVI,2024-01-23T02:40:11.000Z,1705977611000,S30,NASA/HLS/HLSS30/v002/T52TCT_20240123T024011,NASA/HLS/HLSS30/v002,B4,B8A,Fmask,EPSG:32652,"[30,0,300000,0,-30,5300040]",false,false,false,false,(NIR-RED)/(NIR+RED); mask denominator=0; keep source masks,dimensionless; no further scale needed,exact_uint8_values_in_Float32,-9999,Float32,1.0
NE_SOY,2024-01,2024-01-01,2024-02-01,NE_SOY_HLS_2024-01_g2_NDVI_FMASK_v1.tif,18,s0008_S30_20240123T024011000_FMASK,FMASK,2024-01-23T02:40:11.000Z,1705977611000,S30,NASA/HLS/HLSS30/v002/T52TCT_20240123T024011,NASA/HLS/HLSS30/v002,B4,B8A,Fmask,EPSG:32652,"[30,0,300000,0,-30,5300040]",false,false,false,false,(NIR-RED)/(NIR+RED); mask denominator=0; keep source masks,dimensionless; no further scale needed,exact_uint8_values_in_Float32,-9999,Float32,1.0
NE_SOY,2024-01,2024-01-01,2024-02-01,NE_SOY_HLS_2024-01_g2_NDVI_FMASK_v1.tif,19,s0009_L30_20240124T022049000_NDVI,NDVI,2024-01-24T02:20:49.000Z,1706062849000,L30,NASA/HLS/HLSL30/v002/T52TCT_20240124T022049,NASA/HLS/HLSL30/v002,B4,B5,Fmask,EPSG:32652,"[30,0,300000,0,-30,5300040]",false,false,false,false,(NIR-RED)/(NIR+RED); mask denominator=0; keep source masks,dimensionless; no further scale needed,exact_uint8_values_in_Float32,-9999,Float32,1.0
NE_SOY,2024-01,2024-01-01,2024-02-01,NE_SOY_HLS_2024-01_g2_NDVI_FMASK_v1.tif,20,s0009_L30_20240124T022049000_FMASK,FMASK,2024-01-24T02:20:49.000Z,1706062849000,L30,NASA/HLS/HLSL30/v002/T52TCT_20240124T022049,NASA/HLS/HLSL30/v002,B4,B5,Fmask,EPSG:32652,"[30,0,300000,0,-30,5300040]",false,false,false,false,(NIR-RED)/(NIR+RED); mask denominator=0; keep source masks,dimensionless; no further scale needed,exact_uint8_values_in_Float32,-9999,Float32,1.0
NE_SOY,2024-01,2024-01-01,2024-02-01,NE_SOY_HLS_2024-01_g2_NDVI_FMASK_v1.tif,21,s0010_S30_20240125T023009000_NDVI,NDVI,2024-01-25T02:30:09.000Z,1706149809000,S30,NASA/HLS/HLSS30/v002/T52TCT_20240125T023009,NASA/HLS/HLSS30/v002,B4,B8A,Fmask,EPSG:32652,"[30,0,300000,0,-30,5300040]",false,false,false,false,(NIR-RED)/(NIR+RED); mask denominator=0; keep source masks,dimensionless; no further scale needed,exact_uint8_values_in_Float32,-9999,Float32,1.0
NE_SOY,2024-01,2024-01-01,2024-02-01,NE_SOY_HLS_2024-01_g2_NDVI_FMASK_v1.tif,22,s0010_S30_20240125T023009000_FMASK,FMASK,2024-01-25T02:30:09.000Z,1706149809000,S30,NASA/HLS/HLSS30/v002/T52TCT_20240125T023009,NASA/HLS/HLSS30/v002,B4,B8A,Fmask,EPSG:32652,"[30,0,300000,0,-30,5300040]",false,false,false,false,(NIR-RED)/(NIR+RED); mask denominator=0; keep source masks,dimensionless; no further scale needed,exact_uint8_values_in_Float32,-9999,Float32,1.0
NE_SOY,2024-01,2024-01-01,2024-02-01,NE_SOY_HLS_2024-01_g2_NDVI_FMASK_v1.tif,23,s0011_S30_20240130T022931000_NDVI,NDVI,2024-01-30T02:29:31.000Z,1706581771000,S30,NASA/HLS/HLSS30/v002/T52TCT_20240130T022931,NASA/HLS/HLSS30/v002,B4,B8A,Fmask,EPSG:32652,"[30,0,300000,0,-30,5300040]",false,false,false,false,(NIR-RED)/(NIR+RED); mask denominator=0; keep source masks,dimensionless; no further scale needed,exact_uint8_values_in_Float32,-9999,Float32,1.0
NE_SOY,2024-01,2024-01-01,2024-02-01,NE_SOY_HLS_2024-01_g2_NDVI_FMASK_v1.tif,24,s0011_S30_20240130T022931000_FMASK,FMASK,2024-01-30T02:29:31.000Z,1706581771000,S30,NASA/HLS/HLSS30/v002/T52TCT_20240130T022931,NASA/HLS/HLSS30/v002,B4,B8A,Fmask,EPSG:32652,"[30,0,300000,0,-30,5300040]",false,false,false,false,(NIR-RED)/(NIR+RED); mask denominator=0; keep source masks,dimensionless; no further scale needed,exact_uint8_values_in_Float32,-9999,Float32,1.0
NE_SOY,2024-02,2024-02-01,2024-03-01,NE_SOY_HLS_2024-02_g1_NDVI_FMASK_v1.tif,1,s0000_L30_20240201T022041000_NDVI,NDVI,2024-02-01T02:20:41.000Z,1706754041000,L30,NASA/HLS/HLSL30/v002/T51TYN_20240201T022041,NASA/HLS/HLSL30/v002,B4,B5,Fmask,EPSG:32651,"[30,0,699960,0,-30,5300040]",false,false,false,false,(NIR-RED)/(NIR+RED); mask denominator=0; keep source masks,dimensionless; no further scale needed,exact_uint8_values_in_Float32,-9999,Float32,1.0
NE_SOY,2024-02,2024-02-01,2024-03-01,NE_SOY_HLS_2024-02_g1_NDVI_FMASK_v1.tif,2,s0000_L30_20240201T022041000_FMASK,FMASK,2024-02-01T02:20:41.000Z,1706754041000,L30,NASA/HLS/HLSL30/v002/T51TYN_20240201T022041,NASA/HLS/HLSL30/v002,B4,B5,Fmask,EPSG:32651,"[30,0,699960,0,-30,5300040]",false,false,false,false,(NIR-RED)/(NIR+RED); mask denominator=0; keep source masks,dimensionless; no further scale needed,exact_uint8_values_in_Float32,-9999,Float32,1.0
NE_SOY,2024-02,2024-02-01,2024-03-01,NE_SOY_HLS_2024-02_g1_NDVI_FMASK_v1.tif,3,s0001_S30_20240202T023921000_NDVI,NDVI,2024-02-02T02:39:21.000Z,1706841561000,S30,NASA/HLS/HLSS30/v002/T51TYN_20240202T023921,NASA/HLS/HLSS30/v002,B4,B8A,Fmask,EPSG:32651,"[30,0,699960,0,-30,5300040]",false,false,false,false,(NIR-RED)/(NIR+RED); mask denominator=0; keep source masks,dimensionless; no further scale needed,exact_uint8_values_in_Float32,-9999,Float32,1.0
NE_SOY,2024-02,2024-02-01,2024-03-01,NE_SOY_HLS_2024-02_g1_NDVI_FMASK_v1.tif,4,s0001_S30_20240202T023921000_FMASK,FMASK,2024-02-02T02:39:21.000Z,1706841561000,S30,NASA/HLS/HLSS30/v002/T51TYN_20240202T023921,NASA/HLS/HLSS30/v002,B4,B8A,Fmask,EPSG:32651,"[30,0,699960,0,-30,5300040]",false,false,false,false,(NIR-RED)/(NIR+RED); mask denominator=0; keep source masks,dimensionless; no further scale needed,exact_uint8_values_in_Float32,-9999,Float32,1.0
NE_SOY,2024-02,2024-02-01,2024-03-01,NE_SOY_HLS_2024-02_g1_NDVI_FMASK_v1.tif,5,s0002_S30_20240204T022909000_NDVI,NDVI,2024-02-04T02:29:09.000Z,1707013749000,S30,NASA/HLS/HLSS30/v002/T51TYN_20240204T022909,NASA/HLS/HLSS30/v002,B4,B8A,Fmask,EPSG:32651,"[30,0,699960,0,-30,5300040]",false,false,false,false,(NIR-RED)/(NIR+RED); mask denominator=0; keep source masks,dimensionless; no further scale needed,exact_uint8_values_in_Float32,-9999,Float32,1.0
NE_SOY,2024-02,2024-02-01,2024-03-01,NE_SOY_HLS_2024-02_g1_NDVI_FMASK_v1.tif,6,s0002_S30_20240204T022909000_FMASK,FMASK,2024-02-04T02:29:09.000Z,1707013749000,S30,NASA/HLS/HLSS30/v002/T51TYN_20240204T022909,NASA/HLS/HLSS30/v002,B4,B8A,Fmask,EPSG:32651,"[30,0,699960,0,-30,5300040]",false,false,false,false,(NIR-RED)/(NIR+RED); mask denominator=0; keep source masks,dimensionless; no further scale needed,exact_uint8_values_in_Float32,-9999,Float32,1.0
NE_SOY,2024-02,2024-02-01,2024-03-01,NE_SOY_HLS_2024-02_g1_NDVI_FMASK_v1.tif,7,s0003_L30_20240209T022056000_NDVI,NDVI,2024-02-09T02:20:56.000Z,1707445256000,L30,NASA/HLS/HLSL30/v002/T51TYN_20240209T022056,NASA/HLS/HLSL30/v002,B4,B5,Fmask,EPSG:32651,"[30,0,699960,0,-30,5300040]",false,false,false,false,(NIR-RED)/(NIR+RED); mask denominator=0; keep source masks,dimensionless; no further scale needed,exact_uint8_values_in_Float32,-9999,Float32,1.0
NE_SOY,2024-02,2024-02-01,2024-03-01,NE_SOY_HLS_2024-02_g1_NDVI_FMASK_v1.tif,8,s0003_L30_20240209T022056000_FMASK,FMASK,2024-02-09T02:20:56.000Z,1707445256000,L30,NASA/HLS/HLSL30/v002/T51TYN_20240209T022056,NASA/HLS/HLSL30/v002,B4,B5,Fmask,EPSG:32651,"[30,0,699960,0,-30,5300040]",false,false,false,false,(NIR-RED)/(NIR+RED); mask denominator=0; keep source masks,dimensionless; no further scale needed,exact_uint8_values_in_Float32,-9999,Float32,1.0
NE_SOY,2024-02,2024-02-01,2024-03-01,NE_SOY_HLS_2024-02_g1_NDVI_FMASK_v1.tif,9,s0004_S30_20240209T022841000_NDVI,NDVI,2024-02-09T02:28:41.000Z,1707445721000,S30,NASA/HLS/HLSS30/v002/T51TYN_20240209T022841,NASA/HLS/HLSS30/v002,B4,B8A,Fmask,EPSG:32651,"[30,0,699960,0,-30,5300040]",false,false,false,false,(NIR-RED)/(NIR+RED); mask denominator=0; keep source masks,dimensionless; no further scale needed,exact_uint8_values_in_Float32,-9999,Float32,1.0
NE_SOY,2024-02,2024-02-01,2024-03-01,NE_SOY_HLS_2024-02_g1_NDVI_FMASK_v1.tif,10,s0004_S30_20240209T022841000_FMASK,FMASK,2024-02-09T02:28:41.000Z,1707445721000,S30,NASA/HLS/HLSS30/v002/T51TYN_20240209T022841,NASA/HLS/HLSS30/v002,B4,B8A,Fmask,EPSG:32651,"[30,0,699960,0,-30,5300040]",false,false,false,false,(NIR-RED)/(NIR+RED); mask denominator=0; keep source masks,dimensionless; no further scale needed,exact_uint8_values_in_Float32,-9999,Float32,1.0
NE_SOY,2024-02,2024-02-01,2024-03-01,NE_SOY_HLS_2024-02_g1_NDVI_FMASK_v1.tif,11,s0005_S30_20240214T022819000_NDVI,NDVI,2024-02-14T02:28:19.000Z,1707877699000,S30,NASA/HLS/HLSS30/v002/T51TYN_20240214T022819,NASA/HLS/HLSS30/v002,B4,B8A,Fmask,EPSG:32651,"[30,0,699960,0,-30,5300040]",false,false,false,false,(NIR-RED)/(NIR+RED); mask denominator=0; keep source masks,dimensionless; no further scale needed,exact_uint8_values_in_Float32,-9999,Float32,1.0
NE_SOY,2024-02,2024-02-01,2024-03-01,NE_SOY_HLS_2024-02_g1_NDVI_FMASK_v1.tif,12,s0005_S30_20240214T022819000_FMASK,FMASK,2024-02-14T02:28:19.000Z,1707877699000,S30,NASA/HLS/HLSS30/v002/T51TYN_20240214T022819,NASA/HLS/HLSS30/v002,B4,B8A,Fmask,EPSG:32651,"[30,0,699960,0,-30,5300040]",false,false,false,false,(NIR-RED)/(NIR+RED); mask denominator=0; keep source masks,dimensionless; no further scale needed,exact_uint8_values_in_Float32,-9999,Float32,1.0
NE_SOY,2024-02,2024-02-01,2024-03-01,NE_SOY_HLS_2024-02_g1_NDVI_FMASK_v1.tif,13,s0006_L30_20240217T022041000_NDVI,NDVI,2024-02-17T02:20:41.000Z,1708136441000,L30,NASA/HLS/HLSL30/v002/T51TYN_20240217T022041,NASA/HLS/HLSL30/v002,B4,B5,Fmask,EPSG:32651,"[30,0,699960,0,-30,5300040]",false,false,false,false,(NIR-RED)/(NIR+RED); mask denominator=0; keep source masks,dimensionless; no further scale needed,exact_uint8_values_in_Float32,-9999,Float32,1.0
NE_SOY,2024-02,2024-02-01,2024-03-01,NE_SOY_HLS_2024-02_g1_NDVI_FMASK_v1.tif,14,s0006_L30_20240217T022041000_FMASK,FMASK,2024-02-17T02:20:41.000Z,1708136441000,L30,NASA/HLS/HLSL30/v002/T51TYN_20240217T022041,NASA/HLS/HLSL30/v002,B4,B5,Fmask,EPSG:32651,"[30,0,699960,0,-30,5300040]",false,false,false,false,(NIR-RED)/(NIR+RED); mask denominator=0; keep source masks,dimensionless; no further scale needed,exact_uint8_values_in_Float32,-9999,Float32,1.0
NE_SOY,2024-02,2024-02-01,2024-03-01,NE_SOY_HLS_2024-02_g1_NDVI_FMASK_v1.tif,15,s0007_S30_20240217T023759000_NDVI,NDVI,2024-02-17T02:37:59.000Z,1708137479000,S30,NASA/HLS/HLSS30/v002/T51TYN_20240217T023759,NASA/HLS/HLSS30/v002,B4,B8A,Fmask,EPSG:32651,"[30,0,699960,0,-30,5300040]",false,false,false,false,(NIR-RED)/(NIR+RED); mask denominator=0; keep source masks,dimensionless; no further scale needed,exact_uint8_values_in_Float32,-9999,Float32,1.0
NE_SOY,2024-02,2024-02-01,2024-03-01,NE_SOY_HLS_2024-02_g1_NDVI_FMASK_v1.tif,16,s0007_S30_20240217T023759000_FMASK,FMASK,2024-02-17T02:37:59.000Z,1708137479000,S30,NASA/HLS/HLSS30/v002/T51TYN_20240217T023759,NASA/HLS/HLSS30/v002,B4,B8A,Fmask,EPSG:32651,"[30,0,699960,0,-30,5300040]",false,false,false,false,(NIR-RED)/(NIR+RED); mask denominator=0; keep source masks,dimensionless; no further scale needed,exact_uint8_values_in_Float32,-9999,Float32,1.0
NE_SOY,2024-02,2024-02-01,2024-03-01,NE_SOY_HLS_2024-02_g1_NDVI_FMASK_v1.tif,17,s0008_S30_20240219T022741000_NDVI,NDVI,2024-02-19T02:27:41.000Z,1708309661000,S30,NASA/HLS/HLSS30/v002/T51TYN_20240219T022741,NASA/HLS/HLSS30/v002,B4,B8A,Fmask,EPSG:32651,"[30,0,699960,0,-30,5300040]",false,false,false,false,(NIR-RED)/(NIR+RED); mask denominator=0; keep source masks,dimensionless; no further scale needed,exact_uint8_values_in_Float32,-9999,Float32,1.0
NE_SOY,2024-02,2024-02-01,2024-03-01,NE_SOY_HLS_2024-02_g1_NDVI_FMASK_v1.tif,18,s0008_S30_20240219T022741000_FMASK,FMASK,2024-02-19T02:27:41.000Z,1708309661000,S30,NASA/HLS/HLSS30/v002/T51TYN_20240219T022741,NASA/HLS/HLSS30/v002,B4,B8A,Fmask,EPSG:32651,"[30,0,699960,0,-30,5300040]",false,false,false,false,(NIR-RED)/(NIR+RED); mask denominator=0; keep source masks,dimensionless; no further scale needed,exact_uint8_values_in_Float32,-9999,Float32,1.0
NE_SOY,2024-02,2024-02-01,2024-03-01,NE_SOY_HLS_2024-02_g1_NDVI_FMASK_v1.tif,19,s0009_S30_20240222T023721000_NDVI,NDVI,2024-02-22T02:37:21.000Z,1708569441000,S30,NASA/HLS/HLSS30/v002/T51TYN_20240222T023721,NASA/HLS/HLSS30/v002,B4,B8A,Fmask,EPSG:32651,"[30,0,699960,0,-30,5300040]",false,false,false,false,(NIR-RED)/(NIR+RED); mask denominator=0; keep source masks,dimensionless; no further scale needed,exact_uint8_values_in_Float32,-9999,Float32,1.0
NE_SOY,2024-02,2024-02-01,2024-03-01,NE_SOY_HLS_2024-02_g1_NDVI_FMASK_v1.tif,20,s0009_S30_20240222T023721000_FMASK,FMASK,2024-02-22T02:37:21.000Z,1708569441000,S30,NASA/HLS/HLSS30/v002/T51TYN_20240222T023721,NASA/HLS/HLSS30/v002,B4,B8A,Fmask,EPSG:32651,"[30,0,699960,0,-30,5300040]",false,false,false,false,(NIR-RED)/(NIR+RED); mask denominator=0; keep source masks,dimensionless; no further scale needed,exact_uint8_values_in_Float32,-9999,Float32,1.0
NE_SOY,2024-02,2024-02-01,2024-03-01,NE_SOY_HLS_2024-02_g1_NDVI_FMASK_v1.tif,21,s0010_S30_20240224T022709000_NDVI,NDVI,2024-02-24T02:27:09.000Z,1708741629000,S30,NASA/HLS/HLSS30/v002/T51TYN_20240224T022709,NASA/HLS/HLSS30/v002,B4,B8A,Fmask,EPSG:32651,"[30,0,699960,0,-30,5300040]",false,false,false,false,(NIR-RED)/(NIR+RED); mask denominator=0; keep source masks,dimensionless; no further scale needed,exact_uint8_values_in_Float32,-9999,Float32,1.0
NE_SOY,2024-02,2024-02-01,2024-03-01,NE_SOY_HLS_2024-02_g1_NDVI_FMASK_v1.tif,22,s0010_S30_20240224T022709000_FMASK,FMASK,2024-02-24T02:27:09.000Z,1708741629000,S30,NASA/HLS/HLSS30/v002/T51TYN_20240224T022709,NASA/HLS/HLSS30/v002,B4,B8A,Fmask,EPSG:32651,"[30,0,699960,0,-30,5300040]",false,false,false,false,(NIR-RED)/(NIR+RED); mask denominator=0; keep source masks,dimensionless; no further scale needed,exact_uint8_values_in_Float32,-9999,Float32,1.0
NE_SOY,2024-02,2024-02-01,2024-03-01,NE_SOY_HLS_2024-02_g1_NDVI_FMASK_v1.tif,23,s0011_L30_20240225T022043000_NDVI,NDVI,2024-02-25T02:20:43.000Z,1708827643000,L30,NASA/HLS/HLSL30/v002/T51TYN_20240225T022043,NASA/HLS/HLSL30/v002,B4,B5,Fmask,EPSG:32651,"[30,0,699960,0,-30,5300040]",false,false,false,false,(NIR-RED)/(NIR+RED); mask denominator=0; keep source masks,dimensionless; no further scale needed,exact_uint8_values_in_Float32,-9999,Float32,1.0
NE_SOY,2024-02,2024-02-01,2024-03-01,NE_SOY_HLS_2024-02_g1_NDVI_FMASK_v1.tif,24,s0011_L30_20240225T022043000_FMASK,FMASK,2024-02-25T02:20:43.000Z,1708827643000,L30,NASA/HLS/HLSL30/v002/T51TYN_20240225T022043,NASA/HLS/HLSL30/v002,B4,B5,Fmask,EPSG:32651,"[30,0,699960,0,-30,5300040]",false,false,false,false,(NIR-RED)/(NIR+RED); mask denominator=0; keep source masks,dimensionless; no further scale needed,exact_uint8_values_in_Float32,-9999,Float32,1.0
NE_SOY,2024-02,2024-02-01,2024-03-01,NE_SOY_HLS_2024-02_g1_NDVI_FMASK_v1.tif,25,s0012_S30_20240229T022631000_NDVI,NDVI,2024-02-29T02:26:31.000Z,1709173591000,S30,NASA/HLS/HLSS30/v002/T51TYN_20240229T022631,NASA/HLS/HLSS30/v002,B4,B8A,Fmask,EPSG:32651,"[30,0,699960,0,-30,5300040]",false,false,false,false,(NIR-RED)/(NIR+RED); mask denominator=0; keep source masks,dimensionless; no further scale needed,exact_uint8_values_in_Float32,-9999,Float32,1.0
NE_SOY,2024-02,2024-02-01,2024-03-01,NE_SOY_HLS_2024-02_g1_NDVI_FMASK_v1.tif,26,s0012_S30_20240229T022631000_FMASK,FMASK,2024-02-29T02:26:31.000Z,1709173591000,S30,NASA/HLS/HLSS30/v002/T51TYN_20240229T022631,NASA/HLS/HLSS30/v002,B4,B8A,Fmask,EPSG:32651,"[30,0,699960,0,-30,5300040]",false,false,false,false,(NIR-RED)/(NIR+RED); mask denominator=0; keep source masks,dimensionless; no further scale needed,exact_uint8_values_in_Float32,-9999,Float32,1.0
NE_SOY,2024-02,2024-02-01,2024-03-01,NE_SOY_HLS_2024-02_g2_NDVI_FMASK_v1.tif,1,s0000_L30_20240201T022041000_NDVI,NDVI,2024-02-01T02:20:41.000Z,1706754041000,L30,NASA/HLS/HLSL30/v002/T52TCT_20240201T022041,NASA/HLS/HLSL30/v002,B4,B5,Fmask,EPSG:32652,"[30,0,300000,0,-30,5300040]",false,false,false,false,(NIR-RED)/(NIR+RED); mask denominator=0; keep source masks,dimensionless; no further scale needed,exact_uint8_values_in_Float32,-9999,Float32,1.0
NE_SOY,2024-02,2024-02-01,2024-03-01,NE_SOY_HLS_2024-02_g2_NDVI_FMASK_v1.tif,2,s0000_L30_20240201T022041000_FMASK,FMASK,2024-02-01T02:20:41.000Z,1706754041000,L30,NASA/HLS/HLSL30/v002/T52TCT_20240201T022041,NASA/HLS/HLSL30/v002,B4,B5,Fmask,EPSG:32652,"[30,0,300000,0,-30,5300040]",false,false,false,false,(NIR-RED)/(NIR+RED); mask denominator=0; keep source masks,dimensionless; no further scale needed,exact_uint8_values_in_Float32,-9999,Float32,1.0
NE_SOY,2024-02,2024-02-01,2024-03-01,NE_SOY_HLS_2024-02_g2_NDVI_FMASK_v1.tif,3,s0001_S30_20240202T023921000_NDVI,NDVI,2024-02-02T02:39:21.000Z,1706841561000,S30,NASA/HLS/HLSS30/v002/T52TCT_20240202T023921,NASA/HLS/HLSS30/v002,B4,B8A,Fmask,EPSG:32652,"[30,0,300000,0,-30,5300040]",false,false,false,false,(NIR-RED)/(NIR+RED); mask denominator=0; keep source masks,dimensionless; no further scale needed,exact_uint8_values_in_Float32,-9999,Float32,1.0
NE_SOY,2024-02,2024-02-01,2024-03-01,NE_SOY_HLS_2024-02_g2_NDVI_FMASK_v1.tif,4,s0001_S30_20240202T023921000_FMASK,FMASK,2024-02-02T02:39:21.000Z,1706841561000,S30,NASA/HLS/HLSS30/v002/T52TCT_20240202T023921,NASA/HLS/HLSS30/v002,B4,B8A,Fmask,EPSG:32652,"[30,0,300000,0,-30,5300040]",false,false,false,false,(NIR-RED)/(NIR+RED); mask denominator=0; keep source masks,dimensionless; no further scale needed,exact_uint8_values_in_Float32,-9999,Float32,1.0
NE_SOY,2024-02,2024-02-01,2024-03-01,NE_SOY_HLS_2024-02_g2_NDVI_FMASK_v1.tif,5,s0002_S30_20240204T022909000_NDVI,NDVI,2024-02-04T02:29:09.000Z,1707013749000,S30,NASA/HLS/HLSS30/v002/T52TCT_20240204T022909,NASA/HLS/HLSS30/v002,B4,B8A,Fmask,EPSG:32652,"[30,0,300000,0,-30,5300040]",false,false,false,false,(NIR-RED)/(NIR+RED); mask denominator=0; keep source masks,dimensionless; no further scale needed,exact_uint8_values_in_Float32,-9999,Float32,1.0
NE_SOY,2024-02,2024-02-01,2024-03-01,NE_SOY_HLS_2024-02_g2_NDVI_FMASK_v1.tif,6,s0002_S30_20240204T022909000_FMASK,FMASK,2024-02-04T02:29:09.000Z,1707013749000,S30,NASA/HLS/HLSS30/v002/T52TCT_20240204T022909,NASA/HLS/HLSS30/v002,B4,B8A,Fmask,EPSG:32652,"[30,0,300000,0,-30,5300040]",false,false,false,false,(NIR-RED)/(NIR+RED); mask denominator=0; keep source masks,dimensionless; no further scale needed,exact_uint8_values_in_Float32,-9999,Float32,1.0
NE_SOY,2024-02,2024-02-01,2024-03-01,NE_SOY_HLS_2024-02_g2_NDVI_FMASK_v1.tif,7,s0003_S30_20240207T023859000_NDVI,NDVI,2024-02-07T02:38:59.000Z,1707273539000,S30,NASA/HLS/HLSS30/v002/T52TCT_20240207T023859,NASA/HLS/HLSS30/v002,B4,B8A,Fmask,EPSG:32652,"[30,0,300000,0,-30,5300040]",false,false,false,false,(NIR-RED)/(NIR+RED); mask denominator=0; keep source masks,dimensionless; no further scale needed,exact_uint8_values_in_Float32,-9999,Float32,1.0
NE_SOY,2024-02,2024-02-01,2024-03-01,NE_SOY_HLS_2024-02_g2_NDVI_FMASK_v1.tif,8,s0003_S30_20240207T023859000_FMASK,FMASK,2024-02-07T02:38:59.000Z,1707273539000,S30,NASA/HLS/HLSS30/v002/T52TCT_20240207T023859,NASA/HLS/HLSS30/v002,B4,B8A,Fmask,EPSG:32652,"[30,0,300000,0,-30,5300040]",false,false,false,false,(NIR-RED)/(NIR+RED); mask denominator=0; keep source masks,dimensionless; no further scale needed,exact_uint8_values_in_Float32,-9999,Float32,1.0
NE_SOY,2024-02,2024-02-01,2024-03-01,NE_SOY_HLS_2024-02_g2_NDVI_FMASK_v1.tif,9,s0004_L30_20240209T022056000_NDVI,NDVI,2024-02-09T02:20:56.000Z,1707445256000,L30,NASA/HLS/HLSL30/v002/T52TCT_20240209T022056,NASA/HLS/HLSL30/v002,B4,B5,Fmask,EPSG:32652,"[30,0,300000,0,-30,5300040]",false,false,false,false,(NIR-RED)/(NIR+RED); mask denominator=0; keep source masks,dimensionless; no further scale needed,exact_uint8_values_in_Float32,-9999,Float32,1.0
NE_SOY,2024-02,2024-02-01,2024-03-01,NE_SOY_HLS_2024-02_g2_NDVI_FMASK_v1.tif,10,s0004_L30_20240209T022056000_FMASK,FMASK,2024-02-09T02:20:56.000Z,1707445256000,L30,NASA/HLS/HLSL30/v002/T52TCT_20240209T022056,NASA/HLS/HLSL30/v002,B4,B5,Fmask,EPSG:32652,"[30,0,300000,0,-30,5300040]",false,false,false,false,(NIR-RED)/(NIR+RED); mask denominator=0; keep source masks,dimensionless; no further scale needed,exact_uint8_values_in_Float32,-9999,Float32,1.0
NE_SOY,2024-02,2024-02-01,2024-03-01,NE_SOY_HLS_2024-02_g2_NDVI_FMASK_v1.tif,11,s0005_S30_20240209T022841000_NDVI,NDVI,2024-02-09T02:28:41.000Z,1707445721000,S30,NASA/HLS/HLSS30/v002/T52TCT_20240209T022841,NASA/HLS/HLSS30/v002,B4,B8A,Fmask,EPSG:32652,"[30,0,300000,0,-30,5300040]",false,false,false,false,(NIR-RED)/(NIR+RED); mask denominator=0; keep source masks,dimensionless; no further scale needed,exact_uint8_values_in_Float32,-9999,Float32,1.0
NE_SOY,2024-02,2024-02-01,2024-03-01,NE_SOY_HLS_2024-02_g2_NDVI_FMASK_v1.tif,12,s0005_S30_20240209T022841000_FMASK,FMASK,2024-02-09T02:28:41.000Z,1707445721000,S30,NASA/HLS/HLSS30/v002/T52TCT_20240209T022841,NASA/HLS/HLSS30/v002,B4,B8A,Fmask,EPSG:32652,"[30,0,300000,0,-30,5300040]",false,false,false,false,(NIR-RED)/(NIR+RED); mask denominator=0; keep source masks,dimensionless; no further scale needed,exact_uint8_values_in_Float32,-9999,Float32,1.0
NE_SOY,2024-02,2024-02-01,2024-03-01,NE_SOY_HLS_2024-02_g2_NDVI_FMASK_v1.tif,13,s0006_S30_20240212T023831000_NDVI,NDVI,2024-02-12T02:38:31.000Z,1707705511000,S30,NASA/HLS/HLSS30/v002/T52TCT_20240212T023831,NASA/HLS/HLSS30/v002,B4,B8A,Fmask,EPSG:32652,"[30,0,300000,0,-30,5300040]",false,false,false,false,(NIR-RED)/(NIR+RED); mask denominator=0; keep source masks,dimensionless; no further scale needed,exact_uint8_values_in_Float32,-9999,Float32,1.0
NE_SOY,2024-02,2024-02-01,2024-03-01,NE_SOY_HLS_2024-02_g2_NDVI_FMASK_v1.tif,14,s0006_S30_20240212T023831000_FMASK,FMASK,2024-02-12T02:38:31.000Z,1707705511000,S30,NASA/HLS/HLSS30/v002/T52TCT_20240212T023831,NASA/HLS/HLSS30/v002,B4,B8A,Fmask,EPSG:32652,"[30,0,300000,0,-30,5300040]",false,false,false,false,(NIR-RED)/(NIR+RED); mask denominator=0; keep source masks,dimensionless; no further scale needed,exact_uint8_values_in_Float32,-9999,Float32,1.0
NE_SOY,2024-02,2024-02-01,2024-03-01,NE_SOY_HLS_2024-02_g2_NDVI_FMASK_v1.tif,15,s0007_S30_20240214T022819000_NDVI,NDVI,2024-02-14T02:28:19.000Z,1707877699000,S30,NASA/HLS/HLSS30/v002/T52TCT_20240214T022819,NASA/HLS/HLSS30/v002,B4,B8A,Fmask,EPSG:32652,"[30,0,300000,0,-30,5300040]",false,false,false,false,(NIR-RED)/(NIR+RED); mask denominator=0; keep source masks,dimensionless; no further scale needed,exact_uint8_values_in_Float32,-9999,Float32,1.0
NE_SOY,2024-02,2024-02-01,2024-03-01,NE_SOY_HLS_2024-02_g2_NDVI_FMASK_v1.tif,16,s0007_S30_20240214T022819000_FMASK,FMASK,2024-02-14T02:28:19.000Z,1707877699000,S30,NASA/HLS/HLSS30/v002/T52TCT_20240214T022819,NASA/HLS/HLSS30/v002,B4,B8A,Fmask,EPSG:32652,"[30,0,300000,0,-30,5300040]",false,false,false,false,(NIR-RED)/(NIR+RED); mask denominator=0; keep source masks,dimensionless; no further scale needed,exact_uint8_values_in_Float32,-9999,Float32,1.0
NE_SOY,2024-02,2024-02-01,2024-03-01,NE_SOY_HLS_2024-02_g2_NDVI_FMASK_v1.tif,17,s0008_L30_20240217T022041000_NDVI,NDVI,2024-02-17T02:20:41.000Z,1708136441000,L30,NASA/HLS/HLSL30/v002/T52TCT_20240217T022041,NASA/HLS/HLSL30/v002,B4,B5,Fmask,EPSG:32652,"[30,0,300000,0,-30,5300040]",false,false,false,false,(NIR-RED)/(NIR+RED); mask denominator=0; keep source masks,dimensionless; no further scale needed,exact_uint8_values_in_Float32,-9999,Float32,1.0
NE_SOY,2024-02,2024-02-01,2024-03-01,NE_SOY_HLS_2024-02_g2_NDVI_FMASK_v1.tif,18,s0008_L30_20240217T022041000_FMASK,FMASK,2024-02-17T02:20:41.000Z,1708136441000,L30,NASA/HLS/HLSL30/v002/T52TCT_20240217T022041,NASA/HLS/HLSL30/v002,B4,B5,Fmask,EPSG:32652,"[30,0,300000,0,-30,5300040]",false,false,false,false,(NIR-RED)/(NIR+RED); mask denominator=0; keep source masks,dimensionless; no further scale needed,exact_uint8_values_in_Float32,-9999,Float32,1.0
NE_SOY,2024-02,2024-02-01,2024-03-01,NE_SOY_HLS_2024-02_g2_NDVI_FMASK_v1.tif,19,s0009_S30_20240217T023759000_NDVI,NDVI,2024-02-17T02:37:59.000Z,1708137479000,S30,NASA/HLS/HLSS30/v002/T52TCT_20240217T023759,NASA/HLS/HLSS30/v002,B4,B8A,Fmask,EPSG:32652,"[30,0,300000,0,-30,5300040]",false,false,false,false,(NIR-RED)/(NIR+RED); mask denominator=0; keep source masks,dimensionless; no further scale needed,exact_uint8_values_in_Float32,-9999,Float32,1.0
NE_SOY,2024-02,2024-02-01,2024-03-01,NE_SOY_HLS_2024-02_g2_NDVI_FMASK_v1.tif,20,s0009_S30_20240217T023759000_FMASK,FMASK,2024-02-17T02:37:59.000Z,1708137479000,S30,NASA/HLS/HLSS30/v002/T52TCT_20240217T023759,NASA/HLS/HLSS30/v002,B4,B8A,Fmask,EPSG:32652,"[30,0,300000,0,-30,5300040]",false,false,false,false,(NIR-RED)/(NIR+RED); mask denominator=0; keep source masks,dimensionless; no further scale needed,exact_uint8_values_in_Float32,-9999,Float32,1.0
NE_SOY,2024-02,2024-02-01,2024-03-01,NE_SOY_HLS_2024-02_g2_NDVI_FMASK_v1.tif,21,s0010_S30_20240219T022741000_NDVI,NDVI,2024-02-19T02:27:41.000Z,1708309661000,S30,NASA/HLS/HLSS30/v002/T52TCT_20240219T022741,NASA/HLS/HLSS30/v002,B4,B8A,Fmask,EPSG:32652,"[30,0,300000,0,-30,5300040]",false,false,false,false,(NIR-RED)/(NIR+RED); mask denominator=0; keep source masks,dimensionless; no further scale needed,exact_uint8_values_in_Float32,-9999,Float32,1.0
NE_SOY,2024-02,2024-02-01,2024-03-01,NE_SOY_HLS_2024-02_g2_NDVI_FMASK_v1.tif,22,s0010_S30_20240219T022741000_FMASK,FMASK,2024-02-19T02:27:41.000Z,1708309661000,S30,NASA/HLS/HLSS30/v002/T52TCT_20240219T022741,NASA/HLS/HLSS30/v002,B4,B8A,Fmask,EPSG:32652,"[30,0,300000,0,-30,5300040]",false,false,false,false,(NIR-RED)/(NIR+RED); mask denominator=0; keep source masks,dimensionless; no further scale needed,exact_uint8_values_in_Float32,-9999,Float32,1.0
NE_SOY,2024-02,2024-02-01,2024-03-01,NE_SOY_HLS_2024-02_g2_NDVI_FMASK_v1.tif,23,s0011_S30_20240222T023721000_NDVI,NDVI,2024-02-22T02:37:21.000Z,1708569441000,S30,NASA/HLS/HLSS30/v002/T52TCT_20240222T023721,NASA/HLS/HLSS30/v002,B4,B8A,Fmask,EPSG:32652,"[30,0,300000,0,-30,5300040]",false,false,false,false,(NIR-RED)/(NIR+RED); mask denominator=0; keep source masks,dimensionless; no further scale needed,exact_uint8_values_in_Float32,-9999,Float32,1.0
NE_SOY,2024-02,2024-02-01,2024-03-01,NE_SOY_HLS_2024-02_g2_NDVI_FMASK_v1.tif,24,s0011_S30_20240222T023721000_FMASK,FMASK,2024-02-22T02:37:21.000Z,1708569441000,S30,NASA/HLS/HLSS30/v002/T52TCT_20240222T023721,NASA/HLS/HLSS30/v002,B4,B8A,Fmask,EPSG:32652,"[30,0,300000,0,-30,5300040]",false,false,false,false,(NIR-RED)/(NIR+RED); mask denominator=0; keep source masks,dimensionless; no further scale needed,exact_uint8_values_in_Float32,-9999,Float32,1.0
NE_SOY,2024-02,2024-02-01,2024-03-01,NE_SOY_HLS_2024-02_g2_NDVI_FMASK_v1.tif,25,s0012_S30_20240224T022709000_NDVI,NDVI,2024-02-24T02:27:09.000Z,1708741629000,S30,NASA/HLS/HLSS30/v002/T52TCT_20240224T022709,NASA/HLS/HLSS30/v002,B4,B8A,Fmask,EPSG:32652,"[30,0,300000,0,-30,5300040]",false,false,false,false,(NIR-RED)/(NIR+RED); mask denominator=0; keep source masks,dimensionless; no further scale needed,exact_uint8_values_in_Float32,-9999,Float32,1.0
NE_SOY,2024-02,2024-02-01,2024-03-01,NE_SOY_HLS_2024-02_g2_NDVI_FMASK_v1.tif,26,s0012_S30_20240224T022709000_FMASK,FMASK,2024-02-24T02:27:09.000Z,1708741629000,S30,NASA/HLS/HLSS30/v002/T52TCT_20240224T022709,NASA/HLS/HLSS30/v002,B4,B8A,Fmask,EPSG:32652,"[30,0,300000,0,-30,5300040]",false,false,false,false,(NIR-RED)/(NIR+RED); mask denominator=0; keep source masks,dimensionless; no further scale needed,exact_uint8_values_in_Float32,-9999,Float32,1.0
NE_SOY,2024-02,2024-02-01,2024-03-01,NE_SOY_HLS_2024-02_g2_NDVI_FMASK_v1.tif,27,s0013_L30_20240225T022043000_NDVI,NDVI,2024-02-25T02:20:43.000Z,1708827643000,L30,NASA/HLS/HLSL30/v002/T52TCT_20240225T022043,NASA/HLS/HLSL30/v002,B4,B5,Fmask,EPSG:32652,"[30,0,300000,0,-30,5300040]",false,false,false,false,(NIR-RED)/(NIR+RED); mask denominator=0; keep source masks,dimensionless; no further scale needed,exact_uint8_values_in_Float32,-9999,Float32,1.0
NE_SOY,2024-02,2024-02-01,2024-03-01,NE_SOY_HLS_2024-02_g2_NDVI_FMASK_v1.tif,28,s0013_L30_20240225T022043000_FMASK,FMASK,2024-02-25T02:20:43.000Z,1708827643000,L30,NASA/HLS/HLSL30/v002/T52TCT_20240225T022043,NASA/HLS/HLSL30/v002,B4,B5,Fmask,EPSG:32652,"[30,0,300000,0,-30,5300040]",false,false,false,false,(NIR-RED)/(NIR+RED); mask denominator=0; keep source masks,dimensionless; no further scale needed,exact_uint8_values_in_Float32,-9999,Float32,1.0
NE_SOY,2024-02,2024-02-01,2024-03-01,NE_SOY_HLS_2024-02_g2_NDVI_FMASK_v1.tif,29,s0014_S30_20240229T022631000_NDVI,NDVI,2024-02-29T02:26:31.000Z,1709173591000,S30,NASA/HLS/HLSS30/v002/T52TCT_20240229T022631,NASA/HLS/HLSS30/v002,B4,B8A,Fmask,EPSG:32652,"[30,0,300000,0,-30,5300040]",false,false,false,false,(NIR-RED)/(NIR+RED); mask denominator=0; keep source masks,dimensionless; no further scale needed,exact_uint8_values_in_Float32,-9999,Float32,1.0
NE_SOY,2024-02,2024-02-01,2024-03-01,NE_SOY_HLS_2024-02_g2_NDVI_FMASK_v1.tif,30,s0014_S30_20240229T022631000_FMASK,FMASK,2024-02-29T02:26:31.000Z,1709173591000,S30,NASA/HLS/HLSS30/v002/T52TCT_20240229T022631,NASA/HLS/HLSS30/v002,B4,B8A,Fmask,EPSG:32652,"[30,0,300000,0,-30,5300040]",false,false,false,false,(NIR-RED)/(NIR+RED); mask denominator=0; keep source masks,dimensionless; no further scale needed,exact_uint8_values_in_Float32,-9999,Float32,1.0
NE_SOY,2024-03,2024-03-01,2024-04-01,NE_SOY_HLS_2024-03_g1_NDVI_FMASK_v1.tif,1,s0000_S30_20240303T023611000_NDVI,NDVI,2024-03-03T02:36:11.000Z,1709433371000,S30,NASA/HLS/HLSS30/v002/T51TYN_20240303T023611,NASA/HLS/HLSS30/v002,B4,B8A,Fmask,EPSG:32651,"[30,0,699960,0,-30,5300040]",false,false,false,false,(NIR-RED)/(NIR+RED); mask denominator=0; keep source masks,dimensionless; no further scale needed,exact_uint8_values_in_Float32,-9999,Float32,1.0
NE_SOY,2024-03,2024-03-01,2024-04-01,NE_SOY_HLS_2024-03_g1_NDVI_FMASK_v1.tif,2,s0000_S30_20240303T023611000_FMASK,FMASK,2024-03-03T02:36:11.000Z,1709433371000,S30,NASA/HLS/HLSS30/v002/T51TYN_20240303T023611,NASA/HLS/HLSS30/v002,B4,B8A,Fmask,EPSG:32651,"[30,0,699960,0,-30,5300040]",false,false,false,false,(NIR-RED)/(NIR+RED); mask denominator=0; keep source masks,dimensionless; no further scale needed,exact_uint8_values_in_Float32,-9999,Float32,1.0
NE_SOY,2024-03,2024-03-01,2024-04-01,NE_SOY_HLS_2024-03_g1_NDVI_FMASK_v1.tif,3,s0001_L30_20240304T022033000_NDVI,NDVI,2024-03-04T02:20:33.000Z,1709518833000,L30,NASA/HLS/HLSL30/v002/T51TYN_20240304T022033,NASA/HLS/HLSL30/v002,B4,B5,Fmask,EPSG:32651,"[30,0,699960,0,-30,5300040]",false,false,false,false,(NIR-RED)/(NIR+RED); mask denominator=0; keep source masks,dimensionless; no further scale needed,exact_uint8_values_in_Float32,-9999,Float32,1.0
NE_SOY,2024-03,2024-03-01,2024-04-01,NE_SOY_HLS_2024-03_g1_NDVI_FMASK_v1.tif,4,s0001_L30_20240304T022033000_FMASK,FMASK,2024-03-04T02:20:33.000Z,1709518833000,L30,NASA/HLS/HLSL30/v002/T51TYN_20240304T022033,NASA/HLS/HLSL30/v002,B4,B5,Fmask,EPSG:32651,"[30,0,699960,0,-30,5300040]",false,false,false,false,(NIR-RED)/(NIR+RED); mask denominator=0; keep source masks,dimensionless; no further scale needed,exact_uint8_values_in_Float32,-9999,Float32,1.0
NE_SOY,2024-03,2024-03-01,2024-04-01,NE_SOY_HLS_2024-03_g1_NDVI_FMASK_v1.tif,5,s0002_S30_20240305T022549000_NDVI,NDVI,2024-03-05T02:25:49.000Z,1709605549000,S30,NASA/HLS/HLSS30/v002/T51TYN_20240305T022549,NASA/HLS/HLSS30/v002,B4,B8A,Fmask,EPSG:32651,"[30,0,699960,0,-30,5300040]",false,false,false,false,(NIR-RED)/(NIR+RED); mask denominator=0; keep source masks,dimensionless; no further scale needed,exact_uint8_values_in_Float32,-9999,Float32,1.0
NE_SOY,2024-03,2024-03-01,2024-04-01,NE_SOY_HLS_2024-03_g1_NDVI_FMASK_v1.tif,6,s0002_S30_20240305T022549000_FMASK,FMASK,2024-03-05T02:25:49.000Z,1709605549000,S30,NASA/HLS/HLSS30/v002/T51TYN_20240305T022549,NASA/HLS/HLSS30/v002,B4,B8A,Fmask,EPSG:32651,"[30,0,699960,0,-30,5300040]",false,false,false,false,(NIR-RED)/(NIR+RED); mask denominator=0; keep source masks,dimensionless; no further scale needed,exact_uint8_values_in_Float32,-9999,Float32,1.0
NE_SOY,2024-03,2024-03-01,2024-04-01,NE_SOY_HLS_2024-03_g1_NDVI_FMASK_v1.tif,7,s0003_S30_20240308T023529000_NDVI,NDVI,2024-03-08T02:35:29.000Z,1709865329000,S30,NASA/HLS/HLSS30/v002/T51TYN_20240308T023529,NASA/HLS/HLSS30/v002,B4,B8A,Fmask,EPSG:32651,"[30,0,699960,0,-30,5300040]",false,false,false,false,(NIR-RED)/(NIR+RED); mask denominator=0; keep source masks,dimensionless; no further scale needed,exact_uint8_values_in_Float32,-9999,Float32,1.0
NE_SOY,2024-03,2024-03-01,2024-04-01,NE_SOY_HLS_2024-03_g1_NDVI_FMASK_v1.tif,8,s0003_S30_20240308T023529000_FMASK,FMASK,2024-03-08T02:35:29.000Z,1709865329000,S30,NASA/HLS/HLSS30/v002/T51TYN_20240308T023529,NASA/HLS/HLSS30/v002,B4,B8A,Fmask,EPSG:32651,"[30,0,699960,0,-30,5300040]",false,false,false,false,(NIR-RED)/(NIR+RED); mask denominator=0; keep source masks,dimensionless; no further scale needed,exact_uint8_values_in_Float32,-9999,Float32,1.0
NE_SOY,2024-03,2024-03-01,2024-04-01,NE_SOY_HLS_2024-03_g1_NDVI_FMASK_v1.tif,9,s0004_S30_20240310T022531000_NDVI,NDVI,2024-03-10T02:25:31.000Z,1710037531000,S30,NASA/HLS/HLSS30/v002/T51TYN_20240310T022531,NASA/HLS/HLSS30/v002,B4,B8A,Fmask,EPSG:32651,"[30,0,699960,0,-30,5300040]",false,false,false,false,(NIR-RED)/(NIR+RED); mask denominator=0; keep source masks,dimensionless; no further scale needed,exact_uint8_values_in_Float32,-9999,Float32,1.0
NE_SOY,2024-03,2024-03-01,2024-04-01,NE_SOY_HLS_2024-03_g1_NDVI_FMASK_v1.tif,10,s0004_S30_20240310T022531000_FMASK,FMASK,2024-03-10T02:25:31.000Z,1710037531000,S30,NASA/HLS/HLSS30/v002/T51TYN_20240310T022531,NASA/HLS/HLSS30/v002,B4,B8A,Fmask,EPSG:32651,"[30,0,699960,0,-30,5300040]",false,false,false,false,(NIR-RED)/(NIR+RED); mask denominator=0; keep source masks,dimensionless; no further scale needed,exact_uint8_values_in_Float32,-9999,Float32,1.0
NE_SOY,2024-03,2024-03-01,2024-04-01,NE_SOY_HLS_2024-03_g1_NDVI_FMASK_v1.tif,11,s0005_L30_20240312T022047000_NDVI,NDVI,2024-03-12T02:20:47.000Z,1710210047000,L30,NASA/HLS/HLSL30/v002/T51TYN_20240312T022047,NASA/HLS/HLSL30/v002,B4,B5,Fmask,EPSG:32651,"[30,0,699960,0,-30,5300040]",false,false,false,false,(NIR-RED)/(NIR+RED); mask denominator=0; keep source masks,dimensionless; no further scale needed,exact_uint8_values_in_Float32,-9999,Float32,1.0
NE_SOY,2024-03,2024-03-01,2024-04-01,NE_SOY_HLS_2024-03_g1_NDVI_FMASK_v1.tif,12,s0005_L30_20240312T022047000_FMASK,FMASK,2024-03-12T02:20:47.000Z,1710210047000,L30,NASA/HLS/HLSL30/v002/T51TYN_20240312T022047,NASA/HLS/HLSL30/v002,B4,B5,Fmask,EPSG:32651,"[30,0,699960,0,-30,5300040]",false,false,false,false,(NIR-RED)/(NIR+RED); mask denominator=0; keep source masks,dimensionless; no further scale needed,exact_uint8_values_in_Float32,-9999,Float32,1.0
NE_SOY,2024-03,2024-03-01,2024-04-01,NE_SOY_HLS_2024-03_g1_NDVI_FMASK_v1.tif,13,s0006_S30_20240313T023531000_NDVI,NDVI,2024-03-13T02:35:31.000Z,1710297331000,S30,NASA/HLS/HLSS30/v002/T51TYN_20240313T023531,NASA/HLS/HLSS30/v002,B4,B8A,Fmask,EPSG:32651,"[30,0,699960,0,-30,5300040]",false,false,false,false,(NIR-RED)/(NIR+RED); mask denominator=0; keep source masks,dimensionless; no further scale needed,exact_uint8_values_in_Float32,-9999,Float32,1.0
NE_SOY,2024-03,2024-03-01,2024-04-01,NE_SOY_HLS_2024-03_g1_NDVI_FMASK_v1.tif,14,s0006_S30_20240313T023531000_FMASK,FMASK,2024-03-13T02:35:31.000Z,1710297331000,S30,NASA/HLS/HLSS30/v002/T51TYN_20240313T023531,NASA/HLS/HLSS30/v002,B4,B8A,Fmask,EPSG:32651,"[30,0,699960,0,-30,5300040]",false,false,false,false,(NIR-RED)/(NIR+RED); mask denominator=0; keep source masks,dimensionless; no further scale needed,exact_uint8_values_in_Float32,-9999,Float32,1.0
NE_SOY,2024-03,2024-03-01,2024-04-01,NE_SOY_HLS_2024-03_g1_NDVI_FMASK_v1.tif,15,s0007_S30_20240315T022529000_NDVI,NDVI,2024-03-15T02:25:29.000Z,1710469529000,S30,NASA/HLS/HLSS30/v002/T51TYN_20240315T022529,NASA/HLS/HLSS30/v002,B4,B8A,Fmask,EPSG:32651,"[30,0,699960,0,-30,5300040]",false,false,false,false,(NIR-RED)/(NIR+RED); mask denominator=0; keep source masks,dimensionless; no further scale needed,exact_uint8_values_in_Float32,-9999,Float32,1.0
NE_SOY,2024-03,2024-03-01,2024-04-01,NE_SOY_HLS_2024-03_g1_NDVI_FMASK_v1.tif,16,s0007_S30_20240315T022529000_FMASK,FMASK,2024-03-15T02:25:29.000Z,1710469529000,S30,NASA/HLS/HLSS30/v002/T51TYN_20240315T022529,NASA/HLS/HLSS30/v002,B4,B8A,Fmask,EPSG:32651,"[30,0,699960,0,-30,5300040]",false,false,false,false,(NIR-RED)/(NIR+RED); mask denominator=0; keep source masks,dimensionless; no further scale needed,exact_uint8_values_in_Float32,-9999,Float32,1.0
NE_SOY,2024-03,2024-03-01,2024-04-01,NE_SOY_HLS_2024-03_g1_NDVI_FMASK_v1.tif,17,s0008_S30_20240318T023529000_NDVI,NDVI,2024-03-18T02:35:29.000Z,1710729329000,S30,NASA/HLS/HLSS30/v002/T51TYN_20240318T023529,NASA/HLS/HLSS30/v002,B4,B8A,Fmask,EPSG:32651,"[30,0,699960,0,-30,5300040]",false,false,false,false,(NIR-RED)/(NIR+RED); mask denominator=0; keep source masks,dimensionless; no further scale needed,exact_uint8_values_in_Float32,-9999,Float32,1.0
NE_SOY,2024-03,2024-03-01,2024-04-01,NE_SOY_HLS_2024-03_g1_NDVI_FMASK_v1.tif,18,s0008_S30_20240318T023529000_FMASK,FMASK,2024-03-18T02:35:29.000Z,1710729329000,S30,NASA/HLS/HLSS30/v002/T51TYN_20240318T023529,NASA/HLS/HLSS30/v002,B4,B8A,Fmask,EPSG:32651,"[30,0,699960,0,-30,5300040]",false,false,false,false,(NIR-RED)/(NIR+RED); mask denominator=0; keep source masks,dimensionless; no further scale needed,exact_uint8_values_in_Float32,-9999,Float32,1.0
NE_SOY,2024-03,2024-03-01,2024-04-01,NE_SOY_HLS_2024-03_g1_NDVI_FMASK_v1.tif,19,s0009_L30_20240320T022023000_NDVI,NDVI,2024-03-20T02:20:23.000Z,1710901223000,L30,NASA/HLS/HLSL30/v002/T51TYN_20240320T022023,NASA/HLS/HLSL30/v002,B4,B5,Fmask,EPSG:32651,"[30,0,699960,0,-30,5300040]",false,false,false,false,(NIR-RED)/(NIR+RED); mask denominator=0; keep source masks,dimensionless; no further scale needed,exact_uint8_values_in_Float32,-9999,Float32,1.0
NE_SOY,2024-03,2024-03-01,2024-04-01,NE_SOY_HLS_2024-03_g1_NDVI_FMASK_v1.tif,20,s0009_L30_20240320T022023000_FMASK,FMASK,2024-03-20T02:20:23.000Z,1710901223000,L30,NASA/HLS/HLSL30/v002/T51TYN_20240320T022023,NASA/HLS/HLSL30/v002,B4,B5,Fmask,EPSG:32651,"[30,0,699960,0,-30,5300040]",false,false,false,false,(NIR-RED)/(NIR+RED); mask denominator=0; keep source masks,dimensionless; no further scale needed,exact_uint8_values_in_Float32,-9999,Float32,1.0
NE_SOY,2024-03,2024-03-01,2024-04-01,NE_SOY_HLS_2024-03_g1_NDVI_FMASK_v1.tif,21,s0010_S30_20240320T022531000_NDVI,NDVI,2024-03-20T02:25:31.000Z,1710901531000,S30,NASA/HLS/HLSS30/v002/T51TYN_20240320T022531,NASA/HLS/HLSS30/v002,B4,B8A,Fmask,EPSG:32651,"[30,0,699960,0,-30,5300040]",false,false,false,false,(NIR-RED)/(NIR+RED); mask denominator=0; keep source masks,dimensionless; no further scale needed,exact_uint8_values_in_Float32,-9999,Float32,1.0
NE_SOY,2024-03,2024-03-01,2024-04-01,NE_SOY_HLS_2024-03_g1_NDVI_FMASK_v1.tif,22,s0010_S30_20240320T022531000_FMASK,FMASK,2024-03-20T02:25:31.000Z,1710901531000,S30,NASA/HLS/HLSS30/v002/T51TYN_20240320T022531,NASA/HLS/HLSS30/v002,B4,B8A,Fmask,EPSG:32651,"[30,0,699960,0,-30,5300040]",false,false,false,false,(NIR-RED)/(NIR+RED); mask denominator=0; keep source masks,dimensionless; no further scale needed,exact_uint8_values_in_Float32,-9999,Float32,1.0
NE_SOY,2024-03,2024-03-01,2024-04-01,NE_SOY_HLS_2024-03_g1_NDVI_FMASK_v1.tif,23,s0011_S30_20240325T022529000_NDVI,NDVI,2024-03-25T02:25:29.000Z,1711333529000,S30,NASA/HLS/HLSS30/v002/T51TYN_20240325T022529,NASA/HLS/HLSS30/v002,B4,B8A,Fmask,EPSG:32651,"[30,0,699960,0,-30,5300040]",false,false,false,false,(NIR-RED)/(NIR+RED); mask denominator=0; keep source masks,dimensionless; no further scale needed,exact_uint8_values_in_Float32,-9999,Float32,1.0
NE_SOY,2024-03,2024-03-01,2024-04-01,NE_SOY_HLS_2024-03_g1_NDVI_FMASK_v1.tif,24,s0011_S30_20240325T022529000_FMASK,FMASK,2024-03-25T02:25:29.000Z,1711333529000,S30,NASA/HLS/HLSS30/v002/T51TYN_20240325T022529,NASA/HLS/HLSS30/v002,B4,B8A,Fmask,EPSG:32651,"[30,0,699960,0,-30,5300040]",false,false,false,false,(NIR-RED)/(NIR+RED); mask denominator=0; keep source masks,dimensionless; no further scale needed,exact_uint8_values_in_Float32,-9999,Float32,1.0
NE_SOY,2024-03,2024-03-01,2024-04-01,NE_SOY_HLS_2024-03_g1_NDVI_FMASK_v1.tif,25,s0012_S30_20240328T023529000_NDVI,NDVI,2024-03-28T02:35:29.000Z,1711593329000,S30,NASA/HLS/HLSS30/v002/T51TYN_20240328T023529,NASA/HLS/HLSS30/v002,B4,B8A,Fmask,EPSG:32651,"[30,0,699960,0,-30,5300040]",false,false,false,false,(NIR-RED)/(NIR+RED); mask denominator=0; keep source masks,dimensionless; no further scale needed,exact_uint8_values_in_Float32,-9999,Float32,1.0
NE_SOY,2024-03,2024-03-01,2024-04-01,NE_SOY_HLS_2024-03_g1_NDVI_FMASK_v1.tif,26,s0012_S30_20240328T023529000_FMASK,FMASK,2024-03-28T02:35:29.000Z,1711593329000,S30,NASA/HLS/HLSS30/v002/T51TYN_20240328T023529,NASA/HLS/HLSS30/v002,B4,B8A,Fmask,EPSG:32651,"[30,0,699960,0,-30,5300040]",false,false,false,false,(NIR-RED)/(NIR+RED); mask denominator=0; keep source masks,dimensionless; no further scale needed,exact_uint8_values_in_Float32,-9999,Float32,1.0
NE_SOY,2024-03,2024-03-01,2024-04-01,NE_SOY_HLS_2024-03_g2_NDVI_FMASK_v1.tif,1,s0000_S30_20240303T023611000_NDVI,NDVI,2024-03-03T02:36:11.000Z,1709433371000,S30,NASA/HLS/HLSS30/v002/T52TCT_20240303T023611,NASA/HLS/HLSS30/v002,B4,B8A,Fmask,EPSG:32652,"[30,0,300000,0,-30,5300040]",false,false,false,false,(NIR-RED)/(NIR+RED); mask denominator=0; keep source masks,dimensionless; no further scale needed,exact_uint8_values_in_Float32,-9999,Float32,1.0
NE_SOY,2024-03,2024-03-01,2024-04-01,NE_SOY_HLS_2024-03_g2_NDVI_FMASK_v1.tif,2,s0000_S30_20240303T023611000_FMASK,FMASK,2024-03-03T02:36:11.000Z,1709433371000,S30,NASA/HLS/HLSS30/v002/T52TCT_20240303T023611,NASA/HLS/HLSS30/v002,B4,B8A,Fmask,EPSG:32652,"[30,0,300000,0,-30,5300040]",false,false,false,false,(NIR-RED)/(NIR+RED); mask denominator=0; keep source masks,dimensionless; no further scale needed,exact_uint8_values_in_Float32,-9999,Float32,1.0
NE_SOY,2024-03,2024-03-01,2024-04-01,NE_SOY_HLS_2024-03_g2_NDVI_FMASK_v1.tif,3,s0001_L30_20240304T022033000_NDVI,NDVI,2024-03-04T02:20:33.000Z,1709518833000,L30,NASA/HLS/HLSL30/v002/T52TCT_20240304T022033,NASA/HLS/HLSL30/v002,B4,B5,Fmask,EPSG:32652,"[30,0,300000,0,-30,5300040]",false,false,false,false,(NIR-RED)/(NIR+RED); mask denominator=0; keep source masks,dimensionless; no further scale needed,exact_uint8_values_in_Float32,-9999,Float32,1.0
NE_SOY,2024-03,2024-03-01,2024-04-01,NE_SOY_HLS_2024-03_g2_NDVI_FMASK_v1.tif,4,s0001_L30_20240304T022033000_FMASK,FMASK,2024-03-04T02:20:33.000Z,1709518833000,L30,NASA/HLS/HLSL30/v002/T52TCT_20240304T022033,NASA/HLS/HLSL30/v002,B4,B5,Fmask,EPSG:32652,"[30,0,300000,0,-30,5300040]",false,false,false,false,(NIR-RED)/(NIR+RED); mask denominator=0; keep source masks,dimensionless; no further scale needed,exact_uint8_values_in_Float32,-9999,Float32,1.0
NE_SOY,2024-03,2024-03-01,2024-04-01,NE_SOY_HLS_2024-03_g2_NDVI_FMASK_v1.tif,5,s0002_S30_20240305T022549000_NDVI,NDVI,2024-03-05T02:25:49.000Z,1709605549000,S30,NASA/HLS/HLSS30/v002/T52TCT_20240305T022549,NASA/HLS/HLSS30/v002,B4,B8A,Fmask,EPSG:32652,"[30,0,300000,0,-30,5300040]",false,false,false,false,(NIR-RED)/(NIR+RED); mask denominator=0; keep source masks,dimensionless; no further scale needed,exact_uint8_values_in_Float32,-9999,Float32,1.0
NE_SOY,2024-03,2024-03-01,2024-04-01,NE_SOY_HLS_2024-03_g2_NDVI_FMASK_v1.tif,6,s0002_S30_20240305T022549000_FMASK,FMASK,2024-03-05T02:25:49.000Z,1709605549000,S30,NASA/HLS/HLSS30/v002/T52TCT_20240305T022549,NASA/HLS/HLSS30/v002,B4,B8A,Fmask,EPSG:32652,"[30,0,300000,0,-30,5300040]",false,false,false,false,(NIR-RED)/(NIR+RED); mask denominator=0; keep source masks,dimensionless; no further scale needed,exact_uint8_values_in_Float32,-9999,Float32,1.0
NE_SOY,2024-03,2024-03-01,2024-04-01,NE_SOY_HLS_2024-03_g2_NDVI_FMASK_v1.tif,7,s0003_S30_20240308T023529000_NDVI,NDVI,2024-03-08T02:35:29.000Z,1709865329000,S30,NASA/HLS/HLSS30/v002/T52TCT_20240308T023529,NASA/HLS/HLSS30/v002,B4,B8A,Fmask,EPSG:32652,"[30,0,300000,0,-30,5300040]",false,false,false,false,(NIR-RED)/(NIR+RED); mask denominator=0; keep source masks,dimensionless; no further scale needed,exact_uint8_values_in_Float32,-9999,Float32,1.0
NE_SOY,2024-03,2024-03-01,2024-04-01,NE_SOY_HLS_2024-03_g2_NDVI_FMASK_v1.tif,8,s0003_S30_20240308T023529000_FMASK,FMASK,2024-03-08T02:35:29.000Z,1709865329000,S30,NASA/HLS/HLSS30/v002/T52TCT_20240308T023529,NASA/HLS/HLSS30/v002,B4,B8A,Fmask,EPSG:32652,"[30,0,300000,0,-30,5300040]",false,false,false,false,(NIR-RED)/(NIR+RED); mask denominator=0; keep source masks,dimensionless; no further scale needed,exact_uint8_values_in_Float32,-9999,Float32,1.0
NE_SOY,2024-03,2024-03-01,2024-04-01,NE_SOY_HLS_2024-03_g2_NDVI_FMASK_v1.tif,9,s0004_S30_20240310T022531000_NDVI,NDVI,2024-03-10T02:25:31.000Z,1710037531000,S30,NASA/HLS/HLSS30/v002/T52TCT_20240310T022531,NASA/HLS/HLSS30/v002,B4,B8A,Fmask,EPSG:32652,"[30,0,300000,0,-30,5300040]",false,false,false,false,(NIR-RED)/(NIR+RED); mask denominator=0; keep source masks,dimensionless; no further scale needed,exact_uint8_values_in_Float32,-9999,Float32,1.0
NE_SOY,2024-03,2024-03-01,2024-04-01,NE_SOY_HLS_2024-03_g2_NDVI_FMASK_v1.tif,10,s0004_S30_20240310T022531000_FMASK,FMASK,2024-03-10T02:25:31.000Z,1710037531000,S30,NASA/HLS/HLSS30/v002/T52TCT_20240310T022531,NASA/HLS/HLSS30/v002,B4,B8A,Fmask,EPSG:32652,"[30,0,300000,0,-30,5300040]",false,false,false,false,(NIR-RED)/(NIR+RED); mask denominator=0; keep source masks,dimensionless; no further scale needed,exact_uint8_values_in_Float32,-9999,Float32,1.0
NE_SOY,2024-03,2024-03-01,2024-04-01,NE_SOY_HLS_2024-03_g2_NDVI_FMASK_v1.tif,11,s0005_L30_20240312T022047000_NDVI,NDVI,2024-03-12T02:20:47.000Z,1710210047000,L30,NASA/HLS/HLSL30/v002/T52TCT_20240312T022047,NASA/HLS/HLSL30/v002,B4,B5,Fmask,EPSG:32652,"[30,0,300000,0,-30,5300040]",false,false,false,false,(NIR-RED)/(NIR+RED); mask denominator=0; keep source masks,dimensionless; no further scale needed,exact_uint8_values_in_Float32,-9999,Float32,1.0
NE_SOY,2024-03,2024-03-01,2024-04-01,NE_SOY_HLS_2024-03_g2_NDVI_FMASK_v1.tif,12,s0005_L30_20240312T022047000_FMASK,FMASK,2024-03-12T02:20:47.000Z,1710210047000,L30,NASA/HLS/HLSL30/v002/T52TCT_20240312T022047,NASA/HLS/HLSL30/v002,B4,B5,Fmask,EPSG:32652,"[30,0,300000,0,-30,5300040]",false,false,false,false,(NIR-RED)/(NIR+RED); mask denominator=0; keep source masks,dimensionless; no further scale needed,exact_uint8_values_in_Float32,-9999,Float32,1.0
NE_SOY,2024-03,2024-03-01,2024-04-01,NE_SOY_HLS_2024-03_g2_NDVI_FMASK_v1.tif,13,s0006_S30_20240313T023531000_NDVI,NDVI,2024-03-13T02:35:31.000Z,1710297331000,S30,NASA/HLS/HLSS30/v002/T52TCT_20240313T023531,NASA/HLS/HLSS30/v002,B4,B8A,Fmask,EPSG:32652,"[30,0,300000,0,-30,5300040]",false,false,false,false,(NIR-RED)/(NIR+RED); mask denominator=0; keep source masks,dimensionless; no further scale needed,exact_uint8_values_in_Float32,-9999,Float32,1.0
NE_SOY,2024-03,2024-03-01,2024-04-01,NE_SOY_HLS_2024-03_g2_NDVI_FMASK_v1.tif,14,s0006_S30_20240313T023531000_FMASK,FMASK,2024-03-13T02:35:31.000Z,1710297331000,S30,NASA/HLS/HLSS30/v002/T52TCT_20240313T023531,NASA/HLS/HLSS30/v002,B4,B8A,Fmask,EPSG:32652,"[30,0,300000,0,-30,5300040]",false,false,false,false,(NIR-RED)/(NIR+RED); mask denominator=0; keep source masks,dimensionless; no further scale needed,exact_uint8_values_in_Float32,-9999,Float32,1.0
NE_SOY,2024-03,2024-03-01,2024-04-01,NE_SOY_HLS_2024-03_g2_NDVI_FMASK_v1.tif,15,s0007_S30_20240315T022529000_NDVI,NDVI,2024-03-15T02:25:29.000Z,1710469529000,S30,NASA/HLS/HLSS30/v002/T52TCT_20240315T022529,NASA/HLS/HLSS30/v002,B4,B8A,Fmask,EPSG:32652,"[30,0,300000,0,-30,5300040]",false,false,false,false,(NIR-RED)/(NIR+RED); mask denominator=0; keep source masks,dimensionless; no further scale needed,exact_uint8_values_in_Float32,-9999,Float32,1.0
NE_SOY,2024-03,2024-03-01,2024-04-01,NE_SOY_HLS_2024-03_g2_NDVI_FMASK_v1.tif,16,s0007_S30_20240315T022529000_FMASK,FMASK,2024-03-15T02:25:29.000Z,1710469529000,S30,NASA/HLS/HLSS30/v002/T52TCT_20240315T022529,NASA/HLS/HLSS30/v002,B4,B8A,Fmask,EPSG:32652,"[30,0,300000,0,-30,5300040]",false,false,false,false,(NIR-RED)/(NIR+RED); mask denominator=0; keep source masks,dimensionless; no further scale needed,exact_uint8_values_in_Float32,-9999,Float32,1.0
NE_SOY,2024-03,2024-03-01,2024-04-01,NE_SOY_HLS_2024-03_g2_NDVI_FMASK_v1.tif,17,s0008_S30_20240318T023529000_NDVI,NDVI,2024-03-18T02:35:29.000Z,1710729329000,S30,NASA/HLS/HLSS30/v002/T52TCT_20240318T023529,NASA/HLS/HLSS30/v002,B4,B8A,Fmask,EPSG:32652,"[30,0,300000,0,-30,5300040]",false,false,false,false,(NIR-RED)/(NIR+RED); mask denominator=0; keep source masks,dimensionless; no further scale needed,exact_uint8_values_in_Float32,-9999,Float32,1.0
NE_SOY,2024-03,2024-03-01,2024-04-01,NE_SOY_HLS_2024-03_g2_NDVI_FMASK_v1.tif,18,s0008_S30_20240318T023529000_FMASK,FMASK,2024-03-18T02:35:29.000Z,1710729329000,S30,NASA/HLS/HLSS30/v002/T52TCT_20240318T023529,NASA/HLS/HLSS30/v002,B4,B8A,Fmask,EPSG:32652,"[30,0,300000,0,-30,5300040]",false,false,false,false,(NIR-RED)/(NIR+RED); mask denominator=0; keep source masks,dimensionless; no further scale needed,exact_uint8_values_in_Float32,-9999,Float32,1.0
NE_SOY,2024-03,2024-03-01,2024-04-01,NE_SOY_HLS_2024-03_g2_NDVI_FMASK_v1.tif,19,s0009_L30_20240320T022023000_NDVI,NDVI,2024-03-20T02:20:23.000Z,1710901223000,L30,NASA/HLS/HLSL30/v002/T52TCT_20240320T022023,NASA/HLS/HLSL30/v002,B4,B5,Fmask,EPSG:32652,"[30,0,300000,0,-30,5300040]",false,false,false,false,(NIR-RED)/(NIR+RED); mask denominator=0; keep source masks,dimensionless; no further scale needed,exact_uint8_values_in_Float32,-9999,Float32,1.0
NE_SOY,2024-03,2024-03-01,2024-04-01,NE_SOY_HLS_2024-03_g2_NDVI_FMASK_v1.tif,20,s0009_L30_20240320T022023000_FMASK,FMASK,2024-03-20T02:20:23.000Z,1710901223000,L30,NASA/HLS/HLSL30/v002/T52TCT_20240320T022023,NASA/HLS/HLSL30/v002,B4,B5,Fmask,EPSG:32652,"[30,0,300000,0,-30,5300040]",false,false,false,false,(NIR-RED)/(NIR+RED); mask denominator=0; keep source masks,dimensionless; no further scale needed,exact_uint8_values_in_Float32,-9999,Float32,1.0
NE_SOY,2024-03,2024-03-01,2024-04-01,NE_SOY_HLS_2024-03_g2_NDVI_FMASK_v1.tif,21,s0010_S30_20240320T022531000_NDVI,NDVI,2024-03-20T02:25:31.000Z,1710901531000,S30,NASA/HLS/HLSS30/v002/T52TCT_20240320T022531,NASA/HLS/HLSS30/v002,B4,B8A,Fmask,EPSG:32652,"[30,0,300000,0,-30,5300040]",false,false,false,false,(NIR-RED)/(NIR+RED); mask denominator=0; keep source masks,dimensionless; no further scale needed,exact_uint8_values_in_Float32,-9999,Float32,1.0
NE_SOY,2024-03,2024-03-01,2024-04-01,NE_SOY_HLS_2024-03_g2_NDVI_FMASK_v1.tif,22,s0010_S30_20240320T022531000_FMASK,FMASK,2024-03-20T02:25:31.000Z,1710901531000,S30,NASA/HLS/HLSS30/v002/T52TCT_20240320T022531,NASA/HLS/HLSS30/v002,B4,B8A,Fmask,EPSG:32652,"[30,0,300000,0,-30,5300040]",false,false,false,false,(NIR-RED)/(NIR+RED); mask denominator=0; keep source masks,dimensionless; no further scale needed,exact_uint8_values_in_Float32,-9999,Float32,1.0
NE_SOY,2024-03,2024-03-01,2024-04-01,NE_SOY_HLS_2024-03_g2_NDVI_FMASK_v1.tif,23,s0011_S30_20240325T022529000_NDVI,NDVI,2024-03-25T02:25:29.000Z,1711333529000,S30,NASA/HLS/HLSS30/v002/T52TCT_20240325T022529,NASA/HLS/HLSS30/v002,B4,B8A,Fmask,EPSG:32652,"[30,0,300000,0,-30,5300040]",false,false,false,false,(NIR-RED)/(NIR+RED); mask denominator=0; keep source masks,dimensionless; no further scale needed,exact_uint8_values_in_Float32,-9999,Float32,1.0
NE_SOY,2024-03,2024-03-01,2024-04-01,NE_SOY_HLS_2024-03_g2_NDVI_FMASK_v1.tif,24,s0011_S30_20240325T022529000_FMASK,FMASK,2024-03-25T02:25:29.000Z,1711333529000,S30,NASA/HLS/HLSS30/v002/T52TCT_20240325T022529,NASA/HLS/HLSS30/v002,B4,B8A,Fmask,EPSG:32652,"[30,0,300000,0,-30,5300040]",false,false,false,false,(NIR-RED)/(NIR+RED); mask denominator=0; keep source masks,dimensionless; no further scale needed,exact_uint8_values_in_Float32,-9999,Float32,1.0
NE_SOY,2024-04,2024-04-01,2024-05-01,NE_SOY_HLS_2024-04_g1_NDVI_FMASK_v1.tif,1,s0000_S30_20240402T023531000_NDVI,NDVI,2024-04-02T02:35:31.000Z,1712025331000,S30,NASA/HLS/HLSS30/v002/T51TYN_20240402T023531,NASA/HLS/HLSS30/v002,B4,B8A,Fmask,EPSG:32651,"[30,0,699960,0,-30,5300040]",false,false,false,false,(NIR-RED)/(NIR+RED); mask denominator=0; keep source masks,dimensionless; no further scale needed,exact_uint8_values_in_Float32,-9999,Float32,1.0
NE_SOY,2024-04,2024-04-01,2024-05-01,NE_SOY_HLS_2024-04_g1_NDVI_FMASK_v1.tif,2,s0000_S30_20240402T023531000_FMASK,FMASK,2024-04-02T02:35:31.000Z,1712025331000,S30,NASA/HLS/HLSS30/v002/T51TYN_20240402T023531,NASA/HLS/HLSS30/v002,B4,B8A,Fmask,EPSG:32651,"[30,0,699960,0,-30,5300040]",false,false,false,false,(NIR-RED)/(NIR+RED); mask denominator=0; keep source masks,dimensionless; no further scale needed,exact_uint8_values_in_Float32,-9999,Float32,1.0
NE_SOY,2024-04,2024-04-01,2024-05-01,NE_SOY_HLS_2024-04_g1_NDVI_FMASK_v1.tif,3,s0001_S30_20240404T022529000_NDVI,NDVI,2024-04-04T02:25:29.000Z,1712197529000,S30,NASA/HLS/HLSS30/v002/T51TYN_20240404T022529,NASA/HLS/HLSS30/v002,B4,B8A,Fmask,EPSG:32651,"[30,0,699960,0,-30,5300040]",false,false,false,false,(NIR-RED)/(NIR+RED); mask denominator=0; keep source masks,dimensionless; no further scale needed,exact_uint8_values_in_Float32,-9999,Float32,1.0
NE_SOY,2024-04,2024-04-01,2024-05-01,NE_SOY_HLS_2024-04_g1_NDVI_FMASK_v1.tif,4,s0001_S30_20240404T022529000_FMASK,FMASK,2024-04-04T02:25:29.000Z,1712197529000,S30,NASA/HLS/HLSS30/v002/T51TYN_20240404T022529,NASA/HLS/HLSS30/v002,B4,B8A,Fmask,EPSG:32651,"[30,0,699960,0,-30,5300040]",false,false,false,false,(NIR-RED)/(NIR+RED); mask denominator=0; keep source masks,dimensionless; no further scale needed,exact_uint8_values_in_Float32,-9999,Float32,1.0
NE_SOY,2024-04,2024-04-01,2024-05-01,NE_SOY_HLS_2024-04_g1_NDVI_FMASK_v1.tif,5,s0002_L30_20240405T022014000_NDVI,NDVI,2024-04-05T02:20:14.000Z,1712283614000,L30,NASA/HLS/HLSL30/v002/T51TYN_20240405T022014,NASA/HLS/HLSL30/v002,B4,B5,Fmask,EPSG:32651,"[30,0,699960,0,-30,5300040]",false,false,false,false,(NIR-RED)/(NIR+RED); mask denominator=0; keep source masks,dimensionless; no further scale needed,exact_uint8_values_in_Float32,-9999,Float32,1.0
NE_SOY,2024-04,2024-04-01,2024-05-01,NE_SOY_HLS_2024-04_g1_NDVI_FMASK_v1.tif,6,s0002_L30_20240405T022014000_FMASK,FMASK,2024-04-05T02:20:14.000Z,1712283614000,L30,NASA/HLS/HLSL30/v002/T51TYN_20240405T022014,NASA/HLS/HLSL30/v002,B4,B5,Fmask,EPSG:32651,"[30,0,699960,0,-30,5300040]",false,false,false,false,(NIR-RED)/(NIR+RED); mask denominator=0; keep source masks,dimensionless; no further scale needed,exact_uint8_values_in_Float32,-9999,Float32,1.0
NE_SOY,2024-04,2024-04-01,2024-05-01,NE_SOY_HLS_2024-04_g1_NDVI_FMASK_v1.tif,7,s0003_S30_20240407T023529000_NDVI,NDVI,2024-04-07T02:35:29.000Z,1712457329000,S30,NASA/HLS/HLSS30/v002/T51TYN_20240407T023529,NASA/HLS/HLSS30/v002,B4,B8A,Fmask,EPSG:32651,"[30,0,699960,0,-30,5300040]",false,false,false,false,(NIR-RED)/(NIR+RED); mask denominator=0; keep source masks,dimensionless; no further scale needed,exact_uint8_values_in_Float32,-9999,Float32,1.0
NE_SOY,2024-04,2024-04-01,2024-05-01,NE_SOY_HLS_2024-04_g1_NDVI_FMASK_v1.tif,8,s0003_S30_20240407T023529000_FMASK,FMASK,2024-04-07T02:35:29.000Z,1712457329000,S30,NASA/HLS/HLSS30/v002/T51TYN_20240407T023529,NASA/HLS/HLSS30/v002,B4,B8A,Fmask,EPSG:32651,"[30,0,699960,0,-30,5300040]",false,false,false,false,(NIR-RED)/(NIR+RED); mask denominator=0; keep source masks,dimensionless; no further scale needed,exact_uint8_values_in_Float32,-9999,Float32,1.0
NE_SOY,2024-04,2024-04-01,2024-05-01,NE_SOY_HLS_2024-04_g1_NDVI_FMASK_v1.tif,9,s0004_S30_20240409T022531000_NDVI,NDVI,2024-04-09T02:25:31.000Z,1712629531000,S30,NASA/HLS/HLSS30/v002/T51TYN_20240409T022531,NASA/HLS/HLSS30/v002,B4,B8A,Fmask,EPSG:32651,"[30,0,699960,0,-30,5300040]",false,false,false,false,(NIR-RED)/(NIR+RED); mask denominator=0; keep source masks,dimensionless; no further scale needed,exact_uint8_values_in_Float32,-9999,Float32,1.0
NE_SOY,2024-04,2024-04-01,2024-05-01,NE_SOY_HLS_2024-04_g1_NDVI_FMASK_v1.tif,10,s0004_S30_20240409T022531000_FMASK,FMASK,2024-04-09T02:25:31.000Z,1712629531000,S30,NASA/HLS/HLSS30/v002/T51TYN_20240409T022531,NASA/HLS/HLSS30/v002,B4,B8A,Fmask,EPSG:32651,"[30,0,699960,0,-30,5300040]",false,false,false,false,(NIR-RED)/(NIR+RED); mask denominator=0; keep source masks,dimensionless; no further scale needed,exact_uint8_values_in_Float32,-9999,Float32,1.0
NE_SOY,2024-04,2024-04-01,2024-05-01,NE_SOY_HLS_2024-04_g1_NDVI_FMASK_v1.tif,11,s0005_S30_20240412T023531000_NDVI,NDVI,2024-04-12T02:35:31.000Z,1712889331000,S30,NASA/HLS/HLSS30/v002/T51TYN_20240412T023531,NASA/HLS/HLSS30/v002,B4,B8A,Fmask,EPSG:32651,"[30,0,699960,0,-30,5300040]",false,false,false,false,(NIR-RED)/(NIR+RED); mask denominator=0; keep source masks,dimensionless; no further scale needed,exact_uint8_values_in_Float32,-9999,Float32,1.0
NE_SOY,2024-04,2024-04-01,2024-05-01,NE_SOY_HLS_2024-04_g1_NDVI_FMASK_v1.tif,12,s0005_S30_20240412T023531000_FMASK,FMASK,2024-04-12T02:35:31.000Z,1712889331000,S30,NASA/HLS/HLSS30/v002/T51TYN_20240412T023531,NASA/HLS/HLSS30/v002,B4,B8A,Fmask,EPSG:32651,"[30,0,699960,0,-30,5300040]",false,false,false,false,(NIR-RED)/(NIR+RED); mask denominator=0; keep source masks,dimensionless; no further scale needed,exact_uint8_values_in_Float32,-9999,Float32,1.0
NE_SOY,2024-04,2024-04-01,2024-05-01,NE_SOY_HLS_2024-04_g1_NDVI_FMASK_v1.tif,13,s0006_L30_20240413T022033000_NDVI,NDVI,2024-04-13T02:20:33.000Z,1712974833000,L30,NASA/HLS/HLSL30/v002/T51TYN_20240413T022033,NASA/HLS/HLSL30/v002,B4,B5,Fmask,EPSG:32651,"[30,0,699960,0,-30,5300040]",false,false,false,false,(NIR-RED)/(NIR+RED); mask denominator=0; keep source masks,dimensionless; no further scale needed,exact_uint8_values_in_Float32,-9999,Float32,1.0
NE_SOY,2024-04,2024-04-01,2024-05-01,NE_SOY_HLS_2024-04_g1_NDVI_FMASK_v1.tif,14,s0006_L30_20240413T022033000_FMASK,FMASK,2024-04-13T02:20:33.000Z,1712974833000,L30,NASA/HLS/HLSL30/v002/T51TYN_20240413T022033,NASA/HLS/HLSL30/v002,B4,B5,Fmask,EPSG:32651,"[30,0,699960,0,-30,5300040]",false,false,false,false,(NIR-RED)/(NIR+RED); mask denominator=0; keep source masks,dimensionless; no further scale needed,exact_uint8_values_in_Float32,-9999,Float32,1.0
NE_SOY,2024-04,2024-04-01,2024-05-01,NE_SOY_HLS_2024-04_g1_NDVI_FMASK_v1.tif,15,s0007_S30_20240414T022529000_NDVI,NDVI,2024-04-14T02:25:29.000Z,1713061529000,S30,NASA/HLS/HLSS30/v002/T51TYN_20240414T022529,NASA/HLS/HLSS30/v002,B4,B8A,Fmask,EPSG:32651,"[30,0,699960,0,-30,5300040]",false,false,false,false,(NIR-RED)/(NIR+RED); mask denominator=0; keep source masks,dimensionless; no further scale needed,exact_uint8_values_in_Float32,-9999,Float32,1.0
NE_SOY,2024-04,2024-04-01,2024-05-01,NE_SOY_HLS_2024-04_g1_NDVI_FMASK_v1.tif,16,s0007_S30_20240414T022529000_FMASK,FMASK,2024-04-14T02:25:29.000Z,1713061529000,S30,NASA/HLS/HLSS30/v002/T51TYN_20240414T022529,NASA/HLS/HLSS30/v002,B4,B8A,Fmask,EPSG:32651,"[30,0,699960,0,-30,5300040]",false,false,false,false,(NIR-RED)/(NIR+RED); mask denominator=0; keep source masks,dimensionless; no further scale needed,exact_uint8_values_in_Float32,-9999,Float32,1.0
NE_SOY,2024-04,2024-04-01,2024-05-01,NE_SOY_HLS_2024-04_g1_NDVI_FMASK_v1.tif,17,s0008_S30_20240417T023529000_NDVI,NDVI,2024-04-17T02:35:29.000Z,1713321329000,S30,NASA/HLS/HLSS30/v002/T51TYN_20240417T023529,NASA/HLS/HLSS30/v002,B4,B8A,Fmask,EPSG:32651,"[30,0,699960,0,-30,5300040]",false,false,false,false,(NIR-RED)/(NIR+RED); mask denominator=0; keep source masks,dimensionless; no further scale needed,exact_uint8_values_in_Float32,-9999,Float32,1.0
NE_SOY,2024-04,2024-04-01,2024-05-01,NE_SOY_HLS_2024-04_g1_NDVI_FMASK_v1.tif,18,s0008_S30_20240417T023529000_FMASK,FMASK,2024-04-17T02:35:29.000Z,1713321329000,S30,NASA/HLS/HLSS30/v002/T51TYN_20240417T023529,NASA/HLS/HLSS30/v002,B4,B8A,Fmask,EPSG:32651,"[30,0,699960,0,-30,5300040]",false,false,false,false,(NIR-RED)/(NIR+RED); mask denominator=0; keep source masks,dimensionless; no further scale needed,exact_uint8_values_in_Float32,-9999,Float32,1.0
NE_SOY,2024-04,2024-04-01,2024-05-01,NE_SOY_HLS_2024-04_g1_NDVI_FMASK_v1.tif,19,s0009_S30_20240419T022531000_NDVI,NDVI,2024-04-19T02:25:31.000Z,1713493531000,S30,NASA/HLS/HLSS30/v002/T51TYN_20240419T022531,NASA/HLS/HLSS30/v002,B4,B8A,Fmask,EPSG:32651,"[30,0,699960,0,-30,5300040]",false,false,false,false,(NIR-RED)/(NIR+RED); mask denominator=0; keep source masks,dimensionless; no further scale needed,exact_uint8_values_in_Float32,-9999,Float32,1.0
NE_SOY,2024-04,2024-04-01,2024-05-01,NE_SOY_HLS_2024-04_g1_NDVI_FMASK_v1.tif,20,s0009_S30_20240419T022531000_FMASK,FMASK,2024-04-19T02:25:31.000Z,1713493531000,S30,NASA/HLS/HLSS30/v002/T51TYN_20240419T022531,NASA/HLS/HLSS30/v002,B4,B8A,Fmask,EPSG:32651,"[30,0,699960,0,-30,5300040]",false,false,false,false,(NIR-RED)/(NIR+RED); mask denominator=0; keep source masks,dimensionless; no further scale needed,exact_uint8_values_in_Float32,-9999,Float32,1.0
NE_SOY,2024-04,2024-04-01,2024-05-01,NE_SOY_HLS_2024-04_g1_NDVI_FMASK_v1.tif,21,s0010_L30_20240421T022005000_NDVI,NDVI,2024-04-21T02:20:05.000Z,1713666005000,L30,NASA/HLS/HLSL30/v002/T51TYN_20240421T022005,NASA/HLS/HLSL30/v002,B4,B5,Fmask,EPSG:32651,"[30,0,699960,0,-30,5300040]",false,false,false,false,(NIR-RED)/(NIR+RED); mask denominator=0; keep source masks,dimensionless; no further scale needed,exact_uint8_values_in_Float32,-9999,Float32,1.0
NE_SOY,2024-04,2024-04-01,2024-05-01,NE_SOY_HLS_2024-04_g1_NDVI_FMASK_v1.tif,22,s0010_L30_20240421T022005000_FMASK,FMASK,2024-04-21T02:20:05.000Z,1713666005000,L30,NASA/HLS/HLSL30/v002/T51TYN_20240421T022005,NASA/HLS/HLSL30/v002,B4,B5,Fmask,EPSG:32651,"[30,0,699960,0,-30,5300040]",false,false,false,false,(NIR-RED)/(NIR+RED); mask denominator=0; keep source masks,dimensionless; no further scale needed,exact_uint8_values_in_Float32,-9999,Float32,1.0
NE_SOY,2024-04,2024-04-01,2024-05-01,NE_SOY_HLS_2024-04_g1_NDVI_FMASK_v1.tif,23,s0011_S30_20240422T023531000_NDVI,NDVI,2024-04-22T02:35:31.000Z,1713753331000,S30,NASA/HLS/HLSS30/v002/T51TYN_20240422T023531,NASA/HLS/HLSS30/v002,B4,B8A,Fmask,EPSG:32651,"[30,0,699960,0,-30,5300040]",false,false,false,false,(NIR-RED)/(NIR+RED); mask denominator=0; keep source masks,dimensionless; no further scale needed,exact_uint8_values_in_Float32,-9999,Float32,1.0
NE_SOY,2024-04,2024-04-01,2024-05-01,NE_SOY_HLS_2024-04_g1_NDVI_FMASK_v1.tif,24,s0011_S30_20240422T023531000_FMASK,FMASK,2024-04-22T02:35:31.000Z,1713753331000,S30,NASA/HLS/HLSS30/v002/T51TYN_20240422T023531,NASA/HLS/HLSS30/v002,B4,B8A,Fmask,EPSG:32651,"[30,0,699960,0,-30,5300040]",false,false,false,false,(NIR-RED)/(NIR+RED); mask denominator=0; keep source masks,dimensionless; no further scale needed,exact_uint8_values_in_Float32,-9999,Float32,1.0
NE_SOY,2024-04,2024-04-01,2024-05-01,NE_SOY_HLS_2024-04_g1_NDVI_FMASK_v1.tif,25,s0012_S30_20240424T022529000_NDVI,NDVI,2024-04-24T02:25:29.000Z,1713925529000,S30,NASA/HLS/HLSS30/v002/T51TYN_20240424T022529,NASA/HLS/HLSS30/v002,B4,B8A,Fmask,EPSG:32651,"[30,0,699960,0,-30,5300040]",false,false,false,false,(NIR-RED)/(NIR+RED); mask denominator=0; keep source masks,dimensionless; no further scale needed,exact_uint8_values_in_Float32,-9999,Float32,1.0
NE_SOY,2024-04,2024-04-01,2024-05-01,NE_SOY_HLS_2024-04_g1_NDVI_FMASK_v1.tif,26,s0012_S30_20240424T022529000_FMASK,FMASK,2024-04-24T02:25:29.000Z,1713925529000,S30,NASA/HLS/HLSS30/v002/T51TYN_20240424T022529,NASA/HLS/HLSS30/v002,B4,B8A,Fmask,EPSG:32651,"[30,0,699960,0,-30,5300040]",false,false,false,false,(NIR-RED)/(NIR+RED); mask denominator=0; keep source masks,dimensionless; no further scale needed,exact_uint8_values_in_Float32,-9999,Float32,1.0
NE_SOY,2024-04,2024-04-01,2024-05-01,NE_SOY_HLS_2024-04_g1_NDVI_FMASK_v1.tif,27,s0013_S30_20240427T023529000_NDVI,NDVI,2024-04-27T02:35:29.000Z,1714185329000,S30,NASA/HLS/HLSS30/v002/T51TYN_20240427T023529,NASA/HLS/HLSS30/v002,B4,B8A,Fmask,EPSG:32651,"[30,0,699960,0,-30,5300040]",false,false,false,false,(NIR-RED)/(NIR+RED); mask denominator=0; keep source masks,dimensionless; no further scale needed,exact_uint8_values_in_Float32,-9999,Float32,1.0
NE_SOY,2024-04,2024-04-01,2024-05-01,NE_SOY_HLS_2024-04_g1_NDVI_FMASK_v1.tif,28,s0013_S30_20240427T023529000_FMASK,FMASK,2024-04-27T02:35:29.000Z,1714185329000,S30,NASA/HLS/HLSS30/v002/T51TYN_20240427T023529,NASA/HLS/HLSS30/v002,B4,B8A,Fmask,EPSG:32651,"[30,0,699960,0,-30,5300040]",false,false,false,false,(NIR-RED)/(NIR+RED); mask denominator=0; keep source masks,dimensionless; no further scale needed,exact_uint8_values_in_Float32,-9999,Float32,1.0
NE_SOY,2024-04,2024-04-01,2024-05-01,NE_SOY_HLS_2024-04_g1_NDVI_FMASK_v1.tif,29,s0014_L30_20240429T022014000_NDVI,NDVI,2024-04-29T02:20:14.000Z,1714357214000,L30,NASA/HLS/HLSL30/v002/T51TYN_20240429T022014,NASA/HLS/HLSL30/v002,B4,B5,Fmask,EPSG:32651,"[30,0,699960,0,-30,5300040]",false,false,false,false,(NIR-RED)/(NIR+RED); mask denominator=0; keep source masks,dimensionless; no further scale needed,exact_uint8_values_in_Float32,-9999,Float32,1.0
NE_SOY,2024-04,2024-04-01,2024-05-01,NE_SOY_HLS_2024-04_g1_NDVI_FMASK_v1.tif,30,s0014_L30_20240429T022014000_FMASK,FMASK,2024-04-29T02:20:14.000Z,1714357214000,L30,NASA/HLS/HLSL30/v002/T51TYN_20240429T022014,NASA/HLS/HLSL30/v002,B4,B5,Fmask,EPSG:32651,"[30,0,699960,0,-30,5300040]",false,false,false,false,(NIR-RED)/(NIR+RED); mask denominator=0; keep source masks,dimensionless; no further scale needed,exact_uint8_values_in_Float32,-9999,Float32,1.0
NE_SOY,2024-04,2024-04-01,2024-05-01,NE_SOY_HLS_2024-04_g1_NDVI_FMASK_v1.tif,31,s0015_S30_20240429T022531000_NDVI,NDVI,2024-04-29T02:25:31.000Z,1714357531000,S30,NASA/HLS/HLSS30/v002/T51TYN_20240429T022531,NASA/HLS/HLSS30/v002,B4,B8A,Fmask,EPSG:32651,"[30,0,699960,0,-30,5300040]",false,false,false,false,(NIR-RED)/(NIR+RED); mask denominator=0; keep source masks,dimensionless; no further scale needed,exact_uint8_values_in_Float32,-9999,Float32,1.0
NE_SOY,2024-04,2024-04-01,2024-05-01,NE_SOY_HLS_2024-04_g1_NDVI_FMASK_v1.tif,32,s0015_S30_20240429T022531000_FMASK,FMASK,2024-04-29T02:25:31.000Z,1714357531000,S30,NASA/HLS/HLSS30/v002/T51TYN_20240429T022531,NASA/HLS/HLSS30/v002,B4,B8A,Fmask,EPSG:32651,"[30,0,699960,0,-30,5300040]",false,false,false,false,(NIR-RED)/(NIR+RED); mask denominator=0; keep source masks,dimensionless; no further scale needed,exact_uint8_values_in_Float32,-9999,Float32,1.0
NE_SOY,2024-04,2024-04-01,2024-05-01,NE_SOY_HLS_2024-04_g2_NDVI_FMASK_v1.tif,1,s0000_S30_20240402T023531000_NDVI,NDVI,2024-04-02T02:35:31.000Z,1712025331000,S30,NASA/HLS/HLSS30/v002/T52TCT_20240402T023531,NASA/HLS/HLSS30/v002,B4,B8A,Fmask,EPSG:32652,"[30,0,300000,0,-30,5300040]",false,false,false,false,(NIR-RED)/(NIR+RED); mask denominator=0; keep source masks,dimensionless; no further scale needed,exact_uint8_values_in_Float32,-9999,Float32,1.0
NE_SOY,2024-04,2024-04-01,2024-05-01,NE_SOY_HLS_2024-04_g2_NDVI_FMASK_v1.tif,2,s0000_S30_20240402T023531000_FMASK,FMASK,2024-04-02T02:35:31.000Z,1712025331000,S30,NASA/HLS/HLSS30/v002/T52TCT_20240402T023531,NASA/HLS/HLSS30/v002,B4,B8A,Fmask,EPSG:32652,"[30,0,300000,0,-30,5300040]",false,false,false,false,(NIR-RED)/(NIR+RED); mask denominator=0; keep source masks,dimensionless; no further scale needed,exact_uint8_values_in_Float32,-9999,Float32,1.0
NE_SOY,2024-04,2024-04-01,2024-05-01,NE_SOY_HLS_2024-04_g2_NDVI_FMASK_v1.tif,3,s0001_S30_20240404T022529000_NDVI,NDVI,2024-04-04T02:25:29.000Z,1712197529000,S30,NASA/HLS/HLSS30/v002/T52TCT_20240404T022529,NASA/HLS/HLSS30/v002,B4,B8A,Fmask,EPSG:32652,"[30,0,300000,0,-30,5300040]",false,false,false,false,(NIR-RED)/(NIR+RED); mask denominator=0; keep source masks,dimensionless; no further scale needed,exact_uint8_values_in_Float32,-9999,Float32,1.0
NE_SOY,2024-04,2024-04-01,2024-05-01,NE_SOY_HLS_2024-04_g2_NDVI_FMASK_v1.tif,4,s0001_S30_20240404T022529000_FMASK,FMASK,2024-04-04T02:25:29.000Z,1712197529000,S30,NASA/HLS/HLSS30/v002/T52TCT_20240404T022529,NASA/HLS/HLSS30/v002,B4,B8A,Fmask,EPSG:32652,"[30,0,300000,0,-30,5300040]",false,false,false,false,(NIR-RED)/(NIR+RED); mask denominator=0; keep source masks,dimensionless; no further scale needed,exact_uint8_values_in_Float32,-9999,Float32,1.0
NE_SOY,2024-04,2024-04-01,2024-05-01,NE_SOY_HLS_2024-04_g2_NDVI_FMASK_v1.tif,5,s0002_L30_20240405T022014000_NDVI,NDVI,2024-04-05T02:20:14.000Z,1712283614000,L30,NASA/HLS/HLSL30/v002/T52TCT_20240405T022014,NASA/HLS/HLSL30/v002,B4,B5,Fmask,EPSG:32652,"[30,0,300000,0,-30,5300040]",false,false,false,false,(NIR-RED)/(NIR+RED); mask denominator=0; keep source masks,dimensionless; no further scale needed,exact_uint8_values_in_Float32,-9999,Float32,1.0
NE_SOY,2024-04,2024-04-01,2024-05-01,NE_SOY_HLS_2024-04_g2_NDVI_FMASK_v1.tif,6,s0002_L30_20240405T022014000_FMASK,FMASK,2024-04-05T02:20:14.000Z,1712283614000,L30,NASA/HLS/HLSL30/v002/T52TCT_20240405T022014,NASA/HLS/HLSL30/v002,B4,B5,Fmask,EPSG:32652,"[30,0,300000,0,-30,5300040]",false,false,false,false,(NIR-RED)/(NIR+RED); mask denominator=0; keep source masks,dimensionless; no further scale needed,exact_uint8_values_in_Float32,-9999,Float32,1.0
NE_SOY,2024-04,2024-04-01,2024-05-01,NE_SOY_HLS_2024-04_g2_NDVI_FMASK_v1.tif,7,s0003_S30_20240407T023529000_NDVI,NDVI,2024-04-07T02:35:29.000Z,1712457329000,S30,NASA/HLS/HLSS30/v002/T52TCT_20240407T023529,NASA/HLS/HLSS30/v002,B4,B8A,Fmask,EPSG:32652,"[30,0,300000,0,-30,5300040]",false,false,false,false,(NIR-RED)/(NIR+RED); mask denominator=0; keep source masks,dimensionless; no further scale needed,exact_uint8_values_in_Float32,-9999,Float32,1.0
NE_SOY,2024-04,2024-04-01,2024-05-01,NE_SOY_HLS_2024-04_g2_NDVI_FMASK_v1.tif,8,s0003_S30_20240407T023529000_FMASK,FMASK,2024-04-07T02:35:29.000Z,1712457329000,S30,NASA/HLS/HLSS30/v002/T52TCT_20240407T023529,NASA/HLS/HLSS30/v002,B4,B8A,Fmask,EPSG:32652,"[30,0,300000,0,-30,5300040]",false,false,false,false,(NIR-RED)/(NIR+RED); mask denominator=0; keep source masks,dimensionless; no further scale needed,exact_uint8_values_in_Float32,-9999,Float32,1.0
NE_SOY,2024-04,2024-04-01,2024-05-01,NE_SOY_HLS_2024-04_g2_NDVI_FMASK_v1.tif,9,s0004_S30_20240409T022531000_NDVI,NDVI,2024-04-09T02:25:31.000Z,1712629531000,S30,NASA/HLS/HLSS30/v002/T52TCT_20240409T022531,NASA/HLS/HLSS30/v002,B4,B8A,Fmask,EPSG:32652,"[30,0,300000,0,-30,5300040]",false,false,false,false,(NIR-RED)/(NIR+RED); mask denominator=0; keep source masks,dimensionless; no further scale needed,exact_uint8_values_in_Float32,-9999,Float32,1.0
NE_SOY,2024-04,2024-04-01,2024-05-01,NE_SOY_HLS_2024-04_g2_NDVI_FMASK_v1.tif,10,s0004_S30_20240409T022531000_FMASK,FMASK,2024-04-09T02:25:31.000Z,1712629531000,S30,NASA/HLS/HLSS30/v002/T52TCT_20240409T022531,NASA/HLS/HLSS30/v002,B4,B8A,Fmask,EPSG:32652,"[30,0,300000,0,-30,5300040]",false,false,false,false,(NIR-RED)/(NIR+RED); mask denominator=0; keep source masks,dimensionless; no further scale needed,exact_uint8_values_in_Float32,-9999,Float32,1.0
NE_SOY,2024-04,2024-04-01,2024-05-01,NE_SOY_HLS_2024-04_g2_NDVI_FMASK_v1.tif,11,s0005_S30_20240412T023531000_NDVI,NDVI,2024-04-12T02:35:31.000Z,1712889331000,S30,NASA/HLS/HLSS30/v002/T52TCT_20240412T023531,NASA/HLS/HLSS30/v002,B4,B8A,Fmask,EPSG:32652,"[30,0,300000,0,-30,5300040]",false,false,false,false,(NIR-RED)/(NIR+RED); mask denominator=0; keep source masks,dimensionless; no further scale needed,exact_uint8_values_in_Float32,-9999,Float32,1.0
NE_SOY,2024-04,2024-04-01,2024-05-01,NE_SOY_HLS_2024-04_g2_NDVI_FMASK_v1.tif,12,s0005_S30_20240412T023531000_FMASK,FMASK,2024-04-12T02:35:31.000Z,1712889331000,S30,NASA/HLS/HLSS30/v002/T52TCT_20240412T023531,NASA/HLS/HLSS30/v002,B4,B8A,Fmask,EPSG:32652,"[30,0,300000,0,-30,5300040]",false,false,false,false,(NIR-RED)/(NIR+RED); mask denominator=0; keep source masks,dimensionless; no further scale needed,exact_uint8_values_in_Float32,-9999,Float32,1.0
NE_SOY,2024-04,2024-04-01,2024-05-01,NE_SOY_HLS_2024-04_g2_NDVI_FMASK_v1.tif,13,s0006_L30_20240413T022033000_NDVI,NDVI,2024-04-13T02:20:33.000Z,1712974833000,L30,NASA/HLS/HLSL30/v002/T52TCT_20240413T022033,NASA/HLS/HLSL30/v002,B4,B5,Fmask,EPSG:32652,"[30,0,300000,0,-30,5300040]",false,false,false,false,(NIR-RED)/(NIR+RED); mask denominator=0; keep source masks,dimensionless; no further scale needed,exact_uint8_values_in_Float32,-9999,Float32,1.0
NE_SOY,2024-04,2024-04-01,2024-05-01,NE_SOY_HLS_2024-04_g2_NDVI_FMASK_v1.tif,14,s0006_L30_20240413T022033000_FMASK,FMASK,2024-04-13T02:20:33.000Z,1712974833000,L30,NASA/HLS/HLSL30/v002/T52TCT_20240413T022033,NASA/HLS/HLSL30/v002,B4,B5,Fmask,EPSG:32652,"[30,0,300000,0,-30,5300040]",false,false,false,false,(NIR-RED)/(NIR+RED); mask denominator=0; keep source masks,dimensionless; no further scale needed,exact_uint8_values_in_Float32,-9999,Float32,1.0
NE_SOY,2024-04,2024-04-01,2024-05-01,NE_SOY_HLS_2024-04_g2_NDVI_FMASK_v1.tif,15,s0007_S30_20240414T022529000_NDVI,NDVI,2024-04-14T02:25:29.000Z,1713061529000,S30,NASA/HLS/HLSS30/v002/T52TCT_20240414T022529,NASA/HLS/HLSS30/v002,B4,B8A,Fmask,EPSG:32652,"[30,0,300000,0,-30,5300040]",false,false,false,false,(NIR-RED)/(NIR+RED); mask denominator=0; keep source masks,dimensionless; no further scale needed,exact_uint8_values_in_Float32,-9999,Float32,1.0
NE_SOY,2024-04,2024-04-01,2024-05-01,NE_SOY_HLS_2024-04_g2_NDVI_FMASK_v1.tif,16,s0007_S30_20240414T022529000_FMASK,FMASK,2024-04-14T02:25:29.000Z,1713061529000,S30,NASA/HLS/HLSS30/v002/T52TCT_20240414T022529,NASA/HLS/HLSS30/v002,B4,B8A,Fmask,EPSG:32652,"[30,0,300000,0,-30,5300040]",false,false,false,false,(NIR-RED)/(NIR+RED); mask denominator=0; keep source masks,dimensionless; no further scale needed,exact_uint8_values_in_Float32,-9999,Float32,1.0
NE_SOY,2024-04,2024-04-01,2024-05-01,NE_SOY_HLS_2024-04_g2_NDVI_FMASK_v1.tif,17,s0008_S30_20240417T023529000_NDVI,NDVI,2024-04-17T02:35:29.000Z,1713321329000,S30,NASA/HLS/HLSS30/v002/T52TCT_20240417T023529,NASA/HLS/HLSS30/v002,B4,B8A,Fmask,EPSG:32652,"[30,0,300000,0,-30,5300040]",false,false,false,false,(NIR-RED)/(NIR+RED); mask denominator=0; keep source masks,dimensionless; no further scale needed,exact_uint8_values_in_Float32,-9999,Float32,1.0
NE_SOY,2024-04,2024-04-01,2024-05-01,NE_SOY_HLS_2024-04_g2_NDVI_FMASK_v1.tif,18,s0008_S30_20240417T023529000_FMASK,FMASK,2024-04-17T02:35:29.000Z,1713321329000,S30,NASA/HLS/HLSS30/v002/T52TCT_20240417T023529,NASA/HLS/HLSS30/v002,B4,B8A,Fmask,EPSG:32652,"[30,0,300000,0,-30,5300040]",false,false,false,false,(NIR-RED)/(NIR+RED); mask denominator=0; keep source masks,dimensionless; no further scale needed,exact_uint8_values_in_Float32,-9999,Float32,1.0
NE_SOY,2024-04,2024-04-01,2024-05-01,NE_SOY_HLS_2024-04_g2_NDVI_FMASK_v1.tif,19,s0009_S30_20240419T022531000_NDVI,NDVI,2024-04-19T02:25:31.000Z,1713493531000,S30,NASA/HLS/HLSS30/v002/T52TCT_20240419T022531,NASA/HLS/HLSS30/v002,B4,B8A,Fmask,EPSG:32652,"[30,0,300000,0,-30,5300040]",false,false,false,false,(NIR-RED)/(NIR+RED); mask denominator=0; keep source masks,dimensionless; no further scale needed,exact_uint8_values_in_Float32,-9999,Float32,1.0
NE_SOY,2024-04,2024-04-01,2024-05-01,NE_SOY_HLS_2024-04_g2_NDVI_FMASK_v1.tif,20,s0009_S30_20240419T022531000_FMASK,FMASK,2024-04-19T02:25:31.000Z,1713493531000,S30,NASA/HLS/HLSS30/v002/T52TCT_20240419T022531,NASA/HLS/HLSS30/v002,B4,B8A,Fmask,EPSG:32652,"[30,0,300000,0,-30,5300040]",false,false,false,false,(NIR-RED)/(NIR+RED); mask denominator=0; keep source masks,dimensionless; no further scale needed,exact_uint8_values_in_Float32,-9999,Float32,1.0
NE_SOY,2024-04,2024-04-01,2024-05-01,NE_SOY_HLS_2024-04_g2_NDVI_FMASK_v1.tif,21,s0010_L30_20240421T022005000_NDVI,NDVI,2024-04-21T02:20:05.000Z,1713666005000,L30,NASA/HLS/HLSL30/v002/T52TCT_20240421T022005,NASA/HLS/HLSL30/v002,B4,B5,Fmask,EPSG:32652,"[30,0,300000,0,-30,5300040]",false,false,false,false,(NIR-RED)/(NIR+RED); mask denominator=0; keep source masks,dimensionless; no further scale needed,exact_uint8_values_in_Float32,-9999,Float32,1.0
NE_SOY,2024-04,2024-04-01,2024-05-01,NE_SOY_HLS_2024-04_g2_NDVI_FMASK_v1.tif,22,s0010_L30_20240421T022005000_FMASK,FMASK,2024-04-21T02:20:05.000Z,1713666005000,L30,NASA/HLS/HLSL30/v002/T52TCT_20240421T022005,NASA/HLS/HLSL30/v002,B4,B5,Fmask,EPSG:32652,"[30,0,300000,0,-30,5300040]",false,false,false,false,(NIR-RED)/(NIR+RED); mask denominator=0; keep source masks,dimensionless; no further scale needed,exact_uint8_values_in_Float32,-9999,Float32,1.0
NE_SOY,2024-04,2024-04-01,2024-05-01,NE_SOY_HLS_2024-04_g2_NDVI_FMASK_v1.tif,23,s0011_S30_20240422T023531000_NDVI,NDVI,2024-04-22T02:35:31.000Z,1713753331000,S30,NASA/HLS/HLSS30/v002/T52TCT_20240422T023531,NASA/HLS/HLSS30/v002,B4,B8A,Fmask,EPSG:32652,"[30,0,300000,0,-30,5300040]",false,false,false,false,(NIR-RED)/(NIR+RED); mask denominator=0; keep source masks,dimensionless; no further scale needed,exact_uint8_values_in_Float32,-9999,Float32,1.0
NE_SOY,2024-04,2024-04-01,2024-05-01,NE_SOY_HLS_2024-04_g2_NDVI_FMASK_v1.tif,24,s0011_S30_20240422T023531000_FMASK,FMASK,2024-04-22T02:35:31.000Z,1713753331000,S30,NASA/HLS/HLSS30/v002/T52TCT_20240422T023531,NASA/HLS/HLSS30/v002,B4,B8A,Fmask,EPSG:32652,"[30,0,300000,0,-30,5300040]",false,false,false,false,(NIR-RED)/(NIR+RED); mask denominator=0; keep source masks,dimensionless; no further scale needed,exact_uint8_values_in_Float32,-9999,Float32,1.0
NE_SOY,2024-04,2024-04-01,2024-05-01,NE_SOY_HLS_2024-04_g2_NDVI_FMASK_v1.tif,25,s0012_S30_20240424T022529000_NDVI,NDVI,2024-04-24T02:25:29.000Z,1713925529000,S30,NASA/HLS/HLSS30/v002/T52TCT_20240424T022529,NASA/HLS/HLSS30/v002,B4,B8A,Fmask,EPSG:32652,"[30,0,300000,0,-30,5300040]",false,false,false,false,(NIR-RED)/(NIR+RED); mask denominator=0; keep source masks,dimensionless; no further scale needed,exact_uint8_values_in_Float32,-9999,Float32,1.0
NE_SOY,2024-04,2024-04-01,2024-05-01,NE_SOY_HLS_2024-04_g2_NDVI_FMASK_v1.tif,26,s0012_S30_20240424T022529000_FMASK,FMASK,2024-04-24T02:25:29.000Z,1713925529000,S30,NASA/HLS/HLSS30/v002/T52TCT_20240424T022529,NASA/HLS/HLSS30/v002,B4,B8A,Fmask,EPSG:32652,"[30,0,300000,0,-30,5300040]",false,false,false,false,(NIR-RED)/(NIR+RED); mask denominator=0; keep source masks,dimensionless; no further scale needed,exact_uint8_values_in_Float32,-9999,Float32,1.0
NE_SOY,2024-04,2024-04-01,2024-05-01,NE_SOY_HLS_2024-04_g2_NDVI_FMASK_v1.tif,27,s0013_S30_20240427T023529000_NDVI,NDVI,2024-04-27T02:35:29.000Z,1714185329000,S30,NASA/HLS/HLSS30/v002/T52TCT_20240427T023529,NASA/HLS/HLSS30/v002,B4,B8A,Fmask,EPSG:32652,"[30,0,300000,0,-30,5300040]",false,false,false,false,(NIR-RED)/(NIR+RED); mask denominator=0; keep source masks,dimensionless; no further scale needed,exact_uint8_values_in_Float32,-9999,Float32,1.0
NE_SOY,2024-04,2024-04-01,2024-05-01,NE_SOY_HLS_2024-04_g2_NDVI_FMASK_v1.tif,28,s0013_S30_20240427T023529000_FMASK,FMASK,2024-04-27T02:35:29.000Z,1714185329000,S30,NASA/HLS/HLSS30/v002/T52TCT_20240427T023529,NASA/HLS/HLSS30/v002,B4,B8A,Fmask,EPSG:32652,"[30,0,300000,0,-30,5300040]",false,false,false,false,(NIR-RED)/(NIR+RED); mask denominator=0; keep source masks,dimensionless; no further scale needed,exact_uint8_values_in_Float32,-9999,Float32,1.0
NE_SOY,2024-04,2024-04-01,2024-05-01,NE_SOY_HLS_2024-04_g2_NDVI_FMASK_v1.tif,29,s0014_L30_20240429T022014000_NDVI,NDVI,2024-04-29T02:20:14.000Z,1714357214000,L30,NASA/HLS/HLSL30/v002/T52TCT_20240429T022014,NASA/HLS/HLSL30/v002,B4,B5,Fmask,EPSG:32652,"[30,0,300000,0,-30,5300040]",false,false,false,false,(NIR-RED)/(NIR+RED); mask denominator=0; keep source masks,dimensionless; no further scale needed,exact_uint8_values_in_Float32,-9999,Float32,1.0
NE_SOY,2024-04,2024-04-01,2024-05-01,NE_SOY_HLS_2024-04_g2_NDVI_FMASK_v1.tif,30,s0014_L30_20240429T022014000_FMASK,FMASK,2024-04-29T02:20:14.000Z,1714357214000,L30,NASA/HLS/HLSL30/v002/T52TCT_20240429T022014,NASA/HLS/HLSL30/v002,B4,B5,Fmask,EPSG:32652,"[30,0,300000,0,-30,5300040]",false,false,false,false,(NIR-RED)/(NIR+RED); mask denominator=0; keep source masks,dimensionless; no further scale needed,exact_uint8_values_in_Float32,-9999,Float32,1.0
NE_SOY,2024-04,2024-04-01,2024-05-01,NE_SOY_HLS_2024-04_g2_NDVI_FMASK_v1.tif,31,s0015_S30_20240429T022531000_NDVI,NDVI,2024-04-29T02:25:31.000Z,1714357531000,S30,NASA/HLS/HLSS30/v002/T52TCT_20240429T022531,NASA/HLS/HLSS30/v002,B4,B8A,Fmask,EPSG:32652,"[30,0,300000,0,-30,5300040]",false,false,false,false,(NIR-RED)/(NIR+RED); mask denominator=0; keep source masks,dimensionless; no further scale needed,exact_uint8_values_in_Float32,-9999,Float32,1.0
NE_SOY,2024-04,2024-04-01,2024-05-01,NE_SOY_HLS_2024-04_g2_NDVI_FMASK_v1.tif,32,s0015_S30_20240429T022531000_FMASK,FMASK,2024-04-29T02:25:31.000Z,1714357531000,S30,NASA/HLS/HLSS30/v002/T52TCT_20240429T022531,NASA/HLS/HLSS30/v002,B4,B8A,Fmask,EPSG:32652,"[30,0,300000,0,-30,5300040]",false,false,false,false,(NIR-RED)/(NIR+RED); mask denominator=0; keep source masks,dimensionless; no further scale needed,exact_uint8_values_in_Float32,-9999,Float32,1.0
NE_SOY,2024-05,2024-05-01,2024-06-01,NE_SOY_HLS_2024-05_g1_NDVI_FMASK_v1.tif,1,s0000_S30_20240502T023551000_NDVI,NDVI,2024-05-02T02:35:51.000Z,1714617351000,S30,NASA/HLS/HLSS30/v002/T51TYN_20240502T023551,NASA/HLS/HLSS30/v002,B4,B8A,Fmask,EPSG:32651,"[30,0,699960,0,-30,5300040]",false,false,false,false,(NIR-RED)/(NIR+RED); mask denominator=0; keep source masks,dimensionless; no further scale needed,exact_uint8_values_in_Float32,-9999,Float32,1.0
NE_SOY,2024-05,2024-05-01,2024-06-01,NE_SOY_HLS_2024-05_g1_NDVI_FMASK_v1.tif,2,s0000_S30_20240502T023551000_FMASK,FMASK,2024-05-02T02:35:51.000Z,1714617351000,S30,NASA/HLS/HLSS30/v002/T51TYN_20240502T023551,NASA/HLS/HLSS30/v002,B4,B8A,Fmask,EPSG:32651,"[30,0,699960,0,-30,5300040]",false,false,false,false,(NIR-RED)/(NIR+RED); mask denominator=0; keep source masks,dimensionless; no further scale needed,exact_uint8_values_in_Float32,-9999,Float32,1.0
NE_SOY,2024-05,2024-05-01,2024-06-01,NE_SOY_HLS_2024-05_g1_NDVI_FMASK_v1.tif,3,s0001_S30_20240504T022529000_NDVI,NDVI,2024-05-04T02:25:29.000Z,1714789529000,S30,NASA/HLS/HLSS30/v002/T51TYN_20240504T022529,NASA/HLS/HLSS30/v002,B4,B8A,Fmask,EPSG:32651,"[30,0,699960,0,-30,5300040]",false,false,false,false,(NIR-RED)/(NIR+RED); mask denominator=0; keep source masks,dimensionless; no further scale needed,exact_uint8_values_in_Float32,-9999,Float32,1.0
NE_SOY,2024-05,2024-05-01,2024-06-01,NE_SOY_HLS_2024-05_g1_NDVI_FMASK_v1.tif,4,s0001_S30_20240504T022529000_FMASK,FMASK,2024-05-04T02:25:29.000Z,1714789529000,S30,NASA/HLS/HLSS30/v002/T51TYN_20240504T022529,NASA/HLS/HLSS30/v002,B4,B8A,Fmask,EPSG:32651,"[30,0,699960,0,-30,5300040]",false,false,false,false,(NIR-RED)/(NIR+RED); mask denominator=0; keep source masks,dimensionless; no further scale needed,exact_uint8_values_in_Float32,-9999,Float32,1.0
NE_SOY,2024-05,2024-05-01,2024-06-01,NE_SOY_HLS_2024-05_g1_NDVI_FMASK_v1.tif,5,s0002_L30_20240507T021955000_NDVI,NDVI,2024-05-07T02:19:55.000Z,1715048395000,L30,NASA/HLS/HLSL30/v002/T51TYN_20240507T021955,NASA/HLS/HLSL30/v002,B4,B5,Fmask,EPSG:32651,"[30,0,699960,0,-30,5300040]",false,false,false,false,(NIR-RED)/(NIR+RED); mask denominator=0; keep source masks,dimensionless; no further scale needed,exact_uint8_values_in_Float32,-9999,Float32,1.0
NE_SOY,2024-05,2024-05-01,2024-06-01,NE_SOY_HLS_2024-05_g1_NDVI_FMASK_v1.tif,6,s0002_L30_20240507T021955000_FMASK,FMASK,2024-05-07T02:19:55.000Z,1715048395000,L30,NASA/HLS/HLSL30/v002/T51TYN_20240507T021955,NASA/HLS/HLSL30/v002,B4,B5,Fmask,EPSG:32651,"[30,0,699960,0,-30,5300040]",false,false,false,false,(NIR-RED)/(NIR+RED); mask denominator=0; keep source masks,dimensionless; no further scale needed,exact_uint8_values_in_Float32,-9999,Float32,1.0
NE_SOY,2024-05,2024-05-01,2024-06-01,NE_SOY_HLS_2024-05_g1_NDVI_FMASK_v1.tif,7,s0003_S30_20240507T023529000_NDVI,NDVI,2024-05-07T02:35:29.000Z,1715049329000,S30,NASA/HLS/HLSS30/v002/T51TYN_20240507T023529,NASA/HLS/HLSS30/v002,B4,B8A,Fmask,EPSG:32651,"[30,0,699960,0,-30,5300040]",false,false,false,false,(NIR-RED)/(NIR+RED); mask denominator=0; keep source masks,dimensionless; no further scale needed,exact_uint8_values_in_Float32,-9999,Float32,1.0
NE_SOY,2024-05,2024-05-01,2024-06-01,NE_SOY_HLS_2024-05_g1_NDVI_FMASK_v1.tif,8,s0003_S30_20240507T023529000_FMASK,FMASK,2024-05-07T02:35:29.000Z,1715049329000,S30,NASA/HLS/HLSS30/v002/T51TYN_20240507T023529,NASA/HLS/HLSS30/v002,B4,B8A,Fmask,EPSG:32651,"[30,0,699960,0,-30,5300040]",false,false,false,false,(NIR-RED)/(NIR+RED); mask denominator=0; keep source masks,dimensionless; no further scale needed,exact_uint8_values_in_Float32,-9999,Float32,1.0
NE_SOY,2024-05,2024-05-01,2024-06-01,NE_SOY_HLS_2024-05_g1_NDVI_FMASK_v1.tif,9,s0004_S30_20240509T022551000_NDVI,NDVI,2024-05-09T02:25:51.000Z,1715221551000,S30,NASA/HLS/HLSS30/v002/T51TYN_20240509T022551,NASA/HLS/HLSS30/v002,B4,B8A,Fmask,EPSG:32651,"[30,0,699960,0,-30,5300040]",false,false,false,false,(NIR-RED)/(NIR+RED); mask denominator=0; keep source masks,dimensionless; no further scale needed,exact_uint8_values_in_Float32,-9999,Float32,1.0
NE_SOY,2024-05,2024-05-01,2024-06-01,NE_SOY_HLS_2024-05_g1_NDVI_FMASK_v1.tif,10,s0004_S30_20240509T022551000_FMASK,FMASK,2024-05-09T02:25:51.000Z,1715221551000,S30,NASA/HLS/HLSS30/v002/T51TYN_20240509T022551,NASA/HLS/HLSS30/v002,B4,B8A,Fmask,EPSG:32651,"[30,0,699960,0,-30,5300040]",false,false,false,false,(NIR-RED)/(NIR+RED); mask denominator=0; keep source masks,dimensionless; no further scale needed,exact_uint8_values_in_Float32,-9999,Float32,1.0
NE_SOY,2024-05,2024-05-01,2024-06-01,NE_SOY_HLS_2024-05_g1_NDVI_FMASK_v1.tif,11,s0005_S30_20240512T023551000_NDVI,NDVI,2024-05-12T02:35:51.000Z,1715481351000,S30,NASA/HLS/HLSS30/v002/T51TYN_20240512T023551,NASA/HLS/HLSS30/v002,B4,B8A,Fmask,EPSG:32651,"[30,0,699960,0,-30,5300040]",false,false,false,false,(NIR-RED)/(NIR+RED); mask denominator=0; keep source masks,dimensionless; no further scale needed,exact_uint8_values_in_Float32,-9999,Float32,1.0
NE_SOY,2024-05,2024-05-01,2024-06-01,NE_SOY_HLS_2024-05_g1_NDVI_FMASK_v1.tif,12,s0005_S30_20240512T023551000_FMASK,FMASK,2024-05-12T02:35:51.000Z,1715481351000,S30,NASA/HLS/HLSS30/v002/T51TYN_20240512T023551,NASA/HLS/HLSS30/v002,B4,B8A,Fmask,EPSG:32651,"[30,0,699960,0,-30,5300040]",false,false,false,false,(NIR-RED)/(NIR+RED); mask denominator=0; keep source masks,dimensionless; no further scale needed,exact_uint8_values_in_Float32,-9999,Float32,1.0
NE_SOY,2024-05,2024-05-01,2024-06-01,NE_SOY_HLS_2024-05_g1_NDVI_FMASK_v1.tif,13,s0006_S30_20240514T022529000_NDVI,NDVI,2024-05-14T02:25:29.000Z,1715653529000,S30,NASA/HLS/HLSS30/v002/T51TYN_20240514T022529,NASA/HLS/HLSS30/v002,B4,B8A,Fmask,EPSG:32651,"[30,0,699960,0,-30,5300040]",false,false,false,false,(NIR-RED)/(NIR+RED); mask denominator=0; keep source masks,dimensionless; no further scale needed,exact_uint8_values_in_Float32,-9999,Float32,1.0
NE_SOY,2024-05,2024-05-01,2024-06-01,NE_SOY_HLS_2024-05_g1_NDVI_FMASK_v1.tif,14,s0006_S30_20240514T022529000_FMASK,FMASK,2024-05-14T02:25:29.000Z,1715653529000,S30,NASA/HLS/HLSS30/v002/T51TYN_20240514T022529,NASA/HLS/HLSS30/v002,B4,B8A,Fmask,EPSG:32651,"[30,0,699960,0,-30,5300040]",false,false,false,false,(NIR-RED)/(NIR+RED); mask denominator=0; keep source masks,dimensionless; no further scale needed,exact_uint8_values_in_Float32,-9999,Float32,1.0
NE_SOY,2024-05,2024-05-01,2024-06-01,NE_SOY_HLS_2024-05_g1_NDVI_FMASK_v1.tif,15,s0007_L30_20240515T022008000_NDVI,NDVI,2024-05-15T02:20:08.000Z,1715739608000,L30,NASA/HLS/HLSL30/v002/T51TYN_20240515T022008,NASA/HLS/HLSL30/v002,B4,B5,Fmask,EPSG:32651,"[30,0,699960,0,-30,5300040]",false,false,false,false,(NIR-RED)/(NIR+RED); mask denominator=0; keep source masks,dimensionless; no further scale needed,exact_uint8_values_in_Float32,-9999,Float32,1.0
NE_SOY,2024-05,2024-05-01,2024-06-01,NE_SOY_HLS_2024-05_g1_NDVI_FMASK_v1.tif,16,s0007_L30_20240515T022008000_FMASK,FMASK,2024-05-15T02:20:08.000Z,1715739608000,L30,NASA/HLS/HLSL30/v002/T51TYN_20240515T022008,NASA/HLS/HLSL30/v002,B4,B5,Fmask,EPSG:32651,"[30,0,699960,0,-30,5300040]",false,false,false,false,(NIR-RED)/(NIR+RED); mask denominator=0; keep source masks,dimensionless; no further scale needed,exact_uint8_values_in_Float32,-9999,Float32,1.0
NE_SOY,2024-05,2024-05-01,2024-06-01,NE_SOY_HLS_2024-05_g1_NDVI_FMASK_v1.tif,17,s0008_S30_20240517T023529000_NDVI,NDVI,2024-05-17T02:35:29.000Z,1715913329000,S30,NASA/HLS/HLSS30/v002/T51TYN_20240517T023529,NASA/HLS/HLSS30/v002,B4,B8A,Fmask,EPSG:32651,"[30,0,699960,0,-30,5300040]",false,false,false,false,(NIR-RED)/(NIR+RED); mask denominator=0; keep source masks,dimensionless; no further scale needed,exact_uint8_values_in_Float32,-9999,Float32,1.0
NE_SOY,2024-05,2024-05-01,2024-06-01,NE_SOY_HLS_2024-05_g1_NDVI_FMASK_v1.tif,18,s0008_S30_20240517T023529000_FMASK,FMASK,2024-05-17T02:35:29.000Z,1715913329000,S30,NASA/HLS/HLSS30/v002/T51TYN_20240517T023529,NASA/HLS/HLSS30/v002,B4,B8A,Fmask,EPSG:32651,"[30,0,699960,0,-30,5300040]",false,false,false,false,(NIR-RED)/(NIR+RED); mask denominator=0; keep source masks,dimensionless; no further scale needed,exact_uint8_values_in_Float32,-9999,Float32,1.0
NE_SOY,2024-05,2024-05-01,2024-06-01,NE_SOY_HLS_2024-05_g1_NDVI_FMASK_v1.tif,19,s0009_S30_20240519T022531000_NDVI,NDVI,2024-05-19T02:25:31.000Z,1716085531000,S30,NASA/HLS/HLSS30/v002/T51TYN_20240519T022531,NASA/HLS/HLSS30/v002,B4,B8A,Fmask,EPSG:32651,"[30,0,699960,0,-30,5300040]",false,false,false,false,(NIR-RED)/(NIR+RED); mask denominator=0; keep source masks,dimensionless; no further scale needed,exact_uint8_values_in_Float32,-9999,Float32,1.0
NE_SOY,2024-05,2024-05-01,2024-06-01,NE_SOY_HLS_2024-05_g1_NDVI_FMASK_v1.tif,20,s0009_S30_20240519T022531000_FMASK,FMASK,2024-05-19T02:25:31.000Z,1716085531000,S30,NASA/HLS/HLSS30/v002/T51TYN_20240519T022531,NASA/HLS/HLSS30/v002,B4,B8A,Fmask,EPSG:32651,"[30,0,699960,0,-30,5300040]",false,false,false,false,(NIR-RED)/(NIR+RED); mask denominator=0; keep source masks,dimensionless; no further scale needed,exact_uint8_values_in_Float32,-9999,Float32,1.0
NE_SOY,2024-05,2024-05-01,2024-06-01,NE_SOY_HLS_2024-05_g1_NDVI_FMASK_v1.tif,21,s0010_L30_20240523T021942000_NDVI,NDVI,2024-05-23T02:19:42.000Z,1716430782000,L30,NASA/HLS/HLSL30/v002/T51TYN_20240523T021942,NASA/HLS/HLSL30/v002,B4,B5,Fmask,EPSG:32651,"[30,0,699960,0,-30,5300040]",false,false,false,false,(NIR-RED)/(NIR+RED); mask denominator=0; keep source masks,dimensionless; no further scale needed,exact_uint8_values_in_Float32,-9999,Float32,1.0
NE_SOY,2024-05,2024-05-01,2024-06-01,NE_SOY_HLS_2024-05_g1_NDVI_FMASK_v1.tif,22,s0010_L30_20240523T021942000_FMASK,FMASK,2024-05-23T02:19:42.000Z,1716430782000,L30,NASA/HLS/HLSL30/v002/T51TYN_20240523T021942,NASA/HLS/HLSL30/v002,B4,B5,Fmask,EPSG:32651,"[30,0,699960,0,-30,5300040]",false,false,false,false,(NIR-RED)/(NIR+RED); mask denominator=0; keep source masks,dimensionless; no further scale needed,exact_uint8_values_in_Float32,-9999,Float32,1.0
NE_SOY,2024-05,2024-05-01,2024-06-01,NE_SOY_HLS_2024-05_g1_NDVI_FMASK_v1.tif,23,s0011_S30_20240524T022529000_NDVI,NDVI,2024-05-24T02:25:29.000Z,1716517529000,S30,NASA/HLS/HLSS30/v002/T51TYN_20240524T022529,NASA/HLS/HLSS30/v002,B4,B8A,Fmask,EPSG:32651,"[30,0,699960,0,-30,5300040]",false,false,false,false,(NIR-RED)/(NIR+RED); mask denominator=0; keep source masks,dimensionless; no further scale needed,exact_uint8_values_in_Float32,-9999,Float32,1.0
NE_SOY,2024-05,2024-05-01,2024-06-01,NE_SOY_HLS_2024-05_g1_NDVI_FMASK_v1.tif,24,s0011_S30_20240524T022529000_FMASK,FMASK,2024-05-24T02:25:29.000Z,1716517529000,S30,NASA/HLS/HLSS30/v002/T51TYN_20240524T022529,NASA/HLS/HLSS30/v002,B4,B8A,Fmask,EPSG:32651,"[30,0,699960,0,-30,5300040]",false,false,false,false,(NIR-RED)/(NIR+RED); mask denominator=0; keep source masks,dimensionless; no further scale needed,exact_uint8_values_in_Float32,-9999,Float32,1.0
NE_SOY,2024-05,2024-05-01,2024-06-01,NE_SOY_HLS_2024-05_g1_NDVI_FMASK_v1.tif,25,s0012_S30_20240527T023529000_NDVI,NDVI,2024-05-27T02:35:29.000Z,1716777329000,S30,NASA/HLS/HLSS30/v002/T51TYN_20240527T023529,NASA/HLS/HLSS30/v002,B4,B8A,Fmask,EPSG:32651,"[30,0,699960,0,-30,5300040]",false,false,false,false,(NIR-RED)/(NIR+RED); mask denominator=0; keep source masks,dimensionless; no further scale needed,exact_uint8_values_in_Float32,-9999,Float32,1.0
NE_SOY,2024-05,2024-05-01,2024-06-01,NE_SOY_HLS_2024-05_g1_NDVI_FMASK_v1.tif,26,s0012_S30_20240527T023529000_FMASK,FMASK,2024-05-27T02:35:29.000Z,1716777329000,S30,NASA/HLS/HLSS30/v002/T51TYN_20240527T023529,NASA/HLS/HLSS30/v002,B4,B8A,Fmask,EPSG:32651,"[30,0,699960,0,-30,5300040]",false,false,false,false,(NIR-RED)/(NIR+RED); mask denominator=0; keep source masks,dimensionless; no further scale needed,exact_uint8_values_in_Float32,-9999,Float32,1.0
NE_SOY,2024-05,2024-05-01,2024-06-01,NE_SOY_HLS_2024-05_g1_NDVI_FMASK_v1.tif,27,s0013_S30_20240529T022551000_NDVI,NDVI,2024-05-29T02:25:51.000Z,1716949551000,S30,NASA/HLS/HLSS30/v002/T51TYN_20240529T022551,NASA/HLS/HLSS30/v002,B4,B8A,Fmask,EPSG:32651,"[30,0,699960,0,-30,5300040]",false,false,false,false,(NIR-RED)/(NIR+RED); mask denominator=0; keep source masks,dimensionless; no further scale needed,exact_uint8_values_in_Float32,-9999,Float32,1.0
NE_SOY,2024-05,2024-05-01,2024-06-01,NE_SOY_HLS_2024-05_g1_NDVI_FMASK_v1.tif,28,s0013_S30_20240529T022551000_FMASK,FMASK,2024-05-29T02:25:51.000Z,1716949551000,S30,NASA/HLS/HLSS30/v002/T51TYN_20240529T022551,NASA/HLS/HLSS30/v002,B4,B8A,Fmask,EPSG:32651,"[30,0,699960,0,-30,5300040]",false,false,false,false,(NIR-RED)/(NIR+RED); mask denominator=0; keep source masks,dimensionless; no further scale needed,exact_uint8_values_in_Float32,-9999,Float32,1.0
NE_SOY,2024-05,2024-05-01,2024-06-01,NE_SOY_HLS_2024-05_g2_NDVI_FMASK_v1.tif,1,s0000_S30_20240502T023551000_NDVI,NDVI,2024-05-02T02:35:51.000Z,1714617351000,S30,NASA/HLS/HLSS30/v002/T52TCT_20240502T023551,NASA/HLS/HLSS30/v002,B4,B8A,Fmask,EPSG:32652,"[30,0,300000,0,-30,5300040]",false,false,false,false,(NIR-RED)/(NIR+RED); mask denominator=0; keep source masks,dimensionless; no further scale needed,exact_uint8_values_in_Float32,-9999,Float32,1.0
NE_SOY,2024-05,2024-05-01,2024-06-01,NE_SOY_HLS_2024-05_g2_NDVI_FMASK_v1.tif,2,s0000_S30_20240502T023551000_FMASK,FMASK,2024-05-02T02:35:51.000Z,1714617351000,S30,NASA/HLS/HLSS30/v002/T52TCT_20240502T023551,NASA/HLS/HLSS30/v002,B4,B8A,Fmask,EPSG:32652,"[30,0,300000,0,-30,5300040]",false,false,false,false,(NIR-RED)/(NIR+RED); mask denominator=0; keep source masks,dimensionless; no further scale needed,exact_uint8_values_in_Float32,-9999,Float32,1.0
NE_SOY,2024-05,2024-05-01,2024-06-01,NE_SOY_HLS_2024-05_g2_NDVI_FMASK_v1.tif,3,s0001_S30_20240504T022529000_NDVI,NDVI,2024-05-04T02:25:29.000Z,1714789529000,S30,NASA/HLS/HLSS30/v002/T52TCT_20240504T022529,NASA/HLS/HLSS30/v002,B4,B8A,Fmask,EPSG:32652,"[30,0,300000,0,-30,5300040]",false,false,false,false,(NIR-RED)/(NIR+RED); mask denominator=0; keep source masks,dimensionless; no further scale needed,exact_uint8_values_in_Float32,-9999,Float32,1.0
NE_SOY,2024-05,2024-05-01,2024-06-01,NE_SOY_HLS_2024-05_g2_NDVI_FMASK_v1.tif,4,s0001_S30_20240504T022529000_FMASK,FMASK,2024-05-04T02:25:29.000Z,1714789529000,S30,NASA/HLS/HLSS30/v002/T52TCT_20240504T022529,NASA/HLS/HLSS30/v002,B4,B8A,Fmask,EPSG:32652,"[30,0,300000,0,-30,5300040]",false,false,false,false,(NIR-RED)/(NIR+RED); mask denominator=0; keep source masks,dimensionless; no further scale needed,exact_uint8_values_in_Float32,-9999,Float32,1.0
NE_SOY,2024-05,2024-05-01,2024-06-01,NE_SOY_HLS_2024-05_g2_NDVI_FMASK_v1.tif,5,s0002_L30_20240507T021955000_NDVI,NDVI,2024-05-07T02:19:55.000Z,1715048395000,L30,NASA/HLS/HLSL30/v002/T52TCT_20240507T021955,NASA/HLS/HLSL30/v002,B4,B5,Fmask,EPSG:32652,"[30,0,300000,0,-30,5300040]",false,false,false,false,(NIR-RED)/(NIR+RED); mask denominator=0; keep source masks,dimensionless; no further scale needed,exact_uint8_values_in_Float32,-9999,Float32,1.0
NE_SOY,2024-05,2024-05-01,2024-06-01,NE_SOY_HLS_2024-05_g2_NDVI_FMASK_v1.tif,6,s0002_L30_20240507T021955000_FMASK,FMASK,2024-05-07T02:19:55.000Z,1715048395000,L30,NASA/HLS/HLSL30/v002/T52TCT_20240507T021955,NASA/HLS/HLSL30/v002,B4,B5,Fmask,EPSG:32652,"[30,0,300000,0,-30,5300040]",false,false,false,false,(NIR-RED)/(NIR+RED); mask denominator=0; keep source masks,dimensionless; no further scale needed,exact_uint8_values_in_Float32,-9999,Float32,1.0
NE_SOY,2024-05,2024-05-01,2024-06-01,NE_SOY_HLS_2024-05_g2_NDVI_FMASK_v1.tif,7,s0003_S30_20240507T023529000_NDVI,NDVI,2024-05-07T02:35:29.000Z,1715049329000,S30,NASA/HLS/HLSS30/v002/T52TCT_20240507T023529,NASA/HLS/HLSS30/v002,B4,B8A,Fmask,EPSG:32652,"[30,0,300000,0,-30,5300040]",false,false,false,false,(NIR-RED)/(NIR+RED); mask denominator=0; keep source masks,dimensionless; no further scale needed,exact_uint8_values_in_Float32,-9999,Float32,1.0
NE_SOY,2024-05,2024-05-01,2024-06-01,NE_SOY_HLS_2024-05_g2_NDVI_FMASK_v1.tif,8,s0003_S30_20240507T023529000_FMASK,FMASK,2024-05-07T02:35:29.000Z,1715049329000,S30,NASA/HLS/HLSS30/v002/T52TCT_20240507T023529,NASA/HLS/HLSS30/v002,B4,B8A,Fmask,EPSG:32652,"[30,0,300000,0,-30,5300040]",false,false,false,false,(NIR-RED)/(NIR+RED); mask denominator=0; keep source masks,dimensionless; no further scale needed,exact_uint8_values_in_Float32,-9999,Float32,1.0
NE_SOY,2024-05,2024-05-01,2024-06-01,NE_SOY_HLS_2024-05_g2_NDVI_FMASK_v1.tif,9,s0004_S30_20240509T022551000_NDVI,NDVI,2024-05-09T02:25:51.000Z,1715221551000,S30,NASA/HLS/HLSS30/v002/T52TCT_20240509T022551,NASA/HLS/HLSS30/v002,B4,B8A,Fmask,EPSG:32652,"[30,0,300000,0,-30,5300040]",false,false,false,false,(NIR-RED)/(NIR+RED); mask denominator=0; keep source masks,dimensionless; no further scale needed,exact_uint8_values_in_Float32,-9999,Float32,1.0
NE_SOY,2024-05,2024-05-01,2024-06-01,NE_SOY_HLS_2024-05_g2_NDVI_FMASK_v1.tif,10,s0004_S30_20240509T022551000_FMASK,FMASK,2024-05-09T02:25:51.000Z,1715221551000,S30,NASA/HLS/HLSS30/v002/T52TCT_20240509T022551,NASA/HLS/HLSS30/v002,B4,B8A,Fmask,EPSG:32652,"[30,0,300000,0,-30,5300040]",false,false,false,false,(NIR-RED)/(NIR+RED); mask denominator=0; keep source masks,dimensionless; no further scale needed,exact_uint8_values_in_Float32,-9999,Float32,1.0
NE_SOY,2024-05,2024-05-01,2024-06-01,NE_SOY_HLS_2024-05_g2_NDVI_FMASK_v1.tif,11,s0005_S30_20240512T023551000_NDVI,NDVI,2024-05-12T02:35:51.000Z,1715481351000,S30,NASA/HLS/HLSS30/v002/T52TCT_20240512T023551,NASA/HLS/HLSS30/v002,B4,B8A,Fmask,EPSG:32652,"[30,0,300000,0,-30,5300040]",false,false,false,false,(NIR-RED)/(NIR+RED); mask denominator=0; keep source masks,dimensionless; no further scale needed,exact_uint8_values_in_Float32,-9999,Float32,1.0
NE_SOY,2024-05,2024-05-01,2024-06-01,NE_SOY_HLS_2024-05_g2_NDVI_FMASK_v1.tif,12,s0005_S30_20240512T023551000_FMASK,FMASK,2024-05-12T02:35:51.000Z,1715481351000,S30,NASA/HLS/HLSS30/v002/T52TCT_20240512T023551,NASA/HLS/HLSS30/v002,B4,B8A,Fmask,EPSG:32652,"[30,0,300000,0,-30,5300040]",false,false,false,false,(NIR-RED)/(NIR+RED); mask denominator=0; keep source masks,dimensionless; no further scale needed,exact_uint8_values_in_Float32,-9999,Float32,1.0
NE_SOY,2024-05,2024-05-01,2024-06-01,NE_SOY_HLS_2024-05_g2_NDVI_FMASK_v1.tif,13,s0006_S30_20240514T022529000_NDVI,NDVI,2024-05-14T02:25:29.000Z,1715653529000,S30,NASA/HLS/HLSS30/v002/T52TCT_20240514T022529,NASA/HLS/HLSS30/v002,B4,B8A,Fmask,EPSG:32652,"[30,0,300000,0,-30,5300040]",false,false,false,false,(NIR-RED)/(NIR+RED); mask denominator=0; keep source masks,dimensionless; no further scale needed,exact_uint8_values_in_Float32,-9999,Float32,1.0
NE_SOY,2024-05,2024-05-01,2024-06-01,NE_SOY_HLS_2024-05_g2_NDVI_FMASK_v1.tif,14,s0006_S30_20240514T022529000_FMASK,FMASK,2024-05-14T02:25:29.000Z,1715653529000,S30,NASA/HLS/HLSS30/v002/T52TCT_20240514T022529,NASA/HLS/HLSS30/v002,B4,B8A,Fmask,EPSG:32652,"[30,0,300000,0,-30,5300040]",false,false,false,false,(NIR-RED)/(NIR+RED); mask denominator=0; keep source masks,dimensionless; no further scale needed,exact_uint8_values_in_Float32,-9999,Float32,1.0
NE_SOY,2024-05,2024-05-01,2024-06-01,NE_SOY_HLS_2024-05_g2_NDVI_FMASK_v1.tif,15,s0007_L30_20240515T022008000_NDVI,NDVI,2024-05-15T02:20:08.000Z,1715739608000,L30,NASA/HLS/HLSL30/v002/T52TCT_20240515T022008,NASA/HLS/HLSL30/v002,B4,B5,Fmask,EPSG:32652,"[30,0,300000,0,-30,5300040]",false,false,false,false,(NIR-RED)/(NIR+RED); mask denominator=0; keep source masks,dimensionless; no further scale needed,exact_uint8_values_in_Float32,-9999,Float32,1.0
NE_SOY,2024-05,2024-05-01,2024-06-01,NE_SOY_HLS_2024-05_g2_NDVI_FMASK_v1.tif,16,s0007_L30_20240515T022008000_FMASK,FMASK,2024-05-15T02:20:08.000Z,1715739608000,L30,NASA/HLS/HLSL30/v002/T52TCT_20240515T022008,NASA/HLS/HLSL30/v002,B4,B5,Fmask,EPSG:32652,"[30,0,300000,0,-30,5300040]",false,false,false,false,(NIR-RED)/(NIR+RED); mask denominator=0; keep source masks,dimensionless; no further scale needed,exact_uint8_values_in_Float32,-9999,Float32,1.0
NE_SOY,2024-05,2024-05-01,2024-06-01,NE_SOY_HLS_2024-05_g2_NDVI_FMASK_v1.tif,17,s0008_S30_20240517T023529000_NDVI,NDVI,2024-05-17T02:35:29.000Z,1715913329000,S30,NASA/HLS/HLSS30/v002/T52TCT_20240517T023529,NASA/HLS/HLSS30/v002,B4,B8A,Fmask,EPSG:32652,"[30,0,300000,0,-30,5300040]",false,false,false,false,(NIR-RED)/(NIR+RED); mask denominator=0; keep source masks,dimensionless; no further scale needed,exact_uint8_values_in_Float32,-9999,Float32,1.0
NE_SOY,2024-05,2024-05-01,2024-06-01,NE_SOY_HLS_2024-05_g2_NDVI_FMASK_v1.tif,18,s0008_S30_20240517T023529000_FMASK,FMASK,2024-05-17T02:35:29.000Z,1715913329000,S30,NASA/HLS/HLSS30/v002/T52TCT_20240517T023529,NASA/HLS/HLSS30/v002,B4,B8A,Fmask,EPSG:32652,"[30,0,300000,0,-30,5300040]",false,false,false,false,(NIR-RED)/(NIR+RED); mask denominator=0; keep source masks,dimensionless; no further scale needed,exact_uint8_values_in_Float32,-9999,Float32,1.0
NE_SOY,2024-05,2024-05-01,2024-06-01,NE_SOY_HLS_2024-05_g2_NDVI_FMASK_v1.tif,19,s0009_S30_20240519T022531000_NDVI,NDVI,2024-05-19T02:25:31.000Z,1716085531000,S30,NASA/HLS/HLSS30/v002/T52TCT_20240519T022531,NASA/HLS/HLSS30/v002,B4,B8A,Fmask,EPSG:32652,"[30,0,300000,0,-30,5300040]",false,false,false,false,(NIR-RED)/(NIR+RED); mask denominator=0; keep source masks,dimensionless; no further scale needed,exact_uint8_values_in_Float32,-9999,Float32,1.0
NE_SOY,2024-05,2024-05-01,2024-06-01,NE_SOY_HLS_2024-05_g2_NDVI_FMASK_v1.tif,20,s0009_S30_20240519T022531000_FMASK,FMASK,2024-05-19T02:25:31.000Z,1716085531000,S30,NASA/HLS/HLSS30/v002/T52TCT_20240519T022531,NASA/HLS/HLSS30/v002,B4,B8A,Fmask,EPSG:32652,"[30,0,300000,0,-30,5300040]",false,false,false,false,(NIR-RED)/(NIR+RED); mask denominator=0; keep source masks,dimensionless; no further scale needed,exact_uint8_values_in_Float32,-9999,Float32,1.0
NE_SOY,2024-05,2024-05-01,2024-06-01,NE_SOY_HLS_2024-05_g2_NDVI_FMASK_v1.tif,21,s0010_S30_20240522T023551000_NDVI,NDVI,2024-05-22T02:35:51.000Z,1716345351000,S30,NASA/HLS/HLSS30/v002/T52TCT_20240522T023551,NASA/HLS/HLSS30/v002,B4,B8A,Fmask,EPSG:32652,"[30,0,300000,0,-30,5300040]",false,false,false,false,(NIR-RED)/(NIR+RED); mask denominator=0; keep source masks,dimensionless; no further scale needed,exact_uint8_values_in_Float32,-9999,Float32,1.0
NE_SOY,2024-05,2024-05-01,2024-06-01,NE_SOY_HLS_2024-05_g2_NDVI_FMASK_v1.tif,22,s0010_S30_20240522T023551000_FMASK,FMASK,2024-05-22T02:35:51.000Z,1716345351000,S30,NASA/HLS/HLSS30/v002/T52TCT_20240522T023551,NASA/HLS/HLSS30/v002,B4,B8A,Fmask,EPSG:32652,"[30,0,300000,0,-30,5300040]",false,false,false,false,(NIR-RED)/(NIR+RED); mask denominator=0; keep source masks,dimensionless; no further scale needed,exact_uint8_values_in_Float32,-9999,Float32,1.0
NE_SOY,2024-05,2024-05-01,2024-06-01,NE_SOY_HLS_2024-05_g2_NDVI_FMASK_v1.tif,23,s0011_L30_20240523T021942000_NDVI,NDVI,2024-05-23T02:19:42.000Z,1716430782000,L30,NASA/HLS/HLSL30/v002/T52TCT_20240523T021942,NASA/HLS/HLSL30/v002,B4,B5,Fmask,EPSG:32652,"[30,0,300000,0,-30,5300040]",false,false,false,false,(NIR-RED)/(NIR+RED); mask denominator=0; keep source masks,dimensionless; no further scale needed,exact_uint8_values_in_Float32,-9999,Float32,1.0
NE_SOY,2024-05,2024-05-01,2024-06-01,NE_SOY_HLS_2024-05_g2_NDVI_FMASK_v1.tif,24,s0011_L30_20240523T021942000_FMASK,FMASK,2024-05-23T02:19:42.000Z,1716430782000,L30,NASA/HLS/HLSL30/v002/T52TCT_20240523T021942,NASA/HLS/HLSL30/v002,B4,B5,Fmask,EPSG:32652,"[30,0,300000,0,-30,5300040]",false,false,false,false,(NIR-RED)/(NIR+RED); mask denominator=0; keep source masks,dimensionless; no further scale needed,exact_uint8_values_in_Float32,-9999,Float32,1.0
NE_SOY,2024-05,2024-05-01,2024-06-01,NE_SOY_HLS_2024-05_g2_NDVI_FMASK_v1.tif,25,s0012_S30_20240524T022529000_NDVI,NDVI,2024-05-24T02:25:29.000Z,1716517529000,S30,NASA/HLS/HLSS30/v002/T52TCT_20240524T022529,NASA/HLS/HLSS30/v002,B4,B8A,Fmask,EPSG:32652,"[30,0,300000,0,-30,5300040]",false,false,false,false,(NIR-RED)/(NIR+RED); mask denominator=0; keep source masks,dimensionless; no further scale needed,exact_uint8_values_in_Float32,-9999,Float32,1.0
NE_SOY,2024-05,2024-05-01,2024-06-01,NE_SOY_HLS_2024-05_g2_NDVI_FMASK_v1.tif,26,s0012_S30_20240524T022529000_FMASK,FMASK,2024-05-24T02:25:29.000Z,1716517529000,S30,NASA/HLS/HLSS30/v002/T52TCT_20240524T022529,NASA/HLS/HLSS30/v002,B4,B8A,Fmask,EPSG:32652,"[30,0,300000,0,-30,5300040]",false,false,false,false,(NIR-RED)/(NIR+RED); mask denominator=0; keep source masks,dimensionless; no further scale needed,exact_uint8_values_in_Float32,-9999,Float32,1.0
NE_SOY,2024-05,2024-05-01,2024-06-01,NE_SOY_HLS_2024-05_g2_NDVI_FMASK_v1.tif,27,s0013_S30_20240527T023529000_NDVI,NDVI,2024-05-27T02:35:29.000Z,1716777329000,S30,NASA/HLS/HLSS30/v002/T52TCT_20240527T023529,NASA/HLS/HLSS30/v002,B4,B8A,Fmask,EPSG:32652,"[30,0,300000,0,-30,5300040]",false,false,false,false,(NIR-RED)/(NIR+RED); mask denominator=0; keep source masks,dimensionless; no further scale needed,exact_uint8_values_in_Float32,-9999,Float32,1.0
NE_SOY,2024-05,2024-05-01,2024-06-01,NE_SOY_HLS_2024-05_g2_NDVI_FMASK_v1.tif,28,s0013_S30_20240527T023529000_FMASK,FMASK,2024-05-27T02:35:29.000Z,1716777329000,S30,NASA/HLS/HLSS30/v002/T52TCT_20240527T023529,NASA/HLS/HLSS30/v002,B4,B8A,Fmask,EPSG:32652,"[30,0,300000,0,-30,5300040]",false,false,false,false,(NIR-RED)/(NIR+RED); mask denominator=0; keep source masks,dimensionless; no further scale needed,exact_uint8_values_in_Float32,-9999,Float32,1.0
NE_SOY,2024-05,2024-05-01,2024-06-01,NE_SOY_HLS_2024-05_g2_NDVI_FMASK_v1.tif,29,s0014_S30_20240529T022551000_NDVI,NDVI,2024-05-29T02:25:51.000Z,1716949551000,S30,NASA/HLS/HLSS30/v002/T52TCT_20240529T022551,NASA/HLS/HLSS30/v002,B4,B8A,Fmask,EPSG:32652,"[30,0,300000,0,-30,5300040]",false,false,false,false,(NIR-RED)/(NIR+RED); mask denominator=0; keep source masks,dimensionless; no further scale needed,exact_uint8_values_in_Float32,-9999,Float32,1.0
NE_SOY,2024-05,2024-05-01,2024-06-01,NE_SOY_HLS_2024-05_g2_NDVI_FMASK_v1.tif,30,s0014_S30_20240529T022551000_FMASK,FMASK,2024-05-29T02:25:51.000Z,1716949551000,S30,NASA/HLS/HLSS30/v002/T52TCT_20240529T022551,NASA/HLS/HLSS30/v002,B4,B8A,Fmask,EPSG:32652,"[30,0,300000,0,-30,5300040]",false,false,false,false,(NIR-RED)/(NIR+RED); mask denominator=0; keep source masks,dimensionless; no further scale needed,exact_uint8_values_in_Float32,-9999,Float32,1.0
NE_SOY,2024-06,2024-06-01,2024-07-01,NE_SOY_HLS_2024-06_g1_NDVI_FMASK_v1.tif,1,s0000_S30_20240601T023551000_NDVI,NDVI,2024-06-01T02:35:51.000Z,1717209351000,S30,NASA/HLS/HLSS30/v002/T51TYN_20240601T023551,NASA/HLS/HLSS30/v002,B4,B8A,Fmask,EPSG:32651,"[30,0,699960,0,-30,5300040]",false,false,false,false,(NIR-RED)/(NIR+RED); mask denominator=0; keep source masks,dimensionless; no further scale needed,exact_uint8_values_in_Float32,-9999,Float32,1.0
NE_SOY,2024-06,2024-06-01,2024-07-01,NE_SOY_HLS_2024-06_g1_NDVI_FMASK_v1.tif,2,s0000_S30_20240601T023551000_FMASK,FMASK,2024-06-01T02:35:51.000Z,1717209351000,S30,NASA/HLS/HLSS30/v002/T51TYN_20240601T023551,NASA/HLS/HLSS30/v002,B4,B8A,Fmask,EPSG:32651,"[30,0,699960,0,-30,5300040]",false,false,false,false,(NIR-RED)/(NIR+RED); mask denominator=0; keep source masks,dimensionless; no further scale needed,exact_uint8_values_in_Float32,-9999,Float32,1.0
NE_SOY,2024-06,2024-06-01,2024-07-01,NE_SOY_HLS_2024-06_g1_NDVI_FMASK_v1.tif,3,s0001_S30_20240603T022529000_NDVI,NDVI,2024-06-03T02:25:29.000Z,1717381529000,S30,NASA/HLS/HLSS30/v002/T51TYN_20240603T022529,NASA/HLS/HLSS30/v002,B4,B8A,Fmask,EPSG:32651,"[30,0,699960,0,-30,5300040]",false,false,false,false,(NIR-RED)/(NIR+RED); mask denominator=0; keep source masks,dimensionless; no further scale needed,exact_uint8_values_in_Float32,-9999,Float32,1.0
NE_SOY,2024-06,2024-06-01,2024-07-01,NE_SOY_HLS_2024-06_g1_NDVI_FMASK_v1.tif,4,s0001_S30_20240603T022529000_FMASK,FMASK,2024-06-03T02:25:29.000Z,1717381529000,S30,NASA/HLS/HLSS30/v002/T51TYN_20240603T022529,NASA/HLS/HLSS30/v002,B4,B8A,Fmask,EPSG:32651,"[30,0,699960,0,-30,5300040]",false,false,false,false,(NIR-RED)/(NIR+RED); mask denominator=0; keep source masks,dimensionless; no further scale needed,exact_uint8_values_in_Float32,-9999,Float32,1.0
NE_SOY,2024-06,2024-06-01,2024-07-01,NE_SOY_HLS_2024-06_g1_NDVI_FMASK_v1.tif,5,s0002_L30_20240608T021943000_NDVI,NDVI,2024-06-08T02:19:43.000Z,1717813183000,L30,NASA/HLS/HLSL30/v002/T51TYN_20240608T021943,NASA/HLS/HLSL30/v002,B4,B5,Fmask,EPSG:32651,"[30,0,699960,0,-30,5300040]",false,false,false,false,(NIR-RED)/(NIR+RED); mask denominator=0; keep source masks,dimensionless; no further scale needed,exact_uint8_values_in_Float32,-9999,Float32,1.0
NE_SOY,2024-06,2024-06-01,2024-07-01,NE_SOY_HLS_2024-06_g1_NDVI_FMASK_v1.tif,6,s0002_L30_20240608T021943000_FMASK,FMASK,2024-06-08T02:19:43.000Z,1717813183000,L30,NASA/HLS/HLSL30/v002/T51TYN_20240608T021943,NASA/HLS/HLSL30/v002,B4,B5,Fmask,EPSG:32651,"[30,0,699960,0,-30,5300040]",false,false,false,false,(NIR-RED)/(NIR+RED); mask denominator=0; keep source masks,dimensionless; no further scale needed,exact_uint8_values_in_Float32,-9999,Float32,1.0
NE_SOY,2024-06,2024-06-01,2024-07-01,NE_SOY_HLS_2024-06_g1_NDVI_FMASK_v1.tif,7,s0003_S30_20240608T022541000_NDVI,NDVI,2024-06-08T02:25:41.000Z,1717813541000,S30,NASA/HLS/HLSS30/v002/T51TYN_20240608T022541,NASA/HLS/HLSS30/v002,B4,B8A,Fmask,EPSG:32651,"[30,0,699960,0,-30,5300040]",false,false,false,false,(NIR-RED)/(NIR+RED); mask denominator=0; keep source masks,dimensionless; no further scale needed,exact_uint8_values_in_Float32,-9999,Float32,1.0
NE_SOY,2024-06,2024-06-01,2024-07-01,NE_SOY_HLS_2024-06_g1_NDVI_FMASK_v1.tif,8,s0003_S30_20240608T022541000_FMASK,FMASK,2024-06-08T02:25:41.000Z,1717813541000,S30,NASA/HLS/HLSS30/v002/T51TYN_20240608T022541,NASA/HLS/HLSS30/v002,B4,B8A,Fmask,EPSG:32651,"[30,0,699960,0,-30,5300040]",false,false,false,false,(NIR-RED)/(NIR+RED); mask denominator=0; keep source masks,dimensionless; no further scale needed,exact_uint8_values_in_Float32,-9999,Float32,1.0
NE_SOY,2024-06,2024-06-01,2024-07-01,NE_SOY_HLS_2024-06_g1_NDVI_FMASK_v1.tif,9,s0004_L30_20240616T021950000_NDVI,NDVI,2024-06-16T02:19:50.000Z,1718504390000,L30,NASA/HLS/HLSL30/v002/T51TYN_20240616T021950,NASA/HLS/HLSL30/v002,B4,B5,Fmask,EPSG:32651,"[30,0,699960,0,-30,5300040]",false,false,false,false,(NIR-RED)/(NIR+RED); mask denominator=0; keep source masks,dimensionless; no further scale needed,exact_uint8_values_in_Float32,-9999,Float32,1.0
NE_SOY,2024-06,2024-06-01,2024-07-01,NE_SOY_HLS_2024-06_g1_NDVI_FMASK_v1.tif,10,s0004_L30_20240616T021950000_FMASK,FMASK,2024-06-16T02:19:50.000Z,1718504390000,L30,NASA/HLS/HLSL30/v002/T51TYN_20240616T021950,NASA/HLS/HLSL30/v002,B4,B5,Fmask,EPSG:32651,"[30,0,699960,0,-30,5300040]",false,false,false,false,(NIR-RED)/(NIR+RED); mask denominator=0; keep source masks,dimensionless; no further scale needed,exact_uint8_values_in_Float32,-9999,Float32,1.0
NE_SOY,2024-06,2024-06-01,2024-07-01,NE_SOY_HLS_2024-06_g1_NDVI_FMASK_v1.tif,11,s0005_S30_20240616T023529000_NDVI,NDVI,2024-06-16T02:35:29.000Z,1718505329000,S30,NASA/HLS/HLSS30/v002/T51TYN_20240616T023529,NASA/HLS/HLSS30/v002,B4,B8A,Fmask,EPSG:32651,"[30,0,699960,0,-30,5300040]",false,false,false,false,(NIR-RED)/(NIR+RED); mask denominator=0; keep source masks,dimensionless; no further scale needed,exact_uint8_values_in_Float32,-9999,Float32,1.0
NE_SOY,2024-06,2024-06-01,2024-07-01,NE_SOY_HLS_2024-06_g1_NDVI_FMASK_v1.tif,12,s0005_S30_20240616T023529000_FMASK,FMASK,2024-06-16T02:35:29.000Z,1718505329000,S30,NASA/HLS/HLSS30/v002/T51TYN_20240616T023529,NASA/HLS/HLSS30/v002,B4,B8A,Fmask,EPSG:32651,"[30,0,699960,0,-30,5300040]",false,false,false,false,(NIR-RED)/(NIR+RED); mask denominator=0; keep source masks,dimensionless; no further scale needed,exact_uint8_values_in_Float32,-9999,Float32,1.0
NE_SOY,2024-06,2024-06-01,2024-07-01,NE_SOY_HLS_2024-06_g1_NDVI_FMASK_v1.tif,13,s0006_S30_20240618T022551000_NDVI,NDVI,2024-06-18T02:25:51.000Z,1718677551000,S30,NASA/HLS/HLSS30/v002/T51TYN_20240618T022551,NASA/HLS/HLSS30/v002,B4,B8A,Fmask,EPSG:32651,"[30,0,699960,0,-30,5300040]",false,false,false,false,(NIR-RED)/(NIR+RED); mask denominator=0; keep source masks,dimensionless; no further scale needed,exact_uint8_values_in_Float32,-9999,Float32,1.0
NE_SOY,2024-06,2024-06-01,2024-07-01,NE_SOY_HLS_2024-06_g1_NDVI_FMASK_v1.tif,14,s0006_S30_20240618T022551000_FMASK,FMASK,2024-06-18T02:25:51.000Z,1718677551000,S30,NASA/HLS/HLSS30/v002/T51TYN_20240618T022551,NASA/HLS/HLSS30/v002,B4,B8A,Fmask,EPSG:32651,"[30,0,699960,0,-30,5300040]",false,false,false,false,(NIR-RED)/(NIR+RED); mask denominator=0; keep source masks,dimensionless; no further scale needed,exact_uint8_values_in_Float32,-9999,Float32,1.0
NE_SOY,2024-06,2024-06-01,2024-07-01,NE_SOY_HLS_2024-06_g1_NDVI_FMASK_v1.tif,15,s0007_S30_20240623T022539000_NDVI,NDVI,2024-06-23T02:25:39.000Z,1719109539000,S30,NASA/HLS/HLSS30/v002/T51TYN_20240623T022539,NASA/HLS/HLSS30/v002,B4,B8A,Fmask,EPSG:32651,"[30,0,699960,0,-30,5300040]",false,false,false,false,(NIR-RED)/(NIR+RED); mask denominator=0; keep source masks,dimensionless; no further scale needed,exact_uint8_values_in_Float32,-9999,Float32,1.0
NE_SOY,2024-06,2024-06-01,2024-07-01,NE_SOY_HLS_2024-06_g1_NDVI_FMASK_v1.tif,16,s0007_S30_20240623T022539000_FMASK,FMASK,2024-06-23T02:25:39.000Z,1719109539000,S30,NASA/HLS/HLSS30/v002/T51TYN_20240623T022539,NASA/HLS/HLSS30/v002,B4,B8A,Fmask,EPSG:32651,"[30,0,699960,0,-30,5300040]",false,false,false,false,(NIR-RED)/(NIR+RED); mask denominator=0; keep source masks,dimensionless; no further scale needed,exact_uint8_values_in_Float32,-9999,Float32,1.0
NE_SOY,2024-06,2024-06-01,2024-07-01,NE_SOY_HLS_2024-06_g1_NDVI_FMASK_v1.tif,17,s0008_L30_20240624T021953000_NDVI,NDVI,2024-06-24T02:19:53.000Z,1719195593000,L30,NASA/HLS/HLSL30/v002/T51TYN_20240624T021953,NASA/HLS/HLSL30/v002,B4,B5,Fmask,EPSG:32651,"[30,0,699960,0,-30,5300040]",false,false,false,false,(NIR-RED)/(NIR+RED); mask denominator=0; keep source masks,dimensionless; no further scale needed,exact_uint8_values_in_Float32,-9999,Float32,1.0
NE_SOY,2024-06,2024-06-01,2024-07-01,NE_SOY_HLS_2024-06_g1_NDVI_FMASK_v1.tif,18,s0008_L30_20240624T021953000_FMASK,FMASK,2024-06-24T02:19:53.000Z,1719195593000,L30,NASA/HLS/HLSL30/v002/T51TYN_20240624T021953,NASA/HLS/HLSL30/v002,B4,B5,Fmask,EPSG:32651,"[30,0,699960,0,-30,5300040]",false,false,false,false,(NIR-RED)/(NIR+RED); mask denominator=0; keep source masks,dimensionless; no further scale needed,exact_uint8_values_in_Float32,-9999,Float32,1.0
NE_SOY,2024-06,2024-06-01,2024-07-01,NE_SOY_HLS_2024-06_g1_NDVI_FMASK_v1.tif,19,s0009_S30_20240628T022551000_NDVI,NDVI,2024-06-28T02:25:51.000Z,1719541551000,S30,NASA/HLS/HLSS30/v002/T51TYN_20240628T022551,NASA/HLS/HLSS30/v002,B4,B8A,Fmask,EPSG:32651,"[30,0,699960,0,-30,5300040]",false,false,false,false,(NIR-RED)/(NIR+RED); mask denominator=0; keep source masks,dimensionless; no further scale needed,exact_uint8_values_in_Float32,-9999,Float32,1.0
NE_SOY,2024-06,2024-06-01,2024-07-01,NE_SOY_HLS_2024-06_g1_NDVI_FMASK_v1.tif,20,s0009_S30_20240628T022551000_FMASK,FMASK,2024-06-28T02:25:51.000Z,1719541551000,S30,NASA/HLS/HLSS30/v002/T51TYN_20240628T022551,NASA/HLS/HLSS30/v002,B4,B8A,Fmask,EPSG:32651,"[30,0,699960,0,-30,5300040]",false,false,false,false,(NIR-RED)/(NIR+RED); mask denominator=0; keep source masks,dimensionless; no further scale needed,exact_uint8_values_in_Float32,-9999,Float32,1.0
NE_SOY,2024-06,2024-06-01,2024-07-01,NE_SOY_HLS_2024-06_g2_NDVI_FMASK_v1.tif,1,s0000_S30_20240601T023551000_NDVI,NDVI,2024-06-01T02:35:51.000Z,1717209351000,S30,NASA/HLS/HLSS30/v002/T52TCT_20240601T023551,NASA/HLS/HLSS30/v002,B4,B8A,Fmask,EPSG:32652,"[30,0,300000,0,-30,5300040]",false,false,false,false,(NIR-RED)/(NIR+RED); mask denominator=0; keep source masks,dimensionless; no further scale needed,exact_uint8_values_in_Float32,-9999,Float32,1.0
NE_SOY,2024-06,2024-06-01,2024-07-01,NE_SOY_HLS_2024-06_g2_NDVI_FMASK_v1.tif,2,s0000_S30_20240601T023551000_FMASK,FMASK,2024-06-01T02:35:51.000Z,1717209351000,S30,NASA/HLS/HLSS30/v002/T52TCT_20240601T023551,NASA/HLS/HLSS30/v002,B4,B8A,Fmask,EPSG:32652,"[30,0,300000,0,-30,5300040]",false,false,false,false,(NIR-RED)/(NIR+RED); mask denominator=0; keep source masks,dimensionless; no further scale needed,exact_uint8_values_in_Float32,-9999,Float32,1.0
NE_SOY,2024-06,2024-06-01,2024-07-01,NE_SOY_HLS_2024-06_g2_NDVI_FMASK_v1.tif,3,s0001_S30_20240603T022529000_NDVI,NDVI,2024-06-03T02:25:29.000Z,1717381529000,S30,NASA/HLS/HLSS30/v002/T52TCT_20240603T022529,NASA/HLS/HLSS30/v002,B4,B8A,Fmask,EPSG:32652,"[30,0,300000,0,-30,5300040]",false,false,false,false,(NIR-RED)/(NIR+RED); mask denominator=0; keep source masks,dimensionless; no further scale needed,exact_uint8_values_in_Float32,-9999,Float32,1.0
NE_SOY,2024-06,2024-06-01,2024-07-01,NE_SOY_HLS_2024-06_g2_NDVI_FMASK_v1.tif,4,s0001_S30_20240603T022529000_FMASK,FMASK,2024-06-03T02:25:29.000Z,1717381529000,S30,NASA/HLS/HLSS30/v002/T52TCT_20240603T022529,NASA/HLS/HLSS30/v002,B4,B8A,Fmask,EPSG:32652,"[30,0,300000,0,-30,5300040]",false,false,false,false,(NIR-RED)/(NIR+RED); mask denominator=0; keep source masks,dimensionless; no further scale needed,exact_uint8_values_in_Float32,-9999,Float32,1.0
NE_SOY,2024-06,2024-06-01,2024-07-01,NE_SOY_HLS_2024-06_g2_NDVI_FMASK_v1.tif,5,s0002_L30_20240608T021943000_NDVI,NDVI,2024-06-08T02:19:43.000Z,1717813183000,L30,NASA/HLS/HLSL30/v002/T52TCT_20240608T021943,NASA/HLS/HLSL30/v002,B4,B5,Fmask,EPSG:32652,"[30,0,300000,0,-30,5300040]",false,false,false,false,(NIR-RED)/(NIR+RED); mask denominator=0; keep source masks,dimensionless; no further scale needed,exact_uint8_values_in_Float32,-9999,Float32,1.0
NE_SOY,2024-06,2024-06-01,2024-07-01,NE_SOY_HLS_2024-06_g2_NDVI_FMASK_v1.tif,6,s0002_L30_20240608T021943000_FMASK,FMASK,2024-06-08T02:19:43.000Z,1717813183000,L30,NASA/HLS/HLSL30/v002/T52TCT_20240608T021943,NASA/HLS/HLSL30/v002,B4,B5,Fmask,EPSG:32652,"[30,0,300000,0,-30,5300040]",false,false,false,false,(NIR-RED)/(NIR+RED); mask denominator=0; keep source masks,dimensionless; no further scale needed,exact_uint8_values_in_Float32,-9999,Float32,1.0
NE_SOY,2024-06,2024-06-01,2024-07-01,NE_SOY_HLS_2024-06_g2_NDVI_FMASK_v1.tif,7,s0003_S30_20240608T022541000_NDVI,NDVI,2024-06-08T02:25:41.000Z,1717813541000,S30,NASA/HLS/HLSS30/v002/T52TCT_20240608T022541,NASA/HLS/HLSS30/v002,B4,B8A,Fmask,EPSG:32652,"[30,0,300000,0,-30,5300040]",false,false,false,false,(NIR-RED)/(NIR+RED); mask denominator=0; keep source masks,dimensionless; no further scale needed,exact_uint8_values_in_Float32,-9999,Float32,1.0
NE_SOY,2024-06,2024-06-01,2024-07-01,NE_SOY_HLS_2024-06_g2_NDVI_FMASK_v1.tif,8,s0003_S30_20240608T022541000_FMASK,FMASK,2024-06-08T02:25:41.000Z,1717813541000,S30,NASA/HLS/HLSS30/v002/T52TCT_20240608T022541,NASA/HLS/HLSS30/v002,B4,B8A,Fmask,EPSG:32652,"[30,0,300000,0,-30,5300040]",false,false,false,false,(NIR-RED)/(NIR+RED); mask denominator=0; keep source masks,dimensionless; no further scale needed,exact_uint8_values_in_Float32,-9999,Float32,1.0
NE_SOY,2024-06,2024-06-01,2024-07-01,NE_SOY_HLS_2024-06_g2_NDVI_FMASK_v1.tif,9,s0004_S30_20240611T023551000_NDVI,NDVI,2024-06-11T02:35:51.000Z,1718073351000,S30,NASA/HLS/HLSS30/v002/T52TCT_20240611T023551,NASA/HLS/HLSS30/v002,B4,B8A,Fmask,EPSG:32652,"[30,0,300000,0,-30,5300040]",false,false,false,false,(NIR-RED)/(NIR+RED); mask denominator=0; keep source masks,dimensionless; no further scale needed,exact_uint8_values_in_Float32,-9999,Float32,1.0
NE_SOY,2024-06,2024-06-01,2024-07-01,NE_SOY_HLS_2024-06_g2_NDVI_FMASK_v1.tif,10,s0004_S30_20240611T023551000_FMASK,FMASK,2024-06-11T02:35:51.000Z,1718073351000,S30,NASA/HLS/HLSS30/v002/T52TCT_20240611T023551,NASA/HLS/HLSS30/v002,B4,B8A,Fmask,EPSG:32652,"[30,0,300000,0,-30,5300040]",false,false,false,false,(NIR-RED)/(NIR+RED); mask denominator=0; keep source masks,dimensionless; no further scale needed,exact_uint8_values_in_Float32,-9999,Float32,1.0
NE_SOY,2024-06,2024-06-01,2024-07-01,NE_SOY_HLS_2024-06_g2_NDVI_FMASK_v1.tif,11,s0005_L30_20240616T021950000_NDVI,NDVI,2024-06-16T02:19:50.000Z,1718504390000,L30,NASA/HLS/HLSL30/v002/T52TCT_20240616T021950,NASA/HLS/HLSL30/v002,B4,B5,Fmask,EPSG:32652,"[30,0,300000,0,-30,5300040]",false,false,false,false,(NIR-RED)/(NIR+RED); mask denominator=0; keep source masks,dimensionless; no further scale needed,exact_uint8_values_in_Float32,-9999,Float32,1.0
NE_SOY,2024-06,2024-06-01,2024-07-01,NE_SOY_HLS_2024-06_g2_NDVI_FMASK_v1.tif,12,s0005_L30_20240616T021950000_FMASK,FMASK,2024-06-16T02:19:50.000Z,1718504390000,L30,NASA/HLS/HLSL30/v002/T52TCT_20240616T021950,NASA/HLS/HLSL30/v002,B4,B5,Fmask,EPSG:32652,"[30,0,300000,0,-30,5300040]",false,false,false,false,(NIR-RED)/(NIR+RED); mask denominator=0; keep source masks,dimensionless; no further scale needed,exact_uint8_values_in_Float32,-9999,Float32,1.0
NE_SOY,2024-06,2024-06-01,2024-07-01,NE_SOY_HLS_2024-06_g2_NDVI_FMASK_v1.tif,13,s0006_S30_20240616T023529000_NDVI,NDVI,2024-06-16T02:35:29.000Z,1718505329000,S30,NASA/HLS/HLSS30/v002/T52TCT_20240616T023529,NASA/HLS/HLSS30/v002,B4,B8A,Fmask,EPSG:32652,"[30,0,300000,0,-30,5300040]",false,false,false,false,(NIR-RED)/(NIR+RED); mask denominator=0; keep source masks,dimensionless; no further scale needed,exact_uint8_values_in_Float32,-9999,Float32,1.0
NE_SOY,2024-06,2024-06-01,2024-07-01,NE_SOY_HLS_2024-06_g2_NDVI_FMASK_v1.tif,14,s0006_S30_20240616T023529000_FMASK,FMASK,2024-06-16T02:35:29.000Z,1718505329000,S30,NASA/HLS/HLSS30/v002/T52TCT_20240616T023529,NASA/HLS/HLSS30/v002,B4,B8A,Fmask,EPSG:32652,"[30,0,300000,0,-30,5300040]",false,false,false,false,(NIR-RED)/(NIR+RED); mask denominator=0; keep source masks,dimensionless; no further scale needed,exact_uint8_values_in_Float32,-9999,Float32,1.0
NE_SOY,2024-06,2024-06-01,2024-07-01,NE_SOY_HLS_2024-06_g2_NDVI_FMASK_v1.tif,15,s0007_S30_20240618T022551000_NDVI,NDVI,2024-06-18T02:25:51.000Z,1718677551000,S30,NASA/HLS/HLSS30/v002/T52TCT_20240618T022551,NASA/HLS/HLSS30/v002,B4,B8A,Fmask,EPSG:32652,"[30,0,300000,0,-30,5300040]",false,false,false,false,(NIR-RED)/(NIR+RED); mask denominator=0; keep source masks,dimensionless; no further scale needed,exact_uint8_values_in_Float32,-9999,Float32,1.0
NE_SOY,2024-06,2024-06-01,2024-07-01,NE_SOY_HLS_2024-06_g2_NDVI_FMASK_v1.tif,16,s0007_S30_20240618T022551000_FMASK,FMASK,2024-06-18T02:25:51.000Z,1718677551000,S30,NASA/HLS/HLSS30/v002/T52TCT_20240618T022551,NASA/HLS/HLSS30/v002,B4,B8A,Fmask,EPSG:32652,"[30,0,300000,0,-30,5300040]",false,false,false,false,(NIR-RED)/(NIR+RED); mask denominator=0; keep source masks,dimensionless; no further scale needed,exact_uint8_values_in_Float32,-9999,Float32,1.0
NE_SOY,2024-06,2024-06-01,2024-07-01,NE_SOY_HLS_2024-06_g2_NDVI_FMASK_v1.tif,17,s0008_S30_20240623T022539000_NDVI,NDVI,2024-06-23T02:25:39.000Z,1719109539000,S30,NASA/HLS/HLSS30/v002/T52TCT_20240623T022539,NASA/HLS/HLSS30/v002,B4,B8A,Fmask,EPSG:32652,"[30,0,300000,0,-30,5300040]",false,false,false,false,(NIR-RED)/(NIR+RED); mask denominator=0; keep source masks,dimensionless; no further scale needed,exact_uint8_values_in_Float32,-9999,Float32,1.0
NE_SOY,2024-06,2024-06-01,2024-07-01,NE_SOY_HLS_2024-06_g2_NDVI_FMASK_v1.tif,18,s0008_S30_20240623T022539000_FMASK,FMASK,2024-06-23T02:25:39.000Z,1719109539000,S30,NASA/HLS/HLSS30/v002/T52TCT_20240623T022539,NASA/HLS/HLSS30/v002,B4,B8A,Fmask,EPSG:32652,"[30,0,300000,0,-30,5300040]",false,false,false,false,(NIR-RED)/(NIR+RED); mask denominator=0; keep source masks,dimensionless; no further scale needed,exact_uint8_values_in_Float32,-9999,Float32,1.0
NE_SOY,2024-06,2024-06-01,2024-07-01,NE_SOY_HLS_2024-06_g2_NDVI_FMASK_v1.tif,19,s0009_L30_20240624T021953000_NDVI,NDVI,2024-06-24T02:19:53.000Z,1719195593000,L30,NASA/HLS/HLSL30/v002/T52TCT_20240624T021953,NASA/HLS/HLSL30/v002,B4,B5,Fmask,EPSG:32652,"[30,0,300000,0,-30,5300040]",false,false,false,false,(NIR-RED)/(NIR+RED); mask denominator=0; keep source masks,dimensionless; no further scale needed,exact_uint8_values_in_Float32,-9999,Float32,1.0
NE_SOY,2024-06,2024-06-01,2024-07-01,NE_SOY_HLS_2024-06_g2_NDVI_FMASK_v1.tif,20,s0009_L30_20240624T021953000_FMASK,FMASK,2024-06-24T02:19:53.000Z,1719195593000,L30,NASA/HLS/HLSL30/v002/T52TCT_20240624T021953,NASA/HLS/HLSL30/v002,B4,B5,Fmask,EPSG:32652,"[30,0,300000,0,-30,5300040]",false,false,false,false,(NIR-RED)/(NIR+RED); mask denominator=0; keep source masks,dimensionless; no further scale needed,exact_uint8_values_in_Float32,-9999,Float32,1.0
NE_SOY,2024-06,2024-06-01,2024-07-01,NE_SOY_HLS_2024-06_g2_NDVI_FMASK_v1.tif,21,s0010_S30_20240628T022551000_NDVI,NDVI,2024-06-28T02:25:51.000Z,1719541551000,S30,NASA/HLS/HLSS30/v002/T52TCT_20240628T022551,NASA/HLS/HLSS30/v002,B4,B8A,Fmask,EPSG:32652,"[30,0,300000,0,-30,5300040]",false,false,false,false,(NIR-RED)/(NIR+RED); mask denominator=0; keep source masks,dimensionless; no further scale needed,exact_uint8_values_in_Float32,-9999,Float32,1.0
NE_SOY,2024-06,2024-06-01,2024-07-01,NE_SOY_HLS_2024-06_g2_NDVI_FMASK_v1.tif,22,s0010_S30_20240628T022551000_FMASK,FMASK,2024-06-28T02:25:51.000Z,1719541551000,S30,NASA/HLS/HLSS30/v002/T52TCT_20240628T022551,NASA/HLS/HLSS30/v002,B4,B8A,Fmask,EPSG:32652,"[30,0,300000,0,-30,5300040]",false,false,false,false,(NIR-RED)/(NIR+RED); mask denominator=0; keep source masks,dimensionless; no further scale needed,exact_uint8_values_in_Float32,-9999,Float32,1.0
NE_SOY,2024-07,2024-07-01,2024-08-01,NE_SOY_HLS_2024-07_g1_NDVI_FMASK_v1.tif,1,s0000_S30_20240701T023531000_NDVI,NDVI,2024-07-01T02:35:31.000Z,1719801331000,S30,NASA/HLS/HLSS30/v002/T51TYN_20240701T023531,NASA/HLS/HLSS30/v002,B4,B8A,Fmask,EPSG:32651,"[30,0,699960,0,-30,5300040]",false,false,false,false,(NIR-RED)/(NIR+RED); mask denominator=0; keep source masks,dimensionless; no further scale needed,exact_uint8_values_in_Float32,-9999,Float32,1.0
NE_SOY,2024-07,2024-07-01,2024-08-01,NE_SOY_HLS_2024-07_g1_NDVI_FMASK_v1.tif,2,s0000_S30_20240701T023531000_FMASK,FMASK,2024-07-01T02:35:31.000Z,1719801331000,S30,NASA/HLS/HLSS30/v002/T51TYN_20240701T023531,NASA/HLS/HLSS30/v002,B4,B8A,Fmask,EPSG:32651,"[30,0,699960,0,-30,5300040]",false,false,false,false,(NIR-RED)/(NIR+RED); mask denominator=0; keep source masks,dimensionless; no further scale needed,exact_uint8_values_in_Float32,-9999,Float32,1.0
NE_SOY,2024-07,2024-07-01,2024-08-01,NE_SOY_HLS_2024-07_g1_NDVI_FMASK_v1.tif,3,s0001_L30_20240702T021949000_NDVI,NDVI,2024-07-02T02:19:49.000Z,1719886789000,L30,NASA/HLS/HLSL30/v002/T51TYN_20240702T021949,NASA/HLS/HLSL30/v002,B4,B5,Fmask,EPSG:32651,"[30,0,699960,0,-30,5300040]",false,false,false,false,(NIR-RED)/(NIR+RED); mask denominator=0; keep source masks,dimensionless; no further scale needed,exact_uint8_values_in_Float32,-9999,Float32,1.0
NE_SOY,2024-07,2024-07-01,2024-08-01,NE_SOY_HLS_2024-07_g1_NDVI_FMASK_v1.tif,4,s0001_L30_20240702T021949000_FMASK,FMASK,2024-07-02T02:19:49.000Z,1719886789000,L30,NASA/HLS/HLSL30/v002/T51TYN_20240702T021949,NASA/HLS/HLSL30/v002,B4,B5,Fmask,EPSG:32651,"[30,0,699960,0,-30,5300040]",false,false,false,false,(NIR-RED)/(NIR+RED); mask denominator=0; keep source masks,dimensionless; no further scale needed,exact_uint8_values_in_Float32,-9999,Float32,1.0
NE_SOY,2024-07,2024-07-01,2024-08-01,NE_SOY_HLS_2024-07_g1_NDVI_FMASK_v1.tif,5,s0002_S30_20240706T023529000_NDVI,NDVI,2024-07-06T02:35:29.000Z,1720233329000,S30,NASA/HLS/HLSS30/v002/T51TYN_20240706T023529,NASA/HLS/HLSS30/v002,B4,B8A,Fmask,EPSG:32651,"[30,0,699960,0,-30,5300040]",false,false,false,false,(NIR-RED)/(NIR+RED); mask denominator=0; keep source masks,dimensionless; no further scale needed,exact_uint8_values_in_Float32,-9999,Float32,1.0
NE_SOY,2024-07,2024-07-01,2024-08-01,NE_SOY_HLS_2024-07_g1_NDVI_FMASK_v1.tif,6,s0002_S30_20240706T023529000_FMASK,FMASK,2024-07-06T02:35:29.000Z,1720233329000,S30,NASA/HLS/HLSS30/v002/T51TYN_20240706T023529,NASA/HLS/HLSS30/v002,B4,B8A,Fmask,EPSG:32651,"[30,0,699960,0,-30,5300040]",false,false,false,false,(NIR-RED)/(NIR+RED); mask denominator=0; keep source masks,dimensionless; no further scale needed,exact_uint8_values_in_Float32,-9999,Float32,1.0
NE_SOY,2024-07,2024-07-01,2024-08-01,NE_SOY_HLS_2024-07_g1_NDVI_FMASK_v1.tif,7,s0003_S30_20240708T022551000_NDVI,NDVI,2024-07-08T02:25:51.000Z,1720405551000,S30,NASA/HLS/HLSS30/v002/T51TYN_20240708T022551,NASA/HLS/HLSS30/v002,B4,B8A,Fmask,EPSG:32651,"[30,0,699960,0,-30,5300040]",false,false,false,false,(NIR-RED)/(NIR+RED); mask denominator=0; keep source masks,dimensionless; no further scale needed,exact_uint8_values_in_Float32,-9999,Float32,1.0
NE_SOY,2024-07,2024-07-01,2024-08-01,NE_SOY_HLS_2024-07_g1_NDVI_FMASK_v1.tif,8,s0003_S30_20240708T022551000_FMASK,FMASK,2024-07-08T02:25:51.000Z,1720405551000,S30,NASA/HLS/HLSS30/v002/T51TYN_20240708T022551,NASA/HLS/HLSS30/v002,B4,B8A,Fmask,EPSG:32651,"[30,0,699960,0,-30,5300040]",false,false,false,false,(NIR-RED)/(NIR+RED); mask denominator=0; keep source masks,dimensionless; no further scale needed,exact_uint8_values_in_Float32,-9999,Float32,1.0
NE_SOY,2024-07,2024-07-01,2024-08-01,NE_SOY_HLS_2024-07_g1_NDVI_FMASK_v1.tif,9,s0004_L30_20240710T022000000_NDVI,NDVI,2024-07-10T02:20:00.000Z,1720578000000,L30,NASA/HLS/HLSL30/v002/T51TYN_20240710T022000,NASA/HLS/HLSL30/v002,B4,B5,Fmask,EPSG:32651,"[30,0,699960,0,-30,5300040]",false,false,false,false,(NIR-RED)/(NIR+RED); mask denominator=0; keep source masks,dimensionless; no further scale needed,exact_uint8_values_in_Float32,-9999,Float32,1.0
NE_SOY,2024-07,2024-07-01,2024-08-01,NE_SOY_HLS_2024-07_g1_NDVI_FMASK_v1.tif,10,s0004_L30_20240710T022000000_FMASK,FMASK,2024-07-10T02:20:00.000Z,1720578000000,L30,NASA/HLS/HLSL30/v002/T51TYN_20240710T022000,NASA/HLS/HLSL30/v002,B4,B5,Fmask,EPSG:32651,"[30,0,699960,0,-30,5300040]",false,false,false,false,(NIR-RED)/(NIR+RED); mask denominator=0; keep source masks,dimensionless; no further scale needed,exact_uint8_values_in_Float32,-9999,Float32,1.0
NE_SOY,2024-07,2024-07-01,2024-08-01,NE_SOY_HLS_2024-07_g1_NDVI_FMASK_v1.tif,11,s0005_S30_20240711T023531000_NDVI,NDVI,2024-07-11T02:35:31.000Z,1720665331000,S30,NASA/HLS/HLSS30/v002/T51TYN_20240711T023531,NASA/HLS/HLSS30/v002,B4,B8A,Fmask,EPSG:32651,"[30,0,699960,0,-30,5300040]",false,false,false,false,(NIR-RED)/(NIR+RED); mask denominator=0; keep source masks,dimensionless; no further scale needed,exact_uint8_values_in_Float32,-9999,Float32,1.0
NE_SOY,2024-07,2024-07-01,2024-08-01,NE_SOY_HLS_2024-07_g1_NDVI_FMASK_v1.tif,12,s0005_S30_20240711T023531000_FMASK,FMASK,2024-07-11T02:35:31.000Z,1720665331000,S30,NASA/HLS/HLSS30/v002/T51TYN_20240711T023531,NASA/HLS/HLSS30/v002,B4,B8A,Fmask,EPSG:32651,"[30,0,699960,0,-30,5300040]",false,false,false,false,(NIR-RED)/(NIR+RED); mask denominator=0; keep source masks,dimensionless; no further scale needed,exact_uint8_values_in_Float32,-9999,Float32,1.0
NE_SOY,2024-07,2024-07-01,2024-08-01,NE_SOY_HLS_2024-07_g1_NDVI_FMASK_v1.tif,13,s0006_S30_20240713T022529000_NDVI,NDVI,2024-07-13T02:25:29.000Z,1720837529000,S30,NASA/HLS/HLSS30/v002/T51TYN_20240713T022529,NASA/HLS/HLSS30/v002,B4,B8A,Fmask,EPSG:32651,"[30,0,699960,0,-30,5300040]",false,false,false,false,(NIR-RED)/(NIR+RED); mask denominator=0; keep source masks,dimensionless; no further scale needed,exact_uint8_values_in_Float32,-9999,Float32,1.0
NE_SOY,2024-07,2024-07-01,2024-08-01,NE_SOY_HLS_2024-07_g1_NDVI_FMASK_v1.tif,14,s0006_S30_20240713T022529000_FMASK,FMASK,2024-07-13T02:25:29.000Z,1720837529000,S30,NASA/HLS/HLSS30/v002/T51TYN_20240713T022529,NASA/HLS/HLSS30/v002,B4,B8A,Fmask,EPSG:32651,"[30,0,699960,0,-30,5300040]",false,false,false,false,(NIR-RED)/(NIR+RED); mask denominator=0; keep source masks,dimensionless; no further scale needed,exact_uint8_values_in_Float32,-9999,Float32,1.0
NE_SOY,2024-07,2024-07-01,2024-08-01,NE_SOY_HLS_2024-07_g1_NDVI_FMASK_v1.tif,15,s0007_S30_20240716T023529000_NDVI,NDVI,2024-07-16T02:35:29.000Z,1721097329000,S30,NASA/HLS/HLSS30/v002/T51TYN_20240716T023529,NASA/HLS/HLSS30/v002,B4,B8A,Fmask,EPSG:32651,"[30,0,699960,0,-30,5300040]",false,false,false,false,(NIR-RED)/(NIR+RED); mask denominator=0; keep source masks,dimensionless; no further scale needed,exact_uint8_values_in_Float32,-9999,Float32,1.0
NE_SOY,2024-07,2024-07-01,2024-08-01,NE_SOY_HLS_2024-07_g1_NDVI_FMASK_v1.tif,16,s0007_S30_20240716T023529000_FMASK,FMASK,2024-07-16T02:35:29.000Z,1721097329000,S30,NASA/HLS/HLSS30/v002/T51TYN_20240716T023529,NASA/HLS/HLSS30/v002,B4,B8A,Fmask,EPSG:32651,"[30,0,699960,0,-30,5300040]",false,false,false,false,(NIR-RED)/(NIR+RED); mask denominator=0; keep source masks,dimensionless; no further scale needed,exact_uint8_values_in_Float32,-9999,Float32,1.0
NE_SOY,2024-07,2024-07-01,2024-08-01,NE_SOY_HLS_2024-07_g1_NDVI_FMASK_v1.tif,17,s0008_L30_20240718T022004000_NDVI,NDVI,2024-07-18T02:20:04.000Z,1721269204000,L30,NASA/HLS/HLSL30/v002/T51TYN_20240718T022004,NASA/HLS/HLSL30/v002,B4,B5,Fmask,EPSG:32651,"[30,0,699960,0,-30,5300040]",false,false,false,false,(NIR-RED)/(NIR+RED); mask denominator=0; keep source masks,dimensionless; no further scale needed,exact_uint8_values_in_Float32,-9999,Float32,1.0
NE_SOY,2024-07,2024-07-01,2024-08-01,NE_SOY_HLS_2024-07_g1_NDVI_FMASK_v1.tif,18,s0008_L30_20240718T022004000_FMASK,FMASK,2024-07-18T02:20:04.000Z,1721269204000,L30,NASA/HLS/HLSL30/v002/T51TYN_20240718T022004,NASA/HLS/HLSL30/v002,B4,B5,Fmask,EPSG:32651,"[30,0,699960,0,-30,5300040]",false,false,false,false,(NIR-RED)/(NIR+RED); mask denominator=0; keep source masks,dimensionless; no further scale needed,exact_uint8_values_in_Float32,-9999,Float32,1.0
NE_SOY,2024-07,2024-07-01,2024-08-01,NE_SOY_HLS_2024-07_g1_NDVI_FMASK_v1.tif,19,s0009_S30_20240718T022551000_NDVI,NDVI,2024-07-18T02:25:51.000Z,1721269551000,S30,NASA/HLS/HLSS30/v002/T51TYN_20240718T022551,NASA/HLS/HLSS30/v002,B4,B8A,Fmask,EPSG:32651,"[30,0,699960,0,-30,5300040]",false,false,false,false,(NIR-RED)/(NIR+RED); mask denominator=0; keep source masks,dimensionless; no further scale needed,exact_uint8_values_in_Float32,-9999,Float32,1.0
NE_SOY,2024-07,2024-07-01,2024-08-01,NE_SOY_HLS_2024-07_g1_NDVI_FMASK_v1.tif,20,s0009_S30_20240718T022551000_FMASK,FMASK,2024-07-18T02:25:51.000Z,1721269551000,S30,NASA/HLS/HLSS30/v002/T51TYN_20240718T022551,NASA/HLS/HLSS30/v002,B4,B8A,Fmask,EPSG:32651,"[30,0,699960,0,-30,5300040]",false,false,false,false,(NIR-RED)/(NIR+RED); mask denominator=0; keep source masks,dimensionless; no further scale needed,exact_uint8_values_in_Float32,-9999,Float32,1.0
NE_SOY,2024-07,2024-07-01,2024-08-01,NE_SOY_HLS_2024-07_g1_NDVI_FMASK_v1.tif,21,s0010_S30_20240721T023551000_NDVI,NDVI,2024-07-21T02:35:51.000Z,1721529351000,S30,NASA/HLS/HLSS30/v002/T51TYN_20240721T023551,NASA/HLS/HLSS30/v002,B4,B8A,Fmask,EPSG:32651,"[30,0,699960,0,-30,5300040]",false,false,false,false,(NIR-RED)/(NIR+RED); mask denominator=0; keep source masks,dimensionless; no further scale needed,exact_uint8_values_in_Float32,-9999,Float32,1.0
NE_SOY,2024-07,2024-07-01,2024-08-01,NE_SOY_HLS_2024-07_g1_NDVI_FMASK_v1.tif,22,s0010_S30_20240721T023551000_FMASK,FMASK,2024-07-21T02:35:51.000Z,1721529351000,S30,NASA/HLS/HLSS30/v002/T51TYN_20240721T023551,NASA/HLS/HLSS30/v002,B4,B8A,Fmask,EPSG:32651,"[30,0,699960,0,-30,5300040]",false,false,false,false,(NIR-RED)/(NIR+RED); mask denominator=0; keep source masks,dimensionless; no further scale needed,exact_uint8_values_in_Float32,-9999,Float32,1.0
NE_SOY,2024-07,2024-07-01,2024-08-01,NE_SOY_HLS_2024-07_g1_NDVI_FMASK_v1.tif,23,s0011_S30_20240723T022539000_NDVI,NDVI,2024-07-23T02:25:39.000Z,1721701539000,S30,NASA/HLS/HLSS30/v002/T51TYN_20240723T022539,NASA/HLS/HLSS30/v002,B4,B8A,Fmask,EPSG:32651,"[30,0,699960,0,-30,5300040]",false,false,false,false,(NIR-RED)/(NIR+RED); mask denominator=0; keep source masks,dimensionless; no further scale needed,exact_uint8_values_in_Float32,-9999,Float32,1.0
NE_SOY,2024-07,2024-07-01,2024-08-01,NE_SOY_HLS_2024-07_g1_NDVI_FMASK_v1.tif,24,s0011_S30_20240723T022539000_FMASK,FMASK,2024-07-23T02:25:39.000Z,1721701539000,S30,NASA/HLS/HLSS30/v002/T51TYN_20240723T022539,NASA/HLS/HLSS30/v002,B4,B8A,Fmask,EPSG:32651,"[30,0,699960,0,-30,5300040]",false,false,false,false,(NIR-RED)/(NIR+RED); mask denominator=0; keep source masks,dimensionless; no further scale needed,exact_uint8_values_in_Float32,-9999,Float32,1.0
NE_SOY,2024-07,2024-07-01,2024-08-01,NE_SOY_HLS_2024-07_g1_NDVI_FMASK_v1.tif,25,s0012_L30_20240726T022014000_NDVI,NDVI,2024-07-26T02:20:14.000Z,1721960414000,L30,NASA/HLS/HLSL30/v002/T51TYN_20240726T022014,NASA/HLS/HLSL30/v002,B4,B5,Fmask,EPSG:32651,"[30,0,699960,0,-30,5300040]",false,false,false,false,(NIR-RED)/(NIR+RED); mask denominator=0; keep source masks,dimensionless; no further scale needed,exact_uint8_values_in_Float32,-9999,Float32,1.0
NE_SOY,2024-07,2024-07-01,2024-08-01,NE_SOY_HLS_2024-07_g1_NDVI_FMASK_v1.tif,26,s0012_L30_20240726T022014000_FMASK,FMASK,2024-07-26T02:20:14.000Z,1721960414000,L30,NASA/HLS/HLSL30/v002/T51TYN_20240726T022014,NASA/HLS/HLSL30/v002,B4,B5,Fmask,EPSG:32651,"[30,0,699960,0,-30,5300040]",false,false,false,false,(NIR-RED)/(NIR+RED); mask denominator=0; keep source masks,dimensionless; no further scale needed,exact_uint8_values_in_Float32,-9999,Float32,1.0
NE_SOY,2024-07,2024-07-01,2024-08-01,NE_SOY_HLS_2024-07_g1_NDVI_FMASK_v1.tif,27,s0013_S30_20240726T023529000_NDVI,NDVI,2024-07-26T02:35:29.000Z,1721961329000,S30,NASA/HLS/HLSS30/v002/T51TYN_20240726T023529,NASA/HLS/HLSS30/v002,B4,B8A,Fmask,EPSG:32651,"[30,0,699960,0,-30,5300040]",false,false,false,false,(NIR-RED)/(NIR+RED); mask denominator=0; keep source masks,dimensionless; no further scale needed,exact_uint8_values_in_Float32,-9999,Float32,1.0
NE_SOY,2024-07,2024-07-01,2024-08-01,NE_SOY_HLS_2024-07_g1_NDVI_FMASK_v1.tif,28,s0013_S30_20240726T023529000_FMASK,FMASK,2024-07-26T02:35:29.000Z,1721961329000,S30,NASA/HLS/HLSS30/v002/T51TYN_20240726T023529,NASA/HLS/HLSS30/v002,B4,B8A,Fmask,EPSG:32651,"[30,0,699960,0,-30,5300040]",false,false,false,false,(NIR-RED)/(NIR+RED); mask denominator=0; keep source masks,dimensionless; no further scale needed,exact_uint8_values_in_Float32,-9999,Float32,1.0
NE_SOY,2024-07,2024-07-01,2024-08-01,NE_SOY_HLS_2024-07_g1_NDVI_FMASK_v1.tif,29,s0014_S30_20240728T022531000_NDVI,NDVI,2024-07-28T02:25:31.000Z,1722133531000,S30,NASA/HLS/HLSS30/v002/T51TYN_20240728T022531,NASA/HLS/HLSS30/v002,B4,B8A,Fmask,EPSG:32651,"[30,0,699960,0,-30,5300040]",false,false,false,false,(NIR-RED)/(NIR+RED); mask denominator=0; keep source masks,dimensionless; no further scale needed,exact_uint8_values_in_Float32,-9999,Float32,1.0
NE_SOY,2024-07,2024-07-01,2024-08-01,NE_SOY_HLS_2024-07_g1_NDVI_FMASK_v1.tif,30,s0014_S30_20240728T022531000_FMASK,FMASK,2024-07-28T02:25:31.000Z,1722133531000,S30,NASA/HLS/HLSS30/v002/T51TYN_20240728T022531,NASA/HLS/HLSS30/v002,B4,B8A,Fmask,EPSG:32651,"[30,0,699960,0,-30,5300040]",false,false,false,false,(NIR-RED)/(NIR+RED); mask denominator=0; keep source masks,dimensionless; no further scale needed,exact_uint8_values_in_Float32,-9999,Float32,1.0
NE_SOY,2024-07,2024-07-01,2024-08-01,NE_SOY_HLS_2024-07_g2_NDVI_FMASK_v1.tif,1,s0000_S30_20240701T023531000_NDVI,NDVI,2024-07-01T02:35:31.000Z,1719801331000,S30,NASA/HLS/HLSS30/v002/T52TCT_20240701T023531,NASA/HLS/HLSS30/v002,B4,B8A,Fmask,EPSG:32652,"[30,0,300000,0,-30,5300040]",false,false,false,false,(NIR-RED)/(NIR+RED); mask denominator=0; keep source masks,dimensionless; no further scale needed,exact_uint8_values_in_Float32,-9999,Float32,1.0
NE_SOY,2024-07,2024-07-01,2024-08-01,NE_SOY_HLS_2024-07_g2_NDVI_FMASK_v1.tif,2,s0000_S30_20240701T023531000_FMASK,FMASK,2024-07-01T02:35:31.000Z,1719801331000,S30,NASA/HLS/HLSS30/v002/T52TCT_20240701T023531,NASA/HLS/HLSS30/v002,B4,B8A,Fmask,EPSG:32652,"[30,0,300000,0,-30,5300040]",false,false,false,false,(NIR-RED)/(NIR+RED); mask denominator=0; keep source masks,dimensionless; no further scale needed,exact_uint8_values_in_Float32,-9999,Float32,1.0
NE_SOY,2024-07,2024-07-01,2024-08-01,NE_SOY_HLS_2024-07_g2_NDVI_FMASK_v1.tif,3,s0001_L30_20240702T021949000_NDVI,NDVI,2024-07-02T02:19:49.000Z,1719886789000,L30,NASA/HLS/HLSL30/v002/T52TCT_20240702T021949,NASA/HLS/HLSL30/v002,B4,B5,Fmask,EPSG:32652,"[30,0,300000,0,-30,5300040]",false,false,false,false,(NIR-RED)/(NIR+RED); mask denominator=0; keep source masks,dimensionless; no further scale needed,exact_uint8_values_in_Float32,-9999,Float32,1.0
NE_SOY,2024-07,2024-07-01,2024-08-01,NE_SOY_HLS_2024-07_g2_NDVI_FMASK_v1.tif,4,s0001_L30_20240702T021949000_FMASK,FMASK,2024-07-02T02:19:49.000Z,1719886789000,L30,NASA/HLS/HLSL30/v002/T52TCT_20240702T021949,NASA/HLS/HLSL30/v002,B4,B5,Fmask,EPSG:32652,"[30,0,300000,0,-30,5300040]",false,false,false,false,(NIR-RED)/(NIR+RED); mask denominator=0; keep source masks,dimensionless; no further scale needed,exact_uint8_values_in_Float32,-9999,Float32,1.0
NE_SOY,2024-07,2024-07-01,2024-08-01,NE_SOY_HLS_2024-07_g2_NDVI_FMASK_v1.tif,5,s0002_S30_20240706T023529000_NDVI,NDVI,2024-07-06T02:35:29.000Z,1720233329000,S30,NASA/HLS/HLSS30/v002/T52TCT_20240706T023529,NASA/HLS/HLSS30/v002,B4,B8A,Fmask,EPSG:32652,"[30,0,300000,0,-30,5300040]",false,false,false,false,(NIR-RED)/(NIR+RED); mask denominator=0; keep source masks,dimensionless; no further scale needed,exact_uint8_values_in_Float32,-9999,Float32,1.0
NE_SOY,2024-07,2024-07-01,2024-08-01,NE_SOY_HLS_2024-07_g2_NDVI_FMASK_v1.tif,6,s0002_S30_20240706T023529000_FMASK,FMASK,2024-07-06T02:35:29.000Z,1720233329000,S30,NASA/HLS/HLSS30/v002/T52TCT_20240706T023529,NASA/HLS/HLSS30/v002,B4,B8A,Fmask,EPSG:32652,"[30,0,300000,0,-30,5300040]",false,false,false,false,(NIR-RED)/(NIR+RED); mask denominator=0; keep source masks,dimensionless; no further scale needed,exact_uint8_values_in_Float32,-9999,Float32,1.0
NE_SOY,2024-07,2024-07-01,2024-08-01,NE_SOY_HLS_2024-07_g2_NDVI_FMASK_v1.tif,7,s0003_S30_20240708T022551000_NDVI,NDVI,2024-07-08T02:25:51.000Z,1720405551000,S30,NASA/HLS/HLSS30/v002/T52TCT_20240708T022551,NASA/HLS/HLSS30/v002,B4,B8A,Fmask,EPSG:32652,"[30,0,300000,0,-30,5300040]",false,false,false,false,(NIR-RED)/(NIR+RED); mask denominator=0; keep source masks,dimensionless; no further scale needed,exact_uint8_values_in_Float32,-9999,Float32,1.0
NE_SOY,2024-07,2024-07-01,2024-08-01,NE_SOY_HLS_2024-07_g2_NDVI_FMASK_v1.tif,8,s0003_S30_20240708T022551000_FMASK,FMASK,2024-07-08T02:25:51.000Z,1720405551000,S30,NASA/HLS/HLSS30/v002/T52TCT_20240708T022551,NASA/HLS/HLSS30/v002,B4,B8A,Fmask,EPSG:32652,"[30,0,300000,0,-30,5300040]",false,false,false,false,(NIR-RED)/(NIR+RED); mask denominator=0; keep source masks,dimensionless; no further scale needed,exact_uint8_values_in_Float32,-9999,Float32,1.0
NE_SOY,2024-07,2024-07-01,2024-08-01,NE_SOY_HLS_2024-07_g2_NDVI_FMASK_v1.tif,9,s0004_L30_20240710T022000000_NDVI,NDVI,2024-07-10T02:20:00.000Z,1720578000000,L30,NASA/HLS/HLSL30/v002/T52TCT_20240710T022000,NASA/HLS/HLSL30/v002,B4,B5,Fmask,EPSG:32652,"[30,0,300000,0,-30,5300040]",false,false,false,false,(NIR-RED)/(NIR+RED); mask denominator=0; keep source masks,dimensionless; no further scale needed,exact_uint8_values_in_Float32,-9999,Float32,1.0
NE_SOY,2024-07,2024-07-01,2024-08-01,NE_SOY_HLS_2024-07_g2_NDVI_FMASK_v1.tif,10,s0004_L30_20240710T022000000_FMASK,FMASK,2024-07-10T02:20:00.000Z,1720578000000,L30,NASA/HLS/HLSL30/v002/T52TCT_20240710T022000,NASA/HLS/HLSL30/v002,B4,B5,Fmask,EPSG:32652,"[30,0,300000,0,-30,5300040]",false,false,false,false,(NIR-RED)/(NIR+RED); mask denominator=0; keep source masks,dimensionless; no further scale needed,exact_uint8_values_in_Float32,-9999,Float32,1.0
NE_SOY,2024-07,2024-07-01,2024-08-01,NE_SOY_HLS_2024-07_g2_NDVI_FMASK_v1.tif,11,s0005_S30_20240711T023531000_NDVI,NDVI,2024-07-11T02:35:31.000Z,1720665331000,S30,NASA/HLS/HLSS30/v002/T52TCT_20240711T023531,NASA/HLS/HLSS30/v002,B4,B8A,Fmask,EPSG:32652,"[30,0,300000,0,-30,5300040]",false,false,false,false,(NIR-RED)/(NIR+RED); mask denominator=0; keep source masks,dimensionless; no further scale needed,exact_uint8_values_in_Float32,-9999,Float32,1.0
NE_SOY,2024-07,2024-07-01,2024-08-01,NE_SOY_HLS_2024-07_g2_NDVI_FMASK_v1.tif,12,s0005_S30_20240711T023531000_FMASK,FMASK,2024-07-11T02:35:31.000Z,1720665331000,S30,NASA/HLS/HLSS30/v002/T52TCT_20240711T023531,NASA/HLS/HLSS30/v002,B4,B8A,Fmask,EPSG:32652,"[30,0,300000,0,-30,5300040]",false,false,false,false,(NIR-RED)/(NIR+RED); mask denominator=0; keep source masks,dimensionless; no further scale needed,exact_uint8_values_in_Float32,-9999,Float32,1.0
NE_SOY,2024-07,2024-07-01,2024-08-01,NE_SOY_HLS_2024-07_g2_NDVI_FMASK_v1.tif,13,s0006_S30_20240713T022529000_NDVI,NDVI,2024-07-13T02:25:29.000Z,1720837529000,S30,NASA/HLS/HLSS30/v002/T52TCT_20240713T022529,NASA/HLS/HLSS30/v002,B4,B8A,Fmask,EPSG:32652,"[30,0,300000,0,-30,5300040]",false,false,false,false,(NIR-RED)/(NIR+RED); mask denominator=0; keep source masks,dimensionless; no further scale needed,exact_uint8_values_in_Float32,-9999,Float32,1.0
NE_SOY,2024-07,2024-07-01,2024-08-01,NE_SOY_HLS_2024-07_g2_NDVI_FMASK_v1.tif,14,s0006_S30_20240713T022529000_FMASK,FMASK,2024-07-13T02:25:29.000Z,1720837529000,S30,NASA/HLS/HLSS30/v002/T52TCT_20240713T022529,NASA/HLS/HLSS30/v002,B4,B8A,Fmask,EPSG:32652,"[30,0,300000,0,-30,5300040]",false,false,false,false,(NIR-RED)/(NIR+RED); mask denominator=0; keep source masks,dimensionless; no further scale needed,exact_uint8_values_in_Float32,-9999,Float32,1.0
NE_SOY,2024-07,2024-07-01,2024-08-01,NE_SOY_HLS_2024-07_g2_NDVI_FMASK_v1.tif,15,s0007_S30_20240716T023529000_NDVI,NDVI,2024-07-16T02:35:29.000Z,1721097329000,S30,NASA/HLS/HLSS30/v002/T52TCT_20240716T023529,NASA/HLS/HLSS30/v002,B4,B8A,Fmask,EPSG:32652,"[30,0,300000,0,-30,5300040]",false,false,false,false,(NIR-RED)/(NIR+RED); mask denominator=0; keep source masks,dimensionless; no further scale needed,exact_uint8_values_in_Float32,-9999,Float32,1.0
NE_SOY,2024-07,2024-07-01,2024-08-01,NE_SOY_HLS_2024-07_g2_NDVI_FMASK_v1.tif,16,s0007_S30_20240716T023529000_FMASK,FMASK,2024-07-16T02:35:29.000Z,1721097329000,S30,NASA/HLS/HLSS30/v002/T52TCT_20240716T023529,NASA/HLS/HLSS30/v002,B4,B8A,Fmask,EPSG:32652,"[30,0,300000,0,-30,5300040]",false,false,false,false,(NIR-RED)/(NIR+RED); mask denominator=0; keep source masks,dimensionless; no further scale needed,exact_uint8_values_in_Float32,-9999,Float32,1.0
NE_SOY,2024-07,2024-07-01,2024-08-01,NE_SOY_HLS_2024-07_g2_NDVI_FMASK_v1.tif,17,s0008_L30_20240718T022004000_NDVI,NDVI,2024-07-18T02:20:04.000Z,1721269204000,L30,NASA/HLS/HLSL30/v002/T52TCT_20240718T022004,NASA/HLS/HLSL30/v002,B4,B5,Fmask,EPSG:32652,"[30,0,300000,0,-30,5300040]",false,false,false,false,(NIR-RED)/(NIR+RED); mask denominator=0; keep source masks,dimensionless; no further scale needed,exact_uint8_values_in_Float32,-9999,Float32,1.0
NE_SOY,2024-07,2024-07-01,2024-08-01,NE_SOY_HLS_2024-07_g2_NDVI_FMASK_v1.tif,18,s0008_L30_20240718T022004000_FMASK,FMASK,2024-07-18T02:20:04.000Z,1721269204000,L30,NASA/HLS/HLSL30/v002/T52TCT_20240718T022004,NASA/HLS/HLSL30/v002,B4,B5,Fmask,EPSG:32652,"[30,0,300000,0,-30,5300040]",false,false,false,false,(NIR-RED)/(NIR+RED); mask denominator=0; keep source masks,dimensionless; no further scale needed,exact_uint8_values_in_Float32,-9999,Float32,1.0
NE_SOY,2024-07,2024-07-01,2024-08-01,NE_SOY_HLS_2024-07_g2_NDVI_FMASK_v1.tif,19,s0009_S30_20240718T022551000_NDVI,NDVI,2024-07-18T02:25:51.000Z,1721269551000,S30,NASA/HLS/HLSS30/v002/T52TCT_20240718T022551,NASA/HLS/HLSS30/v002,B4,B8A,Fmask,EPSG:32652,"[30,0,300000,0,-30,5300040]",false,false,false,false,(NIR-RED)/(NIR+RED); mask denominator=0; keep source masks,dimensionless; no further scale needed,exact_uint8_values_in_Float32,-9999,Float32,1.0
NE_SOY,2024-07,2024-07-01,2024-08-01,NE_SOY_HLS_2024-07_g2_NDVI_FMASK_v1.tif,20,s0009_S30_20240718T022551000_FMASK,FMASK,2024-07-18T02:25:51.000Z,1721269551000,S30,NASA/HLS/HLSS30/v002/T52TCT_20240718T022551,NASA/HLS/HLSS30/v002,B4,B8A,Fmask,EPSG:32652,"[30,0,300000,0,-30,5300040]",false,false,false,false,(NIR-RED)/(NIR+RED); mask denominator=0; keep source masks,dimensionless; no further scale needed,exact_uint8_values_in_Float32,-9999,Float32,1.0
NE_SOY,2024-07,2024-07-01,2024-08-01,NE_SOY_HLS_2024-07_g2_NDVI_FMASK_v1.tif,21,s0010_S30_20240721T023551000_NDVI,NDVI,2024-07-21T02:35:51.000Z,1721529351000,S30,NASA/HLS/HLSS30/v002/T52TCT_20240721T023551,NASA/HLS/HLSS30/v002,B4,B8A,Fmask,EPSG:32652,"[30,0,300000,0,-30,5300040]",false,false,false,false,(NIR-RED)/(NIR+RED); mask denominator=0; keep source masks,dimensionless; no further scale needed,exact_uint8_values_in_Float32,-9999,Float32,1.0
NE_SOY,2024-07,2024-07-01,2024-08-01,NE_SOY_HLS_2024-07_g2_NDVI_FMASK_v1.tif,22,s0010_S30_20240721T023551000_FMASK,FMASK,2024-07-21T02:35:51.000Z,1721529351000,S30,NASA/HLS/HLSS30/v002/T52TCT_20240721T023551,NASA/HLS/HLSS30/v002,B4,B8A,Fmask,EPSG:32652,"[30,0,300000,0,-30,5300040]",false,false,false,false,(NIR-RED)/(NIR+RED); mask denominator=0; keep source masks,dimensionless; no further scale needed,exact_uint8_values_in_Float32,-9999,Float32,1.0
NE_SOY,2024-07,2024-07-01,2024-08-01,NE_SOY_HLS_2024-07_g2_NDVI_FMASK_v1.tif,23,s0011_S30_20240723T022539000_NDVI,NDVI,2024-07-23T02:25:39.000Z,1721701539000,S30,NASA/HLS/HLSS30/v002/T52TCT_20240723T022539,NASA/HLS/HLSS30/v002,B4,B8A,Fmask,EPSG:32652,"[30,0,300000,0,-30,5300040]",false,false,false,false,(NIR-RED)/(NIR+RED); mask denominator=0; keep source masks,dimensionless; no further scale needed,exact_uint8_values_in_Float32,-9999,Float32,1.0
NE_SOY,2024-07,2024-07-01,2024-08-01,NE_SOY_HLS_2024-07_g2_NDVI_FMASK_v1.tif,24,s0011_S30_20240723T022539000_FMASK,FMASK,2024-07-23T02:25:39.000Z,1721701539000,S30,NASA/HLS/HLSS30/v002/T52TCT_20240723T022539,NASA/HLS/HLSS30/v002,B4,B8A,Fmask,EPSG:32652,"[30,0,300000,0,-30,5300040]",false,false,false,false,(NIR-RED)/(NIR+RED); mask denominator=0; keep source masks,dimensionless; no further scale needed,exact_uint8_values_in_Float32,-9999,Float32,1.0
NE_SOY,2024-07,2024-07-01,2024-08-01,NE_SOY_HLS_2024-07_g2_NDVI_FMASK_v1.tif,25,s0012_L30_20240726T022014000_NDVI,NDVI,2024-07-26T02:20:14.000Z,1721960414000,L30,NASA/HLS/HLSL30/v002/T52TCT_20240726T022014,NASA/HLS/HLSL30/v002,B4,B5,Fmask,EPSG:32652,"[30,0,300000,0,-30,5300040]",false,false,false,false,(NIR-RED)/(NIR+RED); mask denominator=0; keep source masks,dimensionless; no further scale needed,exact_uint8_values_in_Float32,-9999,Float32,1.0
NE_SOY,2024-07,2024-07-01,2024-08-01,NE_SOY_HLS_2024-07_g2_NDVI_FMASK_v1.tif,26,s0012_L30_20240726T022014000_FMASK,FMASK,2024-07-26T02:20:14.000Z,1721960414000,L30,NASA/HLS/HLSL30/v002/T52TCT_20240726T022014,NASA/HLS/HLSL30/v002,B4,B5,Fmask,EPSG:32652,"[30,0,300000,0,-30,5300040]",false,false,false,false,(NIR-RED)/(NIR+RED); mask denominator=0; keep source masks,dimensionless; no further scale needed,exact_uint8_values_in_Float32,-9999,Float32,1.0
NE_SOY,2024-07,2024-07-01,2024-08-01,NE_SOY_HLS_2024-07_g2_NDVI_FMASK_v1.tif,27,s0013_S30_20240726T023529000_NDVI,NDVI,2024-07-26T02:35:29.000Z,1721961329000,S30,NASA/HLS/HLSS30/v002/T52TCT_20240726T023529,NASA/HLS/HLSS30/v002,B4,B8A,Fmask,EPSG:32652,"[30,0,300000,0,-30,5300040]",false,false,false,false,(NIR-RED)/(NIR+RED); mask denominator=0; keep source masks,dimensionless; no further scale needed,exact_uint8_values_in_Float32,-9999,Float32,1.0
NE_SOY,2024-07,2024-07-01,2024-08-01,NE_SOY_HLS_2024-07_g2_NDVI_FMASK_v1.tif,28,s0013_S30_20240726T023529000_FMASK,FMASK,2024-07-26T02:35:29.000Z,1721961329000,S30,NASA/HLS/HLSS30/v002/T52TCT_20240726T023529,NASA/HLS/HLSS30/v002,B4,B8A,Fmask,EPSG:32652,"[30,0,300000,0,-30,5300040]",false,false,false,false,(NIR-RED)/(NIR+RED); mask denominator=0; keep source masks,dimensionless; no further scale needed,exact_uint8_values_in_Float32,-9999,Float32,1.0
NE_SOY,2024-07,2024-07-01,2024-08-01,NE_SOY_HLS_2024-07_g2_NDVI_FMASK_v1.tif,29,s0014_S30_20240728T022531000_NDVI,NDVI,2024-07-28T02:25:31.000Z,1722133531000,S30,NASA/HLS/HLSS30/v002/T52TCT_20240728T022531,NASA/HLS/HLSS30/v002,B4,B8A,Fmask,EPSG:32652,"[30,0,300000,0,-30,5300040]",false,false,false,false,(NIR-RED)/(NIR+RED); mask denominator=0; keep source masks,dimensionless; no further scale needed,exact_uint8_values_in_Float32,-9999,Float32,1.0
NE_SOY,2024-07,2024-07-01,2024-08-01,NE_SOY_HLS_2024-07_g2_NDVI_FMASK_v1.tif,30,s0014_S30_20240728T022531000_FMASK,FMASK,2024-07-28T02:25:31.000Z,1722133531000,S30,NASA/HLS/HLSS30/v002/T52TCT_20240728T022531,NASA/HLS/HLSS30/v002,B4,B8A,Fmask,EPSG:32652,"[30,0,300000,0,-30,5300040]",false,false,false,false,(NIR-RED)/(NIR+RED); mask denominator=0; keep source masks,dimensionless; no further scale needed,exact_uint8_values_in_Float32,-9999,Float32,1.0
NE_SOY,2024-08,2024-08-01,2024-09-01,NE_SOY_HLS_2024-08_g1_NDVI_FMASK_v1.tif,1,s0000_L30_20240803T022008000_NDVI,NDVI,2024-08-03T02:20:08.000Z,1722651608000,L30,NASA/HLS/HLSL30/v002/T51TYN_20240803T022008,NASA/HLS/HLSL30/v002,B4,B5,Fmask,EPSG:32651,"[30,0,699960,0,-30,5300040]",false,false,false,false,(NIR-RED)/(NIR+RED); mask denominator=0; keep source masks,dimensionless; no further scale needed,exact_uint8_values_in_Float32,-9999,Float32,1.0
NE_SOY,2024-08,2024-08-01,2024-09-01,NE_SOY_HLS_2024-08_g1_NDVI_FMASK_v1.tif,2,s0000_L30_20240803T022008000_FMASK,FMASK,2024-08-03T02:20:08.000Z,1722651608000,L30,NASA/HLS/HLSL30/v002/T51TYN_20240803T022008,NASA/HLS/HLSL30/v002,B4,B5,Fmask,EPSG:32651,"[30,0,699960,0,-30,5300040]",false,false,false,false,(NIR-RED)/(NIR+RED); mask denominator=0; keep source masks,dimensionless; no further scale needed,exact_uint8_values_in_Float32,-9999,Float32,1.0
NE_SOY,2024-08,2024-08-01,2024-09-01,NE_SOY_HLS_2024-08_g1_NDVI_FMASK_v1.tif,3,s0001_S30_20240805T023529000_NDVI,NDVI,2024-08-05T02:35:29.000Z,1722825329000,S30,NASA/HLS/HLSS30/v002/T51TYN_20240805T023529,NASA/HLS/HLSS30/v002,B4,B8A,Fmask,EPSG:32651,"[30,0,699960,0,-30,5300040]",false,false,false,false,(NIR-RED)/(NIR+RED); mask denominator=0; keep source masks,dimensionless; no further scale needed,exact_uint8_values_in_Float32,-9999,Float32,1.0
NE_SOY,2024-08,2024-08-01,2024-09-01,NE_SOY_HLS_2024-08_g1_NDVI_FMASK_v1.tif,4,s0001_S30_20240805T023529000_FMASK,FMASK,2024-08-05T02:35:29.000Z,1722825329000,S30,NASA/HLS/HLSS30/v002/T51TYN_20240805T023529,NASA/HLS/HLSS30/v002,B4,B8A,Fmask,EPSG:32651,"[30,0,699960,0,-30,5300040]",false,false,false,false,(NIR-RED)/(NIR+RED); mask denominator=0; keep source masks,dimensionless; no further scale needed,exact_uint8_values_in_Float32,-9999,Float32,1.0
NE_SOY,2024-08,2024-08-01,2024-09-01,NE_SOY_HLS_2024-08_g1_NDVI_FMASK_v1.tif,5,s0002_S30_20240807T022551000_NDVI,NDVI,2024-08-07T02:25:51.000Z,1722997551000,S30,NASA/HLS/HLSS30/v002/T51TYN_20240807T022551,NASA/HLS/HLSS30/v002,B4,B8A,Fmask,EPSG:32651,"[30,0,699960,0,-30,5300040]",false,false,false,false,(NIR-RED)/(NIR+RED); mask denominator=0; keep source masks,dimensionless; no further scale needed,exact_uint8_values_in_Float32,-9999,Float32,1.0
NE_SOY,2024-08,2024-08-01,2024-09-01,NE_SOY_HLS_2024-08_g1_NDVI_FMASK_v1.tif,6,s0002_S30_20240807T022551000_FMASK,FMASK,2024-08-07T02:25:51.000Z,1722997551000,S30,NASA/HLS/HLSS30/v002/T51TYN_20240807T022551,NASA/HLS/HLSS30/v002,B4,B8A,Fmask,EPSG:32651,"[30,0,699960,0,-30,5300040]",false,false,false,false,(NIR-RED)/(NIR+RED); mask denominator=0; keep source masks,dimensionless; no further scale needed,exact_uint8_values_in_Float32,-9999,Float32,1.0
NE_SOY,2024-08,2024-08-01,2024-09-01,NE_SOY_HLS_2024-08_g1_NDVI_FMASK_v1.tif,7,s0003_S30_20240812T022539000_NDVI,NDVI,2024-08-12T02:25:39.000Z,1723429539000,S30,NASA/HLS/HLSS30/v002/T51TYN_20240812T022539,NASA/HLS/HLSS30/v002,B4,B8A,Fmask,EPSG:32651,"[30,0,699960,0,-30,5300040]",false,false,false,false,(NIR-RED)/(NIR+RED); mask denominator=0; keep source masks,dimensionless; no further scale needed,exact_uint8_values_in_Float32,-9999,Float32,1.0
NE_SOY,2024-08,2024-08-01,2024-09-01,NE_SOY_HLS_2024-08_g1_NDVI_FMASK_v1.tif,8,s0003_S30_20240812T022539000_FMASK,FMASK,2024-08-12T02:25:39.000Z,1723429539000,S30,NASA/HLS/HLSS30/v002/T51TYN_20240812T022539,NASA/HLS/HLSS30/v002,B4,B8A,Fmask,EPSG:32651,"[30,0,699960,0,-30,5300040]",false,false,false,false,(NIR-RED)/(NIR+RED); mask denominator=0; keep source masks,dimensionless; no further scale needed,exact_uint8_values_in_Float32,-9999,Float32,1.0
NE_SOY,2024-08,2024-08-01,2024-09-01,NE_SOY_HLS_2024-08_g1_NDVI_FMASK_v1.tif,9,s0004_S30_20240815T023529000_NDVI,NDVI,2024-08-15T02:35:29.000Z,1723689329000,S30,NASA/HLS/HLSS30/v002/T51TYN_20240815T023529,NASA/HLS/HLSS30/v002,B4,B8A,Fmask,EPSG:32651,"[30,0,699960,0,-30,5300040]",false,false,false,false,(NIR-RED)/(NIR+RED); mask denominator=0; keep source masks,dimensionless; no further scale needed,exact_uint8_values_in_Float32,-9999,Float32,1.0
NE_SOY,2024-08,2024-08-01,2024-09-01,NE_SOY_HLS_2024-08_g1_NDVI_FMASK_v1.tif,10,s0004_S30_20240815T023529000_FMASK,FMASK,2024-08-15T02:35:29.000Z,1723689329000,S30,NASA/HLS/HLSS30/v002/T51TYN_20240815T023529,NASA/HLS/HLSS30/v002,B4,B8A,Fmask,EPSG:32651,"[30,0,699960,0,-30,5300040]",false,false,false,false,(NIR-RED)/(NIR+RED); mask denominator=0; keep source masks,dimensionless; no further scale needed,exact_uint8_values_in_Float32,-9999,Float32,1.0
NE_SOY,2024-08,2024-08-01,2024-09-01,NE_SOY_HLS_2024-08_g1_NDVI_FMASK_v1.tif,11,s0005_S30_20240817T022551000_NDVI,NDVI,2024-08-17T02:25:51.000Z,1723861551000,S30,NASA/HLS/HLSS30/v002/T51TYN_20240817T022551,NASA/HLS/HLSS30/v002,B4,B8A,Fmask,EPSG:32651,"[30,0,699960,0,-30,5300040]",false,false,false,false,(NIR-RED)/(NIR+RED); mask denominator=0; keep source masks,dimensionless; no further scale needed,exact_uint8_values_in_Float32,-9999,Float32,1.0
NE_SOY,2024-08,2024-08-01,2024-09-01,NE_SOY_HLS_2024-08_g1_NDVI_FMASK_v1.tif,12,s0005_S30_20240817T022551000_FMASK,FMASK,2024-08-17T02:25:51.000Z,1723861551000,S30,NASA/HLS/HLSS30/v002/T51TYN_20240817T022551,NASA/HLS/HLSS30/v002,B4,B8A,Fmask,EPSG:32651,"[30,0,699960,0,-30,5300040]",false,false,false,false,(NIR-RED)/(NIR+RED); mask denominator=0; keep source masks,dimensionless; no further scale needed,exact_uint8_values_in_Float32,-9999,Float32,1.0
NE_SOY,2024-08,2024-08-01,2024-09-01,NE_SOY_HLS_2024-08_g1_NDVI_FMASK_v1.tif,13,s0006_S30_20240820T023551000_NDVI,NDVI,2024-08-20T02:35:51.000Z,1724121351000,S30,NASA/HLS/HLSS30/v002/T51TYN_20240820T023551,NASA/HLS/HLSS30/v002,B4,B8A,Fmask,EPSG:32651,"[30,0,699960,0,-30,5300040]",false,false,false,false,(NIR-RED)/(NIR+RED); mask denominator=0; keep source masks,dimensionless; no further scale needed,exact_uint8_values_in_Float32,-9999,Float32,1.0
NE_SOY,2024-08,2024-08-01,2024-09-01,NE_SOY_HLS_2024-08_g1_NDVI_FMASK_v1.tif,14,s0006_S30_20240820T023551000_FMASK,FMASK,2024-08-20T02:35:51.000Z,1724121351000,S30,NASA/HLS/HLSS30/v002/T51TYN_20240820T023551,NASA/HLS/HLSS30/v002,B4,B8A,Fmask,EPSG:32651,"[30,0,699960,0,-30,5300040]",false,false,false,false,(NIR-RED)/(NIR+RED); mask denominator=0; keep source masks,dimensionless; no further scale needed,exact_uint8_values_in_Float32,-9999,Float32,1.0
NE_SOY,2024-08,2024-08-01,2024-09-01,NE_SOY_HLS_2024-08_g1_NDVI_FMASK_v1.tif,15,s0007_S30_20240825T023529000_NDVI,NDVI,2024-08-25T02:35:29.000Z,1724553329000,S30,NASA/HLS/HLSS30/v002/T51TYN_20240825T023529,NASA/HLS/HLSS30/v002,B4,B8A,Fmask,EPSG:32651,"[30,0,699960,0,-30,5300040]",false,false,false,false,(NIR-RED)/(NIR+RED); mask denominator=0; keep source masks,dimensionless; no further scale needed,exact_uint8_values_in_Float32,-9999,Float32,1.0
NE_SOY,2024-08,2024-08-01,2024-09-01,NE_SOY_HLS_2024-08_g1_NDVI_FMASK_v1.tif,16,s0007_S30_20240825T023529000_FMASK,FMASK,2024-08-25T02:35:29.000Z,1724553329000,S30,NASA/HLS/HLSS30/v002/T51TYN_20240825T023529,NASA/HLS/HLSS30/v002,B4,B8A,Fmask,EPSG:32651,"[30,0,699960,0,-30,5300040]",false,false,false,false,(NIR-RED)/(NIR+RED); mask denominator=0; keep source masks,dimensionless; no further scale needed,exact_uint8_values_in_Float32,-9999,Float32,1.0
NE_SOY,2024-08,2024-08-01,2024-09-01,NE_SOY_HLS_2024-08_g1_NDVI_FMASK_v1.tif,17,s0008_L30_20240827T022022000_NDVI,NDVI,2024-08-27T02:20:22.000Z,1724725222000,L30,NASA/HLS/HLSL30/v002/T51TYN_20240827T022022,NASA/HLS/HLSL30/v002,B4,B5,Fmask,EPSG:32651,"[30,0,699960,0,-30,5300040]",false,false,false,false,(NIR-RED)/(NIR+RED); mask denominator=0; keep source masks,dimensionless; no further scale needed,exact_uint8_values_in_Float32,-9999,Float32,1.0
NE_SOY,2024-08,2024-08-01,2024-09-01,NE_SOY_HLS_2024-08_g1_NDVI_FMASK_v1.tif,18,s0008_L30_20240827T022022000_FMASK,FMASK,2024-08-27T02:20:22.000Z,1724725222000,L30,NASA/HLS/HLSL30/v002/T51TYN_20240827T022022,NASA/HLS/HLSL30/v002,B4,B5,Fmask,EPSG:32651,"[30,0,699960,0,-30,5300040]",false,false,false,false,(NIR-RED)/(NIR+RED); mask denominator=0; keep source masks,dimensionless; no further scale needed,exact_uint8_values_in_Float32,-9999,Float32,1.0
NE_SOY,2024-08,2024-08-01,2024-09-01,NE_SOY_HLS_2024-08_g1_NDVI_FMASK_v1.tif,19,s0009_S30_20240827T022531000_NDVI,NDVI,2024-08-27T02:25:31.000Z,1724725531000,S30,NASA/HLS/HLSS30/v002/T51TYN_20240827T022531,NASA/HLS/HLSS30/v002,B4,B8A,Fmask,EPSG:32651,"[30,0,699960,0,-30,5300040]",false,false,false,false,(NIR-RED)/(NIR+RED); mask denominator=0; keep source masks,dimensionless; no further scale needed,exact_uint8_values_in_Float32,-9999,Float32,1.0
NE_SOY,2024-08,2024-08-01,2024-09-01,NE_SOY_HLS_2024-08_g1_NDVI_FMASK_v1.tif,20,s0009_S30_20240827T022531000_FMASK,FMASK,2024-08-27T02:25:31.000Z,1724725531000,S30,NASA/HLS/HLSS30/v002/T51TYN_20240827T022531,NASA/HLS/HLSS30/v002,B4,B8A,Fmask,EPSG:32651,"[30,0,699960,0,-30,5300040]",false,false,false,false,(NIR-RED)/(NIR+RED); mask denominator=0; keep source masks,dimensionless; no further scale needed,exact_uint8_values_in_Float32,-9999,Float32,1.0
NE_SOY,2024-08,2024-08-01,2024-09-01,NE_SOY_HLS_2024-08_g2_NDVI_FMASK_v1.tif,1,s0000_L30_20240803T022008000_NDVI,NDVI,2024-08-03T02:20:08.000Z,1722651608000,L30,NASA/HLS/HLSL30/v002/T52TCT_20240803T022008,NASA/HLS/HLSL30/v002,B4,B5,Fmask,EPSG:32652,"[30,0,300000,0,-30,5300040]",false,false,false,false,(NIR-RED)/(NIR+RED); mask denominator=0; keep source masks,dimensionless; no further scale needed,exact_uint8_values_in_Float32,-9999,Float32,1.0
NE_SOY,2024-08,2024-08-01,2024-09-01,NE_SOY_HLS_2024-08_g2_NDVI_FMASK_v1.tif,2,s0000_L30_20240803T022008000_FMASK,FMASK,2024-08-03T02:20:08.000Z,1722651608000,L30,NASA/HLS/HLSL30/v002/T52TCT_20240803T022008,NASA/HLS/HLSL30/v002,B4,B5,Fmask,EPSG:32652,"[30,0,300000,0,-30,5300040]",false,false,false,false,(NIR-RED)/(NIR+RED); mask denominator=0; keep source masks,dimensionless; no further scale needed,exact_uint8_values_in_Float32,-9999,Float32,1.0
NE_SOY,2024-08,2024-08-01,2024-09-01,NE_SOY_HLS_2024-08_g2_NDVI_FMASK_v1.tif,3,s0001_S30_20240807T022551000_NDVI,NDVI,2024-08-07T02:25:51.000Z,1722997551000,S30,NASA/HLS/HLSS30/v002/T52TCT_20240807T022551,NASA/HLS/HLSS30/v002,B4,B8A,Fmask,EPSG:32652,"[30,0,300000,0,-30,5300040]",false,false,false,false,(NIR-RED)/(NIR+RED); mask denominator=0; keep source masks,dimensionless; no further scale needed,exact_uint8_values_in_Float32,-9999,Float32,1.0
NE_SOY,2024-08,2024-08-01,2024-09-01,NE_SOY_HLS_2024-08_g2_NDVI_FMASK_v1.tif,4,s0001_S30_20240807T022551000_FMASK,FMASK,2024-08-07T02:25:51.000Z,1722997551000,S30,NASA/HLS/HLSS30/v002/T52TCT_20240807T022551,NASA/HLS/HLSS30/v002,B4,B8A,Fmask,EPSG:32652,"[30,0,300000,0,-30,5300040]",false,false,false,false,(NIR-RED)/(NIR+RED); mask denominator=0; keep source masks,dimensionless; no further scale needed,exact_uint8_values_in_Float32,-9999,Float32,1.0
NE_SOY,2024-08,2024-08-01,2024-09-01,NE_SOY_HLS_2024-08_g2_NDVI_FMASK_v1.tif,5,s0002_S30_20240812T022539000_NDVI,NDVI,2024-08-12T02:25:39.000Z,1723429539000,S30,NASA/HLS/HLSS30/v002/T52TCT_20240812T022539,NASA/HLS/HLSS30/v002,B4,B8A,Fmask,EPSG:32652,"[30,0,300000,0,-30,5300040]",false,false,false,false,(NIR-RED)/(NIR+RED); mask denominator=0; keep source masks,dimensionless; no further scale needed,exact_uint8_values_in_Float32,-9999,Float32,1.0
NE_SOY,2024-08,2024-08-01,2024-09-01,NE_SOY_HLS_2024-08_g2_NDVI_FMASK_v1.tif,6,s0002_S30_20240812T022539000_FMASK,FMASK,2024-08-12T02:25:39.000Z,1723429539000,S30,NASA/HLS/HLSS30/v002/T52TCT_20240812T022539,NASA/HLS/HLSS30/v002,B4,B8A,Fmask,EPSG:32652,"[30,0,300000,0,-30,5300040]",false,false,false,false,(NIR-RED)/(NIR+RED); mask denominator=0; keep source masks,dimensionless; no further scale needed,exact_uint8_values_in_Float32,-9999,Float32,1.0
NE_SOY,2024-08,2024-08-01,2024-09-01,NE_SOY_HLS_2024-08_g2_NDVI_FMASK_v1.tif,7,s0003_S30_20240815T023529000_NDVI,NDVI,2024-08-15T02:35:29.000Z,1723689329000,S30,NASA/HLS/HLSS30/v002/T52TCT_20240815T023529,NASA/HLS/HLSS30/v002,B4,B8A,Fmask,EPSG:32652,"[30,0,300000,0,-30,5300040]",false,false,false,false,(NIR-RED)/(NIR+RED); mask denominator=0; keep source masks,dimensionless; no further scale needed,exact_uint8_values_in_Float32,-9999,Float32,1.0
NE_SOY,2024-08,2024-08-01,2024-09-01,NE_SOY_HLS_2024-08_g2_NDVI_FMASK_v1.tif,8,s0003_S30_20240815T023529000_FMASK,FMASK,2024-08-15T02:35:29.000Z,1723689329000,S30,NASA/HLS/HLSS30/v002/T52TCT_20240815T023529,NASA/HLS/HLSS30/v002,B4,B8A,Fmask,EPSG:32652,"[30,0,300000,0,-30,5300040]",false,false,false,false,(NIR-RED)/(NIR+RED); mask denominator=0; keep source masks,dimensionless; no further scale needed,exact_uint8_values_in_Float32,-9999,Float32,1.0
NE_SOY,2024-08,2024-08-01,2024-09-01,NE_SOY_HLS_2024-08_g2_NDVI_FMASK_v1.tif,9,s0004_S30_20240817T022551000_NDVI,NDVI,2024-08-17T02:25:51.000Z,1723861551000,S30,NASA/HLS/HLSS30/v002/T52TCT_20240817T022551,NASA/HLS/HLSS30/v002,B4,B8A,Fmask,EPSG:32652,"[30,0,300000,0,-30,5300040]",false,false,false,false,(NIR-RED)/(NIR+RED); mask denominator=0; keep source masks,dimensionless; no further scale needed,exact_uint8_values_in_Float32,-9999,Float32,1.0
NE_SOY,2024-08,2024-08-01,2024-09-01,NE_SOY_HLS_2024-08_g2_NDVI_FMASK_v1.tif,10,s0004_S30_20240817T022551000_FMASK,FMASK,2024-08-17T02:25:51.000Z,1723861551000,S30,NASA/HLS/HLSS30/v002/T52TCT_20240817T022551,NASA/HLS/HLSS30/v002,B4,B8A,Fmask,EPSG:32652,"[30,0,300000,0,-30,5300040]",false,false,false,false,(NIR-RED)/(NIR+RED); mask denominator=0; keep source masks,dimensionless; no further scale needed,exact_uint8_values_in_Float32,-9999,Float32,1.0
NE_SOY,2024-08,2024-08-01,2024-09-01,NE_SOY_HLS_2024-08_g2_NDVI_FMASK_v1.tif,11,s0005_S30_20240820T023551000_NDVI,NDVI,2024-08-20T02:35:51.000Z,1724121351000,S30,NASA/HLS/HLSS30/v002/T52TCT_20240820T023551,NASA/HLS/HLSS30/v002,B4,B8A,Fmask,EPSG:32652,"[30,0,300000,0,-30,5300040]",false,false,false,false,(NIR-RED)/(NIR+RED); mask denominator=0; keep source masks,dimensionless; no further scale needed,exact_uint8_values_in_Float32,-9999,Float32,1.0
NE_SOY,2024-08,2024-08-01,2024-09-01,NE_SOY_HLS_2024-08_g2_NDVI_FMASK_v1.tif,12,s0005_S30_20240820T023551000_FMASK,FMASK,2024-08-20T02:35:51.000Z,1724121351000,S30,NASA/HLS/HLSS30/v002/T52TCT_20240820T023551,NASA/HLS/HLSS30/v002,B4,B8A,Fmask,EPSG:32652,"[30,0,300000,0,-30,5300040]",false,false,false,false,(NIR-RED)/(NIR+RED); mask denominator=0; keep source masks,dimensionless; no further scale needed,exact_uint8_values_in_Float32,-9999,Float32,1.0
NE_SOY,2024-08,2024-08-01,2024-09-01,NE_SOY_HLS_2024-08_g2_NDVI_FMASK_v1.tif,13,s0006_S30_20240825T023529000_NDVI,NDVI,2024-08-25T02:35:29.000Z,1724553329000,S30,NASA/HLS/HLSS30/v002/T52TCT_20240825T023529,NASA/HLS/HLSS30/v002,B4,B8A,Fmask,EPSG:32652,"[30,0,300000,0,-30,5300040]",false,false,false,false,(NIR-RED)/(NIR+RED); mask denominator=0; keep source masks,dimensionless; no further scale needed,exact_uint8_values_in_Float32,-9999,Float32,1.0
NE_SOY,2024-08,2024-08-01,2024-09-01,NE_SOY_HLS_2024-08_g2_NDVI_FMASK_v1.tif,14,s0006_S30_20240825T023529000_FMASK,FMASK,2024-08-25T02:35:29.000Z,1724553329000,S30,NASA/HLS/HLSS30/v002/T52TCT_20240825T023529,NASA/HLS/HLSS30/v002,B4,B8A,Fmask,EPSG:32652,"[30,0,300000,0,-30,5300040]",false,false,false,false,(NIR-RED)/(NIR+RED); mask denominator=0; keep source masks,dimensionless; no further scale needed,exact_uint8_values_in_Float32,-9999,Float32,1.0
NE_SOY,2024-08,2024-08-01,2024-09-01,NE_SOY_HLS_2024-08_g2_NDVI_FMASK_v1.tif,15,s0007_L30_20240827T022022000_NDVI,NDVI,2024-08-27T02:20:22.000Z,1724725222000,L30,NASA/HLS/HLSL30/v002/T52TCT_20240827T022022,NASA/HLS/HLSL30/v002,B4,B5,Fmask,EPSG:32652,"[30,0,300000,0,-30,5300040]",false,false,false,false,(NIR-RED)/(NIR+RED); mask denominator=0; keep source masks,dimensionless; no further scale needed,exact_uint8_values_in_Float32,-9999,Float32,1.0
NE_SOY,2024-08,2024-08-01,2024-09-01,NE_SOY_HLS_2024-08_g2_NDVI_FMASK_v1.tif,16,s0007_L30_20240827T022022000_FMASK,FMASK,2024-08-27T02:20:22.000Z,1724725222000,L30,NASA/HLS/HLSL30/v002/T52TCT_20240827T022022,NASA/HLS/HLSL30/v002,B4,B5,Fmask,EPSG:32652,"[30,0,300000,0,-30,5300040]",false,false,false,false,(NIR-RED)/(NIR+RED); mask denominator=0; keep source masks,dimensionless; no further scale needed,exact_uint8_values_in_Float32,-9999,Float32,1.0
NE_SOY,2024-08,2024-08-01,2024-09-01,NE_SOY_HLS_2024-08_g2_NDVI_FMASK_v1.tif,17,s0008_S30_20240827T022531000_NDVI,NDVI,2024-08-27T02:25:31.000Z,1724725531000,S30,NASA/HLS/HLSS30/v002/T52TCT_20240827T022531,NASA/HLS/HLSS30/v002,B4,B8A,Fmask,EPSG:32652,"[30,0,300000,0,-30,5300040]",false,false,false,false,(NIR-RED)/(NIR+RED); mask denominator=0; keep source masks,dimensionless; no further scale needed,exact_uint8_values_in_Float32,-9999,Float32,1.0
NE_SOY,2024-08,2024-08-01,2024-09-01,NE_SOY_HLS_2024-08_g2_NDVI_FMASK_v1.tif,18,s0008_S30_20240827T022531000_FMASK,FMASK,2024-08-27T02:25:31.000Z,1724725531000,S30,NASA/HLS/HLSS30/v002/T52TCT_20240827T022531,NASA/HLS/HLSS30/v002,B4,B8A,Fmask,EPSG:32652,"[30,0,300000,0,-30,5300040]",false,false,false,false,(NIR-RED)/(NIR+RED); mask denominator=0; keep source masks,dimensionless; no further scale needed,exact_uint8_values_in_Float32,-9999,Float32,1.0
NE_SOY,2024-09,2024-09-01,2024-10-01,NE_SOY_HLS_2024-09_g1_NDVI_FMASK_v1.tif,1,s0000_L30_20240904T022020000_NDVI,NDVI,2024-09-04T02:20:20.000Z,1725416420000,L30,NASA/HLS/HLSL30/v002/T51TYN_20240904T022020,NASA/HLS/HLSL30/v002,B4,B5,Fmask,EPSG:32651,"[30,0,699960,0,-30,5300040]",false,false,false,false,(NIR-RED)/(NIR+RED); mask denominator=0; keep source masks,dimensionless; no further scale needed,exact_uint8_values_in_Float32,-9999,Float32,1.0
NE_SOY,2024-09,2024-09-01,2024-10-01,NE_SOY_HLS_2024-09_g1_NDVI_FMASK_v1.tif,2,s0000_L30_20240904T022020000_FMASK,FMASK,2024-09-04T02:20:20.000Z,1725416420000,L30,NASA/HLS/HLSL30/v002/T51TYN_20240904T022020,NASA/HLS/HLSL30/v002,B4,B5,Fmask,EPSG:32651,"[30,0,699960,0,-30,5300040]",false,false,false,false,(NIR-RED)/(NIR+RED); mask denominator=0; keep source masks,dimensionless; no further scale needed,exact_uint8_values_in_Float32,-9999,Float32,1.0
NE_SOY,2024-09,2024-09-01,2024-10-01,NE_SOY_HLS_2024-09_g1_NDVI_FMASK_v1.tif,3,s0001_S30_20240904T023529000_NDVI,NDVI,2024-09-04T02:35:29.000Z,1725417329000,S30,NASA/HLS/HLSS30/v002/T51TYN_20240904T023529,NASA/HLS/HLSS30/v002,B4,B8A,Fmask,EPSG:32651,"[30,0,699960,0,-30,5300040]",false,false,false,false,(NIR-RED)/(NIR+RED); mask denominator=0; keep source masks,dimensionless; no further scale needed,exact_uint8_values_in_Float32,-9999,Float32,1.0
NE_SOY,2024-09,2024-09-01,2024-10-01,NE_SOY_HLS_2024-09_g1_NDVI_FMASK_v1.tif,4,s0001_S30_20240904T023529000_FMASK,FMASK,2024-09-04T02:35:29.000Z,1725417329000,S30,NASA/HLS/HLSS30/v002/T51TYN_20240904T023529,NASA/HLS/HLSS30/v002,B4,B8A,Fmask,EPSG:32651,"[30,0,699960,0,-30,5300040]",false,false,false,false,(NIR-RED)/(NIR+RED); mask denominator=0; keep source masks,dimensionless; no further scale needed,exact_uint8_values_in_Float32,-9999,Float32,1.0
NE_SOY,2024-09,2024-09-01,2024-10-01,NE_SOY_HLS_2024-09_g1_NDVI_FMASK_v1.tif,5,s0002_S30_20240906T022531000_NDVI,NDVI,2024-09-06T02:25:31.000Z,1725589531000,S30,NASA/HLS/HLSS30/v002/T51TYN_20240906T022531,NASA/HLS/HLSS30/v002,B4,B8A,Fmask,EPSG:32651,"[30,0,699960,0,-30,5300040]",false,false,false,false,(NIR-RED)/(NIR+RED); mask denominator=0; keep source masks,dimensionless; no further scale needed,exact_uint8_values_in_Float32,-9999,Float32,1.0
NE_SOY,2024-09,2024-09-01,2024-10-01,NE_SOY_HLS_2024-09_g1_NDVI_FMASK_v1.tif,6,s0002_S30_20240906T022531000_FMASK,FMASK,2024-09-06T02:25:31.000Z,1725589531000,S30,NASA/HLS/HLSS30/v002/T51TYN_20240906T022531,NASA/HLS/HLSS30/v002,B4,B8A,Fmask,EPSG:32651,"[30,0,699960,0,-30,5300040]",false,false,false,false,(NIR-RED)/(NIR+RED); mask denominator=0; keep source masks,dimensionless; no further scale needed,exact_uint8_values_in_Float32,-9999,Float32,1.0
NE_SOY,2024-09,2024-09-01,2024-10-01,NE_SOY_HLS_2024-09_g1_NDVI_FMASK_v1.tif,7,s0003_S30_20240909T023531000_NDVI,NDVI,2024-09-09T02:35:31.000Z,1725849331000,S30,NASA/HLS/HLSS30/v002/T51TYN_20240909T023531,NASA/HLS/HLSS30/v002,B4,B8A,Fmask,EPSG:32651,"[30,0,699960,0,-30,5300040]",false,false,false,false,(NIR-RED)/(NIR+RED); mask denominator=0; keep source masks,dimensionless; no further scale needed,exact_uint8_values_in_Float32,-9999,Float32,1.0
NE_SOY,2024-09,2024-09-01,2024-10-01,NE_SOY_HLS_2024-09_g1_NDVI_FMASK_v1.tif,8,s0003_S30_20240909T023531000_FMASK,FMASK,2024-09-09T02:35:31.000Z,1725849331000,S30,NASA/HLS/HLSS30/v002/T51TYN_20240909T023531,NASA/HLS/HLSS30/v002,B4,B8A,Fmask,EPSG:32651,"[30,0,699960,0,-30,5300040]",false,false,false,false,(NIR-RED)/(NIR+RED); mask denominator=0; keep source masks,dimensionless; no further scale needed,exact_uint8_values_in_Float32,-9999,Float32,1.0
NE_SOY,2024-09,2024-09-01,2024-10-01,NE_SOY_HLS_2024-09_g1_NDVI_FMASK_v1.tif,9,s0004_S30_20240911T022529000_NDVI,NDVI,2024-09-11T02:25:29.000Z,1726021529000,S30,NASA/HLS/HLSS30/v002/T51TYN_20240911T022529,NASA/HLS/HLSS30/v002,B4,B8A,Fmask,EPSG:32651,"[30,0,699960,0,-30,5300040]",false,false,false,false,(NIR-RED)/(NIR+RED); mask denominator=0; keep source masks,dimensionless; no further scale needed,exact_uint8_values_in_Float32,-9999,Float32,1.0
NE_SOY,2024-09,2024-09-01,2024-10-01,NE_SOY_HLS_2024-09_g1_NDVI_FMASK_v1.tif,10,s0004_S30_20240911T022529000_FMASK,FMASK,2024-09-11T02:25:29.000Z,1726021529000,S30,NASA/HLS/HLSS30/v002/T51TYN_20240911T022529,NASA/HLS/HLSS30/v002,B4,B8A,Fmask,EPSG:32651,"[30,0,699960,0,-30,5300040]",false,false,false,false,(NIR-RED)/(NIR+RED); mask denominator=0; keep source masks,dimensionless; no further scale needed,exact_uint8_values_in_Float32,-9999,Float32,1.0
NE_SOY,2024-09,2024-09-01,2024-10-01,NE_SOY_HLS_2024-09_g1_NDVI_FMASK_v1.tif,11,s0005_L30_20240912T022030000_NDVI,NDVI,2024-09-12T02:20:30.000Z,1726107630000,L30,NASA/HLS/HLSL30/v002/T51TYN_20240912T022030,NASA/HLS/HLSL30/v002,B4,B5,Fmask,EPSG:32651,"[30,0,699960,0,-30,5300040]",false,false,false,false,(NIR-RED)/(NIR+RED); mask denominator=0; keep source masks,dimensionless; no further scale needed,exact_uint8_values_in_Float32,-9999,Float32,1.0
NE_SOY,2024-09,2024-09-01,2024-10-01,NE_SOY_HLS_2024-09_g1_NDVI_FMASK_v1.tif,12,s0005_L30_20240912T022030000_FMASK,FMASK,2024-09-12T02:20:30.000Z,1726107630000,L30,NASA/HLS/HLSL30/v002/T51TYN_20240912T022030,NASA/HLS/HLSL30/v002,B4,B5,Fmask,EPSG:32651,"[30,0,699960,0,-30,5300040]",false,false,false,false,(NIR-RED)/(NIR+RED); mask denominator=0; keep source masks,dimensionless; no further scale needed,exact_uint8_values_in_Float32,-9999,Float32,1.0
NE_SOY,2024-09,2024-09-01,2024-10-01,NE_SOY_HLS_2024-09_g1_NDVI_FMASK_v1.tif,13,s0006_S30_20240914T023529000_NDVI,NDVI,2024-09-14T02:35:29.000Z,1726281329000,S30,NASA/HLS/HLSS30/v002/T51TYN_20240914T023529,NASA/HLS/HLSS30/v002,B4,B8A,Fmask,EPSG:32651,"[30,0,699960,0,-30,5300040]",false,false,false,false,(NIR-RED)/(NIR+RED); mask denominator=0; keep source masks,dimensionless; no further scale needed,exact_uint8_values_in_Float32,-9999,Float32,1.0
NE_SOY,2024-09,2024-09-01,2024-10-01,NE_SOY_HLS_2024-09_g1_NDVI_FMASK_v1.tif,14,s0006_S30_20240914T023529000_FMASK,FMASK,2024-09-14T02:35:29.000Z,1726281329000,S30,NASA/HLS/HLSS30/v002/T51TYN_20240914T023529,NASA/HLS/HLSS30/v002,B4,B8A,Fmask,EPSG:32651,"[30,0,699960,0,-30,5300040]",false,false,false,false,(NIR-RED)/(NIR+RED); mask denominator=0; keep source masks,dimensionless; no further scale needed,exact_uint8_values_in_Float32,-9999,Float32,1.0
NE_SOY,2024-09,2024-09-01,2024-10-01,NE_SOY_HLS_2024-09_g1_NDVI_FMASK_v1.tif,15,s0007_S30_20240916T022531000_NDVI,NDVI,2024-09-16T02:25:31.000Z,1726453531000,S30,NASA/HLS/HLSS30/v002/T51TYN_20240916T022531,NASA/HLS/HLSS30/v002,B4,B8A,Fmask,EPSG:32651,"[30,0,699960,0,-30,5300040]",false,false,false,false,(NIR-RED)/(NIR+RED); mask denominator=0; keep source masks,dimensionless; no further scale needed,exact_uint8_values_in_Float32,-9999,Float32,1.0
NE_SOY,2024-09,2024-09-01,2024-10-01,NE_SOY_HLS_2024-09_g1_NDVI_FMASK_v1.tif,16,s0007_S30_20240916T022531000_FMASK,FMASK,2024-09-16T02:25:31.000Z,1726453531000,S30,NASA/HLS/HLSS30/v002/T51TYN_20240916T022531,NASA/HLS/HLSS30/v002,B4,B8A,Fmask,EPSG:32651,"[30,0,699960,0,-30,5300040]",false,false,false,false,(NIR-RED)/(NIR+RED); mask denominator=0; keep source masks,dimensionless; no further scale needed,exact_uint8_values_in_Float32,-9999,Float32,1.0
NE_SOY,2024-09,2024-09-01,2024-10-01,NE_SOY_HLS_2024-09_g1_NDVI_FMASK_v1.tif,17,s0008_L30_20240920T022025000_NDVI,NDVI,2024-09-20T02:20:25.000Z,1726798825000,L30,NASA/HLS/HLSL30/v002/T51TYN_20240920T022025,NASA/HLS/HLSL30/v002,B4,B5,Fmask,EPSG:32651,"[30,0,699960,0,-30,5300040]",false,false,false,false,(NIR-RED)/(NIR+RED); mask denominator=0; keep source masks,dimensionless; no further scale needed,exact_uint8_values_in_Float32,-9999,Float32,1.0
NE_SOY,2024-09,2024-09-01,2024-10-01,NE_SOY_HLS_2024-09_g1_NDVI_FMASK_v1.tif,18,s0008_L30_20240920T022025000_FMASK,FMASK,2024-09-20T02:20:25.000Z,1726798825000,L30,NASA/HLS/HLSL30/v002/T51TYN_20240920T022025,NASA/HLS/HLSL30/v002,B4,B5,Fmask,EPSG:32651,"[30,0,699960,0,-30,5300040]",false,false,false,false,(NIR-RED)/(NIR+RED); mask denominator=0; keep source masks,dimensionless; no further scale needed,exact_uint8_values_in_Float32,-9999,Float32,1.0
NE_SOY,2024-09,2024-09-01,2024-10-01,NE_SOY_HLS_2024-09_g1_NDVI_FMASK_v1.tif,19,s0009_S30_20240921T022529000_NDVI,NDVI,2024-09-21T02:25:29.000Z,1726885529000,S30,NASA/HLS/HLSS30/v002/T51TYN_20240921T022529,NASA/HLS/HLSS30/v002,B4,B8A,Fmask,EPSG:32651,"[30,0,699960,0,-30,5300040]",false,false,false,false,(NIR-RED)/(NIR+RED); mask denominator=0; keep source masks,dimensionless; no further scale needed,exact_uint8_values_in_Float32,-9999,Float32,1.0
NE_SOY,2024-09,2024-09-01,2024-10-01,NE_SOY_HLS_2024-09_g1_NDVI_FMASK_v1.tif,20,s0009_S30_20240921T022529000_FMASK,FMASK,2024-09-21T02:25:29.000Z,1726885529000,S30,NASA/HLS/HLSS30/v002/T51TYN_20240921T022529,NASA/HLS/HLSS30/v002,B4,B8A,Fmask,EPSG:32651,"[30,0,699960,0,-30,5300040]",false,false,false,false,(NIR-RED)/(NIR+RED); mask denominator=0; keep source masks,dimensionless; no further scale needed,exact_uint8_values_in_Float32,-9999,Float32,1.0
NE_SOY,2024-09,2024-09-01,2024-10-01,NE_SOY_HLS_2024-09_g1_NDVI_FMASK_v1.tif,21,s0010_S30_20240926T022531000_NDVI,NDVI,2024-09-26T02:25:31.000Z,1727317531000,S30,NASA/HLS/HLSS30/v002/T51TYN_20240926T022531,NASA/HLS/HLSS30/v002,B4,B8A,Fmask,EPSG:32651,"[30,0,699960,0,-30,5300040]",false,false,false,false,(NIR-RED)/(NIR+RED); mask denominator=0; keep source masks,dimensionless; no further scale needed,exact_uint8_values_in_Float32,-9999,Float32,1.0
NE_SOY,2024-09,2024-09-01,2024-10-01,NE_SOY_HLS_2024-09_g1_NDVI_FMASK_v1.tif,22,s0010_S30_20240926T022531000_FMASK,FMASK,2024-09-26T02:25:31.000Z,1727317531000,S30,NASA/HLS/HLSS30/v002/T51TYN_20240926T022531,NASA/HLS/HLSS30/v002,B4,B8A,Fmask,EPSG:32651,"[30,0,699960,0,-30,5300040]",false,false,false,false,(NIR-RED)/(NIR+RED); mask denominator=0; keep source masks,dimensionless; no further scale needed,exact_uint8_values_in_Float32,-9999,Float32,1.0
NE_SOY,2024-09,2024-09-01,2024-10-01,NE_SOY_HLS_2024-09_g1_NDVI_FMASK_v1.tif,23,s0011_L30_20240928T022027000_NDVI,NDVI,2024-09-28T02:20:27.000Z,1727490027000,L30,NASA/HLS/HLSL30/v002/T51TYN_20240928T022027,NASA/HLS/HLSL30/v002,B4,B5,Fmask,EPSG:32651,"[30,0,699960,0,-30,5300040]",false,false,false,false,(NIR-RED)/(NIR+RED); mask denominator=0; keep source masks,dimensionless; no further scale needed,exact_uint8_values_in_Float32,-9999,Float32,1.0
NE_SOY,2024-09,2024-09-01,2024-10-01,NE_SOY_HLS_2024-09_g1_NDVI_FMASK_v1.tif,24,s0011_L30_20240928T022027000_FMASK,FMASK,2024-09-28T02:20:27.000Z,1727490027000,L30,NASA/HLS/HLSL30/v002/T51TYN_20240928T022027,NASA/HLS/HLSL30/v002,B4,B5,Fmask,EPSG:32651,"[30,0,699960,0,-30,5300040]",false,false,false,false,(NIR-RED)/(NIR+RED); mask denominator=0; keep source masks,dimensionless; no further scale needed,exact_uint8_values_in_Float32,-9999,Float32,1.0
NE_SOY,2024-09,2024-09-01,2024-10-01,NE_SOY_HLS_2024-09_g1_NDVI_FMASK_v1.tif,25,s0012_S30_20240929T023531000_NDVI,NDVI,2024-09-29T02:35:31.000Z,1727577331000,S30,NASA/HLS/HLSS30/v002/T51TYN_20240929T023531,NASA/HLS/HLSS30/v002,B4,B8A,Fmask,EPSG:32651,"[30,0,699960,0,-30,5300040]",false,false,false,false,(NIR-RED)/(NIR+RED); mask denominator=0; keep source masks,dimensionless; no further scale needed,exact_uint8_values_in_Float32,-9999,Float32,1.0
NE_SOY,2024-09,2024-09-01,2024-10-01,NE_SOY_HLS_2024-09_g1_NDVI_FMASK_v1.tif,26,s0012_S30_20240929T023531000_FMASK,FMASK,2024-09-29T02:35:31.000Z,1727577331000,S30,NASA/HLS/HLSS30/v002/T51TYN_20240929T023531,NASA/HLS/HLSS30/v002,B4,B8A,Fmask,EPSG:32651,"[30,0,699960,0,-30,5300040]",false,false,false,false,(NIR-RED)/(NIR+RED); mask denominator=0; keep source masks,dimensionless; no further scale needed,exact_uint8_values_in_Float32,-9999,Float32,1.0
NE_SOY,2024-09,2024-09-01,2024-10-01,NE_SOY_HLS_2024-09_g2_NDVI_FMASK_v1.tif,1,s0000_L30_20240904T022020000_NDVI,NDVI,2024-09-04T02:20:20.000Z,1725416420000,L30,NASA/HLS/HLSL30/v002/T52TCT_20240904T022020,NASA/HLS/HLSL30/v002,B4,B5,Fmask,EPSG:32652,"[30,0,300000,0,-30,5300040]",false,false,false,false,(NIR-RED)/(NIR+RED); mask denominator=0; keep source masks,dimensionless; no further scale needed,exact_uint8_values_in_Float32,-9999,Float32,1.0
NE_SOY,2024-09,2024-09-01,2024-10-01,NE_SOY_HLS_2024-09_g2_NDVI_FMASK_v1.tif,2,s0000_L30_20240904T022020000_FMASK,FMASK,2024-09-04T02:20:20.000Z,1725416420000,L30,NASA/HLS/HLSL30/v002/T52TCT_20240904T022020,NASA/HLS/HLSL30/v002,B4,B5,Fmask,EPSG:32652,"[30,0,300000,0,-30,5300040]",false,false,false,false,(NIR-RED)/(NIR+RED); mask denominator=0; keep source masks,dimensionless; no further scale needed,exact_uint8_values_in_Float32,-9999,Float32,1.0
NE_SOY,2024-09,2024-09-01,2024-10-01,NE_SOY_HLS_2024-09_g2_NDVI_FMASK_v1.tif,3,s0001_S30_20240904T023529000_NDVI,NDVI,2024-09-04T02:35:29.000Z,1725417329000,S30,NASA/HLS/HLSS30/v002/T52TCT_20240904T023529,NASA/HLS/HLSS30/v002,B4,B8A,Fmask,EPSG:32652,"[30,0,300000,0,-30,5300040]",false,false,false,false,(NIR-RED)/(NIR+RED); mask denominator=0; keep source masks,dimensionless; no further scale needed,exact_uint8_values_in_Float32,-9999,Float32,1.0
NE_SOY,2024-09,2024-09-01,2024-10-01,NE_SOY_HLS_2024-09_g2_NDVI_FMASK_v1.tif,4,s0001_S30_20240904T023529000_FMASK,FMASK,2024-09-04T02:35:29.000Z,1725417329000,S30,NASA/HLS/HLSS30/v002/T52TCT_20240904T023529,NASA/HLS/HLSS30/v002,B4,B8A,Fmask,EPSG:32652,"[30,0,300000,0,-30,5300040]",false,false,false,false,(NIR-RED)/(NIR+RED); mask denominator=0; keep source masks,dimensionless; no further scale needed,exact_uint8_values_in_Float32,-9999,Float32,1.0
NE_SOY,2024-09,2024-09-01,2024-10-01,NE_SOY_HLS_2024-09_g2_NDVI_FMASK_v1.tif,5,s0002_S30_20240906T022531000_NDVI,NDVI,2024-09-06T02:25:31.000Z,1725589531000,S30,NASA/HLS/HLSS30/v002/T52TCT_20240906T022531,NASA/HLS/HLSS30/v002,B4,B8A,Fmask,EPSG:32652,"[30,0,300000,0,-30,5300040]",false,false,false,false,(NIR-RED)/(NIR+RED); mask denominator=0; keep source masks,dimensionless; no further scale needed,exact_uint8_values_in_Float32,-9999,Float32,1.0
NE_SOY,2024-09,2024-09-01,2024-10-01,NE_SOY_HLS_2024-09_g2_NDVI_FMASK_v1.tif,6,s0002_S30_20240906T022531000_FMASK,FMASK,2024-09-06T02:25:31.000Z,1725589531000,S30,NASA/HLS/HLSS30/v002/T52TCT_20240906T022531,NASA/HLS/HLSS30/v002,B4,B8A,Fmask,EPSG:32652,"[30,0,300000,0,-30,5300040]",false,false,false,false,(NIR-RED)/(NIR+RED); mask denominator=0; keep source masks,dimensionless; no further scale needed,exact_uint8_values_in_Float32,-9999,Float32,1.0
NE_SOY,2024-09,2024-09-01,2024-10-01,NE_SOY_HLS_2024-09_g2_NDVI_FMASK_v1.tif,7,s0003_S30_20240909T023531000_NDVI,NDVI,2024-09-09T02:35:31.000Z,1725849331000,S30,NASA/HLS/HLSS30/v002/T52TCT_20240909T023531,NASA/HLS/HLSS30/v002,B4,B8A,Fmask,EPSG:32652,"[30,0,300000,0,-30,5300040]",false,false,false,false,(NIR-RED)/(NIR+RED); mask denominator=0; keep source masks,dimensionless; no further scale needed,exact_uint8_values_in_Float32,-9999,Float32,1.0
NE_SOY,2024-09,2024-09-01,2024-10-01,NE_SOY_HLS_2024-09_g2_NDVI_FMASK_v1.tif,8,s0003_S30_20240909T023531000_FMASK,FMASK,2024-09-09T02:35:31.000Z,1725849331000,S30,NASA/HLS/HLSS30/v002/T52TCT_20240909T023531,NASA/HLS/HLSS30/v002,B4,B8A,Fmask,EPSG:32652,"[30,0,300000,0,-30,5300040]",false,false,false,false,(NIR-RED)/(NIR+RED); mask denominator=0; keep source masks,dimensionless; no further scale needed,exact_uint8_values_in_Float32,-9999,Float32,1.0
NE_SOY,2024-09,2024-09-01,2024-10-01,NE_SOY_HLS_2024-09_g2_NDVI_FMASK_v1.tif,9,s0004_S30_20240911T022529000_NDVI,NDVI,2024-09-11T02:25:29.000Z,1726021529000,S30,NASA/HLS/HLSS30/v002/T52TCT_20240911T022529,NASA/HLS/HLSS30/v002,B4,B8A,Fmask,EPSG:32652,"[30,0,300000,0,-30,5300040]",false,false,false,false,(NIR-RED)/(NIR+RED); mask denominator=0; keep source masks,dimensionless; no further scale needed,exact_uint8_values_in_Float32,-9999,Float32,1.0
NE_SOY,2024-09,2024-09-01,2024-10-01,NE_SOY_HLS_2024-09_g2_NDVI_FMASK_v1.tif,10,s0004_S30_20240911T022529000_FMASK,FMASK,2024-09-11T02:25:29.000Z,1726021529000,S30,NASA/HLS/HLSS30/v002/T52TCT_20240911T022529,NASA/HLS/HLSS30/v002,B4,B8A,Fmask,EPSG:32652,"[30,0,300000,0,-30,5300040]",false,false,false,false,(NIR-RED)/(NIR+RED); mask denominator=0; keep source masks,dimensionless; no further scale needed,exact_uint8_values_in_Float32,-9999,Float32,1.0
NE_SOY,2024-09,2024-09-01,2024-10-01,NE_SOY_HLS_2024-09_g2_NDVI_FMASK_v1.tif,11,s0005_L30_20240912T022030000_NDVI,NDVI,2024-09-12T02:20:30.000Z,1726107630000,L30,NASA/HLS/HLSL30/v002/T52TCT_20240912T022030,NASA/HLS/HLSL30/v002,B4,B5,Fmask,EPSG:32652,"[30,0,300000,0,-30,5300040]",false,false,false,false,(NIR-RED)/(NIR+RED); mask denominator=0; keep source masks,dimensionless; no further scale needed,exact_uint8_values_in_Float32,-9999,Float32,1.0
NE_SOY,2024-09,2024-09-01,2024-10-01,NE_SOY_HLS_2024-09_g2_NDVI_FMASK_v1.tif,12,s0005_L30_20240912T022030000_FMASK,FMASK,2024-09-12T02:20:30.000Z,1726107630000,L30,NASA/HLS/HLSL30/v002/T52TCT_20240912T022030,NASA/HLS/HLSL30/v002,B4,B5,Fmask,EPSG:32652,"[30,0,300000,0,-30,5300040]",false,false,false,false,(NIR-RED)/(NIR+RED); mask denominator=0; keep source masks,dimensionless; no further scale needed,exact_uint8_values_in_Float32,-9999,Float32,1.0
NE_SOY,2024-09,2024-09-01,2024-10-01,NE_SOY_HLS_2024-09_g2_NDVI_FMASK_v1.tif,13,s0006_S30_20240914T023529000_NDVI,NDVI,2024-09-14T02:35:29.000Z,1726281329000,S30,NASA/HLS/HLSS30/v002/T52TCT_20240914T023529,NASA/HLS/HLSS30/v002,B4,B8A,Fmask,EPSG:32652,"[30,0,300000,0,-30,5300040]",false,false,false,false,(NIR-RED)/(NIR+RED); mask denominator=0; keep source masks,dimensionless; no further scale needed,exact_uint8_values_in_Float32,-9999,Float32,1.0
NE_SOY,2024-09,2024-09-01,2024-10-01,NE_SOY_HLS_2024-09_g2_NDVI_FMASK_v1.tif,14,s0006_S30_20240914T023529000_FMASK,FMASK,2024-09-14T02:35:29.000Z,1726281329000,S30,NASA/HLS/HLSS30/v002/T52TCT_20240914T023529,NASA/HLS/HLSS30/v002,B4,B8A,Fmask,EPSG:32652,"[30,0,300000,0,-30,5300040]",false,false,false,false,(NIR-RED)/(NIR+RED); mask denominator=0; keep source masks,dimensionless; no further scale needed,exact_uint8_values_in_Float32,-9999,Float32,1.0
NE_SOY,2024-09,2024-09-01,2024-10-01,NE_SOY_HLS_2024-09_g2_NDVI_FMASK_v1.tif,15,s0007_S30_20240916T022531000_NDVI,NDVI,2024-09-16T02:25:31.000Z,1726453531000,S30,NASA/HLS/HLSS30/v002/T52TCT_20240916T022531,NASA/HLS/HLSS30/v002,B4,B8A,Fmask,EPSG:32652,"[30,0,300000,0,-30,5300040]",false,false,false,false,(NIR-RED)/(NIR+RED); mask denominator=0; keep source masks,dimensionless; no further scale needed,exact_uint8_values_in_Float32,-9999,Float32,1.0
NE_SOY,2024-09,2024-09-01,2024-10-01,NE_SOY_HLS_2024-09_g2_NDVI_FMASK_v1.tif,16,s0007_S30_20240916T022531000_FMASK,FMASK,2024-09-16T02:25:31.000Z,1726453531000,S30,NASA/HLS/HLSS30/v002/T52TCT_20240916T022531,NASA/HLS/HLSS30/v002,B4,B8A,Fmask,EPSG:32652,"[30,0,300000,0,-30,5300040]",false,false,false,false,(NIR-RED)/(NIR+RED); mask denominator=0; keep source masks,dimensionless; no further scale needed,exact_uint8_values_in_Float32,-9999,Float32,1.0
NE_SOY,2024-09,2024-09-01,2024-10-01,NE_SOY_HLS_2024-09_g2_NDVI_FMASK_v1.tif,17,s0008_L30_20240920T022025000_NDVI,NDVI,2024-09-20T02:20:25.000Z,1726798825000,L30,NASA/HLS/HLSL30/v002/T52TCT_20240920T022025,NASA/HLS/HLSL30/v002,B4,B5,Fmask,EPSG:32652,"[30,0,300000,0,-30,5300040]",false,false,false,false,(NIR-RED)/(NIR+RED); mask denominator=0; keep source masks,dimensionless; no further scale needed,exact_uint8_values_in_Float32,-9999,Float32,1.0
NE_SOY,2024-09,2024-09-01,2024-10-01,NE_SOY_HLS_2024-09_g2_NDVI_FMASK_v1.tif,18,s0008_L30_20240920T022025000_FMASK,FMASK,2024-09-20T02:20:25.000Z,1726798825000,L30,NASA/HLS/HLSL30/v002/T52TCT_20240920T022025,NASA/HLS/HLSL30/v002,B4,B5,Fmask,EPSG:32652,"[30,0,300000,0,-30,5300040]",false,false,false,false,(NIR-RED)/(NIR+RED); mask denominator=0; keep source masks,dimensionless; no further scale needed,exact_uint8_values_in_Float32,-9999,Float32,1.0
NE_SOY,2024-09,2024-09-01,2024-10-01,NE_SOY_HLS_2024-09_g2_NDVI_FMASK_v1.tif,19,s0009_S30_20240921T022529000_NDVI,NDVI,2024-09-21T02:25:29.000Z,1726885529000,S30,NASA/HLS/HLSS30/v002/T52TCT_20240921T022529,NASA/HLS/HLSS30/v002,B4,B8A,Fmask,EPSG:32652,"[30,0,300000,0,-30,5300040]",false,false,false,false,(NIR-RED)/(NIR+RED); mask denominator=0; keep source masks,dimensionless; no further scale needed,exact_uint8_values_in_Float32,-9999,Float32,1.0
NE_SOY,2024-09,2024-09-01,2024-10-01,NE_SOY_HLS_2024-09_g2_NDVI_FMASK_v1.tif,20,s0009_S30_20240921T022529000_FMASK,FMASK,2024-09-21T02:25:29.000Z,1726885529000,S30,NASA/HLS/HLSS30/v002/T52TCT_20240921T022529,NASA/HLS/HLSS30/v002,B4,B8A,Fmask,EPSG:32652,"[30,0,300000,0,-30,5300040]",false,false,false,false,(NIR-RED)/(NIR+RED); mask denominator=0; keep source masks,dimensionless; no further scale needed,exact_uint8_values_in_Float32,-9999,Float32,1.0
NE_SOY,2024-09,2024-09-01,2024-10-01,NE_SOY_HLS_2024-09_g2_NDVI_FMASK_v1.tif,21,s0010_S30_20240924T023529000_NDVI,NDVI,2024-09-24T02:35:29.000Z,1727145329000,S30,NASA/HLS/HLSS30/v002/T52TCT_20240924T023529,NASA/HLS/HLSS30/v002,B4,B8A,Fmask,EPSG:32652,"[30,0,300000,0,-30,5300040]",false,false,false,false,(NIR-RED)/(NIR+RED); mask denominator=0; keep source masks,dimensionless; no further scale needed,exact_uint8_values_in_Float32,-9999,Float32,1.0
NE_SOY,2024-09,2024-09-01,2024-10-01,NE_SOY_HLS_2024-09_g2_NDVI_FMASK_v1.tif,22,s0010_S30_20240924T023529000_FMASK,FMASK,2024-09-24T02:35:29.000Z,1727145329000,S30,NASA/HLS/HLSS30/v002/T52TCT_20240924T023529,NASA/HLS/HLSS30/v002,B4,B8A,Fmask,EPSG:32652,"[30,0,300000,0,-30,5300040]",false,false,false,false,(NIR-RED)/(NIR+RED); mask denominator=0; keep source masks,dimensionless; no further scale needed,exact_uint8_values_in_Float32,-9999,Float32,1.0
NE_SOY,2024-09,2024-09-01,2024-10-01,NE_SOY_HLS_2024-09_g2_NDVI_FMASK_v1.tif,23,s0011_S30_20240926T022531000_NDVI,NDVI,2024-09-26T02:25:31.000Z,1727317531000,S30,NASA/HLS/HLSS30/v002/T52TCT_20240926T022531,NASA/HLS/HLSS30/v002,B4,B8A,Fmask,EPSG:32652,"[30,0,300000,0,-30,5300040]",false,false,false,false,(NIR-RED)/(NIR+RED); mask denominator=0; keep source masks,dimensionless; no further scale needed,exact_uint8_values_in_Float32,-9999,Float32,1.0
NE_SOY,2024-09,2024-09-01,2024-10-01,NE_SOY_HLS_2024-09_g2_NDVI_FMASK_v1.tif,24,s0011_S30_20240926T022531000_FMASK,FMASK,2024-09-26T02:25:31.000Z,1727317531000,S30,NASA/HLS/HLSS30/v002/T52TCT_20240926T022531,NASA/HLS/HLSS30/v002,B4,B8A,Fmask,EPSG:32652,"[30,0,300000,0,-30,5300040]",false,false,false,false,(NIR-RED)/(NIR+RED); mask denominator=0; keep source masks,dimensionless; no further scale needed,exact_uint8_values_in_Float32,-9999,Float32,1.0
NE_SOY,2024-09,2024-09-01,2024-10-01,NE_SOY_HLS_2024-09_g2_NDVI_FMASK_v1.tif,25,s0012_L30_20240928T022027000_NDVI,NDVI,2024-09-28T02:20:27.000Z,1727490027000,L30,NASA/HLS/HLSL30/v002/T52TCT_20240928T022027,NASA/HLS/HLSL30/v002,B4,B5,Fmask,EPSG:32652,"[30,0,300000,0,-30,5300040]",false,false,false,false,(NIR-RED)/(NIR+RED); mask denominator=0; keep source masks,dimensionless; no further scale needed,exact_uint8_values_in_Float32,-9999,Float32,1.0
NE_SOY,2024-09,2024-09-01,2024-10-01,NE_SOY_HLS_2024-09_g2_NDVI_FMASK_v1.tif,26,s0012_L30_20240928T022027000_FMASK,FMASK,2024-09-28T02:20:27.000Z,1727490027000,L30,NASA/HLS/HLSL30/v002/T52TCT_20240928T022027,NASA/HLS/HLSL30/v002,B4,B5,Fmask,EPSG:32652,"[30,0,300000,0,-30,5300040]",false,false,false,false,(NIR-RED)/(NIR+RED); mask denominator=0; keep source masks,dimensionless; no further scale needed,exact_uint8_values_in_Float32,-9999,Float32,1.0
NE_SOY,2024-09,2024-09-01,2024-10-01,NE_SOY_HLS_2024-09_g2_NDVI_FMASK_v1.tif,27,s0013_S30_20240929T023531000_NDVI,NDVI,2024-09-29T02:35:31.000Z,1727577331000,S30,NASA/HLS/HLSS30/v002/T52TCT_20240929T023531,NASA/HLS/HLSS30/v002,B4,B8A,Fmask,EPSG:32652,"[30,0,300000,0,-30,5300040]",false,false,false,false,(NIR-RED)/(NIR+RED); mask denominator=0; keep source masks,dimensionless; no further scale needed,exact_uint8_values_in_Float32,-9999,Float32,1.0
NE_SOY,2024-09,2024-09-01,2024-10-01,NE_SOY_HLS_2024-09_g2_NDVI_FMASK_v1.tif,28,s0013_S30_20240929T023531000_FMASK,FMASK,2024-09-29T02:35:31.000Z,1727577331000,S30,NASA/HLS/HLSS30/v002/T52TCT_20240929T023531,NASA/HLS/HLSS30/v002,B4,B8A,Fmask,EPSG:32652,"[30,0,300000,0,-30,5300040]",false,false,false,false,(NIR-RED)/(NIR+RED); mask denominator=0; keep source masks,dimensionless; no further scale needed,exact_uint8_values_in_Float32,-9999,Float32,1.0
NE_SOY,2024-10,2024-10-01,2024-11-01,NE_SOY_HLS_2024-10_g1_NDVI_FMASK_v1.tif,1,s0000_S30_20241001T022529000_NDVI,NDVI,2024-10-01T02:25:29.000Z,1727749529000,S30,NASA/HLS/HLSS30/v002/T51TYN_20241001T022529,NASA/HLS/HLSS30/v002,B4,B8A,Fmask,EPSG:32651,"[30,0,699960,0,-30,5300040]",false,false,false,false,(NIR-RED)/(NIR+RED); mask denominator=0; keep source masks,dimensionless; no further scale needed,exact_uint8_values_in_Float32,-9999,Float32,1.0
NE_SOY,2024-10,2024-10-01,2024-11-01,NE_SOY_HLS_2024-10_g1_NDVI_FMASK_v1.tif,2,s0000_S30_20241001T022529000_FMASK,FMASK,2024-10-01T02:25:29.000Z,1727749529000,S30,NASA/HLS/HLSS30/v002/T51TYN_20241001T022529,NASA/HLS/HLSS30/v002,B4,B8A,Fmask,EPSG:32651,"[30,0,699960,0,-30,5300040]",false,false,false,false,(NIR-RED)/(NIR+RED); mask denominator=0; keep source masks,dimensionless; no further scale needed,exact_uint8_values_in_Float32,-9999,Float32,1.0
NE_SOY,2024-10,2024-10-01,2024-11-01,NE_SOY_HLS_2024-10_g1_NDVI_FMASK_v1.tif,3,s0001_S30_20241004T023529000_NDVI,NDVI,2024-10-04T02:35:29.000Z,1728009329000,S30,NASA/HLS/HLSS30/v002/T51TYN_20241004T023529,NASA/HLS/HLSS30/v002,B4,B8A,Fmask,EPSG:32651,"[30,0,699960,0,-30,5300040]",false,false,false,false,(NIR-RED)/(NIR+RED); mask denominator=0; keep source masks,dimensionless; no further scale needed,exact_uint8_values_in_Float32,-9999,Float32,1.0
NE_SOY,2024-10,2024-10-01,2024-11-01,NE_SOY_HLS_2024-10_g1_NDVI_FMASK_v1.tif,4,s0001_S30_20241004T023529000_FMASK,FMASK,2024-10-04T02:35:29.000Z,1728009329000,S30,NASA/HLS/HLSS30/v002/T51TYN_20241004T023529,NASA/HLS/HLSS30/v002,B4,B8A,Fmask,EPSG:32651,"[30,0,699960,0,-30,5300040]",false,false,false,false,(NIR-RED)/(NIR+RED); mask denominator=0; keep source masks,dimensionless; no further scale needed,exact_uint8_values_in_Float32,-9999,Float32,1.0
NE_SOY,2024-10,2024-10-01,2024-11-01,NE_SOY_HLS_2024-10_g1_NDVI_FMASK_v1.tif,5,s0002_L30_20241006T022033000_NDVI,NDVI,2024-10-06T02:20:33.000Z,1728181233000,L30,NASA/HLS/HLSL30/v002/T51TYN_20241006T022033,NASA/HLS/HLSL30/v002,B4,B5,Fmask,EPSG:32651,"[30,0,699960,0,-30,5300040]",false,false,false,false,(NIR-RED)/(NIR+RED); mask denominator=0; keep source masks,dimensionless; no further scale needed,exact_uint8_values_in_Float32,-9999,Float32,1.0
NE_SOY,2024-10,2024-10-01,2024-11-01,NE_SOY_HLS_2024-10_g1_NDVI_FMASK_v1.tif,6,s0002_L30_20241006T022033000_FMASK,FMASK,2024-10-06T02:20:33.000Z,1728181233000,L30,NASA/HLS/HLSL30/v002/T51TYN_20241006T022033,NASA/HLS/HLSL30/v002,B4,B5,Fmask,EPSG:32651,"[30,0,699960,0,-30,5300040]",false,false,false,false,(NIR-RED)/(NIR+RED); mask denominator=0; keep source masks,dimensionless; no further scale needed,exact_uint8_values_in_Float32,-9999,Float32,1.0
NE_SOY,2024-10,2024-10-01,2024-11-01,NE_SOY_HLS_2024-10_g1_NDVI_FMASK_v1.tif,7,s0003_S30_20241006T022551000_NDVI,NDVI,2024-10-06T02:25:51.000Z,1728181551000,S30,NASA/HLS/HLSS30/v002/T51TYN_20241006T022551,NASA/HLS/HLSS30/v002,B4,B8A,Fmask,EPSG:32651,"[30,0,699960,0,-30,5300040]",false,false,false,false,(NIR-RED)/(NIR+RED); mask denominator=0; keep source masks,dimensionless; no further scale needed,exact_uint8_values_in_Float32,-9999,Float32,1.0
NE_SOY,2024-10,2024-10-01,2024-11-01,NE_SOY_HLS_2024-10_g1_NDVI_FMASK_v1.tif,8,s0003_S30_20241006T022551000_FMASK,FMASK,2024-10-06T02:25:51.000Z,1728181551000,S30,NASA/HLS/HLSS30/v002/T51TYN_20241006T022551,NASA/HLS/HLSS30/v002,B4,B8A,Fmask,EPSG:32651,"[30,0,699960,0,-30,5300040]",false,false,false,false,(NIR-RED)/(NIR+RED); mask denominator=0; keep source masks,dimensionless; no further scale needed,exact_uint8_values_in_Float32,-9999,Float32,1.0
NE_SOY,2024-10,2024-10-01,2024-11-01,NE_SOY_HLS_2024-10_g1_NDVI_FMASK_v1.tif,9,s0004_S30_20241009T023611000_NDVI,NDVI,2024-10-09T02:36:11.000Z,1728441371000,S30,NASA/HLS/HLSS30/v002/T51TYN_20241009T023611,NASA/HLS/HLSS30/v002,B4,B8A,Fmask,EPSG:32651,"[30,0,699960,0,-30,5300040]",false,false,false,false,(NIR-RED)/(NIR+RED); mask denominator=0; keep source masks,dimensionless; no further scale needed,exact_uint8_values_in_Float32,-9999,Float32,1.0
NE_SOY,2024-10,2024-10-01,2024-11-01,NE_SOY_HLS_2024-10_g1_NDVI_FMASK_v1.tif,10,s0004_S30_20241009T023611000_FMASK,FMASK,2024-10-09T02:36:11.000Z,1728441371000,S30,NASA/HLS/HLSS30/v002/T51TYN_20241009T023611,NASA/HLS/HLSS30/v002,B4,B8A,Fmask,EPSG:32651,"[30,0,699960,0,-30,5300040]",false,false,false,false,(NIR-RED)/(NIR+RED); mask denominator=0; keep source masks,dimensionless; no further scale needed,exact_uint8_values_in_Float32,-9999,Float32,1.0
NE_SOY,2024-10,2024-10-01,2024-11-01,NE_SOY_HLS_2024-10_g1_NDVI_FMASK_v1.tif,11,s0005_S30_20241011T022529000_NDVI,NDVI,2024-10-11T02:25:29.000Z,1728613529000,S30,NASA/HLS/HLSS30/v002/T51TYN_20241011T022529,NASA/HLS/HLSS30/v002,B4,B8A,Fmask,EPSG:32651,"[30,0,699960,0,-30,5300040]",false,false,false,false,(NIR-RED)/(NIR+RED); mask denominator=0; keep source masks,dimensionless; no further scale needed,exact_uint8_values_in_Float32,-9999,Float32,1.0
NE_SOY,2024-10,2024-10-01,2024-11-01,NE_SOY_HLS_2024-10_g1_NDVI_FMASK_v1.tif,12,s0005_S30_20241011T022529000_FMASK,FMASK,2024-10-11T02:25:29.000Z,1728613529000,S30,NASA/HLS/HLSS30/v002/T51TYN_20241011T022529,NASA/HLS/HLSS30/v002,B4,B8A,Fmask,EPSG:32651,"[30,0,699960,0,-30,5300040]",false,false,false,false,(NIR-RED)/(NIR+RED); mask denominator=0; keep source masks,dimensionless; no further scale needed,exact_uint8_values_in_Float32,-9999,Float32,1.0
NE_SOY,2024-10,2024-10-01,2024-11-01,NE_SOY_HLS_2024-10_g1_NDVI_FMASK_v1.tif,13,s0006_S30_20241016T022701000_NDVI,NDVI,2024-10-16T02:27:01.000Z,1729045621000,S30,NASA/HLS/HLSS30/v002/T51TYN_20241016T022701,NASA/HLS/HLSS30/v002,B4,B8A,Fmask,EPSG:32651,"[30,0,699960,0,-30,5300040]",false,false,false,false,(NIR-RED)/(NIR+RED); mask denominator=0; keep source masks,dimensionless; no further scale needed,exact_uint8_values_in_Float32,-9999,Float32,1.0
NE_SOY,2024-10,2024-10-01,2024-11-01,NE_SOY_HLS_2024-10_g1_NDVI_FMASK_v1.tif,14,s0006_S30_20241016T022701000_FMASK,FMASK,2024-10-16T02:27:01.000Z,1729045621000,S30,NASA/HLS/HLSS30/v002/T51TYN_20241016T022701,NASA/HLS/HLSS30/v002,B4,B8A,Fmask,EPSG:32651,"[30,0,699960,0,-30,5300040]",false,false,false,false,(NIR-RED)/(NIR+RED); mask denominator=0; keep source masks,dimensionless; no further scale needed,exact_uint8_values_in_Float32,-9999,Float32,1.0
NE_SOY,2024-10,2024-10-01,2024-11-01,NE_SOY_HLS_2024-10_g1_NDVI_FMASK_v1.tif,15,s0007_S30_20241019T023721000_NDVI,NDVI,2024-10-19T02:37:21.000Z,1729305441000,S30,NASA/HLS/HLSS30/v002/T51TYN_20241019T023721,NASA/HLS/HLSS30/v002,B4,B8A,Fmask,EPSG:32651,"[30,0,699960,0,-30,5300040]",false,false,false,false,(NIR-RED)/(NIR+RED); mask denominator=0; keep source masks,dimensionless; no further scale needed,exact_uint8_values_in_Float32,-9999,Float32,1.0
NE_SOY,2024-10,2024-10-01,2024-11-01,NE_SOY_HLS_2024-10_g1_NDVI_FMASK_v1.tif,16,s0007_S30_20241019T023721000_FMASK,FMASK,2024-10-19T02:37:21.000Z,1729305441000,S30,NASA/HLS/HLSS30/v002/T51TYN_20241019T023721,NASA/HLS/HLSS30/v002,B4,B8A,Fmask,EPSG:32651,"[30,0,699960,0,-30,5300040]",false,false,false,false,(NIR-RED)/(NIR+RED); mask denominator=0; keep source masks,dimensionless; no further scale needed,exact_uint8_values_in_Float32,-9999,Float32,1.0
NE_SOY,2024-10,2024-10-01,2024-11-01,NE_SOY_HLS_2024-10_g1_NDVI_FMASK_v1.tif,17,s0008_S30_20241021T022639000_NDVI,NDVI,2024-10-21T02:26:39.000Z,1729477599000,S30,NASA/HLS/HLSS30/v002/T51TYN_20241021T022639,NASA/HLS/HLSS30/v002,B4,B8A,Fmask,EPSG:32651,"[30,0,699960,0,-30,5300040]",false,false,false,false,(NIR-RED)/(NIR+RED); mask denominator=0; keep source masks,dimensionless; no further scale needed,exact_uint8_values_in_Float32,-9999,Float32,1.0
NE_SOY,2024-10,2024-10-01,2024-11-01,NE_SOY_HLS_2024-10_g1_NDVI_FMASK_v1.tif,18,s0008_S30_20241021T022639000_FMASK,FMASK,2024-10-21T02:26:39.000Z,1729477599000,S30,NASA/HLS/HLSS30/v002/T51TYN_20241021T022639,NASA/HLS/HLSS30/v002,B4,B8A,Fmask,EPSG:32651,"[30,0,699960,0,-30,5300040]",false,false,false,false,(NIR-RED)/(NIR+RED); mask denominator=0; keep source masks,dimensionless; no further scale needed,exact_uint8_values_in_Float32,-9999,Float32,1.0
NE_SOY,2024-10,2024-10-01,2024-11-01,NE_SOY_HLS_2024-10_g1_NDVI_FMASK_v1.tif,19,s0009_S30_20241024T023659000_NDVI,NDVI,2024-10-24T02:36:59.000Z,1729737419000,S30,NASA/HLS/HLSS30/v002/T51TYN_20241024T023659,NASA/HLS/HLSS30/v002,B4,B8A,Fmask,EPSG:32651,"[30,0,699960,0,-30,5300040]",false,false,false,false,(NIR-RED)/(NIR+RED); mask denominator=0; keep source masks,dimensionless; no further scale needed,exact_uint8_values_in_Float32,-9999,Float32,1.0
NE_SOY,2024-10,2024-10-01,2024-11-01,NE_SOY_HLS_2024-10_g1_NDVI_FMASK_v1.tif,20,s0009_S30_20241024T023659000_FMASK,FMASK,2024-10-24T02:36:59.000Z,1729737419000,S30,NASA/HLS/HLSS30/v002/T51TYN_20241024T023659,NASA/HLS/HLSS30/v002,B4,B8A,Fmask,EPSG:32651,"[30,0,699960,0,-30,5300040]",false,false,false,false,(NIR-RED)/(NIR+RED); mask denominator=0; keep source masks,dimensionless; no further scale needed,exact_uint8_values_in_Float32,-9999,Float32,1.0
NE_SOY,2024-10,2024-10-01,2024-11-01,NE_SOY_HLS_2024-10_g1_NDVI_FMASK_v1.tif,21,s0010_S30_20241029T023821000_NDVI,NDVI,2024-10-29T02:38:21.000Z,1730169501000,S30,NASA/HLS/HLSS30/v002/T51TYN_20241029T023821,NASA/HLS/HLSS30/v002,B4,B8A,Fmask,EPSG:32651,"[30,0,699960,0,-30,5300040]",false,false,false,false,(NIR-RED)/(NIR+RED); mask denominator=0; keep source masks,dimensionless; no further scale needed,exact_uint8_values_in_Float32,-9999,Float32,1.0
NE_SOY,2024-10,2024-10-01,2024-11-01,NE_SOY_HLS_2024-10_g1_NDVI_FMASK_v1.tif,22,s0010_S30_20241029T023821000_FMASK,FMASK,2024-10-29T02:38:21.000Z,1730169501000,S30,NASA/HLS/HLSS30/v002/T51TYN_20241029T023821,NASA/HLS/HLSS30/v002,B4,B8A,Fmask,EPSG:32651,"[30,0,699960,0,-30,5300040]",false,false,false,false,(NIR-RED)/(NIR+RED); mask denominator=0; keep source masks,dimensionless; no further scale needed,exact_uint8_values_in_Float32,-9999,Float32,1.0
NE_SOY,2024-10,2024-10-01,2024-11-01,NE_SOY_HLS_2024-10_g1_NDVI_FMASK_v1.tif,23,s0011_L30_20241030T022034000_NDVI,NDVI,2024-10-30T02:20:34.000Z,1730254834000,L30,NASA/HLS/HLSL30/v002/T51TYN_20241030T022034,NASA/HLS/HLSL30/v002,B4,B5,Fmask,EPSG:32651,"[30,0,699960,0,-30,5300040]",false,false,false,false,(NIR-RED)/(NIR+RED); mask denominator=0; keep source masks,dimensionless; no further scale needed,exact_uint8_values_in_Float32,-9999,Float32,1.0
NE_SOY,2024-10,2024-10-01,2024-11-01,NE_SOY_HLS_2024-10_g1_NDVI_FMASK_v1.tif,24,s0011_L30_20241030T022034000_FMASK,FMASK,2024-10-30T02:20:34.000Z,1730254834000,L30,NASA/HLS/HLSL30/v002/T51TYN_20241030T022034,NASA/HLS/HLSL30/v002,B4,B5,Fmask,EPSG:32651,"[30,0,699960,0,-30,5300040]",false,false,false,false,(NIR-RED)/(NIR+RED); mask denominator=0; keep source masks,dimensionless; no further scale needed,exact_uint8_values_in_Float32,-9999,Float32,1.0
NE_SOY,2024-10,2024-10-01,2024-11-01,NE_SOY_HLS_2024-10_g1_NDVI_FMASK_v1.tif,25,s0012_S30_20241031T022739000_NDVI,NDVI,2024-10-31T02:27:39.000Z,1730341659000,S30,NASA/HLS/HLSS30/v002/T51TYN_20241031T022739,NASA/HLS/HLSS30/v002,B4,B8A,Fmask,EPSG:32651,"[30,0,699960,0,-30,5300040]",false,false,false,false,(NIR-RED)/(NIR+RED); mask denominator=0; keep source masks,dimensionless; no further scale needed,exact_uint8_values_in_Float32,-9999,Float32,1.0
NE_SOY,2024-10,2024-10-01,2024-11-01,NE_SOY_HLS_2024-10_g1_NDVI_FMASK_v1.tif,26,s0012_S30_20241031T022739000_FMASK,FMASK,2024-10-31T02:27:39.000Z,1730341659000,S30,NASA/HLS/HLSS30/v002/T51TYN_20241031T022739,NASA/HLS/HLSS30/v002,B4,B8A,Fmask,EPSG:32651,"[30,0,699960,0,-30,5300040]",false,false,false,false,(NIR-RED)/(NIR+RED); mask denominator=0; keep source masks,dimensionless; no further scale needed,exact_uint8_values_in_Float32,-9999,Float32,1.0
NE_SOY,2024-10,2024-10-01,2024-11-01,NE_SOY_HLS_2024-10_g2_NDVI_FMASK_v1.tif,1,s0000_S30_20241001T022529000_NDVI,NDVI,2024-10-01T02:25:29.000Z,1727749529000,S30,NASA/HLS/HLSS30/v002/T52TCT_20241001T022529,NASA/HLS/HLSS30/v002,B4,B8A,Fmask,EPSG:32652,"[30,0,300000,0,-30,5300040]",false,false,false,false,(NIR-RED)/(NIR+RED); mask denominator=0; keep source masks,dimensionless; no further scale needed,exact_uint8_values_in_Float32,-9999,Float32,1.0
NE_SOY,2024-10,2024-10-01,2024-11-01,NE_SOY_HLS_2024-10_g2_NDVI_FMASK_v1.tif,2,s0000_S30_20241001T022529000_FMASK,FMASK,2024-10-01T02:25:29.000Z,1727749529000,S30,NASA/HLS/HLSS30/v002/T52TCT_20241001T022529,NASA/HLS/HLSS30/v002,B4,B8A,Fmask,EPSG:32652,"[30,0,300000,0,-30,5300040]",false,false,false,false,(NIR-RED)/(NIR+RED); mask denominator=0; keep source masks,dimensionless; no further scale needed,exact_uint8_values_in_Float32,-9999,Float32,1.0
NE_SOY,2024-10,2024-10-01,2024-11-01,NE_SOY_HLS_2024-10_g2_NDVI_FMASK_v1.tif,3,s0001_S30_20241004T023529000_NDVI,NDVI,2024-10-04T02:35:29.000Z,1728009329000,S30,NASA/HLS/HLSS30/v002/T52TCT_20241004T023529,NASA/HLS/HLSS30/v002,B4,B8A,Fmask,EPSG:32652,"[30,0,300000,0,-30,5300040]",false,false,false,false,(NIR-RED)/(NIR+RED); mask denominator=0; keep source masks,dimensionless; no further scale needed,exact_uint8_values_in_Float32,-9999,Float32,1.0
NE_SOY,2024-10,2024-10-01,2024-11-01,NE_SOY_HLS_2024-10_g2_NDVI_FMASK_v1.tif,4,s0001_S30_20241004T023529000_FMASK,FMASK,2024-10-04T02:35:29.000Z,1728009329000,S30,NASA/HLS/HLSS30/v002/T52TCT_20241004T023529,NASA/HLS/HLSS30/v002,B4,B8A,Fmask,EPSG:32652,"[30,0,300000,0,-30,5300040]",false,false,false,false,(NIR-RED)/(NIR+RED); mask denominator=0; keep source masks,dimensionless; no further scale needed,exact_uint8_values_in_Float32,-9999,Float32,1.0
NE_SOY,2024-10,2024-10-01,2024-11-01,NE_SOY_HLS_2024-10_g2_NDVI_FMASK_v1.tif,5,s0002_L30_20241006T022033000_NDVI,NDVI,2024-10-06T02:20:33.000Z,1728181233000,L30,NASA/HLS/HLSL30/v002/T52TCT_20241006T022033,NASA/HLS/HLSL30/v002,B4,B5,Fmask,EPSG:32652,"[30,0,300000,0,-30,5300040]",false,false,false,false,(NIR-RED)/(NIR+RED); mask denominator=0; keep source masks,dimensionless; no further scale needed,exact_uint8_values_in_Float32,-9999,Float32,1.0
NE_SOY,2024-10,2024-10-01,2024-11-01,NE_SOY_HLS_2024-10_g2_NDVI_FMASK_v1.tif,6,s0002_L30_20241006T022033000_FMASK,FMASK,2024-10-06T02:20:33.000Z,1728181233000,L30,NASA/HLS/HLSL30/v002/T52TCT_20241006T022033,NASA/HLS/HLSL30/v002,B4,B5,Fmask,EPSG:32652,"[30,0,300000,0,-30,5300040]",false,false,false,false,(NIR-RED)/(NIR+RED); mask denominator=0; keep source masks,dimensionless; no further scale needed,exact_uint8_values_in_Float32,-9999,Float32,1.0
NE_SOY,2024-10,2024-10-01,2024-11-01,NE_SOY_HLS_2024-10_g2_NDVI_FMASK_v1.tif,7,s0003_S30_20241006T022551000_NDVI,NDVI,2024-10-06T02:25:51.000Z,1728181551000,S30,NASA/HLS/HLSS30/v002/T52TCT_20241006T022551,NASA/HLS/HLSS30/v002,B4,B8A,Fmask,EPSG:32652,"[30,0,300000,0,-30,5300040]",false,false,false,false,(NIR-RED)/(NIR+RED); mask denominator=0; keep source masks,dimensionless; no further scale needed,exact_uint8_values_in_Float32,-9999,Float32,1.0
NE_SOY,2024-10,2024-10-01,2024-11-01,NE_SOY_HLS_2024-10_g2_NDVI_FMASK_v1.tif,8,s0003_S30_20241006T022551000_FMASK,FMASK,2024-10-06T02:25:51.000Z,1728181551000,S30,NASA/HLS/HLSS30/v002/T52TCT_20241006T022551,NASA/HLS/HLSS30/v002,B4,B8A,Fmask,EPSG:32652,"[30,0,300000,0,-30,5300040]",false,false,false,false,(NIR-RED)/(NIR+RED); mask denominator=0; keep source masks,dimensionless; no further scale needed,exact_uint8_values_in_Float32,-9999,Float32,1.0
NE_SOY,2024-10,2024-10-01,2024-11-01,NE_SOY_HLS_2024-10_g2_NDVI_FMASK_v1.tif,9,s0004_S30_20241009T023611000_NDVI,NDVI,2024-10-09T02:36:11.000Z,1728441371000,S30,NASA/HLS/HLSS30/v002/T52TCT_20241009T023611,NASA/HLS/HLSS30/v002,B4,B8A,Fmask,EPSG:32652,"[30,0,300000,0,-30,5300040]",false,false,false,false,(NIR-RED)/(NIR+RED); mask denominator=0; keep source masks,dimensionless; no further scale needed,exact_uint8_values_in_Float32,-9999,Float32,1.0
NE_SOY,2024-10,2024-10-01,2024-11-01,NE_SOY_HLS_2024-10_g2_NDVI_FMASK_v1.tif,10,s0004_S30_20241009T023611000_FMASK,FMASK,2024-10-09T02:36:11.000Z,1728441371000,S30,NASA/HLS/HLSS30/v002/T52TCT_20241009T023611,NASA/HLS/HLSS30/v002,B4,B8A,Fmask,EPSG:32652,"[30,0,300000,0,-30,5300040]",false,false,false,false,(NIR-RED)/(NIR+RED); mask denominator=0; keep source masks,dimensionless; no further scale needed,exact_uint8_values_in_Float32,-9999,Float32,1.0
NE_SOY,2024-10,2024-10-01,2024-11-01,NE_SOY_HLS_2024-10_g2_NDVI_FMASK_v1.tif,11,s0005_S30_20241011T022529000_NDVI,NDVI,2024-10-11T02:25:29.000Z,1728613529000,S30,NASA/HLS/HLSS30/v002/T52TCT_20241011T022529,NASA/HLS/HLSS30/v002,B4,B8A,Fmask,EPSG:32652,"[30,0,300000,0,-30,5300040]",false,false,false,false,(NIR-RED)/(NIR+RED); mask denominator=0; keep source masks,dimensionless; no further scale needed,exact_uint8_values_in_Float32,-9999,Float32,1.0
NE_SOY,2024-10,2024-10-01,2024-11-01,NE_SOY_HLS_2024-10_g2_NDVI_FMASK_v1.tif,12,s0005_S30_20241011T022529000_FMASK,FMASK,2024-10-11T02:25:29.000Z,1728613529000,S30,NASA/HLS/HLSS30/v002/T52TCT_20241011T022529,NASA/HLS/HLSS30/v002,B4,B8A,Fmask,EPSG:32652,"[30,0,300000,0,-30,5300040]",false,false,false,false,(NIR-RED)/(NIR+RED); mask denominator=0; keep source masks,dimensionless; no further scale needed,exact_uint8_values_in_Float32,-9999,Float32,1.0
NE_SOY,2024-10,2024-10-01,2024-11-01,NE_SOY_HLS_2024-10_g2_NDVI_FMASK_v1.tif,13,s0006_S30_20241016T022701000_NDVI,NDVI,2024-10-16T02:27:01.000Z,1729045621000,S30,NASA/HLS/HLSS30/v002/T52TCT_20241016T022701,NASA/HLS/HLSS30/v002,B4,B8A,Fmask,EPSG:32652,"[30,0,300000,0,-30,5300040]",false,false,false,false,(NIR-RED)/(NIR+RED); mask denominator=0; keep source masks,dimensionless; no further scale needed,exact_uint8_values_in_Float32,-9999,Float32,1.0
NE_SOY,2024-10,2024-10-01,2024-11-01,NE_SOY_HLS_2024-10_g2_NDVI_FMASK_v1.tif,14,s0006_S30_20241016T022701000_FMASK,FMASK,2024-10-16T02:27:01.000Z,1729045621000,S30,NASA/HLS/HLSS30/v002/T52TCT_20241016T022701,NASA/HLS/HLSS30/v002,B4,B8A,Fmask,EPSG:32652,"[30,0,300000,0,-30,5300040]",false,false,false,false,(NIR-RED)/(NIR+RED); mask denominator=0; keep source masks,dimensionless; no further scale needed,exact_uint8_values_in_Float32,-9999,Float32,1.0
NE_SOY,2024-10,2024-10-01,2024-11-01,NE_SOY_HLS_2024-10_g2_NDVI_FMASK_v1.tif,15,s0007_S30_20241019T023721000_NDVI,NDVI,2024-10-19T02:37:21.000Z,1729305441000,S30,NASA/HLS/HLSS30/v002/T52TCT_20241019T023721,NASA/HLS/HLSS30/v002,B4,B8A,Fmask,EPSG:32652,"[30,0,300000,0,-30,5300040]",false,false,false,false,(NIR-RED)/(NIR+RED); mask denominator=0; keep source masks,dimensionless; no further scale needed,exact_uint8_values_in_Float32,-9999,Float32,1.0
NE_SOY,2024-10,2024-10-01,2024-11-01,NE_SOY_HLS_2024-10_g2_NDVI_FMASK_v1.tif,16,s0007_S30_20241019T023721000_FMASK,FMASK,2024-10-19T02:37:21.000Z,1729305441000,S30,NASA/HLS/HLSS30/v002/T52TCT_20241019T023721,NASA/HLS/HLSS30/v002,B4,B8A,Fmask,EPSG:32652,"[30,0,300000,0,-30,5300040]",false,false,false,false,(NIR-RED)/(NIR+RED); mask denominator=0; keep source masks,dimensionless; no further scale needed,exact_uint8_values_in_Float32,-9999,Float32,1.0
NE_SOY,2024-10,2024-10-01,2024-11-01,NE_SOY_HLS_2024-10_g2_NDVI_FMASK_v1.tif,17,s0008_S30_20241021T022639000_NDVI,NDVI,2024-10-21T02:26:39.000Z,1729477599000,S30,NASA/HLS/HLSS30/v002/T52TCT_20241021T022639,NASA/HLS/HLSS30/v002,B4,B8A,Fmask,EPSG:32652,"[30,0,300000,0,-30,5300040]",false,false,false,false,(NIR-RED)/(NIR+RED); mask denominator=0; keep source masks,dimensionless; no further scale needed,exact_uint8_values_in_Float32,-9999,Float32,1.0
NE_SOY,2024-10,2024-10-01,2024-11-01,NE_SOY_HLS_2024-10_g2_NDVI_FMASK_v1.tif,18,s0008_S30_20241021T022639000_FMASK,FMASK,2024-10-21T02:26:39.000Z,1729477599000,S30,NASA/HLS/HLSS30/v002/T52TCT_20241021T022639,NASA/HLS/HLSS30/v002,B4,B8A,Fmask,EPSG:32652,"[30,0,300000,0,-30,5300040]",false,false,false,false,(NIR-RED)/(NIR+RED); mask denominator=0; keep source masks,dimensionless; no further scale needed,exact_uint8_values_in_Float32,-9999,Float32,1.0
NE_SOY,2024-10,2024-10-01,2024-11-01,NE_SOY_HLS_2024-10_g2_NDVI_FMASK_v1.tif,19,s0009_S30_20241024T023659000_NDVI,NDVI,2024-10-24T02:36:59.000Z,1729737419000,S30,NASA/HLS/HLSS30/v002/T52TCT_20241024T023659,NASA/HLS/HLSS30/v002,B4,B8A,Fmask,EPSG:32652,"[30,0,300000,0,-30,5300040]",false,false,false,false,(NIR-RED)/(NIR+RED); mask denominator=0; keep source masks,dimensionless; no further scale needed,exact_uint8_values_in_Float32,-9999,Float32,1.0
NE_SOY,2024-10,2024-10-01,2024-11-01,NE_SOY_HLS_2024-10_g2_NDVI_FMASK_v1.tif,20,s0009_S30_20241024T023659000_FMASK,FMASK,2024-10-24T02:36:59.000Z,1729737419000,S30,NASA/HLS/HLSS30/v002/T52TCT_20241024T023659,NASA/HLS/HLSS30/v002,B4,B8A,Fmask,EPSG:32652,"[30,0,300000,0,-30,5300040]",false,false,false,false,(NIR-RED)/(NIR+RED); mask denominator=0; keep source masks,dimensionless; no further scale needed,exact_uint8_values_in_Float32,-9999,Float32,1.0
NE_SOY,2024-10,2024-10-01,2024-11-01,NE_SOY_HLS_2024-10_g2_NDVI_FMASK_v1.tif,21,s0010_L30_20241030T022034000_NDVI,NDVI,2024-10-30T02:20:34.000Z,1730254834000,L30,NASA/HLS/HLSL30/v002/T52TCT_20241030T022034,NASA/HLS/HLSL30/v002,B4,B5,Fmask,EPSG:32652,"[30,0,300000,0,-30,5300040]",false,false,false,false,(NIR-RED)/(NIR+RED); mask denominator=0; keep source masks,dimensionless; no further scale needed,exact_uint8_values_in_Float32,-9999,Float32,1.0
NE_SOY,2024-10,2024-10-01,2024-11-01,NE_SOY_HLS_2024-10_g2_NDVI_FMASK_v1.tif,22,s0010_L30_20241030T022034000_FMASK,FMASK,2024-10-30T02:20:34.000Z,1730254834000,L30,NASA/HLS/HLSL30/v002/T52TCT_20241030T022034,NASA/HLS/HLSL30/v002,B4,B5,Fmask,EPSG:32652,"[30,0,300000,0,-30,5300040]",false,false,false,false,(NIR-RED)/(NIR+RED); mask denominator=0; keep source masks,dimensionless; no further scale needed,exact_uint8_values_in_Float32,-9999,Float32,1.0
NE_SOY,2024-10,2024-10-01,2024-11-01,NE_SOY_HLS_2024-10_g2_NDVI_FMASK_v1.tif,23,s0011_S30_20241031T022739000_NDVI,NDVI,2024-10-31T02:27:39.000Z,1730341659000,S30,NASA/HLS/HLSS30/v002/T52TCT_20241031T022739,NASA/HLS/HLSS30/v002,B4,B8A,Fmask,EPSG:32652,"[30,0,300000,0,-30,5300040]",false,false,false,false,(NIR-RED)/(NIR+RED); mask denominator=0; keep source masks,dimensionless; no further scale needed,exact_uint8_values_in_Float32,-9999,Float32,1.0
NE_SOY,2024-10,2024-10-01,2024-11-01,NE_SOY_HLS_2024-10_g2_NDVI_FMASK_v1.tif,24,s0011_S30_20241031T022739000_FMASK,FMASK,2024-10-31T02:27:39.000Z,1730341659000,S30,NASA/HLS/HLSS30/v002/T52TCT_20241031T022739,NASA/HLS/HLSS30/v002,B4,B8A,Fmask,EPSG:32652,"[30,0,300000,0,-30,5300040]",false,false,false,false,(NIR-RED)/(NIR+RED); mask denominator=0; keep source masks,dimensionless; no further scale needed,exact_uint8_values_in_Float32,-9999,Float32,1.0
NE_SOY,2024-11,2024-11-01,2024-12-01,NE_SOY_HLS_2024-11_g1_NDVI_FMASK_v1.tif,1,s0000_S30_20241103T023759000_NDVI,NDVI,2024-11-03T02:37:59.000Z,1730601479000,S30,NASA/HLS/HLSS30/v002/T51TYN_20241103T023759,NASA/HLS/HLSS30/v002,B4,B8A,Fmask,EPSG:32651,"[30,0,699960,0,-30,5300040]",false,false,false,false,(NIR-RED)/(NIR+RED); mask denominator=0; keep source masks,dimensionless; no further scale needed,exact_uint8_values_in_Float32,-9999,Float32,1.0
NE_SOY,2024-11,2024-11-01,2024-12-01,NE_SOY_HLS_2024-11_g1_NDVI_FMASK_v1.tif,2,s0000_S30_20241103T023759000_FMASK,FMASK,2024-11-03T02:37:59.000Z,1730601479000,S30,NASA/HLS/HLSS30/v002/T51TYN_20241103T023759,NASA/HLS/HLSS30/v002,B4,B8A,Fmask,EPSG:32651,"[30,0,699960,0,-30,5300040]",false,false,false,false,(NIR-RED)/(NIR+RED); mask denominator=0; keep source masks,dimensionless; no further scale needed,exact_uint8_values_in_Float32,-9999,Float32,1.0
NE_SOY,2024-11,2024-11-01,2024-12-01,NE_SOY_HLS_2024-11_g1_NDVI_FMASK_v1.tif,3,s0001_S30_20241105T022901000_NDVI,NDVI,2024-11-05T02:29:01.000Z,1730773741000,S30,NASA/HLS/HLSS30/v002/T51TYN_20241105T022901,NASA/HLS/HLSS30/v002,B4,B8A,Fmask,EPSG:32651,"[30,0,699960,0,-30,5300040]",false,false,false,false,(NIR-RED)/(NIR+RED); mask denominator=0; keep source masks,dimensionless; no further scale needed,exact_uint8_values_in_Float32,-9999,Float32,1.0
NE_SOY,2024-11,2024-11-01,2024-12-01,NE_SOY_HLS_2024-11_g1_NDVI_FMASK_v1.tif,4,s0001_S30_20241105T022901000_FMASK,FMASK,2024-11-05T02:29:01.000Z,1730773741000,S30,NASA/HLS/HLSS30/v002/T51TYN_20241105T022901,NASA/HLS/HLSS30/v002,B4,B8A,Fmask,EPSG:32651,"[30,0,699960,0,-30,5300040]",false,false,false,false,(NIR-RED)/(NIR+RED); mask denominator=0; keep source masks,dimensionless; no further scale needed,exact_uint8_values_in_Float32,-9999,Float32,1.0
NE_SOY,2024-11,2024-11-01,2024-12-01,NE_SOY_HLS_2024-11_g1_NDVI_FMASK_v1.tif,5,s0002_L30_20241107T022043000_NDVI,NDVI,2024-11-07T02:20:43.000Z,1730946043000,L30,NASA/HLS/HLSL30/v002/T51TYN_20241107T022043,NASA/HLS/HLSL30/v002,B4,B5,Fmask,EPSG:32651,"[30,0,699960,0,-30,5300040]",false,false,false,false,(NIR-RED)/(NIR+RED); mask denominator=0; keep source masks,dimensionless; no further scale needed,exact_uint8_values_in_Float32,-9999,Float32,1.0
NE_SOY,2024-11,2024-11-01,2024-12-01,NE_SOY_HLS_2024-11_g1_NDVI_FMASK_v1.tif,6,s0002_L30_20241107T022043000_FMASK,FMASK,2024-11-07T02:20:43.000Z,1730946043000,L30,NASA/HLS/HLSL30/v002/T51TYN_20241107T022043,NASA/HLS/HLSL30/v002,B4,B5,Fmask,EPSG:32651,"[30,0,699960,0,-30,5300040]",false,false,false,false,(NIR-RED)/(NIR+RED); mask denominator=0; keep source masks,dimensionless; no further scale needed,exact_uint8_values_in_Float32,-9999,Float32,1.0
NE_SOY,2024-11,2024-11-01,2024-12-01,NE_SOY_HLS_2024-11_g1_NDVI_FMASK_v1.tif,7,s0003_S30_20241108T023921000_NDVI,NDVI,2024-11-08T02:39:21.000Z,1731033561000,S30,NASA/HLS/HLSS30/v002/T51TYN_20241108T023921,NASA/HLS/HLSS30/v002,B4,B8A,Fmask,EPSG:32651,"[30,0,699960,0,-30,5300040]",false,false,false,false,(NIR-RED)/(NIR+RED); mask denominator=0; keep source masks,dimensionless; no further scale needed,exact_uint8_values_in_Float32,-9999,Float32,1.0
NE_SOY,2024-11,2024-11-01,2024-12-01,NE_SOY_HLS_2024-11_g1_NDVI_FMASK_v1.tif,8,s0003_S30_20241108T023921000_FMASK,FMASK,2024-11-08T02:39:21.000Z,1731033561000,S30,NASA/HLS/HLSS30/v002/T51TYN_20241108T023921,NASA/HLS/HLSS30/v002,B4,B8A,Fmask,EPSG:32651,"[30,0,699960,0,-30,5300040]",false,false,false,false,(NIR-RED)/(NIR+RED); mask denominator=0; keep source masks,dimensionless; no further scale needed,exact_uint8_values_in_Float32,-9999,Float32,1.0
NE_SOY,2024-11,2024-11-01,2024-12-01,NE_SOY_HLS_2024-11_g1_NDVI_FMASK_v1.tif,9,s0004_S30_20241110T022829000_NDVI,NDVI,2024-11-10T02:28:29.000Z,1731205709000,S30,NASA/HLS/HLSS30/v002/T51TYN_20241110T022829,NASA/HLS/HLSS30/v002,B4,B8A,Fmask,EPSG:32651,"[30,0,699960,0,-30,5300040]",false,false,false,false,(NIR-RED)/(NIR+RED); mask denominator=0; keep source masks,dimensionless; no further scale needed,exact_uint8_values_in_Float32,-9999,Float32,1.0
NE_SOY,2024-11,2024-11-01,2024-12-01,NE_SOY_HLS_2024-11_g1_NDVI_FMASK_v1.tif,10,s0004_S30_20241110T022829000_FMASK,FMASK,2024-11-10T02:28:29.000Z,1731205709000,S30,NASA/HLS/HLSS30/v002/T51TYN_20241110T022829,NASA/HLS/HLSS30/v002,B4,B8A,Fmask,EPSG:32651,"[30,0,699960,0,-30,5300040]",false,false,false,false,(NIR-RED)/(NIR+RED); mask denominator=0; keep source masks,dimensionless; no further scale needed,exact_uint8_values_in_Float32,-9999,Float32,1.0
NE_SOY,2024-11,2024-11-01,2024-12-01,NE_SOY_HLS_2024-11_g1_NDVI_FMASK_v1.tif,11,s0005_S30_20241113T023849000_NDVI,NDVI,2024-11-13T02:38:49.000Z,1731465529000,S30,NASA/HLS/HLSS30/v002/T51TYN_20241113T023849,NASA/HLS/HLSS30/v002,B4,B8A,Fmask,EPSG:32651,"[30,0,699960,0,-30,5300040]",false,false,false,false,(NIR-RED)/(NIR+RED); mask denominator=0; keep source masks,dimensionless; no further scale needed,exact_uint8_values_in_Float32,-9999,Float32,1.0
NE_SOY,2024-11,2024-11-01,2024-12-01,NE_SOY_HLS_2024-11_g1_NDVI_FMASK_v1.tif,12,s0005_S30_20241113T023849000_FMASK,FMASK,2024-11-13T02:38:49.000Z,1731465529000,S30,NASA/HLS/HLSS30/v002/T51TYN_20241113T023849,NASA/HLS/HLSS30/v002,B4,B8A,Fmask,EPSG:32651,"[30,0,699960,0,-30,5300040]",false,false,false,false,(NIR-RED)/(NIR+RED); mask denominator=0; keep source masks,dimensionless; no further scale needed,exact_uint8_values_in_Float32,-9999,Float32,1.0
NE_SOY,2024-11,2024-11-01,2024-12-01,NE_SOY_HLS_2024-11_g1_NDVI_FMASK_v1.tif,13,s0006_L30_20241115T022036000_NDVI,NDVI,2024-11-15T02:20:36.000Z,1731637236000,L30,NASA/HLS/HLSL30/v002/T51TYN_20241115T022036,NASA/HLS/HLSL30/v002,B4,B5,Fmask,EPSG:32651,"[30,0,699960,0,-30,5300040]",false,false,false,false,(NIR-RED)/(NIR+RED); mask denominator=0; keep source masks,dimensionless; no further scale needed,exact_uint8_values_in_Float32,-9999,Float32,1.0
NE_SOY,2024-11,2024-11-01,2024-12-01,NE_SOY_HLS_2024-11_g1_NDVI_FMASK_v1.tif,14,s0006_L30_20241115T022036000_FMASK,FMASK,2024-11-15T02:20:36.000Z,1731637236000,L30,NASA/HLS/HLSL30/v002/T51TYN_20241115T022036,NASA/HLS/HLSL30/v002,B4,B5,Fmask,EPSG:32651,"[30,0,699960,0,-30,5300040]",false,false,false,false,(NIR-RED)/(NIR+RED); mask denominator=0; keep source masks,dimensionless; no further scale needed,exact_uint8_values_in_Float32,-9999,Float32,1.0
NE_SOY,2024-11,2024-11-01,2024-12-01,NE_SOY_HLS_2024-11_g1_NDVI_FMASK_v1.tif,15,s0007_S30_20241115T022951000_NDVI,NDVI,2024-11-15T02:29:51.000Z,1731637791000,S30,NASA/HLS/HLSS30/v002/T51TYN_20241115T022951,NASA/HLS/HLSS30/v002,B4,B8A,Fmask,EPSG:32651,"[30,0,699960,0,-30,5300040]",false,false,false,false,(NIR-RED)/(NIR+RED); mask denominator=0; keep source masks,dimensionless; no further scale needed,exact_uint8_values_in_Float32,-9999,Float32,1.0
NE_SOY,2024-11,2024-11-01,2024-12-01,NE_SOY_HLS_2024-11_g1_NDVI_FMASK_v1.tif,16,s0007_S30_20241115T022951000_FMASK,FMASK,2024-11-15T02:29:51.000Z,1731637791000,S30,NASA/HLS/HLSS30/v002/T51TYN_20241115T022951,NASA/HLS/HLSS30/v002,B4,B8A,Fmask,EPSG:32651,"[30,0,699960,0,-30,5300040]",false,false,false,false,(NIR-RED)/(NIR+RED); mask denominator=0; keep source masks,dimensionless; no further scale needed,exact_uint8_values_in_Float32,-9999,Float32,1.0
NE_SOY,2024-11,2024-11-01,2024-12-01,NE_SOY_HLS_2024-11_g1_NDVI_FMASK_v1.tif,17,s0008_S30_20241118T024011000_NDVI,NDVI,2024-11-18T02:40:11.000Z,1731897611000,S30,NASA/HLS/HLSS30/v002/T51TYN_20241118T024011,NASA/HLS/HLSS30/v002,B4,B8A,Fmask,EPSG:32651,"[30,0,699960,0,-30,5300040]",false,false,false,false,(NIR-RED)/(NIR+RED); mask denominator=0; keep source masks,dimensionless; no further scale needed,exact_uint8_values_in_Float32,-9999,Float32,1.0
NE_SOY,2024-11,2024-11-01,2024-12-01,NE_SOY_HLS_2024-11_g1_NDVI_FMASK_v1.tif,18,s0008_S30_20241118T024011000_FMASK,FMASK,2024-11-18T02:40:11.000Z,1731897611000,S30,NASA/HLS/HLSS30/v002/T51TYN_20241118T024011,NASA/HLS/HLSS30/v002,B4,B8A,Fmask,EPSG:32651,"[30,0,699960,0,-30,5300040]",false,false,false,false,(NIR-RED)/(NIR+RED); mask denominator=0; keep source masks,dimensionless; no further scale needed,exact_uint8_values_in_Float32,-9999,Float32,1.0
NE_SOY,2024-11,2024-11-01,2024-12-01,NE_SOY_HLS_2024-11_g1_NDVI_FMASK_v1.tif,19,s0009_S30_20241120T022919000_NDVI,NDVI,2024-11-20T02:29:19.000Z,1732069759000,S30,NASA/HLS/HLSS30/v002/T51TYN_20241120T022919,NASA/HLS/HLSS30/v002,B4,B8A,Fmask,EPSG:32651,"[30,0,699960,0,-30,5300040]",false,false,false,false,(NIR-RED)/(NIR+RED); mask denominator=0; keep source masks,dimensionless; no further scale needed,exact_uint8_values_in_Float32,-9999,Float32,1.0
NE_SOY,2024-11,2024-11-01,2024-12-01,NE_SOY_HLS_2024-11_g1_NDVI_FMASK_v1.tif,20,s0009_S30_20241120T022919000_FMASK,FMASK,2024-11-20T02:29:19.000Z,1732069759000,S30,NASA/HLS/HLSS30/v002/T51TYN_20241120T022919,NASA/HLS/HLSS30/v002,B4,B8A,Fmask,EPSG:32651,"[30,0,699960,0,-30,5300040]",false,false,false,false,(NIR-RED)/(NIR+RED); mask denominator=0; keep source masks,dimensionless; no further scale needed,exact_uint8_values_in_Float32,-9999,Float32,1.0
NE_SOY,2024-11,2024-11-01,2024-12-01,NE_SOY_HLS_2024-11_g1_NDVI_FMASK_v1.tif,21,s0010_L30_20241123T022052000_NDVI,NDVI,2024-11-23T02:20:52.000Z,1732328452000,L30,NASA/HLS/HLSL30/v002/T51TYN_20241123T022052,NASA/HLS/HLSL30/v002,B4,B5,Fmask,EPSG:32651,"[30,0,699960,0,-30,5300040]",false,false,false,false,(NIR-RED)/(NIR+RED); mask denominator=0; keep source masks,dimensionless; no further scale needed,exact_uint8_values_in_Float32,-9999,Float32,1.0
NE_SOY,2024-11,2024-11-01,2024-12-01,NE_SOY_HLS_2024-11_g1_NDVI_FMASK_v1.tif,22,s0010_L30_20241123T022052000_FMASK,FMASK,2024-11-23T02:20:52.000Z,1732328452000,L30,NASA/HLS/HLSL30/v002/T51TYN_20241123T022052,NASA/HLS/HLSL30/v002,B4,B5,Fmask,EPSG:32651,"[30,0,699960,0,-30,5300040]",false,false,false,false,(NIR-RED)/(NIR+RED); mask denominator=0; keep source masks,dimensionless; no further scale needed,exact_uint8_values_in_Float32,-9999,Float32,1.0
NE_SOY,2024-11,2024-11-01,2024-12-01,NE_SOY_HLS_2024-11_g1_NDVI_FMASK_v1.tif,23,s0011_S30_20241123T023939000_NDVI,NDVI,2024-11-23T02:39:39.000Z,1732329579000,S30,NASA/HLS/HLSS30/v002/T51TYN_20241123T023939,NASA/HLS/HLSS30/v002,B4,B8A,Fmask,EPSG:32651,"[30,0,699960,0,-30,5300040]",false,false,false,false,(NIR-RED)/(NIR+RED); mask denominator=0; keep source masks,dimensionless; no further scale needed,exact_uint8_values_in_Float32,-9999,Float32,1.0
NE_SOY,2024-11,2024-11-01,2024-12-01,NE_SOY_HLS_2024-11_g1_NDVI_FMASK_v1.tif,24,s0011_S30_20241123T023939000_FMASK,FMASK,2024-11-23T02:39:39.000Z,1732329579000,S30,NASA/HLS/HLSS30/v002/T51TYN_20241123T023939,NASA/HLS/HLSS30/v002,B4,B8A,Fmask,EPSG:32651,"[30,0,699960,0,-30,5300040]",false,false,false,false,(NIR-RED)/(NIR+RED); mask denominator=0; keep source masks,dimensionless; no further scale needed,exact_uint8_values_in_Float32,-9999,Float32,1.0
NE_SOY,2024-11,2024-11-01,2024-12-01,NE_SOY_HLS_2024-11_g1_NDVI_FMASK_v1.tif,25,s0012_S30_20241130T022949000_NDVI,NDVI,2024-11-30T02:29:49.000Z,1732933789000,S30,NASA/HLS/HLSS30/v002/T51TYN_20241130T022949,NASA/HLS/HLSS30/v002,B4,B8A,Fmask,EPSG:32651,"[30,0,699960,0,-30,5300040]",false,false,false,false,(NIR-RED)/(NIR+RED); mask denominator=0; keep source masks,dimensionless; no further scale needed,exact_uint8_values_in_Float32,-9999,Float32,1.0
NE_SOY,2024-11,2024-11-01,2024-12-01,NE_SOY_HLS_2024-11_g1_NDVI_FMASK_v1.tif,26,s0012_S30_20241130T022949000_FMASK,FMASK,2024-11-30T02:29:49.000Z,1732933789000,S30,NASA/HLS/HLSS30/v002/T51TYN_20241130T022949,NASA/HLS/HLSS30/v002,B4,B8A,Fmask,EPSG:32651,"[30,0,699960,0,-30,5300040]",false,false,false,false,(NIR-RED)/(NIR+RED); mask denominator=0; keep source masks,dimensionless; no further scale needed,exact_uint8_values_in_Float32,-9999,Float32,1.0
NE_SOY,2024-11,2024-11-01,2024-12-01,NE_SOY_HLS_2024-11_g2_NDVI_FMASK_v1.tif,1,s0000_S30_20241103T023759000_NDVI,NDVI,2024-11-03T02:37:59.000Z,1730601479000,S30,NASA/HLS/HLSS30/v002/T52TCT_20241103T023759,NASA/HLS/HLSS30/v002,B4,B8A,Fmask,EPSG:32652,"[30,0,300000,0,-30,5300040]",false,false,false,false,(NIR-RED)/(NIR+RED); mask denominator=0; keep source masks,dimensionless; no further scale needed,exact_uint8_values_in_Float32,-9999,Float32,1.0
NE_SOY,2024-11,2024-11-01,2024-12-01,NE_SOY_HLS_2024-11_g2_NDVI_FMASK_v1.tif,2,s0000_S30_20241103T023759000_FMASK,FMASK,2024-11-03T02:37:59.000Z,1730601479000,S30,NASA/HLS/HLSS30/v002/T52TCT_20241103T023759,NASA/HLS/HLSS30/v002,B4,B8A,Fmask,EPSG:32652,"[30,0,300000,0,-30,5300040]",false,false,false,false,(NIR-RED)/(NIR+RED); mask denominator=0; keep source masks,dimensionless; no further scale needed,exact_uint8_values_in_Float32,-9999,Float32,1.0
NE_SOY,2024-11,2024-11-01,2024-12-01,NE_SOY_HLS_2024-11_g2_NDVI_FMASK_v1.tif,3,s0001_S30_20241105T022901000_NDVI,NDVI,2024-11-05T02:29:01.000Z,1730773741000,S30,NASA/HLS/HLSS30/v002/T52TCT_20241105T022901,NASA/HLS/HLSS30/v002,B4,B8A,Fmask,EPSG:32652,"[30,0,300000,0,-30,5300040]",false,false,false,false,(NIR-RED)/(NIR+RED); mask denominator=0; keep source masks,dimensionless; no further scale needed,exact_uint8_values_in_Float32,-9999,Float32,1.0
NE_SOY,2024-11,2024-11-01,2024-12-01,NE_SOY_HLS_2024-11_g2_NDVI_FMASK_v1.tif,4,s0001_S30_20241105T022901000_FMASK,FMASK,2024-11-05T02:29:01.000Z,1730773741000,S30,NASA/HLS/HLSS30/v002/T52TCT_20241105T022901,NASA/HLS/HLSS30/v002,B4,B8A,Fmask,EPSG:32652,"[30,0,300000,0,-30,5300040]",false,false,false,false,(NIR-RED)/(NIR+RED); mask denominator=0; keep source masks,dimensionless; no further scale needed,exact_uint8_values_in_Float32,-9999,Float32,1.0
NE_SOY,2024-11,2024-11-01,2024-12-01,NE_SOY_HLS_2024-11_g2_NDVI_FMASK_v1.tif,5,s0002_L30_20241107T022043000_NDVI,NDVI,2024-11-07T02:20:43.000Z,1730946043000,L30,NASA/HLS/HLSL30/v002/T52TCT_20241107T022043,NASA/HLS/HLSL30/v002,B4,B5,Fmask,EPSG:32652,"[30,0,300000,0,-30,5300040]",false,false,false,false,(NIR-RED)/(NIR+RED); mask denominator=0; keep source masks,dimensionless; no further scale needed,exact_uint8_values_in_Float32,-9999,Float32,1.0
NE_SOY,2024-11,2024-11-01,2024-12-01,NE_SOY_HLS_2024-11_g2_NDVI_FMASK_v1.tif,6,s0002_L30_20241107T022043000_FMASK,FMASK,2024-11-07T02:20:43.000Z,1730946043000,L30,NASA/HLS/HLSL30/v002/T52TCT_20241107T022043,NASA/HLS/HLSL30/v002,B4,B5,Fmask,EPSG:32652,"[30,0,300000,0,-30,5300040]",false,false,false,false,(NIR-RED)/(NIR+RED); mask denominator=0; keep source masks,dimensionless; no further scale needed,exact_uint8_values_in_Float32,-9999,Float32,1.0
NE_SOY,2024-11,2024-11-01,2024-12-01,NE_SOY_HLS_2024-11_g2_NDVI_FMASK_v1.tif,7,s0003_S30_20241108T023921000_NDVI,NDVI,2024-11-08T02:39:21.000Z,1731033561000,S30,NASA/HLS/HLSS30/v002/T52TCT_20241108T023921,NASA/HLS/HLSS30/v002,B4,B8A,Fmask,EPSG:32652,"[30,0,300000,0,-30,5300040]",false,false,false,false,(NIR-RED)/(NIR+RED); mask denominator=0; keep source masks,dimensionless; no further scale needed,exact_uint8_values_in_Float32,-9999,Float32,1.0
NE_SOY,2024-11,2024-11-01,2024-12-01,NE_SOY_HLS_2024-11_g2_NDVI_FMASK_v1.tif,8,s0003_S30_20241108T023921000_FMASK,FMASK,2024-11-08T02:39:21.000Z,1731033561000,S30,NASA/HLS/HLSS30/v002/T52TCT_20241108T023921,NASA/HLS/HLSS30/v002,B4,B8A,Fmask,EPSG:32652,"[30,0,300000,0,-30,5300040]",false,false,false,false,(NIR-RED)/(NIR+RED); mask denominator=0; keep source masks,dimensionless; no further scale needed,exact_uint8_values_in_Float32,-9999,Float32,1.0
NE_SOY,2024-11,2024-11-01,2024-12-01,NE_SOY_HLS_2024-11_g2_NDVI_FMASK_v1.tif,9,s0004_S30_20241110T022829000_NDVI,NDVI,2024-11-10T02:28:29.000Z,1731205709000,S30,NASA/HLS/HLSS30/v002/T52TCT_20241110T022829,NASA/HLS/HLSS30/v002,B4,B8A,Fmask,EPSG:32652,"[30,0,300000,0,-30,5300040]",false,false,false,false,(NIR-RED)/(NIR+RED); mask denominator=0; keep source masks,dimensionless; no further scale needed,exact_uint8_values_in_Float32,-9999,Float32,1.0
NE_SOY,2024-11,2024-11-01,2024-12-01,NE_SOY_HLS_2024-11_g2_NDVI_FMASK_v1.tif,10,s0004_S30_20241110T022829000_FMASK,FMASK,2024-11-10T02:28:29.000Z,1731205709000,S30,NASA/HLS/HLSS30/v002/T52TCT_20241110T022829,NASA/HLS/HLSS30/v002,B4,B8A,Fmask,EPSG:32652,"[30,0,300000,0,-30,5300040]",false,false,false,false,(NIR-RED)/(NIR+RED); mask denominator=0; keep source masks,dimensionless; no further scale needed,exact_uint8_values_in_Float32,-9999,Float32,1.0
NE_SOY,2024-11,2024-11-01,2024-12-01,NE_SOY_HLS_2024-11_g2_NDVI_FMASK_v1.tif,11,s0005_S30_20241113T023849000_NDVI,NDVI,2024-11-13T02:38:49.000Z,1731465529000,S30,NASA/HLS/HLSS30/v002/T52TCT_20241113T023849,NASA/HLS/HLSS30/v002,B4,B8A,Fmask,EPSG:32652,"[30,0,300000,0,-30,5300040]",false,false,false,false,(NIR-RED)/(NIR+RED); mask denominator=0; keep source masks,dimensionless; no further scale needed,exact_uint8_values_in_Float32,-9999,Float32,1.0
NE_SOY,2024-11,2024-11-01,2024-12-01,NE_SOY_HLS_2024-11_g2_NDVI_FMASK_v1.tif,12,s0005_S30_20241113T023849000_FMASK,FMASK,2024-11-13T02:38:49.000Z,1731465529000,S30,NASA/HLS/HLSS30/v002/T52TCT_20241113T023849,NASA/HLS/HLSS30/v002,B4,B8A,Fmask,EPSG:32652,"[30,0,300000,0,-30,5300040]",false,false,false,false,(NIR-RED)/(NIR+RED); mask denominator=0; keep source masks,dimensionless; no further scale needed,exact_uint8_values_in_Float32,-9999,Float32,1.0
NE_SOY,2024-11,2024-11-01,2024-12-01,NE_SOY_HLS_2024-11_g2_NDVI_FMASK_v1.tif,13,s0006_L30_20241115T022036000_NDVI,NDVI,2024-11-15T02:20:36.000Z,1731637236000,L30,NASA/HLS/HLSL30/v002/T52TCT_20241115T022036,NASA/HLS/HLSL30/v002,B4,B5,Fmask,EPSG:32652,"[30,0,300000,0,-30,5300040]",false,false,false,false,(NIR-RED)/(NIR+RED); mask denominator=0; keep source masks,dimensionless; no further scale needed,exact_uint8_values_in_Float32,-9999,Float32,1.0
NE_SOY,2024-11,2024-11-01,2024-12-01,NE_SOY_HLS_2024-11_g2_NDVI_FMASK_v1.tif,14,s0006_L30_20241115T022036000_FMASK,FMASK,2024-11-15T02:20:36.000Z,1731637236000,L30,NASA/HLS/HLSL30/v002/T52TCT_20241115T022036,NASA/HLS/HLSL30/v002,B4,B5,Fmask,EPSG:32652,"[30,0,300000,0,-30,5300040]",false,false,false,false,(NIR-RED)/(NIR+RED); mask denominator=0; keep source masks,dimensionless; no further scale needed,exact_uint8_values_in_Float32,-9999,Float32,1.0
NE_SOY,2024-11,2024-11-01,2024-12-01,NE_SOY_HLS_2024-11_g2_NDVI_FMASK_v1.tif,15,s0007_S30_20241115T022951000_NDVI,NDVI,2024-11-15T02:29:51.000Z,1731637791000,S30,NASA/HLS/HLSS30/v002/T52TCT_20241115T022951,NASA/HLS/HLSS30/v002,B4,B8A,Fmask,EPSG:32652,"[30,0,300000,0,-30,5300040]",false,false,false,false,(NIR-RED)/(NIR+RED); mask denominator=0; keep source masks,dimensionless; no further scale needed,exact_uint8_values_in_Float32,-9999,Float32,1.0
NE_SOY,2024-11,2024-11-01,2024-12-01,NE_SOY_HLS_2024-11_g2_NDVI_FMASK_v1.tif,16,s0007_S30_20241115T022951000_FMASK,FMASK,2024-11-15T02:29:51.000Z,1731637791000,S30,NASA/HLS/HLSS30/v002/T52TCT_20241115T022951,NASA/HLS/HLSS30/v002,B4,B8A,Fmask,EPSG:32652,"[30,0,300000,0,-30,5300040]",false,false,false,false,(NIR-RED)/(NIR+RED); mask denominator=0; keep source masks,dimensionless; no further scale needed,exact_uint8_values_in_Float32,-9999,Float32,1.0
NE_SOY,2024-11,2024-11-01,2024-12-01,NE_SOY_HLS_2024-11_g2_NDVI_FMASK_v1.tif,17,s0008_S30_20241118T024011000_NDVI,NDVI,2024-11-18T02:40:11.000Z,1731897611000,S30,NASA/HLS/HLSS30/v002/T52TCT_20241118T024011,NASA/HLS/HLSS30/v002,B4,B8A,Fmask,EPSG:32652,"[30,0,300000,0,-30,5300040]",false,false,false,false,(NIR-RED)/(NIR+RED); mask denominator=0; keep source masks,dimensionless; no further scale needed,exact_uint8_values_in_Float32,-9999,Float32,1.0
NE_SOY,2024-11,2024-11-01,2024-12-01,NE_SOY_HLS_2024-11_g2_NDVI_FMASK_v1.tif,18,s0008_S30_20241118T024011000_FMASK,FMASK,2024-11-18T02:40:11.000Z,1731897611000,S30,NASA/HLS/HLSS30/v002/T52TCT_20241118T024011,NASA/HLS/HLSS30/v002,B4,B8A,Fmask,EPSG:32652,"[30,0,300000,0,-30,5300040]",false,false,false,false,(NIR-RED)/(NIR+RED); mask denominator=0; keep source masks,dimensionless; no further scale needed,exact_uint8_values_in_Float32,-9999,Float32,1.0
NE_SOY,2024-11,2024-11-01,2024-12-01,NE_SOY_HLS_2024-11_g2_NDVI_FMASK_v1.tif,19,s0009_S30_20241120T022919000_NDVI,NDVI,2024-11-20T02:29:19.000Z,1732069759000,S30,NASA/HLS/HLSS30/v002/T52TCT_20241120T022919,NASA/HLS/HLSS30/v002,B4,B8A,Fmask,EPSG:32652,"[30,0,300000,0,-30,5300040]",false,false,false,false,(NIR-RED)/(NIR+RED); mask denominator=0; keep source masks,dimensionless; no further scale needed,exact_uint8_values_in_Float32,-9999,Float32,1.0
NE_SOY,2024-11,2024-11-01,2024-12-01,NE_SOY_HLS_2024-11_g2_NDVI_FMASK_v1.tif,20,s0009_S30_20241120T022919000_FMASK,FMASK,2024-11-20T02:29:19.000Z,1732069759000,S30,NASA/HLS/HLSS30/v002/T52TCT_20241120T022919,NASA/HLS/HLSS30/v002,B4,B8A,Fmask,EPSG:32652,"[30,0,300000,0,-30,5300040]",false,false,false,false,(NIR-RED)/(NIR+RED); mask denominator=0; keep source masks,dimensionless; no further scale needed,exact_uint8_values_in_Float32,-9999,Float32,1.0
NE_SOY,2024-11,2024-11-01,2024-12-01,NE_SOY_HLS_2024-11_g2_NDVI_FMASK_v1.tif,21,s0010_L30_20241123T022052000_NDVI,NDVI,2024-11-23T02:20:52.000Z,1732328452000,L30,NASA/HLS/HLSL30/v002/T52TCT_20241123T022052,NASA/HLS/HLSL30/v002,B4,B5,Fmask,EPSG:32652,"[30,0,300000,0,-30,5300040]",false,false,false,false,(NIR-RED)/(NIR+RED); mask denominator=0; keep source masks,dimensionless; no further scale needed,exact_uint8_values_in_Float32,-9999,Float32,1.0
NE_SOY,2024-11,2024-11-01,2024-12-01,NE_SOY_HLS_2024-11_g2_NDVI_FMASK_v1.tif,22,s0010_L30_20241123T022052000_FMASK,FMASK,2024-11-23T02:20:52.000Z,1732328452000,L30,NASA/HLS/HLSL30/v002/T52TCT_20241123T022052,NASA/HLS/HLSL30/v002,B4,B5,Fmask,EPSG:32652,"[30,0,300000,0,-30,5300040]",false,false,false,false,(NIR-RED)/(NIR+RED); mask denominator=0; keep source masks,dimensionless; no further scale needed,exact_uint8_values_in_Float32,-9999,Float32,1.0
NE_SOY,2024-11,2024-11-01,2024-12-01,NE_SOY_HLS_2024-11_g2_NDVI_FMASK_v1.tif,23,s0011_S30_20241123T023939000_NDVI,NDVI,2024-11-23T02:39:39.000Z,1732329579000,S30,NASA/HLS/HLSS30/v002/T52TCT_20241123T023939,NASA/HLS/HLSS30/v002,B4,B8A,Fmask,EPSG:32652,"[30,0,300000,0,-30,5300040]",false,false,false,false,(NIR-RED)/(NIR+RED); mask denominator=0; keep source masks,dimensionless; no further scale needed,exact_uint8_values_in_Float32,-9999,Float32,1.0
NE_SOY,2024-11,2024-11-01,2024-12-01,NE_SOY_HLS_2024-11_g2_NDVI_FMASK_v1.tif,24,s0011_S30_20241123T023939000_FMASK,FMASK,2024-11-23T02:39:39.000Z,1732329579000,S30,NASA/HLS/HLSS30/v002/T52TCT_20241123T023939,NASA/HLS/HLSS30/v002,B4,B8A,Fmask,EPSG:32652,"[30,0,300000,0,-30,5300040]",false,false,false,false,(NIR-RED)/(NIR+RED); mask denominator=0; keep source masks,dimensionless; no further scale needed,exact_uint8_values_in_Float32,-9999,Float32,1.0
NE_SOY,2024-11,2024-11-01,2024-12-01,NE_SOY_HLS_2024-11_g2_NDVI_FMASK_v1.tif,25,s0012_S30_20241130T022949000_NDVI,NDVI,2024-11-30T02:29:49.000Z,1732933789000,S30,NASA/HLS/HLSS30/v002/T52TCT_20241130T022949,NASA/HLS/HLSS30/v002,B4,B8A,Fmask,EPSG:32652,"[30,0,300000,0,-30,5300040]",false,false,false,false,(NIR-RED)/(NIR+RED); mask denominator=0; keep source masks,dimensionless; no further scale needed,exact_uint8_values_in_Float32,-9999,Float32,1.0
NE_SOY,2024-11,2024-11-01,2024-12-01,NE_SOY_HLS_2024-11_g2_NDVI_FMASK_v1.tif,26,s0012_S30_20241130T022949000_FMASK,FMASK,2024-11-30T02:29:49.000Z,1732933789000,S30,NASA/HLS/HLSS30/v002/T52TCT_20241130T022949,NASA/HLS/HLSS30/v002,B4,B8A,Fmask,EPSG:32652,"[30,0,300000,0,-30,5300040]",false,false,false,false,(NIR-RED)/(NIR+RED); mask denominator=0; keep source masks,dimensionless; no further scale needed,exact_uint8_values_in_Float32,-9999,Float32,1.0
NE_SOY,2024-12,2024-12-01,2025-01-01,NE_SOY_HLS_2024-12_g1_NDVI_FMASK_v1.tif,1,s0000_S30_20241205T023101000_NDVI,NDVI,2024-12-05T02:31:01.000Z,1733365861000,S30,NASA/HLS/HLSS30/v002/T51TYN_20241205T023101,NASA/HLS/HLSS30/v002,B4,B8A,Fmask,EPSG:32651,"[30,0,699960,0,-30,5300040]",false,false,false,false,(NIR-RED)/(NIR+RED); mask denominator=0; keep source masks,dimensionless; no further scale needed,exact_uint8_values_in_Float32,-9999,Float32,1.0
NE_SOY,2024-12,2024-12-01,2025-01-01,NE_SOY_HLS_2024-12_g1_NDVI_FMASK_v1.tif,2,s0000_S30_20241205T023101000_FMASK,FMASK,2024-12-05T02:31:01.000Z,1733365861000,S30,NASA/HLS/HLSS30/v002/T51TYN_20241205T023101,NASA/HLS/HLSS30/v002,B4,B8A,Fmask,EPSG:32651,"[30,0,699960,0,-30,5300040]",false,false,false,false,(NIR-RED)/(NIR+RED); mask denominator=0; keep source masks,dimensionless; no further scale needed,exact_uint8_values_in_Float32,-9999,Float32,1.0
NE_SOY,2024-12,2024-12-01,2025-01-01,NE_SOY_HLS_2024-12_g1_NDVI_FMASK_v1.tif,3,s0001_S30_20241208T024111000_NDVI,NDVI,2024-12-08T02:41:11.000Z,1733625671000,S30,NASA/HLS/HLSS30/v002/T51TYN_20241208T024111,NASA/HLS/HLSS30/v002,B4,B8A,Fmask,EPSG:32651,"[30,0,699960,0,-30,5300040]",false,false,false,false,(NIR-RED)/(NIR+RED); mask denominator=0; keep source masks,dimensionless; no further scale needed,exact_uint8_values_in_Float32,-9999,Float32,1.0
NE_SOY,2024-12,2024-12-01,2025-01-01,NE_SOY_HLS_2024-12_g1_NDVI_FMASK_v1.tif,4,s0001_S30_20241208T024111000_FMASK,FMASK,2024-12-08T02:41:11.000Z,1733625671000,S30,NASA/HLS/HLSS30/v002/T51TYN_20241208T024111,NASA/HLS/HLSS30/v002,B4,B8A,Fmask,EPSG:32651,"[30,0,699960,0,-30,5300040]",false,false,false,false,(NIR-RED)/(NIR+RED); mask denominator=0; keep source masks,dimensionless; no further scale needed,exact_uint8_values_in_Float32,-9999,Float32,1.0
NE_SOY,2024-12,2024-12-01,2025-01-01,NE_SOY_HLS_2024-12_g1_NDVI_FMASK_v1.tif,5,s0002_L30_20241209T022042000_NDVI,NDVI,2024-12-09T02:20:42.000Z,1733710842000,L30,NASA/HLS/HLSL30/v002/T51TYN_20241209T022042,NASA/HLS/HLSL30/v002,B4,B5,Fmask,EPSG:32651,"[30,0,699960,0,-30,5300040]",false,false,false,false,(NIR-RED)/(NIR+RED); mask denominator=0; keep source masks,dimensionless; no further scale needed,exact_uint8_values_in_Float32,-9999,Float32,1.0
NE_SOY,2024-12,2024-12-01,2025-01-01,NE_SOY_HLS_2024-12_g1_NDVI_FMASK_v1.tif,6,s0002_L30_20241209T022042000_FMASK,FMASK,2024-12-09T02:20:42.000Z,1733710842000,L30,NASA/HLS/HLSL30/v002/T51TYN_20241209T022042,NASA/HLS/HLSL30/v002,B4,B5,Fmask,EPSG:32651,"[30,0,699960,0,-30,5300040]",false,false,false,false,(NIR-RED)/(NIR+RED); mask denominator=0; keep source masks,dimensionless; no further scale needed,exact_uint8_values_in_Float32,-9999,Float32,1.0
NE_SOY,2024-12,2024-12-01,2025-01-01,NE_SOY_HLS_2024-12_g1_NDVI_FMASK_v1.tif,7,s0003_S30_20241210T023019000_NDVI,NDVI,2024-12-10T02:30:19.000Z,1733797819000,S30,NASA/HLS/HLSS30/v002/T51TYN_20241210T023019,NASA/HLS/HLSS30/v002,B4,B8A,Fmask,EPSG:32651,"[30,0,699960,0,-30,5300040]",false,false,false,false,(NIR-RED)/(NIR+RED); mask denominator=0; keep source masks,dimensionless; no further scale needed,exact_uint8_values_in_Float32,-9999,Float32,1.0
NE_SOY,2024-12,2024-12-01,2025-01-01,NE_SOY_HLS_2024-12_g1_NDVI_FMASK_v1.tif,8,s0003_S30_20241210T023019000_FMASK,FMASK,2024-12-10T02:30:19.000Z,1733797819000,S30,NASA/HLS/HLSS30/v002/T51TYN_20241210T023019,NASA/HLS/HLSS30/v002,B4,B8A,Fmask,EPSG:32651,"[30,0,699960,0,-30,5300040]",false,false,false,false,(NIR-RED)/(NIR+RED); mask denominator=0; keep source masks,dimensionless; no further scale needed,exact_uint8_values_in_Float32,-9999,Float32,1.0
NE_SOY,2024-12,2024-12-01,2025-01-01,NE_SOY_HLS_2024-12_g1_NDVI_FMASK_v1.tif,9,s0004_S30_20241213T024029000_NDVI,NDVI,2024-12-13T02:40:29.000Z,1734057629000,S30,NASA/HLS/HLSS30/v002/T51TYN_20241213T024029,NASA/HLS/HLSS30/v002,B4,B8A,Fmask,EPSG:32651,"[30,0,699960,0,-30,5300040]",false,false,false,false,(NIR-RED)/(NIR+RED); mask denominator=0; keep source masks,dimensionless; no further scale needed,exact_uint8_values_in_Float32,-9999,Float32,1.0
NE_SOY,2024-12,2024-12-01,2025-01-01,NE_SOY_HLS_2024-12_g1_NDVI_FMASK_v1.tif,10,s0004_S30_20241213T024029000_FMASK,FMASK,2024-12-13T02:40:29.000Z,1734057629000,S30,NASA/HLS/HLSS30/v002/T51TYN_20241213T024029,NASA/HLS/HLSS30/v002,B4,B8A,Fmask,EPSG:32651,"[30,0,699960,0,-30,5300040]",false,false,false,false,(NIR-RED)/(NIR+RED); mask denominator=0; keep source masks,dimensionless; no further scale needed,exact_uint8_values_in_Float32,-9999,Float32,1.0
NE_SOY,2024-12,2024-12-01,2025-01-01,NE_SOY_HLS_2024-12_g1_NDVI_FMASK_v1.tif,11,s0005_S30_20241215T023121000_NDVI,NDVI,2024-12-15T02:31:21.000Z,1734229881000,S30,NASA/HLS/HLSS30/v002/T51TYN_20241215T023121,NASA/HLS/HLSS30/v002,B4,B8A,Fmask,EPSG:32651,"[30,0,699960,0,-30,5300040]",false,false,false,false,(NIR-RED)/(NIR+RED); mask denominator=0; keep source masks,dimensionless; no further scale needed,exact_uint8_values_in_Float32,-9999,Float32,1.0
NE_SOY,2024-12,2024-12-01,2025-01-01,NE_SOY_HLS_2024-12_g1_NDVI_FMASK_v1.tif,12,s0005_S30_20241215T023121000_FMASK,FMASK,2024-12-15T02:31:21.000Z,1734229881000,S30,NASA/HLS/HLSS30/v002/T51TYN_20241215T023121,NASA/HLS/HLSS30/v002,B4,B8A,Fmask,EPSG:32651,"[30,0,699960,0,-30,5300040]",false,false,false,false,(NIR-RED)/(NIR+RED); mask denominator=0; keep source masks,dimensionless; no further scale needed,exact_uint8_values_in_Float32,-9999,Float32,1.0
NE_SOY,2024-12,2024-12-01,2025-01-01,NE_SOY_HLS_2024-12_g1_NDVI_FMASK_v1.tif,13,s0006_L30_20241217T022038000_NDVI,NDVI,2024-12-17T02:20:38.000Z,1734402038000,L30,NASA/HLS/HLSL30/v002/T51TYN_20241217T022038,NASA/HLS/HLSL30/v002,B4,B5,Fmask,EPSG:32651,"[30,0,699960,0,-30,5300040]",false,false,false,false,(NIR-RED)/(NIR+RED); mask denominator=0; keep source masks,dimensionless; no further scale needed,exact_uint8_values_in_Float32,-9999,Float32,1.0
NE_SOY,2024-12,2024-12-01,2025-01-01,NE_SOY_HLS_2024-12_g1_NDVI_FMASK_v1.tif,14,s0006_L30_20241217T022038000_FMASK,FMASK,2024-12-17T02:20:38.000Z,1734402038000,L30,NASA/HLS/HLSL30/v002/T51TYN_20241217T022038,NASA/HLS/HLSL30/v002,B4,B5,Fmask,EPSG:32651,"[30,0,699960,0,-30,5300040]",false,false,false,false,(NIR-RED)/(NIR+RED); mask denominator=0; keep source masks,dimensionless; no further scale needed,exact_uint8_values_in_Float32,-9999,Float32,1.0
NE_SOY,2024-12,2024-12-01,2025-01-01,NE_SOY_HLS_2024-12_g1_NDVI_FMASK_v1.tif,15,s0007_S30_20241218T024121000_NDVI,NDVI,2024-12-18T02:41:21.000Z,1734489681000,S30,NASA/HLS/HLSS30/v002/T51TYN_20241218T024121,NASA/HLS/HLSS30/v002,B4,B8A,Fmask,EPSG:32651,"[30,0,699960,0,-30,5300040]",false,false,false,false,(NIR-RED)/(NIR+RED); mask denominator=0; keep source masks,dimensionless; no further scale needed,exact_uint8_values_in_Float32,-9999,Float32,1.0
NE_SOY,2024-12,2024-12-01,2025-01-01,NE_SOY_HLS_2024-12_g1_NDVI_FMASK_v1.tif,16,s0007_S30_20241218T024121000_FMASK,FMASK,2024-12-18T02:41:21.000Z,1734489681000,S30,NASA/HLS/HLSS30/v002/T51TYN_20241218T024121,NASA/HLS/HLSS30/v002,B4,B8A,Fmask,EPSG:32651,"[30,0,699960,0,-30,5300040]",false,false,false,false,(NIR-RED)/(NIR+RED); mask denominator=0; keep source masks,dimensionless; no further scale needed,exact_uint8_values_in_Float32,-9999,Float32,1.0
NE_SOY,2024-12,2024-12-01,2025-01-01,NE_SOY_HLS_2024-12_g1_NDVI_FMASK_v1.tif,17,s0008_S30_20241220T023029000_NDVI,NDVI,2024-12-20T02:30:29.000Z,1734661829000,S30,NASA/HLS/HLSS30/v002/T51TYN_20241220T023029,NASA/HLS/HLSS30/v002,B4,B8A,Fmask,EPSG:32651,"[30,0,699960,0,-30,5300040]",false,false,false,false,(NIR-RED)/(NIR+RED); mask denominator=0; keep source masks,dimensionless; no further scale needed,exact_uint8_values_in_Float32,-9999,Float32,1.0
NE_SOY,2024-12,2024-12-01,2025-01-01,NE_SOY_HLS_2024-12_g1_NDVI_FMASK_v1.tif,18,s0008_S30_20241220T023029000_FMASK,FMASK,2024-12-20T02:30:29.000Z,1734661829000,S30,NASA/HLS/HLSS30/v002/T51TYN_20241220T023029,NASA/HLS/HLSS30/v002,B4,B8A,Fmask,EPSG:32651,"[30,0,699960,0,-30,5300040]",false,false,false,false,(NIR-RED)/(NIR+RED); mask denominator=0; keep source masks,dimensionless; no further scale needed,exact_uint8_values_in_Float32,-9999,Float32,1.0
NE_SOY,2024-12,2024-12-01,2025-01-01,NE_SOY_HLS_2024-12_g1_NDVI_FMASK_v1.tif,19,s0009_S30_20241223T024029000_NDVI,NDVI,2024-12-23T02:40:29.000Z,1734921629000,S30,NASA/HLS/HLSS30/v002/T51TYN_20241223T024029,NASA/HLS/HLSS30/v002,B4,B8A,Fmask,EPSG:32651,"[30,0,699960,0,-30,5300040]",false,false,false,false,(NIR-RED)/(NIR+RED); mask denominator=0; keep source masks,dimensionless; no further scale needed,exact_uint8_values_in_Float32,-9999,Float32,1.0
NE_SOY,2024-12,2024-12-01,2025-01-01,NE_SOY_HLS_2024-12_g1_NDVI_FMASK_v1.tif,20,s0009_S30_20241223T024029000_FMASK,FMASK,2024-12-23T02:40:29.000Z,1734921629000,S30,NASA/HLS/HLSS30/v002/T51TYN_20241223T024029,NASA/HLS/HLSS30/v002,B4,B8A,Fmask,EPSG:32651,"[30,0,699960,0,-30,5300040]",false,false,false,false,(NIR-RED)/(NIR+RED); mask denominator=0; keep source masks,dimensionless; no further scale needed,exact_uint8_values_in_Float32,-9999,Float32,1.0
NE_SOY,2024-12,2024-12-01,2025-01-01,NE_SOY_HLS_2024-12_g1_NDVI_FMASK_v1.tif,21,s0010_L30_20241225T022048000_NDVI,NDVI,2024-12-25T02:20:48.000Z,1735093248000,L30,NASA/HLS/HLSL30/v002/T51TYN_20241225T022048,NASA/HLS/HLSL30/v002,B4,B5,Fmask,EPSG:32651,"[30,0,699960,0,-30,5300040]",false,false,false,false,(NIR-RED)/(NIR+RED); mask denominator=0; keep source masks,dimensionless; no further scale needed,exact_uint8_values_in_Float32,-9999,Float32,1.0
NE_SOY,2024-12,2024-12-01,2025-01-01,NE_SOY_HLS_2024-12_g1_NDVI_FMASK_v1.tif,22,s0010_L30_20241225T022048000_FMASK,FMASK,2024-12-25T02:20:48.000Z,1735093248000,L30,NASA/HLS/HLSL30/v002/T51TYN_20241225T022048,NASA/HLS/HLSL30/v002,B4,B5,Fmask,EPSG:32651,"[30,0,699960,0,-30,5300040]",false,false,false,false,(NIR-RED)/(NIR+RED); mask denominator=0; keep source masks,dimensionless; no further scale needed,exact_uint8_values_in_Float32,-9999,Float32,1.0
NE_SOY,2024-12,2024-12-01,2025-01-01,NE_SOY_HLS_2024-12_g1_NDVI_FMASK_v1.tif,23,s0011_S30_20241225T023121000_NDVI,NDVI,2024-12-25T02:31:21.000Z,1735093881000,S30,NASA/HLS/HLSS30/v002/T51TYN_20241225T023121,NASA/HLS/HLSS30/v002,B4,B8A,Fmask,EPSG:32651,"[30,0,699960,0,-30,5300040]",false,false,false,false,(NIR-RED)/(NIR+RED); mask denominator=0; keep source masks,dimensionless; no further scale needed,exact_uint8_values_in_Float32,-9999,Float32,1.0
NE_SOY,2024-12,2024-12-01,2025-01-01,NE_SOY_HLS_2024-12_g1_NDVI_FMASK_v1.tif,24,s0011_S30_20241225T023121000_FMASK,FMASK,2024-12-25T02:31:21.000Z,1735093881000,S30,NASA/HLS/HLSS30/v002/T51TYN_20241225T023121,NASA/HLS/HLSS30/v002,B4,B8A,Fmask,EPSG:32651,"[30,0,699960,0,-30,5300040]",false,false,false,false,(NIR-RED)/(NIR+RED); mask denominator=0; keep source masks,dimensionless; no further scale needed,exact_uint8_values_in_Float32,-9999,Float32,1.0
NE_SOY,2024-12,2024-12-01,2025-01-01,NE_SOY_HLS_2024-12_g1_NDVI_FMASK_v1.tif,25,s0012_S30_20241230T023019000_NDVI,NDVI,2024-12-30T02:30:19.000Z,1735525819000,S30,NASA/HLS/HLSS30/v002/T51TYN_20241230T023019,NASA/HLS/HLSS30/v002,B4,B8A,Fmask,EPSG:32651,"[30,0,699960,0,-30,5300040]",false,false,false,false,(NIR-RED)/(NIR+RED); mask denominator=0; keep source masks,dimensionless; no further scale needed,exact_uint8_values_in_Float32,-9999,Float32,1.0
NE_SOY,2024-12,2024-12-01,2025-01-01,NE_SOY_HLS_2024-12_g1_NDVI_FMASK_v1.tif,26,s0012_S30_20241230T023019000_FMASK,FMASK,2024-12-30T02:30:19.000Z,1735525819000,S30,NASA/HLS/HLSS30/v002/T51TYN_20241230T023019,NASA/HLS/HLSS30/v002,B4,B8A,Fmask,EPSG:32651,"[30,0,699960,0,-30,5300040]",false,false,false,false,(NIR-RED)/(NIR+RED); mask denominator=0; keep source masks,dimensionless; no further scale needed,exact_uint8_values_in_Float32,-9999,Float32,1.0
NE_SOY,2024-12,2024-12-01,2025-01-01,NE_SOY_HLS_2024-12_g2_NDVI_FMASK_v1.tif,1,s0000_S30_20241205T023101000_NDVI,NDVI,2024-12-05T02:31:01.000Z,1733365861000,S30,NASA/HLS/HLSS30/v002/T52TCT_20241205T023101,NASA/HLS/HLSS30/v002,B4,B8A,Fmask,EPSG:32652,"[30,0,300000,0,-30,5300040]",false,false,false,false,(NIR-RED)/(NIR+RED); mask denominator=0; keep source masks,dimensionless; no further scale needed,exact_uint8_values_in_Float32,-9999,Float32,1.0
NE_SOY,2024-12,2024-12-01,2025-01-01,NE_SOY_HLS_2024-12_g2_NDVI_FMASK_v1.tif,2,s0000_S30_20241205T023101000_FMASK,FMASK,2024-12-05T02:31:01.000Z,1733365861000,S30,NASA/HLS/HLSS30/v002/T52TCT_20241205T023101,NASA/HLS/HLSS30/v002,B4,B8A,Fmask,EPSG:32652,"[30,0,300000,0,-30,5300040]",false,false,false,false,(NIR-RED)/(NIR+RED); mask denominator=0; keep source masks,dimensionless; no further scale needed,exact_uint8_values_in_Float32,-9999,Float32,1.0
NE_SOY,2024-12,2024-12-01,2025-01-01,NE_SOY_HLS_2024-12_g2_NDVI_FMASK_v1.tif,3,s0001_S30_20241208T024111000_NDVI,NDVI,2024-12-08T02:41:11.000Z,1733625671000,S30,NASA/HLS/HLSS30/v002/T52TCT_20241208T024111,NASA/HLS/HLSS30/v002,B4,B8A,Fmask,EPSG:32652,"[30,0,300000,0,-30,5300040]",false,false,false,false,(NIR-RED)/(NIR+RED); mask denominator=0; keep source masks,dimensionless; no further scale needed,exact_uint8_values_in_Float32,-9999,Float32,1.0
NE_SOY,2024-12,2024-12-01,2025-01-01,NE_SOY_HLS_2024-12_g2_NDVI_FMASK_v1.tif,4,s0001_S30_20241208T024111000_FMASK,FMASK,2024-12-08T02:41:11.000Z,1733625671000,S30,NASA/HLS/HLSS30/v002/T52TCT_20241208T024111,NASA/HLS/HLSS30/v002,B4,B8A,Fmask,EPSG:32652,"[30,0,300000,0,-30,5300040]",false,false,false,false,(NIR-RED)/(NIR+RED); mask denominator=0; keep source masks,dimensionless; no further scale needed,exact_uint8_values_in_Float32,-9999,Float32,1.0
NE_SOY,2024-12,2024-12-01,2025-01-01,NE_SOY_HLS_2024-12_g2_NDVI_FMASK_v1.tif,5,s0002_L30_20241209T022042000_NDVI,NDVI,2024-12-09T02:20:42.000Z,1733710842000,L30,NASA/HLS/HLSL30/v002/T52TCT_20241209T022042,NASA/HLS/HLSL30/v002,B4,B5,Fmask,EPSG:32652,"[30,0,300000,0,-30,5300040]",false,false,false,false,(NIR-RED)/(NIR+RED); mask denominator=0; keep source masks,dimensionless; no further scale needed,exact_uint8_values_in_Float32,-9999,Float32,1.0
NE_SOY,2024-12,2024-12-01,2025-01-01,NE_SOY_HLS_2024-12_g2_NDVI_FMASK_v1.tif,6,s0002_L30_20241209T022042000_FMASK,FMASK,2024-12-09T02:20:42.000Z,1733710842000,L30,NASA/HLS/HLSL30/v002/T52TCT_20241209T022042,NASA/HLS/HLSL30/v002,B4,B5,Fmask,EPSG:32652,"[30,0,300000,0,-30,5300040]",false,false,false,false,(NIR-RED)/(NIR+RED); mask denominator=0; keep source masks,dimensionless; no further scale needed,exact_uint8_values_in_Float32,-9999,Float32,1.0
NE_SOY,2024-12,2024-12-01,2025-01-01,NE_SOY_HLS_2024-12_g2_NDVI_FMASK_v1.tif,7,s0003_S30_20241210T023019000_NDVI,NDVI,2024-12-10T02:30:19.000Z,1733797819000,S30,NASA/HLS/HLSS30/v002/T52TCT_20241210T023019,NASA/HLS/HLSS30/v002,B4,B8A,Fmask,EPSG:32652,"[30,0,300000,0,-30,5300040]",false,false,false,false,(NIR-RED)/(NIR+RED); mask denominator=0; keep source masks,dimensionless; no further scale needed,exact_uint8_values_in_Float32,-9999,Float32,1.0
NE_SOY,2024-12,2024-12-01,2025-01-01,NE_SOY_HLS_2024-12_g2_NDVI_FMASK_v1.tif,8,s0003_S30_20241210T023019000_FMASK,FMASK,2024-12-10T02:30:19.000Z,1733797819000,S30,NASA/HLS/HLSS30/v002/T52TCT_20241210T023019,NASA/HLS/HLSS30/v002,B4,B8A,Fmask,EPSG:32652,"[30,0,300000,0,-30,5300040]",false,false,false,false,(NIR-RED)/(NIR+RED); mask denominator=0; keep source masks,dimensionless; no further scale needed,exact_uint8_values_in_Float32,-9999,Float32,1.0
NE_SOY,2024-12,2024-12-01,2025-01-01,NE_SOY_HLS_2024-12_g2_NDVI_FMASK_v1.tif,9,s0004_S30_20241213T024029000_NDVI,NDVI,2024-12-13T02:40:29.000Z,1734057629000,S30,NASA/HLS/HLSS30/v002/T52TCT_20241213T024029,NASA/HLS/HLSS30/v002,B4,B8A,Fmask,EPSG:32652,"[30,0,300000,0,-30,5300040]",false,false,false,false,(NIR-RED)/(NIR+RED); mask denominator=0; keep source masks,dimensionless; no further scale needed,exact_uint8_values_in_Float32,-9999,Float32,1.0
NE_SOY,2024-12,2024-12-01,2025-01-01,NE_SOY_HLS_2024-12_g2_NDVI_FMASK_v1.tif,10,s0004_S30_20241213T024029000_FMASK,FMASK,2024-12-13T02:40:29.000Z,1734057629000,S30,NASA/HLS/HLSS30/v002/T52TCT_20241213T024029,NASA/HLS/HLSS30/v002,B4,B8A,Fmask,EPSG:32652,"[30,0,300000,0,-30,5300040]",false,false,false,false,(NIR-RED)/(NIR+RED); mask denominator=0; keep source masks,dimensionless; no further scale needed,exact_uint8_values_in_Float32,-9999,Float32,1.0
NE_SOY,2024-12,2024-12-01,2025-01-01,NE_SOY_HLS_2024-12_g2_NDVI_FMASK_v1.tif,11,s0005_S30_20241215T023121000_NDVI,NDVI,2024-12-15T02:31:21.000Z,1734229881000,S30,NASA/HLS/HLSS30/v002/T52TCT_20241215T023121,NASA/HLS/HLSS30/v002,B4,B8A,Fmask,EPSG:32652,"[30,0,300000,0,-30,5300040]",false,false,false,false,(NIR-RED)/(NIR+RED); mask denominator=0; keep source masks,dimensionless; no further scale needed,exact_uint8_values_in_Float32,-9999,Float32,1.0
NE_SOY,2024-12,2024-12-01,2025-01-01,NE_SOY_HLS_2024-12_g2_NDVI_FMASK_v1.tif,12,s0005_S30_20241215T023121000_FMASK,FMASK,2024-12-15T02:31:21.000Z,1734229881000,S30,NASA/HLS/HLSS30/v002/T52TCT_20241215T023121,NASA/HLS/HLSS30/v002,B4,B8A,Fmask,EPSG:32652,"[30,0,300000,0,-30,5300040]",false,false,false,false,(NIR-RED)/(NIR+RED); mask denominator=0; keep source masks,dimensionless; no further scale needed,exact_uint8_values_in_Float32,-9999,Float32,1.0
NE_SOY,2024-12,2024-12-01,2025-01-01,NE_SOY_HLS_2024-12_g2_NDVI_FMASK_v1.tif,13,s0006_L30_20241217T022038000_NDVI,NDVI,2024-12-17T02:20:38.000Z,1734402038000,L30,NASA/HLS/HLSL30/v002/T52TCT_20241217T022038,NASA/HLS/HLSL30/v002,B4,B5,Fmask,EPSG:32652,"[30,0,300000,0,-30,5300040]",false,false,false,false,(NIR-RED)/(NIR+RED); mask denominator=0; keep source masks,dimensionless; no further scale needed,exact_uint8_values_in_Float32,-9999,Float32,1.0
NE_SOY,2024-12,2024-12-01,2025-01-01,NE_SOY_HLS_2024-12_g2_NDVI_FMASK_v1.tif,14,s0006_L30_20241217T022038000_FMASK,FMASK,2024-12-17T02:20:38.000Z,1734402038000,L30,NASA/HLS/HLSL30/v002/T52TCT_20241217T022038,NASA/HLS/HLSL30/v002,B4,B5,Fmask,EPSG:32652,"[30,0,300000,0,-30,5300040]",false,false,false,false,(NIR-RED)/(NIR+RED); mask denominator=0; keep source masks,dimensionless; no further scale needed,exact_uint8_values_in_Float32,-9999,Float32,1.0
NE_SOY,2024-12,2024-12-01,2025-01-01,NE_SOY_HLS_2024-12_g2_NDVI_FMASK_v1.tif,15,s0007_S30_20241218T024121000_NDVI,NDVI,2024-12-18T02:41:21.000Z,1734489681000,S30,NASA/HLS/HLSS30/v002/T52TCT_20241218T024121,NASA/HLS/HLSS30/v002,B4,B8A,Fmask,EPSG:32652,"[30,0,300000,0,-30,5300040]",false,false,false,false,(NIR-RED)/(NIR+RED); mask denominator=0; keep source masks,dimensionless; no further scale needed,exact_uint8_values_in_Float32,-9999,Float32,1.0
NE_SOY,2024-12,2024-12-01,2025-01-01,NE_SOY_HLS_2024-12_g2_NDVI_FMASK_v1.tif,16,s0007_S30_20241218T024121000_FMASK,FMASK,2024-12-18T02:41:21.000Z,1734489681000,S30,NASA/HLS/HLSS30/v002/T52TCT_20241218T024121,NASA/HLS/HLSS30/v002,B4,B8A,Fmask,EPSG:32652,"[30,0,300000,0,-30,5300040]",false,false,false,false,(NIR-RED)/(NIR+RED); mask denominator=0; keep source masks,dimensionless; no further scale needed,exact_uint8_values_in_Float32,-9999,Float32,1.0
NE_SOY,2024-12,2024-12-01,2025-01-01,NE_SOY_HLS_2024-12_g2_NDVI_FMASK_v1.tif,17,s0008_S30_20241220T023029000_NDVI,NDVI,2024-12-20T02:30:29.000Z,1734661829000,S30,NASA/HLS/HLSS30/v002/T52TCT_20241220T023029,NASA/HLS/HLSS30/v002,B4,B8A,Fmask,EPSG:32652,"[30,0,300000,0,-30,5300040]",false,false,false,false,(NIR-RED)/(NIR+RED); mask denominator=0; keep source masks,dimensionless; no further scale needed,exact_uint8_values_in_Float32,-9999,Float32,1.0
NE_SOY,2024-12,2024-12-01,2025-01-01,NE_SOY_HLS_2024-12_g2_NDVI_FMASK_v1.tif,18,s0008_S30_20241220T023029000_FMASK,FMASK,2024-12-20T02:30:29.000Z,1734661829000,S30,NASA/HLS/HLSS30/v002/T52TCT_20241220T023029,NASA/HLS/HLSS30/v002,B4,B8A,Fmask,EPSG:32652,"[30,0,300000,0,-30,5300040]",false,false,false,false,(NIR-RED)/(NIR+RED); mask denominator=0; keep source masks,dimensionless; no further scale needed,exact_uint8_values_in_Float32,-9999,Float32,1.0
NE_SOY,2024-12,2024-12-01,2025-01-01,NE_SOY_HLS_2024-12_g2_NDVI_FMASK_v1.tif,19,s0009_S30_20241223T024029000_NDVI,NDVI,2024-12-23T02:40:29.000Z,1734921629000,S30,NASA/HLS/HLSS30/v002/T52TCT_20241223T024029,NASA/HLS/HLSS30/v002,B4,B8A,Fmask,EPSG:32652,"[30,0,300000,0,-30,5300040]",false,false,false,false,(NIR-RED)/(NIR+RED); mask denominator=0; keep source masks,dimensionless; no further scale needed,exact_uint8_values_in_Float32,-9999,Float32,1.0
NE_SOY,2024-12,2024-12-01,2025-01-01,NE_SOY_HLS_2024-12_g2_NDVI_FMASK_v1.tif,20,s0009_S30_20241223T024029000_FMASK,FMASK,2024-12-23T02:40:29.000Z,1734921629000,S30,NASA/HLS/HLSS30/v002/T52TCT_20241223T024029,NASA/HLS/HLSS30/v002,B4,B8A,Fmask,EPSG:32652,"[30,0,300000,0,-30,5300040]",false,false,false,false,(NIR-RED)/(NIR+RED); mask denominator=0; keep source masks,dimensionless; no further scale needed,exact_uint8_values_in_Float32,-9999,Float32,1.0
NE_SOY,2024-12,2024-12-01,2025-01-01,NE_SOY_HLS_2024-12_g2_NDVI_FMASK_v1.tif,21,s0010_L30_20241225T022048000_NDVI,NDVI,2024-12-25T02:20:48.000Z,1735093248000,L30,NASA/HLS/HLSL30/v002/T52TCT_20241225T022048,NASA/HLS/HLSL30/v002,B4,B5,Fmask,EPSG:32652,"[30,0,300000,0,-30,5300040]",false,false,false,false,(NIR-RED)/(NIR+RED); mask denominator=0; keep source masks,dimensionless; no further scale needed,exact_uint8_values_in_Float32,-9999,Float32,1.0
NE_SOY,2024-12,2024-12-01,2025-01-01,NE_SOY_HLS_2024-12_g2_NDVI_FMASK_v1.tif,22,s0010_L30_20241225T022048000_FMASK,FMASK,2024-12-25T02:20:48.000Z,1735093248000,L30,NASA/HLS/HLSL30/v002/T52TCT_20241225T022048,NASA/HLS/HLSL30/v002,B4,B5,Fmask,EPSG:32652,"[30,0,300000,0,-30,5300040]",false,false,false,false,(NIR-RED)/(NIR+RED); mask denominator=0; keep source masks,dimensionless; no further scale needed,exact_uint8_values_in_Float32,-9999,Float32,1.0
NE_SOY,2024-12,2024-12-01,2025-01-01,NE_SOY_HLS_2024-12_g2_NDVI_FMASK_v1.tif,23,s0011_S30_20241225T023121000_NDVI,NDVI,2024-12-25T02:31:21.000Z,1735093881000,S30,NASA/HLS/HLSS30/v002/T52TCT_20241225T023121,NASA/HLS/HLSS30/v002,B4,B8A,Fmask,EPSG:32652,"[30,0,300000,0,-30,5300040]",false,false,false,false,(NIR-RED)/(NIR+RED); mask denominator=0; keep source masks,dimensionless; no further scale needed,exact_uint8_values_in_Float32,-9999,Float32,1.0
NE_SOY,2024-12,2024-12-01,2025-01-01,NE_SOY_HLS_2024-12_g2_NDVI_FMASK_v1.tif,24,s0011_S30_20241225T023121000_FMASK,FMASK,2024-12-25T02:31:21.000Z,1735093881000,S30,NASA/HLS/HLSS30/v002/T52TCT_20241225T023121,NASA/HLS/HLSS30/v002,B4,B8A,Fmask,EPSG:32652,"[30,0,300000,0,-30,5300040]",false,false,false,false,(NIR-RED)/(NIR+RED); mask denominator=0; keep source masks,dimensionless; no further scale needed,exact_uint8_values_in_Float32,-9999,Float32,1.0
NE_SOY,2024-12,2024-12-01,2025-01-01,NE_SOY_HLS_2024-12_g2_NDVI_FMASK_v1.tif,25,s0012_S30_20241228T024121000_NDVI,NDVI,2024-12-28T02:41:21.000Z,1735353681000,S30,NASA/HLS/HLSS30/v002/T52TCT_20241228T024121,NASA/HLS/HLSS30/v002,B4,B8A,Fmask,EPSG:32652,"[30,0,300000,0,-30,5300040]",false,false,false,false,(NIR-RED)/(NIR+RED); mask denominator=0; keep source masks,dimensionless; no further scale needed,exact_uint8_values_in_Float32,-9999,Float32,1.0
NE_SOY,2024-12,2024-12-01,2025-01-01,NE_SOY_HLS_2024-12_g2_NDVI_FMASK_v1.tif,26,s0012_S30_20241228T024121000_FMASK,FMASK,2024-12-28T02:41:21.000Z,1735353681000,S30,NASA/HLS/HLSS30/v002/T52TCT_20241228T024121,NASA/HLS/HLSS30/v002,B4,B8A,Fmask,EPSG:32652,"[30,0,300000,0,-30,5300040]",false,false,false,false,(NIR-RED)/(NIR+RED); mask denominator=0; keep source masks,dimensionless; no further scale needed,exact_uint8_values_in_Float32,-9999,Float32,1.0
NE_SOY,2024-12,2024-12-01,2025-01-01,NE_SOY_HLS_2024-12_g2_NDVI_FMASK_v1.tif,27,s0013_S30_20241230T023019000_NDVI,NDVI,2024-12-30T02:30:19.000Z,1735525819000,S30,NASA/HLS/HLSS30/v002/T52TCT_20241230T023019,NASA/HLS/HLSS30/v002,B4,B8A,Fmask,EPSG:32652,"[30,0,300000,0,-30,5300040]",false,false,false,false,(NIR-RED)/(NIR+RED); mask denominator=0; keep source masks,dimensionless; no further scale needed,exact_uint8_values_in_Float32,-9999,Float32,1.0
NE_SOY,2024-12,2024-12-01,2025-01-01,NE_SOY_HLS_2024-12_g2_NDVI_FMASK_v1.tif,28,s0013_S30_20241230T023019000_FMASK,FMASK,2024-12-30T02:30:19.000Z,1735525819000,S30,NASA/HLS/HLSS30/v002/T52TCT_20241230T023019,NASA/HLS/HLSS30/v002,B4,B8A,Fmask,EPSG:32652,"[30,0,300000,0,-30,5300040]",false,false,false,false,(NIR-RED)/(NIR+RED); mask denominator=0; keep source masks,dimensionless; no further scale needed,exact_uint8_values_in_Float32,-9999,Float32,1.0
