roi_id,month,window_start,window_end_exclusive,output_file,band_index_1based,band_name,variable,acquisition_time_utc,time_start_ms,branch,source_id,source_collection,source_red,source_nir,source_qa,grid_crs,grid_transform,qa_applied,temporal_composite,interpolated,smoothed,ndvi_formula,ndvi_units,qa_storage,nodata,storage,version
STEPPE,2024-01,2024-01-01,2024-02-01,STEPPE_HLS_2024-01_g1_NDVI_FMASK_v1.tif,1,s0000_L30_20240102T025846000_NDVI,NDVI,2024-01-02T02:58:46.000Z,1704164326000,L30,NASA/HLS/HLSL30/v002/T50TMP_20240102T025846,NASA/HLS/HLSL30/v002,B4,B5,Fmask,EPSG:32650,"[30,0,399960,0,-30,4900020]",false,false,false,false,(NIR-RED)/(NIR+RED); mask denominator=0; keep source masks,dimensionless; no further scale needed,exact_uint8_values_in_Float32,-9999,Float32,1.0
STEPPE,2024-01,2024-01-01,2024-02-01,STEPPE_HLS_2024-01_g1_NDVI_FMASK_v1.tif,2,s0000_L30_20240102T025846000_FMASK,FMASK,2024-01-02T02:58:46.000Z,1704164326000,L30,NASA/HLS/HLSL30/v002/T50TMP_20240102T025846,NASA/HLS/HLSL30/v002,B4,B5,Fmask,EPSG:32650,"[30,0,399960,0,-30,4900020]",false,false,false,false,(NIR-RED)/(NIR+RED); mask denominator=0; keep source masks,dimensionless; no further scale needed,exact_uint8_values_in_Float32,-9999,Float32,1.0
STEPPE,2024-01,2024-01-01,2024-02-01,STEPPE_HLS_2024-01_g1_NDVI_FMASK_v1.tif,3,s0001_S30_20240102T031131000_NDVI,NDVI,2024-01-02T03:11:31.000Z,1704165091000,S30,NASA/HLS/HLSS30/v002/T50TMP_20240102T031131,NASA/HLS/HLSS30/v002,B4,B8A,Fmask,EPSG:32650,"[30,0,399960,0,-30,4900020]",false,false,false,false,(NIR-RED)/(NIR+RED); mask denominator=0; keep source masks,dimensionless; no further scale needed,exact_uint8_values_in_Float32,-9999,Float32,1.0
STEPPE,2024-01,2024-01-01,2024-02-01,STEPPE_HLS_2024-01_g1_NDVI_FMASK_v1.tif,4,s0001_S30_20240102T031131000_FMASK,FMASK,2024-01-02T03:11:31.000Z,1704165091000,S30,NASA/HLS/HLSS30/v002/T50TMP_20240102T031131,NASA/HLS/HLSS30/v002,B4,B8A,Fmask,EPSG:32650,"[30,0,399960,0,-30,4900020]",false,false,false,false,(NIR-RED)/(NIR+RED); mask denominator=0; keep source masks,dimensionless; no further scale needed,exact_uint8_values_in_Float32,-9999,Float32,1.0
STEPPE,2024-01,2024-01-01,2024-02-01,STEPPE_HLS_2024-01_g1_NDVI_FMASK_v1.tif,5,s0002_S30_20240107T031119000_NDVI,NDVI,2024-01-07T03:11:19.000Z,1704597079000,S30,NASA/HLS/HLSS30/v002/T50TMP_20240107T031119,NASA/HLS/HLSS30/v002,B4,B8A,Fmask,EPSG:32650,"[30,0,399960,0,-30,4900020]",false,false,false,false,(NIR-RED)/(NIR+RED); mask denominator=0; keep source masks,dimensionless; no further scale needed,exact_uint8_values_in_Float32,-9999,Float32,1.0
STEPPE,2024-01,2024-01-01,2024-02-01,STEPPE_HLS_2024-01_g1_NDVI_FMASK_v1.tif,6,s0002_S30_20240107T031119000_FMASK,FMASK,2024-01-07T03:11:19.000Z,1704597079000,S30,NASA/HLS/HLSS30/v002/T50TMP_20240107T031119,NASA/HLS/HLSS30/v002,B4,B8A,Fmask,EPSG:32650,"[30,0,399960,0,-30,4900020]",false,false,false,false,(NIR-RED)/(NIR+RED); mask denominator=0; keep source masks,dimensionless; no further scale needed,exact_uint8_values_in_Float32,-9999,Float32,1.0
STEPPE,2024-01,2024-01-01,2024-02-01,STEPPE_HLS_2024-01_g1_NDVI_FMASK_v1.tif,7,s0003_L30_20240110T025837000_NDVI,NDVI,2024-01-10T02:58:37.000Z,1704855517000,L30,NASA/HLS/HLSL30/v002/T50TMP_20240110T025837,NASA/HLS/HLSL30/v002,B4,B5,Fmask,EPSG:32650,"[30,0,399960,0,-30,4900020]",false,false,false,false,(NIR-RED)/(NIR+RED); mask denominator=0; keep source masks,dimensionless; no further scale needed,exact_uint8_values_in_Float32,-9999,Float32,1.0
STEPPE,2024-01,2024-01-01,2024-02-01,STEPPE_HLS_2024-01_g1_NDVI_FMASK_v1.tif,8,s0003_L30_20240110T025837000_FMASK,FMASK,2024-01-10T02:58:37.000Z,1704855517000,L30,NASA/HLS/HLSL30/v002/T50TMP_20240110T025837,NASA/HLS/HLSL30/v002,B4,B5,Fmask,EPSG:32650,"[30,0,399960,0,-30,4900020]",false,false,false,false,(NIR-RED)/(NIR+RED); mask denominator=0; keep source masks,dimensionless; no further scale needed,exact_uint8_values_in_Float32,-9999,Float32,1.0
STEPPE,2024-01,2024-01-01,2024-02-01,STEPPE_HLS_2024-01_g1_NDVI_FMASK_v1.tif,9,s0004_S30_20240112T031101000_NDVI,NDVI,2024-01-12T03:11:01.000Z,1705029061000,S30,NASA/HLS/HLSS30/v002/T50TMP_20240112T031101,NASA/HLS/HLSS30/v002,B4,B8A,Fmask,EPSG:32650,"[30,0,399960,0,-30,4900020]",false,false,false,false,(NIR-RED)/(NIR+RED); mask denominator=0; keep source masks,dimensionless; no further scale needed,exact_uint8_values_in_Float32,-9999,Float32,1.0
STEPPE,2024-01,2024-01-01,2024-02-01,STEPPE_HLS_2024-01_g1_NDVI_FMASK_v1.tif,10,s0004_S30_20240112T031101000_FMASK,FMASK,2024-01-12T03:11:01.000Z,1705029061000,S30,NASA/HLS/HLSS30/v002/T50TMP_20240112T031101,NASA/HLS/HLSS30/v002,B4,B8A,Fmask,EPSG:32650,"[30,0,399960,0,-30,4900020]",false,false,false,false,(NIR-RED)/(NIR+RED); mask denominator=0; keep source masks,dimensionless; no further scale needed,exact_uint8_values_in_Float32,-9999,Float32,1.0
STEPPE,2024-01,2024-01-01,2024-02-01,STEPPE_HLS_2024-01_g1_NDVI_FMASK_v1.tif,11,s0005_S30_20240115T032101000_NDVI,NDVI,2024-01-15T03:21:01.000Z,1705288861000,S30,NASA/HLS/HLSS30/v002/T50TMP_20240115T032101,NASA/HLS/HLSS30/v002,B4,B8A,Fmask,EPSG:32650,"[30,0,399960,0,-30,4900020]",false,false,false,false,(NIR-RED)/(NIR+RED); mask denominator=0; keep source masks,dimensionless; no further scale needed,exact_uint8_values_in_Float32,-9999,Float32,1.0
STEPPE,2024-01,2024-01-01,2024-02-01,STEPPE_HLS_2024-01_g1_NDVI_FMASK_v1.tif,12,s0005_S30_20240115T032101000_FMASK,FMASK,2024-01-15T03:21:01.000Z,1705288861000,S30,NASA/HLS/HLSS30/v002/T50TMP_20240115T032101,NASA/HLS/HLSS30/v002,B4,B8A,Fmask,EPSG:32650,"[30,0,399960,0,-30,4900020]",false,false,false,false,(NIR-RED)/(NIR+RED); mask denominator=0; keep source masks,dimensionless; no further scale needed,exact_uint8_values_in_Float32,-9999,Float32,1.0
STEPPE,2024-01,2024-01-01,2024-02-01,STEPPE_HLS_2024-01_g1_NDVI_FMASK_v1.tif,13,s0006_S30_20240117T031049000_NDVI,NDVI,2024-01-17T03:10:49.000Z,1705461049000,S30,NASA/HLS/HLSS30/v002/T50TMP_20240117T031049,NASA/HLS/HLSS30/v002,B4,B8A,Fmask,EPSG:32650,"[30,0,399960,0,-30,4900020]",false,false,false,false,(NIR-RED)/(NIR+RED); mask denominator=0; keep source masks,dimensionless; no further scale needed,exact_uint8_values_in_Float32,-9999,Float32,1.0
STEPPE,2024-01,2024-01-01,2024-02-01,STEPPE_HLS_2024-01_g1_NDVI_FMASK_v1.tif,14,s0006_S30_20240117T031049000_FMASK,FMASK,2024-01-17T03:10:49.000Z,1705461049000,S30,NASA/HLS/HLSS30/v002/T50TMP_20240117T031049,NASA/HLS/HLSS30/v002,B4,B8A,Fmask,EPSG:32650,"[30,0,399960,0,-30,4900020]",false,false,false,false,(NIR-RED)/(NIR+RED); mask denominator=0; keep source masks,dimensionless; no further scale needed,exact_uint8_values_in_Float32,-9999,Float32,1.0
STEPPE,2024-01,2024-01-01,2024-02-01,STEPPE_HLS_2024-01_g1_NDVI_FMASK_v1.tif,15,s0007_L30_20240118T025846000_NDVI,NDVI,2024-01-18T02:58:46.000Z,1705546726000,L30,NASA/HLS/HLSL30/v002/T50TMP_20240118T025846,NASA/HLS/HLSL30/v002,B4,B5,Fmask,EPSG:32650,"[30,0,399960,0,-30,4900020]",false,false,false,false,(NIR-RED)/(NIR+RED); mask denominator=0; keep source masks,dimensionless; no further scale needed,exact_uint8_values_in_Float32,-9999,Float32,1.0
STEPPE,2024-01,2024-01-01,2024-02-01,STEPPE_HLS_2024-01_g1_NDVI_FMASK_v1.tif,16,s0007_L30_20240118T025846000_FMASK,FMASK,2024-01-18T02:58:46.000Z,1705546726000,L30,NASA/HLS/HLSL30/v002/T50TMP_20240118T025846,NASA/HLS/HLSL30/v002,B4,B5,Fmask,EPSG:32650,"[30,0,399960,0,-30,4900020]",false,false,false,false,(NIR-RED)/(NIR+RED); mask denominator=0; keep source masks,dimensionless; no further scale needed,exact_uint8_values_in_Float32,-9999,Float32,1.0
STEPPE,2024-01,2024-01-01,2024-02-01,STEPPE_HLS_2024-01_g1_NDVI_FMASK_v1.tif,17,s0008_S30_20240122T031021000_NDVI,NDVI,2024-01-22T03:10:21.000Z,1705893021000,S30,NASA/HLS/HLSS30/v002/T50TMP_20240122T031021,NASA/HLS/HLSS30/v002,B4,B8A,Fmask,EPSG:32650,"[30,0,399960,0,-30,4900020]",false,false,false,false,(NIR-RED)/(NIR+RED); mask denominator=0; keep source masks,dimensionless; no further scale needed,exact_uint8_values_in_Float32,-9999,Float32,1.0
STEPPE,2024-01,2024-01-01,2024-02-01,STEPPE_HLS_2024-01_g1_NDVI_FMASK_v1.tif,18,s0008_S30_20240122T031021000_FMASK,FMASK,2024-01-22T03:10:21.000Z,1705893021000,S30,NASA/HLS/HLSS30/v002/T50TMP_20240122T031021,NASA/HLS/HLSS30/v002,B4,B8A,Fmask,EPSG:32650,"[30,0,399960,0,-30,4900020]",false,false,false,false,(NIR-RED)/(NIR+RED); mask denominator=0; keep source masks,dimensionless; no further scale needed,exact_uint8_values_in_Float32,-9999,Float32,1.0
STEPPE,2024-01,2024-01-01,2024-02-01,STEPPE_HLS_2024-01_g1_NDVI_FMASK_v1.tif,19,s0009_S30_20240125T032021000_NDVI,NDVI,2024-01-25T03:20:21.000Z,1706152821000,S30,NASA/HLS/HLSS30/v002/T50TMP_20240125T032021,NASA/HLS/HLSS30/v002,B4,B8A,Fmask,EPSG:32650,"[30,0,399960,0,-30,4900020]",false,false,false,false,(NIR-RED)/(NIR+RED); mask denominator=0; keep source masks,dimensionless; no further scale needed,exact_uint8_values_in_Float32,-9999,Float32,1.0
STEPPE,2024-01,2024-01-01,2024-02-01,STEPPE_HLS_2024-01_g1_NDVI_FMASK_v1.tif,20,s0009_S30_20240125T032021000_FMASK,FMASK,2024-01-25T03:20:21.000Z,1706152821000,S30,NASA/HLS/HLSS30/v002/T50TMP_20240125T032021,NASA/HLS/HLSS30/v002,B4,B8A,Fmask,EPSG:32650,"[30,0,399960,0,-30,4900020]",false,false,false,false,(NIR-RED)/(NIR+RED); mask denominator=0; keep source masks,dimensionless; no further scale needed,exact_uint8_values_in_Float32,-9999,Float32,1.0
STEPPE,2024-01,2024-01-01,2024-02-01,STEPPE_HLS_2024-01_g1_NDVI_FMASK_v1.tif,21,s0010_L30_20240126T025830000_NDVI,NDVI,2024-01-26T02:58:30.000Z,1706237910000,L30,NASA/HLS/HLSL30/v002/T50TMP_20240126T025830,NASA/HLS/HLSL30/v002,B4,B5,Fmask,EPSG:32650,"[30,0,399960,0,-30,4900020]",false,false,false,false,(NIR-RED)/(NIR+RED); mask denominator=0; keep source masks,dimensionless; no further scale needed,exact_uint8_values_in_Float32,-9999,Float32,1.0
STEPPE,2024-01,2024-01-01,2024-02-01,STEPPE_HLS_2024-01_g1_NDVI_FMASK_v1.tif,22,s0010_L30_20240126T025830000_FMASK,FMASK,2024-01-26T02:58:30.000Z,1706237910000,L30,NASA/HLS/HLSL30/v002/T50TMP_20240126T025830,NASA/HLS/HLSL30/v002,B4,B5,Fmask,EPSG:32650,"[30,0,399960,0,-30,4900020]",false,false,false,false,(NIR-RED)/(NIR+RED); mask denominator=0; keep source masks,dimensionless; no further scale needed,exact_uint8_values_in_Float32,-9999,Float32,1.0
STEPPE,2024-01,2024-01-01,2024-02-01,STEPPE_HLS_2024-01_g1_NDVI_FMASK_v1.tif,23,s0011_S30_20240127T031009000_NDVI,NDVI,2024-01-27T03:10:09.000Z,1706325009000,S30,NASA/HLS/HLSS30/v002/T50TMP_20240127T031009,NASA/HLS/HLSS30/v002,B4,B8A,Fmask,EPSG:32650,"[30,0,399960,0,-30,4900020]",false,false,false,false,(NIR-RED)/(NIR+RED); mask denominator=0; keep source masks,dimensionless; no further scale needed,exact_uint8_values_in_Float32,-9999,Float32,1.0
STEPPE,2024-01,2024-01-01,2024-02-01,STEPPE_HLS_2024-01_g1_NDVI_FMASK_v1.tif,24,s0011_S30_20240127T031009000_FMASK,FMASK,2024-01-27T03:10:09.000Z,1706325009000,S30,NASA/HLS/HLSS30/v002/T50TMP_20240127T031009,NASA/HLS/HLSS30/v002,B4,B8A,Fmask,EPSG:32650,"[30,0,399960,0,-30,4900020]",false,false,false,false,(NIR-RED)/(NIR+RED); mask denominator=0; keep source masks,dimensionless; no further scale needed,exact_uint8_values_in_Float32,-9999,Float32,1.0
STEPPE,2024-01,2024-01-01,2024-02-01,STEPPE_HLS_2024-01_g1_NDVI_FMASK_v1.tif,25,s0012_S30_20240130T031959000_NDVI,NDVI,2024-01-30T03:19:59.000Z,1706584799000,S30,NASA/HLS/HLSS30/v002/T50TMP_20240130T031959,NASA/HLS/HLSS30/v002,B4,B8A,Fmask,EPSG:32650,"[30,0,399960,0,-30,4900020]",false,false,false,false,(NIR-RED)/(NIR+RED); mask denominator=0; keep source masks,dimensionless; no further scale needed,exact_uint8_values_in_Float32,-9999,Float32,1.0
STEPPE,2024-01,2024-01-01,2024-02-01,STEPPE_HLS_2024-01_g1_NDVI_FMASK_v1.tif,26,s0012_S30_20240130T031959000_FMASK,FMASK,2024-01-30T03:19:59.000Z,1706584799000,S30,NASA/HLS/HLSS30/v002/T50TMP_20240130T031959,NASA/HLS/HLSS30/v002,B4,B8A,Fmask,EPSG:32650,"[30,0,399960,0,-30,4900020]",false,false,false,false,(NIR-RED)/(NIR+RED); mask denominator=0; keep source masks,dimensionless; no further scale needed,exact_uint8_values_in_Float32,-9999,Float32,1.0
STEPPE,2024-02,2024-02-01,2024-03-01,STEPPE_HLS_2024-02_g1_NDVI_FMASK_v1.tif,1,s0000_S30_20240201T030941000_NDVI,NDVI,2024-02-01T03:09:41.000Z,1706756981000,S30,NASA/HLS/HLSS30/v002/T50TMP_20240201T030941,NASA/HLS/HLSS30/v002,B4,B8A,Fmask,EPSG:32650,"[30,0,399960,0,-30,4900020]",false,false,false,false,(NIR-RED)/(NIR+RED); mask denominator=0; keep source masks,dimensionless; no further scale needed,exact_uint8_values_in_Float32,-9999,Float32,1.0
STEPPE,2024-02,2024-02-01,2024-03-01,STEPPE_HLS_2024-02_g1_NDVI_FMASK_v1.tif,2,s0000_S30_20240201T030941000_FMASK,FMASK,2024-02-01T03:09:41.000Z,1706756981000,S30,NASA/HLS/HLSS30/v002/T50TMP_20240201T030941,NASA/HLS/HLSS30/v002,B4,B8A,Fmask,EPSG:32650,"[30,0,399960,0,-30,4900020]",false,false,false,false,(NIR-RED)/(NIR+RED); mask denominator=0; keep source masks,dimensionless; no further scale needed,exact_uint8_values_in_Float32,-9999,Float32,1.0
STEPPE,2024-02,2024-02-01,2024-03-01,STEPPE_HLS_2024-02_g1_NDVI_FMASK_v1.tif,3,s0001_L30_20240203T025848000_NDVI,NDVI,2024-02-03T02:58:48.000Z,1706929128000,L30,NASA/HLS/HLSL30/v002/T50TMP_20240203T025848,NASA/HLS/HLSL30/v002,B4,B5,Fmask,EPSG:32650,"[30,0,399960,0,-30,4900020]",false,false,false,false,(NIR-RED)/(NIR+RED); mask denominator=0; keep source masks,dimensionless; no further scale needed,exact_uint8_values_in_Float32,-9999,Float32,1.0
STEPPE,2024-02,2024-02-01,2024-03-01,STEPPE_HLS_2024-02_g1_NDVI_FMASK_v1.tif,4,s0001_L30_20240203T025848000_FMASK,FMASK,2024-02-03T02:58:48.000Z,1706929128000,L30,NASA/HLS/HLSL30/v002/T50TMP_20240203T025848,NASA/HLS/HLSL30/v002,B4,B5,Fmask,EPSG:32650,"[30,0,399960,0,-30,4900020]",false,false,false,false,(NIR-RED)/(NIR+RED); mask denominator=0; keep source masks,dimensionless; no further scale needed,exact_uint8_values_in_Float32,-9999,Float32,1.0
STEPPE,2024-02,2024-02-01,2024-03-01,STEPPE_HLS_2024-02_g1_NDVI_FMASK_v1.tif,5,s0002_S30_20240204T031931000_NDVI,NDVI,2024-02-04T03:19:31.000Z,1707016771000,S30,NASA/HLS/HLSS30/v002/T50TMP_20240204T031931,NASA/HLS/HLSS30/v002,B4,B8A,Fmask,EPSG:32650,"[30,0,399960,0,-30,4900020]",false,false,false,false,(NIR-RED)/(NIR+RED); mask denominator=0; keep source masks,dimensionless; no further scale needed,exact_uint8_values_in_Float32,-9999,Float32,1.0
STEPPE,2024-02,2024-02-01,2024-03-01,STEPPE_HLS_2024-02_g1_NDVI_FMASK_v1.tif,6,s0002_S30_20240204T031931000_FMASK,FMASK,2024-02-04T03:19:31.000Z,1707016771000,S30,NASA/HLS/HLSS30/v002/T50TMP_20240204T031931,NASA/HLS/HLSS30/v002,B4,B8A,Fmask,EPSG:32650,"[30,0,399960,0,-30,4900020]",false,false,false,false,(NIR-RED)/(NIR+RED); mask denominator=0; keep source masks,dimensionless; no further scale needed,exact_uint8_values_in_Float32,-9999,Float32,1.0
STEPPE,2024-02,2024-02-01,2024-03-01,STEPPE_HLS_2024-02_g1_NDVI_FMASK_v1.tif,7,s0003_S30_20240206T030919000_NDVI,NDVI,2024-02-06T03:09:19.000Z,1707188959000,S30,NASA/HLS/HLSS30/v002/T50TMP_20240206T030919,NASA/HLS/HLSS30/v002,B4,B8A,Fmask,EPSG:32650,"[30,0,399960,0,-30,4900020]",false,false,false,false,(NIR-RED)/(NIR+RED); mask denominator=0; keep source masks,dimensionless; no further scale needed,exact_uint8_values_in_Float32,-9999,Float32,1.0
STEPPE,2024-02,2024-02-01,2024-03-01,STEPPE_HLS_2024-02_g1_NDVI_FMASK_v1.tif,8,s0003_S30_20240206T030919000_FMASK,FMASK,2024-02-06T03:09:19.000Z,1707188959000,S30,NASA/HLS/HLSS30/v002/T50TMP_20240206T030919,NASA/HLS/HLSS30/v002,B4,B8A,Fmask,EPSG:32650,"[30,0,399960,0,-30,4900020]",false,false,false,false,(NIR-RED)/(NIR+RED); mask denominator=0; keep source masks,dimensionless; no further scale needed,exact_uint8_values_in_Float32,-9999,Float32,1.0
STEPPE,2024-02,2024-02-01,2024-03-01,STEPPE_HLS_2024-02_g1_NDVI_FMASK_v1.tif,9,s0004_L30_20240211T025836000_NDVI,NDVI,2024-02-11T02:58:36.000Z,1707620316000,L30,NASA/HLS/HLSL30/v002/T50TMP_20240211T025836,NASA/HLS/HLSL30/v002,B4,B5,Fmask,EPSG:32650,"[30,0,399960,0,-30,4900020]",false,false,false,false,(NIR-RED)/(NIR+RED); mask denominator=0; keep source masks,dimensionless; no further scale needed,exact_uint8_values_in_Float32,-9999,Float32,1.0
STEPPE,2024-02,2024-02-01,2024-03-01,STEPPE_HLS_2024-02_g1_NDVI_FMASK_v1.tif,10,s0004_L30_20240211T025836000_FMASK,FMASK,2024-02-11T02:58:36.000Z,1707620316000,L30,NASA/HLS/HLSL30/v002/T50TMP_20240211T025836,NASA/HLS/HLSL30/v002,B4,B5,Fmask,EPSG:32650,"[30,0,399960,0,-30,4900020]",false,false,false,false,(NIR-RED)/(NIR+RED); mask denominator=0; keep source masks,dimensionless; no further scale needed,exact_uint8_values_in_Float32,-9999,Float32,1.0
STEPPE,2024-02,2024-02-01,2024-03-01,STEPPE_HLS_2024-02_g1_NDVI_FMASK_v1.tif,11,s0005_S30_20240211T030851000_NDVI,NDVI,2024-02-11T03:08:51.000Z,1707620931000,S30,NASA/HLS/HLSS30/v002/T50TMP_20240211T030851,NASA/HLS/HLSS30/v002,B4,B8A,Fmask,EPSG:32650,"[30,0,399960,0,-30,4900020]",false,false,false,false,(NIR-RED)/(NIR+RED); mask denominator=0; keep source masks,dimensionless; no further scale needed,exact_uint8_values_in_Float32,-9999,Float32,1.0
STEPPE,2024-02,2024-02-01,2024-03-01,STEPPE_HLS_2024-02_g1_NDVI_FMASK_v1.tif,12,s0005_S30_20240211T030851000_FMASK,FMASK,2024-02-11T03:08:51.000Z,1707620931000,S30,NASA/HLS/HLSS30/v002/T50TMP_20240211T030851,NASA/HLS/HLSS30/v002,B4,B8A,Fmask,EPSG:32650,"[30,0,399960,0,-30,4900020]",false,false,false,false,(NIR-RED)/(NIR+RED); mask denominator=0; keep source masks,dimensionless; no further scale needed,exact_uint8_values_in_Float32,-9999,Float32,1.0
STEPPE,2024-02,2024-02-01,2024-03-01,STEPPE_HLS_2024-02_g1_NDVI_FMASK_v1.tif,13,s0006_S30_20240216T030819000_NDVI,NDVI,2024-02-16T03:08:19.000Z,1708052899000,S30,NASA/HLS/HLSS30/v002/T50TMP_20240216T030819,NASA/HLS/HLSS30/v002,B4,B8A,Fmask,EPSG:32650,"[30,0,399960,0,-30,4900020]",false,false,false,false,(NIR-RED)/(NIR+RED); mask denominator=0; keep source masks,dimensionless; no further scale needed,exact_uint8_values_in_Float32,-9999,Float32,1.0
STEPPE,2024-02,2024-02-01,2024-03-01,STEPPE_HLS_2024-02_g1_NDVI_FMASK_v1.tif,14,s0006_S30_20240216T030819000_FMASK,FMASK,2024-02-16T03:08:19.000Z,1708052899000,S30,NASA/HLS/HLSS30/v002/T50TMP_20240216T030819,NASA/HLS/HLSS30/v002,B4,B8A,Fmask,EPSG:32650,"[30,0,399960,0,-30,4900020]",false,false,false,false,(NIR-RED)/(NIR+RED); mask denominator=0; keep source masks,dimensionless; no further scale needed,exact_uint8_values_in_Float32,-9999,Float32,1.0
STEPPE,2024-02,2024-02-01,2024-03-01,STEPPE_HLS_2024-02_g1_NDVI_FMASK_v1.tif,15,s0007_L30_20240219T025840000_NDVI,NDVI,2024-02-19T02:58:40.000Z,1708311520000,L30,NASA/HLS/HLSL30/v002/T50TMP_20240219T025840,NASA/HLS/HLSL30/v002,B4,B5,Fmask,EPSG:32650,"[30,0,399960,0,-30,4900020]",false,false,false,false,(NIR-RED)/(NIR+RED); mask denominator=0; keep source masks,dimensionless; no further scale needed,exact_uint8_values_in_Float32,-9999,Float32,1.0
STEPPE,2024-02,2024-02-01,2024-03-01,STEPPE_HLS_2024-02_g1_NDVI_FMASK_v1.tif,16,s0007_L30_20240219T025840000_FMASK,FMASK,2024-02-19T02:58:40.000Z,1708311520000,L30,NASA/HLS/HLSL30/v002/T50TMP_20240219T025840,NASA/HLS/HLSL30/v002,B4,B5,Fmask,EPSG:32650,"[30,0,399960,0,-30,4900020]",false,false,false,false,(NIR-RED)/(NIR+RED); mask denominator=0; keep source masks,dimensionless; no further scale needed,exact_uint8_values_in_Float32,-9999,Float32,1.0
STEPPE,2024-02,2024-02-01,2024-03-01,STEPPE_HLS_2024-02_g1_NDVI_FMASK_v1.tif,17,s0008_S30_20240221T030741000_NDVI,NDVI,2024-02-21T03:07:41.000Z,1708484861000,S30,NASA/HLS/HLSS30/v002/T50TMP_20240221T030741,NASA/HLS/HLSS30/v002,B4,B8A,Fmask,EPSG:32650,"[30,0,399960,0,-30,4900020]",false,false,false,false,(NIR-RED)/(NIR+RED); mask denominator=0; keep source masks,dimensionless; no further scale needed,exact_uint8_values_in_Float32,-9999,Float32,1.0
STEPPE,2024-02,2024-02-01,2024-03-01,STEPPE_HLS_2024-02_g1_NDVI_FMASK_v1.tif,18,s0008_S30_20240221T030741000_FMASK,FMASK,2024-02-21T03:07:41.000Z,1708484861000,S30,NASA/HLS/HLSS30/v002/T50TMP_20240221T030741,NASA/HLS/HLSS30/v002,B4,B8A,Fmask,EPSG:32650,"[30,0,399960,0,-30,4900020]",false,false,false,false,(NIR-RED)/(NIR+RED); mask denominator=0; keep source masks,dimensionless; no further scale needed,exact_uint8_values_in_Float32,-9999,Float32,1.0
STEPPE,2024-02,2024-02-01,2024-03-01,STEPPE_HLS_2024-02_g1_NDVI_FMASK_v1.tif,19,s0009_S30_20240226T030709000_NDVI,NDVI,2024-02-26T03:07:09.000Z,1708916829000,S30,NASA/HLS/HLSS30/v002/T50TMP_20240226T030709,NASA/HLS/HLSS30/v002,B4,B8A,Fmask,EPSG:32650,"[30,0,399960,0,-30,4900020]",false,false,false,false,(NIR-RED)/(NIR+RED); mask denominator=0; keep source masks,dimensionless; no further scale needed,exact_uint8_values_in_Float32,-9999,Float32,1.0
STEPPE,2024-02,2024-02-01,2024-03-01,STEPPE_HLS_2024-02_g1_NDVI_FMASK_v1.tif,20,s0009_S30_20240226T030709000_FMASK,FMASK,2024-02-26T03:07:09.000Z,1708916829000,S30,NASA/HLS/HLSS30/v002/T50TMP_20240226T030709,NASA/HLS/HLSS30/v002,B4,B8A,Fmask,EPSG:32650,"[30,0,399960,0,-30,4900020]",false,false,false,false,(NIR-RED)/(NIR+RED); mask denominator=0; keep source masks,dimensionless; no further scale needed,exact_uint8_values_in_Float32,-9999,Float32,1.0
STEPPE,2024-03,2024-03-01,2024-04-01,STEPPE_HLS_2024-03_g1_NDVI_FMASK_v1.tif,1,s0000_S30_20240302T030631000_NDVI,NDVI,2024-03-02T03:06:31.000Z,1709348791000,S30,NASA/HLS/HLSS30/v002/T50TMP_20240302T030631,NASA/HLS/HLSS30/v002,B4,B8A,Fmask,EPSG:32650,"[30,0,399960,0,-30,4900020]",false,false,false,false,(NIR-RED)/(NIR+RED); mask denominator=0; keep source masks,dimensionless; no further scale needed,exact_uint8_values_in_Float32,-9999,Float32,1.0
STEPPE,2024-03,2024-03-01,2024-04-01,STEPPE_HLS_2024-03_g1_NDVI_FMASK_v1.tif,2,s0000_S30_20240302T030631000_FMASK,FMASK,2024-03-02T03:06:31.000Z,1709348791000,S30,NASA/HLS/HLSS30/v002/T50TMP_20240302T030631,NASA/HLS/HLSS30/v002,B4,B8A,Fmask,EPSG:32650,"[30,0,399960,0,-30,4900020]",false,false,false,false,(NIR-RED)/(NIR+RED); mask denominator=0; keep source masks,dimensionless; no further scale needed,exact_uint8_values_in_Float32,-9999,Float32,1.0
STEPPE,2024-03,2024-03-01,2024-04-01,STEPPE_HLS_2024-03_g1_NDVI_FMASK_v1.tif,3,s0001_L30_20240306T025841000_NDVI,NDVI,2024-03-06T02:58:41.000Z,1709693921000,L30,NASA/HLS/HLSL30/v002/T50TMP_20240306T025841,NASA/HLS/HLSL30/v002,B4,B5,Fmask,EPSG:32650,"[30,0,399960,0,-30,4900020]",false,false,false,false,(NIR-RED)/(NIR+RED); mask denominator=0; keep source masks,dimensionless; no further scale needed,exact_uint8_values_in_Float32,-9999,Float32,1.0
STEPPE,2024-03,2024-03-01,2024-04-01,STEPPE_HLS_2024-03_g1_NDVI_FMASK_v1.tif,4,s0001_L30_20240306T025841000_FMASK,FMASK,2024-03-06T02:58:41.000Z,1709693921000,L30,NASA/HLS/HLSL30/v002/T50TMP_20240306T025841,NASA/HLS/HLSL30/v002,B4,B5,Fmask,EPSG:32650,"[30,0,399960,0,-30,4900020]",false,false,false,false,(NIR-RED)/(NIR+RED); mask denominator=0; keep source masks,dimensionless; no further scale needed,exact_uint8_values_in_Float32,-9999,Float32,1.0
STEPPE,2024-03,2024-03-01,2024-04-01,STEPPE_HLS_2024-03_g1_NDVI_FMASK_v1.tif,5,s0002_S30_20240307T030549000_NDVI,NDVI,2024-03-07T03:05:49.000Z,1709780749000,S30,NASA/HLS/HLSS30/v002/T50TMP_20240307T030549,NASA/HLS/HLSS30/v002,B4,B8A,Fmask,EPSG:32650,"[30,0,399960,0,-30,4900020]",false,false,false,false,(NIR-RED)/(NIR+RED); mask denominator=0; keep source masks,dimensionless; no further scale needed,exact_uint8_values_in_Float32,-9999,Float32,1.0
STEPPE,2024-03,2024-03-01,2024-04-01,STEPPE_HLS_2024-03_g1_NDVI_FMASK_v1.tif,6,s0002_S30_20240307T030549000_FMASK,FMASK,2024-03-07T03:05:49.000Z,1709780749000,S30,NASA/HLS/HLSS30/v002/T50TMP_20240307T030549,NASA/HLS/HLSS30/v002,B4,B8A,Fmask,EPSG:32650,"[30,0,399960,0,-30,4900020]",false,false,false,false,(NIR-RED)/(NIR+RED); mask denominator=0; keep source masks,dimensionless; no further scale needed,exact_uint8_values_in_Float32,-9999,Float32,1.0
STEPPE,2024-03,2024-03-01,2024-04-01,STEPPE_HLS_2024-03_g1_NDVI_FMASK_v1.tif,7,s0003_S30_20240310T031539000_NDVI,NDVI,2024-03-10T03:15:39.000Z,1710040539000,S30,NASA/HLS/HLSS30/v002/T50TMP_20240310T031539,NASA/HLS/HLSS30/v002,B4,B8A,Fmask,EPSG:32650,"[30,0,399960,0,-30,4900020]",false,false,false,false,(NIR-RED)/(NIR+RED); mask denominator=0; keep source masks,dimensionless; no further scale needed,exact_uint8_values_in_Float32,-9999,Float32,1.0
STEPPE,2024-03,2024-03-01,2024-04-01,STEPPE_HLS_2024-03_g1_NDVI_FMASK_v1.tif,8,s0003_S30_20240310T031539000_FMASK,FMASK,2024-03-10T03:15:39.000Z,1710040539000,S30,NASA/HLS/HLSS30/v002/T50TMP_20240310T031539,NASA/HLS/HLSS30/v002,B4,B8A,Fmask,EPSG:32650,"[30,0,399960,0,-30,4900020]",false,false,false,false,(NIR-RED)/(NIR+RED); mask denominator=0; keep source masks,dimensionless; no further scale needed,exact_uint8_values_in_Float32,-9999,Float32,1.0
STEPPE,2024-03,2024-03-01,2024-04-01,STEPPE_HLS_2024-03_g1_NDVI_FMASK_v1.tif,9,s0004_S30_20240312T030521000_NDVI,NDVI,2024-03-12T03:05:21.000Z,1710212721000,S30,NASA/HLS/HLSS30/v002/T50TMP_20240312T030521,NASA/HLS/HLSS30/v002,B4,B8A,Fmask,EPSG:32650,"[30,0,399960,0,-30,4900020]",false,false,false,false,(NIR-RED)/(NIR+RED); mask denominator=0; keep source masks,dimensionless; no further scale needed,exact_uint8_values_in_Float32,-9999,Float32,1.0
STEPPE,2024-03,2024-03-01,2024-04-01,STEPPE_HLS_2024-03_g1_NDVI_FMASK_v1.tif,10,s0004_S30_20240312T030521000_FMASK,FMASK,2024-03-12T03:05:21.000Z,1710212721000,S30,NASA/HLS/HLSS30/v002/T50TMP_20240312T030521,NASA/HLS/HLSS30/v002,B4,B8A,Fmask,EPSG:32650,"[30,0,399960,0,-30,4900020]",false,false,false,false,(NIR-RED)/(NIR+RED); mask denominator=0; keep source masks,dimensionless; no further scale needed,exact_uint8_values_in_Float32,-9999,Float32,1.0
STEPPE,2024-03,2024-03-01,2024-04-01,STEPPE_HLS_2024-03_g1_NDVI_FMASK_v1.tif,11,s0005_L30_20240314T025820000_NDVI,NDVI,2024-03-14T02:58:20.000Z,1710385100000,L30,NASA/HLS/HLSL30/v002/T50TMP_20240314T025820,NASA/HLS/HLSL30/v002,B4,B5,Fmask,EPSG:32650,"[30,0,399960,0,-30,4900020]",false,false,false,false,(NIR-RED)/(NIR+RED); mask denominator=0; keep source masks,dimensionless; no further scale needed,exact_uint8_values_in_Float32,-9999,Float32,1.0
STEPPE,2024-03,2024-03-01,2024-04-01,STEPPE_HLS_2024-03_g1_NDVI_FMASK_v1.tif,12,s0005_L30_20240314T025820000_FMASK,FMASK,2024-03-14T02:58:20.000Z,1710385100000,L30,NASA/HLS/HLSL30/v002/T50TMP_20240314T025820,NASA/HLS/HLSL30/v002,B4,B5,Fmask,EPSG:32650,"[30,0,399960,0,-30,4900020]",false,false,false,false,(NIR-RED)/(NIR+RED); mask denominator=0; keep source masks,dimensionless; no further scale needed,exact_uint8_values_in_Float32,-9999,Float32,1.0
STEPPE,2024-03,2024-03-01,2024-04-01,STEPPE_HLS_2024-03_g1_NDVI_FMASK_v1.tif,13,s0006_S30_20240317T030519000_NDVI,NDVI,2024-03-17T03:05:19.000Z,1710644719000,S30,NASA/HLS/HLSS30/v002/T50TMP_20240317T030519,NASA/HLS/HLSS30/v002,B4,B8A,Fmask,EPSG:32650,"[30,0,399960,0,-30,4900020]",false,false,false,false,(NIR-RED)/(NIR+RED); mask denominator=0; keep source masks,dimensionless; no further scale needed,exact_uint8_values_in_Float32,-9999,Float32,1.0
STEPPE,2024-03,2024-03-01,2024-04-01,STEPPE_HLS_2024-03_g1_NDVI_FMASK_v1.tif,14,s0006_S30_20240317T030519000_FMASK,FMASK,2024-03-17T03:05:19.000Z,1710644719000,S30,NASA/HLS/HLSS30/v002/T50TMP_20240317T030519,NASA/HLS/HLSS30/v002,B4,B8A,Fmask,EPSG:32650,"[30,0,399960,0,-30,4900020]",false,false,false,false,(NIR-RED)/(NIR+RED); mask denominator=0; keep source masks,dimensionless; no further scale needed,exact_uint8_values_in_Float32,-9999,Float32,1.0
STEPPE,2024-03,2024-03-01,2024-04-01,STEPPE_HLS_2024-03_g1_NDVI_FMASK_v1.tif,15,s0007_L30_20240322T025838000_NDVI,NDVI,2024-03-22T02:58:38.000Z,1711076318000,L30,NASA/HLS/HLSL30/v002/T50TMP_20240322T025838,NASA/HLS/HLSL30/v002,B4,B5,Fmask,EPSG:32650,"[30,0,399960,0,-30,4900020]",false,false,false,false,(NIR-RED)/(NIR+RED); mask denominator=0; keep source masks,dimensionless; no further scale needed,exact_uint8_values_in_Float32,-9999,Float32,1.0
STEPPE,2024-03,2024-03-01,2024-04-01,STEPPE_HLS_2024-03_g1_NDVI_FMASK_v1.tif,16,s0007_L30_20240322T025838000_FMASK,FMASK,2024-03-22T02:58:38.000Z,1711076318000,L30,NASA/HLS/HLSL30/v002/T50TMP_20240322T025838,NASA/HLS/HLSL30/v002,B4,B5,Fmask,EPSG:32650,"[30,0,399960,0,-30,4900020]",false,false,false,false,(NIR-RED)/(NIR+RED); mask denominator=0; keep source masks,dimensionless; no further scale needed,exact_uint8_values_in_Float32,-9999,Float32,1.0
STEPPE,2024-03,2024-03-01,2024-04-01,STEPPE_HLS_2024-03_g1_NDVI_FMASK_v1.tif,17,s0008_S30_20240322T030521000_NDVI,NDVI,2024-03-22T03:05:21.000Z,1711076721000,S30,NASA/HLS/HLSS30/v002/T50TMP_20240322T030521,NASA/HLS/HLSS30/v002,B4,B8A,Fmask,EPSG:32650,"[30,0,399960,0,-30,4900020]",false,false,false,false,(NIR-RED)/(NIR+RED); mask denominator=0; keep source masks,dimensionless; no further scale needed,exact_uint8_values_in_Float32,-9999,Float32,1.0
STEPPE,2024-03,2024-03-01,2024-04-01,STEPPE_HLS_2024-03_g1_NDVI_FMASK_v1.tif,18,s0008_S30_20240322T030521000_FMASK,FMASK,2024-03-22T03:05:21.000Z,1711076721000,S30,NASA/HLS/HLSS30/v002/T50TMP_20240322T030521,NASA/HLS/HLSS30/v002,B4,B8A,Fmask,EPSG:32650,"[30,0,399960,0,-30,4900020]",false,false,false,false,(NIR-RED)/(NIR+RED); mask denominator=0; keep source masks,dimensionless; no further scale needed,exact_uint8_values_in_Float32,-9999,Float32,1.0
STEPPE,2024-03,2024-03-01,2024-04-01,STEPPE_HLS_2024-03_g1_NDVI_FMASK_v1.tif,19,s0009_S30_20240327T030519000_NDVI,NDVI,2024-03-27T03:05:19.000Z,1711508719000,S30,NASA/HLS/HLSS30/v002/T50TMP_20240327T030519,NASA/HLS/HLSS30/v002,B4,B8A,Fmask,EPSG:32650,"[30,0,399960,0,-30,4900020]",false,false,false,false,(NIR-RED)/(NIR+RED); mask denominator=0; keep source masks,dimensionless; no further scale needed,exact_uint8_values_in_Float32,-9999,Float32,1.0
STEPPE,2024-03,2024-03-01,2024-04-01,STEPPE_HLS_2024-03_g1_NDVI_FMASK_v1.tif,20,s0009_S30_20240327T030519000_FMASK,FMASK,2024-03-27T03:05:19.000Z,1711508719000,S30,NASA/HLS/HLSS30/v002/T50TMP_20240327T030519,NASA/HLS/HLSS30/v002,B4,B8A,Fmask,EPSG:32650,"[30,0,399960,0,-30,4900020]",false,false,false,false,(NIR-RED)/(NIR+RED); mask denominator=0; keep source masks,dimensionless; no further scale needed,exact_uint8_values_in_Float32,-9999,Float32,1.0
STEPPE,2024-03,2024-03-01,2024-04-01,STEPPE_HLS_2024-03_g1_NDVI_FMASK_v1.tif,21,s0010_L30_20240330T025806000_NDVI,NDVI,2024-03-30T02:58:06.000Z,1711767486000,L30,NASA/HLS/HLSL30/v002/T50TMP_20240330T025806,NASA/HLS/HLSL30/v002,B4,B5,Fmask,EPSG:32650,"[30,0,399960,0,-30,4900020]",false,false,false,false,(NIR-RED)/(NIR+RED); mask denominator=0; keep source masks,dimensionless; no further scale needed,exact_uint8_values_in_Float32,-9999,Float32,1.0
STEPPE,2024-03,2024-03-01,2024-04-01,STEPPE_HLS_2024-03_g1_NDVI_FMASK_v1.tif,22,s0010_L30_20240330T025806000_FMASK,FMASK,2024-03-30T02:58:06.000Z,1711767486000,L30,NASA/HLS/HLSL30/v002/T50TMP_20240330T025806,NASA/HLS/HLSL30/v002,B4,B5,Fmask,EPSG:32650,"[30,0,399960,0,-30,4900020]",false,false,false,false,(NIR-RED)/(NIR+RED); mask denominator=0; keep source masks,dimensionless; no further scale needed,exact_uint8_values_in_Float32,-9999,Float32,1.0
STEPPE,2024-04,2024-04-01,2024-05-01,STEPPE_HLS_2024-04_g1_NDVI_FMASK_v1.tif,1,s0000_S30_20240401T030521000_NDVI,NDVI,2024-04-01T03:05:21.000Z,1711940721000,S30,NASA/HLS/HLSS30/v002/T50TMP_20240401T030521,NASA/HLS/HLSS30/v002,B4,B8A,Fmask,EPSG:32650,"[30,0,399960,0,-30,4900020]",false,false,false,false,(NIR-RED)/(NIR+RED); mask denominator=0; keep source masks,dimensionless; no further scale needed,exact_uint8_values_in_Float32,-9999,Float32,1.0
STEPPE,2024-04,2024-04-01,2024-05-01,STEPPE_HLS_2024-04_g1_NDVI_FMASK_v1.tif,2,s0000_S30_20240401T030521000_FMASK,FMASK,2024-04-01T03:05:21.000Z,1711940721000,S30,NASA/HLS/HLSS30/v002/T50TMP_20240401T030521,NASA/HLS/HLSS30/v002,B4,B8A,Fmask,EPSG:32650,"[30,0,399960,0,-30,4900020]",false,false,false,false,(NIR-RED)/(NIR+RED); mask denominator=0; keep source masks,dimensionless; no further scale needed,exact_uint8_values_in_Float32,-9999,Float32,1.0
STEPPE,2024-04,2024-04-01,2024-05-01,STEPPE_HLS_2024-04_g1_NDVI_FMASK_v1.tif,3,s0001_S30_20240404T031521000_NDVI,NDVI,2024-04-04T03:15:21.000Z,1712200521000,S30,NASA/HLS/HLSS30/v002/T50TMP_20240404T031521,NASA/HLS/HLSS30/v002,B4,B8A,Fmask,EPSG:32650,"[30,0,399960,0,-30,4900020]",false,false,false,false,(NIR-RED)/(NIR+RED); mask denominator=0; keep source masks,dimensionless; no further scale needed,exact_uint8_values_in_Float32,-9999,Float32,1.0
STEPPE,2024-04,2024-04-01,2024-05-01,STEPPE_HLS_2024-04_g1_NDVI_FMASK_v1.tif,4,s0001_S30_20240404T031521000_FMASK,FMASK,2024-04-04T03:15:21.000Z,1712200521000,S30,NASA/HLS/HLSS30/v002/T50TMP_20240404T031521,NASA/HLS/HLSS30/v002,B4,B8A,Fmask,EPSG:32650,"[30,0,399960,0,-30,4900020]",false,false,false,false,(NIR-RED)/(NIR+RED); mask denominator=0; keep source masks,dimensionless; no further scale needed,exact_uint8_values_in_Float32,-9999,Float32,1.0
STEPPE,2024-04,2024-04-01,2024-05-01,STEPPE_HLS_2024-04_g1_NDVI_FMASK_v1.tif,5,s0002_S30_20240406T030519000_NDVI,NDVI,2024-04-06T03:05:19.000Z,1712372719000,S30,NASA/HLS/HLSS30/v002/T50TMP_20240406T030519,NASA/HLS/HLSS30/v002,B4,B8A,Fmask,EPSG:32650,"[30,0,399960,0,-30,4900020]",false,false,false,false,(NIR-RED)/(NIR+RED); mask denominator=0; keep source masks,dimensionless; no further scale needed,exact_uint8_values_in_Float32,-9999,Float32,1.0
STEPPE,2024-04,2024-04-01,2024-05-01,STEPPE_HLS_2024-04_g1_NDVI_FMASK_v1.tif,6,s0002_S30_20240406T030519000_FMASK,FMASK,2024-04-06T03:05:19.000Z,1712372719000,S30,NASA/HLS/HLSS30/v002/T50TMP_20240406T030519,NASA/HLS/HLSS30/v002,B4,B8A,Fmask,EPSG:32650,"[30,0,399960,0,-30,4900020]",false,false,false,false,(NIR-RED)/(NIR+RED); mask denominator=0; keep source masks,dimensionless; no further scale needed,exact_uint8_values_in_Float32,-9999,Float32,1.0
STEPPE,2024-04,2024-04-01,2024-05-01,STEPPE_HLS_2024-04_g1_NDVI_FMASK_v1.tif,7,s0003_L30_20240407T025829000_NDVI,NDVI,2024-04-07T02:58:29.000Z,1712458709000,L30,NASA/HLS/HLSL30/v002/T50TMP_20240407T025829,NASA/HLS/HLSL30/v002,B4,B5,Fmask,EPSG:32650,"[30,0,399960,0,-30,4900020]",false,false,false,false,(NIR-RED)/(NIR+RED); mask denominator=0; keep source masks,dimensionless; no further scale needed,exact_uint8_values_in_Float32,-9999,Float32,1.0
STEPPE,2024-04,2024-04-01,2024-05-01,STEPPE_HLS_2024-04_g1_NDVI_FMASK_v1.tif,8,s0003_L30_20240407T025829000_FMASK,FMASK,2024-04-07T02:58:29.000Z,1712458709000,L30,NASA/HLS/HLSL30/v002/T50TMP_20240407T025829,NASA/HLS/HLSL30/v002,B4,B5,Fmask,EPSG:32650,"[30,0,399960,0,-30,4900020]",false,false,false,false,(NIR-RED)/(NIR+RED); mask denominator=0; keep source masks,dimensionless; no further scale needed,exact_uint8_values_in_Float32,-9999,Float32,1.0
STEPPE,2024-04,2024-04-01,2024-05-01,STEPPE_HLS_2024-04_g1_NDVI_FMASK_v1.tif,9,s0004_S30_20240411T030521000_NDVI,NDVI,2024-04-11T03:05:21.000Z,1712804721000,S30,NASA/HLS/HLSS30/v002/T50TMP_20240411T030521,NASA/HLS/HLSS30/v002,B4,B8A,Fmask,EPSG:32650,"[30,0,399960,0,-30,4900020]",false,false,false,false,(NIR-RED)/(NIR+RED); mask denominator=0; keep source masks,dimensionless; no further scale needed,exact_uint8_values_in_Float32,-9999,Float32,1.0
STEPPE,2024-04,2024-04-01,2024-05-01,STEPPE_HLS_2024-04_g1_NDVI_FMASK_v1.tif,10,s0004_S30_20240411T030521000_FMASK,FMASK,2024-04-11T03:05:21.000Z,1712804721000,S30,NASA/HLS/HLSS30/v002/T50TMP_20240411T030521,NASA/HLS/HLSS30/v002,B4,B8A,Fmask,EPSG:32650,"[30,0,399960,0,-30,4900020]",false,false,false,false,(NIR-RED)/(NIR+RED); mask denominator=0; keep source masks,dimensionless; no further scale needed,exact_uint8_values_in_Float32,-9999,Float32,1.0
STEPPE,2024-04,2024-04-01,2024-05-01,STEPPE_HLS_2024-04_g1_NDVI_FMASK_v1.tif,11,s0005_L30_20240415T025802000_NDVI,NDVI,2024-04-15T02:58:02.000Z,1713149882000,L30,NASA/HLS/HLSL30/v002/T50TMP_20240415T025802,NASA/HLS/HLSL30/v002,B4,B5,Fmask,EPSG:32650,"[30,0,399960,0,-30,4900020]",false,false,false,false,(NIR-RED)/(NIR+RED); mask denominator=0; keep source masks,dimensionless; no further scale needed,exact_uint8_values_in_Float32,-9999,Float32,1.0
STEPPE,2024-04,2024-04-01,2024-05-01,STEPPE_HLS_2024-04_g1_NDVI_FMASK_v1.tif,12,s0005_L30_20240415T025802000_FMASK,FMASK,2024-04-15T02:58:02.000Z,1713149882000,L30,NASA/HLS/HLSL30/v002/T50TMP_20240415T025802,NASA/HLS/HLSL30/v002,B4,B5,Fmask,EPSG:32650,"[30,0,399960,0,-30,4900020]",false,false,false,false,(NIR-RED)/(NIR+RED); mask denominator=0; keep source masks,dimensionless; no further scale needed,exact_uint8_values_in_Float32,-9999,Float32,1.0
STEPPE,2024-04,2024-04-01,2024-05-01,STEPPE_HLS_2024-04_g1_NDVI_FMASK_v1.tif,13,s0006_S30_20240416T030529000_NDVI,NDVI,2024-04-16T03:05:29.000Z,1713236729000,S30,NASA/HLS/HLSS30/v002/T50TMP_20240416T030529,NASA/HLS/HLSS30/v002,B4,B8A,Fmask,EPSG:32650,"[30,0,399960,0,-30,4900020]",false,false,false,false,(NIR-RED)/(NIR+RED); mask denominator=0; keep source masks,dimensionless; no further scale needed,exact_uint8_values_in_Float32,-9999,Float32,1.0
STEPPE,2024-04,2024-04-01,2024-05-01,STEPPE_HLS_2024-04_g1_NDVI_FMASK_v1.tif,14,s0006_S30_20240416T030529000_FMASK,FMASK,2024-04-16T03:05:29.000Z,1713236729000,S30,NASA/HLS/HLSS30/v002/T50TMP_20240416T030529,NASA/HLS/HLSS30/v002,B4,B8A,Fmask,EPSG:32650,"[30,0,399960,0,-30,4900020]",false,false,false,false,(NIR-RED)/(NIR+RED); mask denominator=0; keep source masks,dimensionless; no further scale needed,exact_uint8_values_in_Float32,-9999,Float32,1.0
STEPPE,2024-04,2024-04-01,2024-05-01,STEPPE_HLS_2024-04_g1_NDVI_FMASK_v1.tif,15,s0007_S30_20240421T030531000_NDVI,NDVI,2024-04-21T03:05:31.000Z,1713668731000,S30,NASA/HLS/HLSS30/v002/T50TMP_20240421T030531,NASA/HLS/HLSS30/v002,B4,B8A,Fmask,EPSG:32650,"[30,0,399960,0,-30,4900020]",false,false,false,false,(NIR-RED)/(NIR+RED); mask denominator=0; keep source masks,dimensionless; no further scale needed,exact_uint8_values_in_Float32,-9999,Float32,1.0
STEPPE,2024-04,2024-04-01,2024-05-01,STEPPE_HLS_2024-04_g1_NDVI_FMASK_v1.tif,16,s0007_S30_20240421T030531000_FMASK,FMASK,2024-04-21T03:05:31.000Z,1713668731000,S30,NASA/HLS/HLSS30/v002/T50TMP_20240421T030531,NASA/HLS/HLSS30/v002,B4,B8A,Fmask,EPSG:32650,"[30,0,399960,0,-30,4900020]",false,false,false,false,(NIR-RED)/(NIR+RED); mask denominator=0; keep source masks,dimensionless; no further scale needed,exact_uint8_values_in_Float32,-9999,Float32,1.0
STEPPE,2024-04,2024-04-01,2024-05-01,STEPPE_HLS_2024-04_g1_NDVI_FMASK_v1.tif,17,s0008_L30_20240423T025809000_NDVI,NDVI,2024-04-23T02:58:09.000Z,1713841089000,L30,NASA/HLS/HLSL30/v002/T50TMP_20240423T025809,NASA/HLS/HLSL30/v002,B4,B5,Fmask,EPSG:32650,"[30,0,399960,0,-30,4900020]",false,false,false,false,(NIR-RED)/(NIR+RED); mask denominator=0; keep source masks,dimensionless; no further scale needed,exact_uint8_values_in_Float32,-9999,Float32,1.0
STEPPE,2024-04,2024-04-01,2024-05-01,STEPPE_HLS_2024-04_g1_NDVI_FMASK_v1.tif,18,s0008_L30_20240423T025809000_FMASK,FMASK,2024-04-23T02:58:09.000Z,1713841089000,L30,NASA/HLS/HLSL30/v002/T50TMP_20240423T025809,NASA/HLS/HLSL30/v002,B4,B5,Fmask,EPSG:32650,"[30,0,399960,0,-30,4900020]",false,false,false,false,(NIR-RED)/(NIR+RED); mask denominator=0; keep source masks,dimensionless; no further scale needed,exact_uint8_values_in_Float32,-9999,Float32,1.0
STEPPE,2024-04,2024-04-01,2024-05-01,STEPPE_HLS_2024-04_g1_NDVI_FMASK_v1.tif,19,s0009_S30_20240426T030519000_NDVI,NDVI,2024-04-26T03:05:19.000Z,1714100719000,S30,NASA/HLS/HLSS30/v002/T50TMP_20240426T030519,NASA/HLS/HLSS30/v002,B4,B8A,Fmask,EPSG:32650,"[30,0,399960,0,-30,4900020]",false,false,false,false,(NIR-RED)/(NIR+RED); mask denominator=0; keep source masks,dimensionless; no further scale needed,exact_uint8_values_in_Float32,-9999,Float32,1.0
STEPPE,2024-04,2024-04-01,2024-05-01,STEPPE_HLS_2024-04_g1_NDVI_FMASK_v1.tif,20,s0009_S30_20240426T030519000_FMASK,FMASK,2024-04-26T03:05:19.000Z,1714100719000,S30,NASA/HLS/HLSS30/v002/T50TMP_20240426T030519,NASA/HLS/HLSS30/v002,B4,B8A,Fmask,EPSG:32650,"[30,0,399960,0,-30,4900020]",false,false,false,false,(NIR-RED)/(NIR+RED); mask denominator=0; keep source masks,dimensionless; no further scale needed,exact_uint8_values_in_Float32,-9999,Float32,1.0
STEPPE,2024-05,2024-05-01,2024-06-01,STEPPE_HLS_2024-05_g1_NDVI_FMASK_v1.tif,1,s0000_L30_20240501T025750000_NDVI,NDVI,2024-05-01T02:57:50.000Z,1714532270000,L30,NASA/HLS/HLSL30/v002/T50TMP_20240501T025750,NASA/HLS/HLSL30/v002,B4,B5,Fmask,EPSG:32650,"[30,0,399960,0,-30,4900020]",false,false,false,false,(NIR-RED)/(NIR+RED); mask denominator=0; keep source masks,dimensionless; no further scale needed,exact_uint8_values_in_Float32,-9999,Float32,1.0
STEPPE,2024-05,2024-05-01,2024-06-01,STEPPE_HLS_2024-05_g1_NDVI_FMASK_v1.tif,2,s0000_L30_20240501T025750000_FMASK,FMASK,2024-05-01T02:57:50.000Z,1714532270000,L30,NASA/HLS/HLSL30/v002/T50TMP_20240501T025750,NASA/HLS/HLSL30/v002,B4,B5,Fmask,EPSG:32650,"[30,0,399960,0,-30,4900020]",false,false,false,false,(NIR-RED)/(NIR+RED); mask denominator=0; keep source masks,dimensionless; no further scale needed,exact_uint8_values_in_Float32,-9999,Float32,1.0
STEPPE,2024-05,2024-05-01,2024-06-01,STEPPE_HLS_2024-05_g1_NDVI_FMASK_v1.tif,3,s0001_S30_20240501T030551000_NDVI,NDVI,2024-05-01T03:05:51.000Z,1714532751000,S30,NASA/HLS/HLSS30/v002/T50TMP_20240501T030551,NASA/HLS/HLSS30/v002,B4,B8A,Fmask,EPSG:32650,"[30,0,399960,0,-30,4900020]",false,false,false,false,(NIR-RED)/(NIR+RED); mask denominator=0; keep source masks,dimensionless; no further scale needed,exact_uint8_values_in_Float32,-9999,Float32,1.0
STEPPE,2024-05,2024-05-01,2024-06-01,STEPPE_HLS_2024-05_g1_NDVI_FMASK_v1.tif,4,s0001_S30_20240501T030551000_FMASK,FMASK,2024-05-01T03:05:51.000Z,1714532751000,S30,NASA/HLS/HLSS30/v002/T50TMP_20240501T030551,NASA/HLS/HLSS30/v002,B4,B8A,Fmask,EPSG:32650,"[30,0,399960,0,-30,4900020]",false,false,false,false,(NIR-RED)/(NIR+RED); mask denominator=0; keep source masks,dimensionless; no further scale needed,exact_uint8_values_in_Float32,-9999,Float32,1.0
STEPPE,2024-05,2024-05-01,2024-06-01,STEPPE_HLS_2024-05_g1_NDVI_FMASK_v1.tif,5,s0002_S30_20240506T030529000_NDVI,NDVI,2024-05-06T03:05:29.000Z,1714964729000,S30,NASA/HLS/HLSS30/v002/T50TMP_20240506T030529,NASA/HLS/HLSS30/v002,B4,B8A,Fmask,EPSG:32650,"[30,0,399960,0,-30,4900020]",false,false,false,false,(NIR-RED)/(NIR+RED); mask denominator=0; keep source masks,dimensionless; no further scale needed,exact_uint8_values_in_Float32,-9999,Float32,1.0
STEPPE,2024-05,2024-05-01,2024-06-01,STEPPE_HLS_2024-05_g1_NDVI_FMASK_v1.tif,6,s0002_S30_20240506T030529000_FMASK,FMASK,2024-05-06T03:05:29.000Z,1714964729000,S30,NASA/HLS/HLSS30/v002/T50TMP_20240506T030529,NASA/HLS/HLSS30/v002,B4,B8A,Fmask,EPSG:32650,"[30,0,399960,0,-30,4900020]",false,false,false,false,(NIR-RED)/(NIR+RED); mask denominator=0; keep source masks,dimensionless; no further scale needed,exact_uint8_values_in_Float32,-9999,Float32,1.0
STEPPE,2024-05,2024-05-01,2024-06-01,STEPPE_HLS_2024-05_g1_NDVI_FMASK_v1.tif,7,s0003_L30_20240509T025806000_NDVI,NDVI,2024-05-09T02:58:06.000Z,1715223486000,L30,NASA/HLS/HLSL30/v002/T50TMP_20240509T025806,NASA/HLS/HLSL30/v002,B4,B5,Fmask,EPSG:32650,"[30,0,399960,0,-30,4900020]",false,false,false,false,(NIR-RED)/(NIR+RED); mask denominator=0; keep source masks,dimensionless; no further scale needed,exact_uint8_values_in_Float32,-9999,Float32,1.0
STEPPE,2024-05,2024-05-01,2024-06-01,STEPPE_HLS_2024-05_g1_NDVI_FMASK_v1.tif,8,s0003_L30_20240509T025806000_FMASK,FMASK,2024-05-09T02:58:06.000Z,1715223486000,L30,NASA/HLS/HLSL30/v002/T50TMP_20240509T025806,NASA/HLS/HLSL30/v002,B4,B5,Fmask,EPSG:32650,"[30,0,399960,0,-30,4900020]",false,false,false,false,(NIR-RED)/(NIR+RED); mask denominator=0; keep source masks,dimensionless; no further scale needed,exact_uint8_values_in_Float32,-9999,Float32,1.0
STEPPE,2024-05,2024-05-01,2024-06-01,STEPPE_HLS_2024-05_g1_NDVI_FMASK_v1.tif,9,s0004_S30_20240511T030551000_NDVI,NDVI,2024-05-11T03:05:51.000Z,1715396751000,S30,NASA/HLS/HLSS30/v002/T50TMP_20240511T030551,NASA/HLS/HLSS30/v002,B4,B8A,Fmask,EPSG:32650,"[30,0,399960,0,-30,4900020]",false,false,false,false,(NIR-RED)/(NIR+RED); mask denominator=0; keep source masks,dimensionless; no further scale needed,exact_uint8_values_in_Float32,-9999,Float32,1.0
STEPPE,2024-05,2024-05-01,2024-06-01,STEPPE_HLS_2024-05_g1_NDVI_FMASK_v1.tif,10,s0004_S30_20240511T030551000_FMASK,FMASK,2024-05-11T03:05:51.000Z,1715396751000,S30,NASA/HLS/HLSS30/v002/T50TMP_20240511T030551,NASA/HLS/HLSS30/v002,B4,B8A,Fmask,EPSG:32650,"[30,0,399960,0,-30,4900020]",false,false,false,false,(NIR-RED)/(NIR+RED); mask denominator=0; keep source masks,dimensionless; no further scale needed,exact_uint8_values_in_Float32,-9999,Float32,1.0
STEPPE,2024-05,2024-05-01,2024-06-01,STEPPE_HLS_2024-05_g1_NDVI_FMASK_v1.tif,11,s0005_S30_20240516T030519000_NDVI,NDVI,2024-05-16T03:05:19.000Z,1715828719000,S30,NASA/HLS/HLSS30/v002/T50TMP_20240516T030519,NASA/HLS/HLSS30/v002,B4,B8A,Fmask,EPSG:32650,"[30,0,399960,0,-30,4900020]",false,false,false,false,(NIR-RED)/(NIR+RED); mask denominator=0; keep source masks,dimensionless; no further scale needed,exact_uint8_values_in_Float32,-9999,Float32,1.0
STEPPE,2024-05,2024-05-01,2024-06-01,STEPPE_HLS_2024-05_g1_NDVI_FMASK_v1.tif,12,s0005_S30_20240516T030519000_FMASK,FMASK,2024-05-16T03:05:19.000Z,1715828719000,S30,NASA/HLS/HLSS30/v002/T50TMP_20240516T030519,NASA/HLS/HLSS30/v002,B4,B8A,Fmask,EPSG:32650,"[30,0,399960,0,-30,4900020]",false,false,false,false,(NIR-RED)/(NIR+RED); mask denominator=0; keep source masks,dimensionless; no further scale needed,exact_uint8_values_in_Float32,-9999,Float32,1.0
STEPPE,2024-05,2024-05-01,2024-06-01,STEPPE_HLS_2024-05_g1_NDVI_FMASK_v1.tif,13,s0006_L30_20240517T025737000_NDVI,NDVI,2024-05-17T02:57:37.000Z,1715914657000,L30,NASA/HLS/HLSL30/v002/T50TMP_20240517T025737,NASA/HLS/HLSL30/v002,B4,B5,Fmask,EPSG:32650,"[30,0,399960,0,-30,4900020]",false,false,false,false,(NIR-RED)/(NIR+RED); mask denominator=0; keep source masks,dimensionless; no further scale needed,exact_uint8_values_in_Float32,-9999,Float32,1.0
STEPPE,2024-05,2024-05-01,2024-06-01,STEPPE_HLS_2024-05_g1_NDVI_FMASK_v1.tif,14,s0006_L30_20240517T025737000_FMASK,FMASK,2024-05-17T02:57:37.000Z,1715914657000,L30,NASA/HLS/HLSL30/v002/T50TMP_20240517T025737,NASA/HLS/HLSL30/v002,B4,B5,Fmask,EPSG:32650,"[30,0,399960,0,-30,4900020]",false,false,false,false,(NIR-RED)/(NIR+RED); mask denominator=0; keep source masks,dimensionless; no further scale needed,exact_uint8_values_in_Float32,-9999,Float32,1.0
STEPPE,2024-05,2024-05-01,2024-06-01,STEPPE_HLS_2024-05_g1_NDVI_FMASK_v1.tif,15,s0007_S30_20240521T030521000_NDVI,NDVI,2024-05-21T03:05:21.000Z,1716260721000,S30,NASA/HLS/HLSS30/v002/T50TMP_20240521T030521,NASA/HLS/HLSS30/v002,B4,B8A,Fmask,EPSG:32650,"[30,0,399960,0,-30,4900020]",false,false,false,false,(NIR-RED)/(NIR+RED); mask denominator=0; keep source masks,dimensionless; no further scale needed,exact_uint8_values_in_Float32,-9999,Float32,1.0
STEPPE,2024-05,2024-05-01,2024-06-01,STEPPE_HLS_2024-05_g1_NDVI_FMASK_v1.tif,16,s0007_S30_20240521T030521000_FMASK,FMASK,2024-05-21T03:05:21.000Z,1716260721000,S30,NASA/HLS/HLSS30/v002/T50TMP_20240521T030521,NASA/HLS/HLSS30/v002,B4,B8A,Fmask,EPSG:32650,"[30,0,399960,0,-30,4900020]",false,false,false,false,(NIR-RED)/(NIR+RED); mask denominator=0; keep source masks,dimensionless; no further scale needed,exact_uint8_values_in_Float32,-9999,Float32,1.0
STEPPE,2024-05,2024-05-01,2024-06-01,STEPPE_HLS_2024-05_g1_NDVI_FMASK_v1.tif,17,s0008_S30_20240524T031521000_NDVI,NDVI,2024-05-24T03:15:21.000Z,1716520521000,S30,NASA/HLS/HLSS30/v002/T50TMP_20240524T031521,NASA/HLS/HLSS30/v002,B4,B8A,Fmask,EPSG:32650,"[30,0,399960,0,-30,4900020]",false,false,false,false,(NIR-RED)/(NIR+RED); mask denominator=0; keep source masks,dimensionless; no further scale needed,exact_uint8_values_in_Float32,-9999,Float32,1.0
STEPPE,2024-05,2024-05-01,2024-06-01,STEPPE_HLS_2024-05_g1_NDVI_FMASK_v1.tif,18,s0008_S30_20240524T031521000_FMASK,FMASK,2024-05-24T03:15:21.000Z,1716520521000,S30,NASA/HLS/HLSS30/v002/T50TMP_20240524T031521,NASA/HLS/HLSS30/v002,B4,B8A,Fmask,EPSG:32650,"[30,0,399960,0,-30,4900020]",false,false,false,false,(NIR-RED)/(NIR+RED); mask denominator=0; keep source masks,dimensionless; no further scale needed,exact_uint8_values_in_Float32,-9999,Float32,1.0
STEPPE,2024-05,2024-05-01,2024-06-01,STEPPE_HLS_2024-05_g1_NDVI_FMASK_v1.tif,19,s0009_L30_20240525T025755000_NDVI,NDVI,2024-05-25T02:57:55.000Z,1716605875000,L30,NASA/HLS/HLSL30/v002/T50TMP_20240525T025755,NASA/HLS/HLSL30/v002,B4,B5,Fmask,EPSG:32650,"[30,0,399960,0,-30,4900020]",false,false,false,false,(NIR-RED)/(NIR+RED); mask denominator=0; keep source masks,dimensionless; no further scale needed,exact_uint8_values_in_Float32,-9999,Float32,1.0
STEPPE,2024-05,2024-05-01,2024-06-01,STEPPE_HLS_2024-05_g1_NDVI_FMASK_v1.tif,20,s0009_L30_20240525T025755000_FMASK,FMASK,2024-05-25T02:57:55.000Z,1716605875000,L30,NASA/HLS/HLSL30/v002/T50TMP_20240525T025755,NASA/HLS/HLSL30/v002,B4,B5,Fmask,EPSG:32650,"[30,0,399960,0,-30,4900020]",false,false,false,false,(NIR-RED)/(NIR+RED); mask denominator=0; keep source masks,dimensionless; no further scale needed,exact_uint8_values_in_Float32,-9999,Float32,1.0
STEPPE,2024-05,2024-05-01,2024-06-01,STEPPE_HLS_2024-05_g1_NDVI_FMASK_v1.tif,21,s0010_S30_20240526T030519000_NDVI,NDVI,2024-05-26T03:05:19.000Z,1716692719000,S30,NASA/HLS/HLSS30/v002/T50TMP_20240526T030519,NASA/HLS/HLSS30/v002,B4,B8A,Fmask,EPSG:32650,"[30,0,399960,0,-30,4900020]",false,false,false,false,(NIR-RED)/(NIR+RED); mask denominator=0; keep source masks,dimensionless; no further scale needed,exact_uint8_values_in_Float32,-9999,Float32,1.0
STEPPE,2024-05,2024-05-01,2024-06-01,STEPPE_HLS_2024-05_g1_NDVI_FMASK_v1.tif,22,s0010_S30_20240526T030519000_FMASK,FMASK,2024-05-26T03:05:19.000Z,1716692719000,S30,NASA/HLS/HLSS30/v002/T50TMP_20240526T030519,NASA/HLS/HLSS30/v002,B4,B8A,Fmask,EPSG:32650,"[30,0,399960,0,-30,4900020]",false,false,false,false,(NIR-RED)/(NIR+RED); mask denominator=0; keep source masks,dimensionless; no further scale needed,exact_uint8_values_in_Float32,-9999,Float32,1.0
STEPPE,2024-05,2024-05-01,2024-06-01,STEPPE_HLS_2024-05_g1_NDVI_FMASK_v1.tif,23,s0011_S30_20240531T030531000_NDVI,NDVI,2024-05-31T03:05:31.000Z,1717124731000,S30,NASA/HLS/HLSS30/v002/T50TMP_20240531T030531,NASA/HLS/HLSS30/v002,B4,B8A,Fmask,EPSG:32650,"[30,0,399960,0,-30,4900020]",false,false,false,false,(NIR-RED)/(NIR+RED); mask denominator=0; keep source masks,dimensionless; no further scale needed,exact_uint8_values_in_Float32,-9999,Float32,1.0
STEPPE,2024-05,2024-05-01,2024-06-01,STEPPE_HLS_2024-05_g1_NDVI_FMASK_v1.tif,24,s0011_S30_20240531T030531000_FMASK,FMASK,2024-05-31T03:05:31.000Z,1717124731000,S30,NASA/HLS/HLSS30/v002/T50TMP_20240531T030531,NASA/HLS/HLSS30/v002,B4,B8A,Fmask,EPSG:32650,"[30,0,399960,0,-30,4900020]",false,false,false,false,(NIR-RED)/(NIR+RED); mask denominator=0; keep source masks,dimensionless; no further scale needed,exact_uint8_values_in_Float32,-9999,Float32,1.0
STEPPE,2024-06,2024-06-01,2024-07-01,STEPPE_HLS_2024-06_g1_NDVI_FMASK_v1.tif,1,s0000_L30_20240602T025734000_NDVI,NDVI,2024-06-02T02:57:34.000Z,1717297054000,L30,NASA/HLS/HLSL30/v002/T50TMP_20240602T025734,NASA/HLS/HLSL30/v002,B4,B5,Fmask,EPSG:32650,"[30,0,399960,0,-30,4900020]",false,false,false,false,(NIR-RED)/(NIR+RED); mask denominator=0; keep source masks,dimensionless; no further scale needed,exact_uint8_values_in_Float32,-9999,Float32,1.0
STEPPE,2024-06,2024-06-01,2024-07-01,STEPPE_HLS_2024-06_g1_NDVI_FMASK_v1.tif,2,s0000_L30_20240602T025734000_FMASK,FMASK,2024-06-02T02:57:34.000Z,1717297054000,L30,NASA/HLS/HLSL30/v002/T50TMP_20240602T025734,NASA/HLS/HLSL30/v002,B4,B5,Fmask,EPSG:32650,"[30,0,399960,0,-30,4900020]",false,false,false,false,(NIR-RED)/(NIR+RED); mask denominator=0; keep source masks,dimensionless; no further scale needed,exact_uint8_values_in_Float32,-9999,Float32,1.0
STEPPE,2024-06,2024-06-01,2024-07-01,STEPPE_HLS_2024-06_g1_NDVI_FMASK_v1.tif,3,s0001_S30_20240605T030529000_NDVI,NDVI,2024-06-05T03:05:29.000Z,1717556729000,S30,NASA/HLS/HLSS30/v002/T50TMP_20240605T030529,NASA/HLS/HLSS30/v002,B4,B8A,Fmask,EPSG:32650,"[30,0,399960,0,-30,4900020]",false,false,false,false,(NIR-RED)/(NIR+RED); mask denominator=0; keep source masks,dimensionless; no further scale needed,exact_uint8_values_in_Float32,-9999,Float32,1.0
STEPPE,2024-06,2024-06-01,2024-07-01,STEPPE_HLS_2024-06_g1_NDVI_FMASK_v1.tif,4,s0001_S30_20240605T030529000_FMASK,FMASK,2024-06-05T03:05:29.000Z,1717556729000,S30,NASA/HLS/HLSS30/v002/T50TMP_20240605T030529,NASA/HLS/HLSS30/v002,B4,B8A,Fmask,EPSG:32650,"[30,0,399960,0,-30,4900020]",false,false,false,false,(NIR-RED)/(NIR+RED); mask denominator=0; keep source masks,dimensionless; no further scale needed,exact_uint8_values_in_Float32,-9999,Float32,1.0
STEPPE,2024-06,2024-06-01,2024-07-01,STEPPE_HLS_2024-06_g1_NDVI_FMASK_v1.tif,5,s0002_L30_20240610T025749000_NDVI,NDVI,2024-06-10T02:57:49.000Z,1717988269000,L30,NASA/HLS/HLSL30/v002/T50TMP_20240610T025749,NASA/HLS/HLSL30/v002,B4,B5,Fmask,EPSG:32650,"[30,0,399960,0,-30,4900020]",false,false,false,false,(NIR-RED)/(NIR+RED); mask denominator=0; keep source masks,dimensionless; no further scale needed,exact_uint8_values_in_Float32,-9999,Float32,1.0
STEPPE,2024-06,2024-06-01,2024-07-01,STEPPE_HLS_2024-06_g1_NDVI_FMASK_v1.tif,6,s0002_L30_20240610T025749000_FMASK,FMASK,2024-06-10T02:57:49.000Z,1717988269000,L30,NASA/HLS/HLSL30/v002/T50TMP_20240610T025749,NASA/HLS/HLSL30/v002,B4,B5,Fmask,EPSG:32650,"[30,0,399960,0,-30,4900020]",false,false,false,false,(NIR-RED)/(NIR+RED); mask denominator=0; keep source masks,dimensionless; no further scale needed,exact_uint8_values_in_Float32,-9999,Float32,1.0
STEPPE,2024-06,2024-06-01,2024-07-01,STEPPE_HLS_2024-06_g1_NDVI_FMASK_v1.tif,7,s0003_S30_20240610T030531000_NDVI,NDVI,2024-06-10T03:05:31.000Z,1717988731000,S30,NASA/HLS/HLSS30/v002/T50TMP_20240610T030531,NASA/HLS/HLSS30/v002,B4,B8A,Fmask,EPSG:32650,"[30,0,399960,0,-30,4900020]",false,false,false,false,(NIR-RED)/(NIR+RED); mask denominator=0; keep source masks,dimensionless; no further scale needed,exact_uint8_values_in_Float32,-9999,Float32,1.0
STEPPE,2024-06,2024-06-01,2024-07-01,STEPPE_HLS_2024-06_g1_NDVI_FMASK_v1.tif,8,s0003_S30_20240610T030531000_FMASK,FMASK,2024-06-10T03:05:31.000Z,1717988731000,S30,NASA/HLS/HLSS30/v002/T50TMP_20240610T030531,NASA/HLS/HLSS30/v002,B4,B8A,Fmask,EPSG:32650,"[30,0,399960,0,-30,4900020]",false,false,false,false,(NIR-RED)/(NIR+RED); mask denominator=0; keep source masks,dimensionless; no further scale needed,exact_uint8_values_in_Float32,-9999,Float32,1.0
STEPPE,2024-06,2024-06-01,2024-07-01,STEPPE_HLS_2024-06_g1_NDVI_FMASK_v1.tif,9,s0004_S30_20240615T030529000_NDVI,NDVI,2024-06-15T03:05:29.000Z,1718420729000,S30,NASA/HLS/HLSS30/v002/T50TMP_20240615T030529,NASA/HLS/HLSS30/v002,B4,B8A,Fmask,EPSG:32650,"[30,0,399960,0,-30,4900020]",false,false,false,false,(NIR-RED)/(NIR+RED); mask denominator=0; keep source masks,dimensionless; no further scale needed,exact_uint8_values_in_Float32,-9999,Float32,1.0
STEPPE,2024-06,2024-06-01,2024-07-01,STEPPE_HLS_2024-06_g1_NDVI_FMASK_v1.tif,10,s0004_S30_20240615T030529000_FMASK,FMASK,2024-06-15T03:05:29.000Z,1718420729000,S30,NASA/HLS/HLSS30/v002/T50TMP_20240615T030529,NASA/HLS/HLSS30/v002,B4,B8A,Fmask,EPSG:32650,"[30,0,399960,0,-30,4900020]",false,false,false,false,(NIR-RED)/(NIR+RED); mask denominator=0; keep source masks,dimensionless; no further scale needed,exact_uint8_values_in_Float32,-9999,Float32,1.0
STEPPE,2024-06,2024-06-01,2024-07-01,STEPPE_HLS_2024-06_g1_NDVI_FMASK_v1.tif,11,s0005_L30_20240618T025740000_NDVI,NDVI,2024-06-18T02:57:40.000Z,1718679460000,L30,NASA/HLS/HLSL30/v002/T50TMP_20240618T025740,NASA/HLS/HLSL30/v002,B4,B5,Fmask,EPSG:32650,"[30,0,399960,0,-30,4900020]",false,false,false,false,(NIR-RED)/(NIR+RED); mask denominator=0; keep source masks,dimensionless; no further scale needed,exact_uint8_values_in_Float32,-9999,Float32,1.0
STEPPE,2024-06,2024-06-01,2024-07-01,STEPPE_HLS_2024-06_g1_NDVI_FMASK_v1.tif,12,s0005_L30_20240618T025740000_FMASK,FMASK,2024-06-18T02:57:40.000Z,1718679460000,L30,NASA/HLS/HLSL30/v002/T50TMP_20240618T025740,NASA/HLS/HLSL30/v002,B4,B5,Fmask,EPSG:32650,"[30,0,399960,0,-30,4900020]",false,false,false,false,(NIR-RED)/(NIR+RED); mask denominator=0; keep source masks,dimensionless; no further scale needed,exact_uint8_values_in_Float32,-9999,Float32,1.0
STEPPE,2024-06,2024-06-01,2024-07-01,STEPPE_HLS_2024-06_g1_NDVI_FMASK_v1.tif,13,s0006_S30_20240620T030531000_NDVI,NDVI,2024-06-20T03:05:31.000Z,1718852731000,S30,NASA/HLS/HLSS30/v002/T50TMP_20240620T030531,NASA/HLS/HLSS30/v002,B4,B8A,Fmask,EPSG:32650,"[30,0,399960,0,-30,4900020]",false,false,false,false,(NIR-RED)/(NIR+RED); mask denominator=0; keep source masks,dimensionless; no further scale needed,exact_uint8_values_in_Float32,-9999,Float32,1.0
STEPPE,2024-06,2024-06-01,2024-07-01,STEPPE_HLS_2024-06_g1_NDVI_FMASK_v1.tif,14,s0006_S30_20240620T030531000_FMASK,FMASK,2024-06-20T03:05:31.000Z,1718852731000,S30,NASA/HLS/HLSS30/v002/T50TMP_20240620T030531,NASA/HLS/HLSS30/v002,B4,B8A,Fmask,EPSG:32650,"[30,0,399960,0,-30,4900020]",false,false,false,false,(NIR-RED)/(NIR+RED); mask denominator=0; keep source masks,dimensionless; no further scale needed,exact_uint8_values_in_Float32,-9999,Float32,1.0
STEPPE,2024-06,2024-06-01,2024-07-01,STEPPE_HLS_2024-06_g1_NDVI_FMASK_v1.tif,15,s0007_S30_20240625T030529000_NDVI,NDVI,2024-06-25T03:05:29.000Z,1719284729000,S30,NASA/HLS/HLSS30/v002/T50TMP_20240625T030529,NASA/HLS/HLSS30/v002,B4,B8A,Fmask,EPSG:32650,"[30,0,399960,0,-30,4900020]",false,false,false,false,(NIR-RED)/(NIR+RED); mask denominator=0; keep source masks,dimensionless; no further scale needed,exact_uint8_values_in_Float32,-9999,Float32,1.0
STEPPE,2024-06,2024-06-01,2024-07-01,STEPPE_HLS_2024-06_g1_NDVI_FMASK_v1.tif,16,s0007_S30_20240625T030529000_FMASK,FMASK,2024-06-25T03:05:29.000Z,1719284729000,S30,NASA/HLS/HLSS30/v002/T50TMP_20240625T030529,NASA/HLS/HLSS30/v002,B4,B8A,Fmask,EPSG:32650,"[30,0,399960,0,-30,4900020]",false,false,false,false,(NIR-RED)/(NIR+RED); mask denominator=0; keep source masks,dimensionless; no further scale needed,exact_uint8_values_in_Float32,-9999,Float32,1.0
STEPPE,2024-06,2024-06-01,2024-07-01,STEPPE_HLS_2024-06_g1_NDVI_FMASK_v1.tif,17,s0008_L30_20240626T025733000_NDVI,NDVI,2024-06-26T02:57:33.000Z,1719370653000,L30,NASA/HLS/HLSL30/v002/T50TMP_20240626T025733,NASA/HLS/HLSL30/v002,B4,B5,Fmask,EPSG:32650,"[30,0,399960,0,-30,4900020]",false,false,false,false,(NIR-RED)/(NIR+RED); mask denominator=0; keep source masks,dimensionless; no further scale needed,exact_uint8_values_in_Float32,-9999,Float32,1.0
STEPPE,2024-06,2024-06-01,2024-07-01,STEPPE_HLS_2024-06_g1_NDVI_FMASK_v1.tif,18,s0008_L30_20240626T025733000_FMASK,FMASK,2024-06-26T02:57:33.000Z,1719370653000,L30,NASA/HLS/HLSL30/v002/T50TMP_20240626T025733,NASA/HLS/HLSL30/v002,B4,B5,Fmask,EPSG:32650,"[30,0,399960,0,-30,4900020]",false,false,false,false,(NIR-RED)/(NIR+RED); mask denominator=0; keep source masks,dimensionless; no further scale needed,exact_uint8_values_in_Float32,-9999,Float32,1.0
STEPPE,2024-06,2024-06-01,2024-07-01,STEPPE_HLS_2024-06_g1_NDVI_FMASK_v1.tif,19,s0009_S30_20240630T030531000_NDVI,NDVI,2024-06-30T03:05:31.000Z,1719716731000,S30,NASA/HLS/HLSS30/v002/T50TMP_20240630T030531,NASA/HLS/HLSS30/v002,B4,B8A,Fmask,EPSG:32650,"[30,0,399960,0,-30,4900020]",false,false,false,false,(NIR-RED)/(NIR+RED); mask denominator=0; keep source masks,dimensionless; no further scale needed,exact_uint8_values_in_Float32,-9999,Float32,1.0
STEPPE,2024-06,2024-06-01,2024-07-01,STEPPE_HLS_2024-06_g1_NDVI_FMASK_v1.tif,20,s0009_S30_20240630T030531000_FMASK,FMASK,2024-06-30T03:05:31.000Z,1719716731000,S30,NASA/HLS/HLSS30/v002/T50TMP_20240630T030531,NASA/HLS/HLSS30/v002,B4,B8A,Fmask,EPSG:32650,"[30,0,399960,0,-30,4900020]",false,false,false,false,(NIR-RED)/(NIR+RED); mask denominator=0; keep source masks,dimensionless; no further scale needed,exact_uint8_values_in_Float32,-9999,Float32,1.0
STEPPE,2024-07,2024-07-01,2024-08-01,STEPPE_HLS_2024-07_g1_NDVI_FMASK_v1.tif,1,s0000_L30_20240704T025749000_NDVI,NDVI,2024-07-04T02:57:49.000Z,1720061869000,L30,NASA/HLS/HLSL30/v002/T50TMP_20240704T025749,NASA/HLS/HLSL30/v002,B4,B5,Fmask,EPSG:32650,"[30,0,399960,0,-30,4900020]",false,false,false,false,(NIR-RED)/(NIR+RED); mask denominator=0; keep source masks,dimensionless; no further scale needed,exact_uint8_values_in_Float32,-9999,Float32,1.0
STEPPE,2024-07,2024-07-01,2024-08-01,STEPPE_HLS_2024-07_g1_NDVI_FMASK_v1.tif,2,s0000_L30_20240704T025749000_FMASK,FMASK,2024-07-04T02:57:49.000Z,1720061869000,L30,NASA/HLS/HLSL30/v002/T50TMP_20240704T025749,NASA/HLS/HLSL30/v002,B4,B5,Fmask,EPSG:32650,"[30,0,399960,0,-30,4900020]",false,false,false,false,(NIR-RED)/(NIR+RED); mask denominator=0; keep source masks,dimensionless; no further scale needed,exact_uint8_values_in_Float32,-9999,Float32,1.0
STEPPE,2024-07,2024-07-01,2024-08-01,STEPPE_HLS_2024-07_g1_NDVI_FMASK_v1.tif,3,s0001_S30_20240705T030529000_NDVI,NDVI,2024-07-05T03:05:29.000Z,1720148729000,S30,NASA/HLS/HLSS30/v002/T50TMP_20240705T030529,NASA/HLS/HLSS30/v002,B4,B8A,Fmask,EPSG:32650,"[30,0,399960,0,-30,4900020]",false,false,false,false,(NIR-RED)/(NIR+RED); mask denominator=0; keep source masks,dimensionless; no further scale needed,exact_uint8_values_in_Float32,-9999,Float32,1.0
STEPPE,2024-07,2024-07-01,2024-08-01,STEPPE_HLS_2024-07_g1_NDVI_FMASK_v1.tif,4,s0001_S30_20240705T030529000_FMASK,FMASK,2024-07-05T03:05:29.000Z,1720148729000,S30,NASA/HLS/HLSS30/v002/T50TMP_20240705T030529,NASA/HLS/HLSS30/v002,B4,B8A,Fmask,EPSG:32650,"[30,0,399960,0,-30,4900020]",false,false,false,false,(NIR-RED)/(NIR+RED); mask denominator=0; keep source masks,dimensionless; no further scale needed,exact_uint8_values_in_Float32,-9999,Float32,1.0
STEPPE,2024-07,2024-07-01,2024-08-01,STEPPE_HLS_2024-07_g1_NDVI_FMASK_v1.tif,5,s0002_S30_20240710T030551000_NDVI,NDVI,2024-07-10T03:05:51.000Z,1720580751000,S30,NASA/HLS/HLSS30/v002/T50TMP_20240710T030551,NASA/HLS/HLSS30/v002,B4,B8A,Fmask,EPSG:32650,"[30,0,399960,0,-30,4900020]",false,false,false,false,(NIR-RED)/(NIR+RED); mask denominator=0; keep source masks,dimensionless; no further scale needed,exact_uint8_values_in_Float32,-9999,Float32,1.0
STEPPE,2024-07,2024-07-01,2024-08-01,STEPPE_HLS_2024-07_g1_NDVI_FMASK_v1.tif,6,s0002_S30_20240710T030551000_FMASK,FMASK,2024-07-10T03:05:51.000Z,1720580751000,S30,NASA/HLS/HLSS30/v002/T50TMP_20240710T030551,NASA/HLS/HLSS30/v002,B4,B8A,Fmask,EPSG:32650,"[30,0,399960,0,-30,4900020]",false,false,false,false,(NIR-RED)/(NIR+RED); mask denominator=0; keep source masks,dimensionless; no further scale needed,exact_uint8_values_in_Float32,-9999,Float32,1.0
STEPPE,2024-07,2024-07-01,2024-08-01,STEPPE_HLS_2024-07_g1_NDVI_FMASK_v1.tif,7,s0003_L30_20240712T025754000_NDVI,NDVI,2024-07-12T02:57:54.000Z,1720753074000,L30,NASA/HLS/HLSL30/v002/T50TMP_20240712T025754,NASA/HLS/HLSL30/v002,B4,B5,Fmask,EPSG:32650,"[30,0,399960,0,-30,4900020]",false,false,false,false,(NIR-RED)/(NIR+RED); mask denominator=0; keep source masks,dimensionless; no further scale needed,exact_uint8_values_in_Float32,-9999,Float32,1.0
STEPPE,2024-07,2024-07-01,2024-08-01,STEPPE_HLS_2024-07_g1_NDVI_FMASK_v1.tif,8,s0003_L30_20240712T025754000_FMASK,FMASK,2024-07-12T02:57:54.000Z,1720753074000,L30,NASA/HLS/HLSL30/v002/T50TMP_20240712T025754,NASA/HLS/HLSL30/v002,B4,B5,Fmask,EPSG:32650,"[30,0,399960,0,-30,4900020]",false,false,false,false,(NIR-RED)/(NIR+RED); mask denominator=0; keep source masks,dimensionless; no further scale needed,exact_uint8_values_in_Float32,-9999,Float32,1.0
STEPPE,2024-07,2024-07-01,2024-08-01,STEPPE_HLS_2024-07_g1_NDVI_FMASK_v1.tif,9,s0004_S30_20240715T030529000_NDVI,NDVI,2024-07-15T03:05:29.000Z,1721012729000,S30,NASA/HLS/HLSS30/v002/T50TMP_20240715T030529,NASA/HLS/HLSS30/v002,B4,B8A,Fmask,EPSG:32650,"[30,0,399960,0,-30,4900020]",false,false,false,false,(NIR-RED)/(NIR+RED); mask denominator=0; keep source masks,dimensionless; no further scale needed,exact_uint8_values_in_Float32,-9999,Float32,1.0
STEPPE,2024-07,2024-07-01,2024-08-01,STEPPE_HLS_2024-07_g1_NDVI_FMASK_v1.tif,10,s0004_S30_20240715T030529000_FMASK,FMASK,2024-07-15T03:05:29.000Z,1721012729000,S30,NASA/HLS/HLSS30/v002/T50TMP_20240715T030529,NASA/HLS/HLSS30/v002,B4,B8A,Fmask,EPSG:32650,"[30,0,399960,0,-30,4900020]",false,false,false,false,(NIR-RED)/(NIR+RED); mask denominator=0; keep source masks,dimensionless; no further scale needed,exact_uint8_values_in_Float32,-9999,Float32,1.0
STEPPE,2024-07,2024-07-01,2024-08-01,STEPPE_HLS_2024-07_g1_NDVI_FMASK_v1.tif,11,s0005_L30_20240720T025804000_NDVI,NDVI,2024-07-20T02:58:04.000Z,1721444284000,L30,NASA/HLS/HLSL30/v002/T50TMP_20240720T025804,NASA/HLS/HLSL30/v002,B4,B5,Fmask,EPSG:32650,"[30,0,399960,0,-30,4900020]",false,false,false,false,(NIR-RED)/(NIR+RED); mask denominator=0; keep source masks,dimensionless; no further scale needed,exact_uint8_values_in_Float32,-9999,Float32,1.0
STEPPE,2024-07,2024-07-01,2024-08-01,STEPPE_HLS_2024-07_g1_NDVI_FMASK_v1.tif,12,s0005_L30_20240720T025804000_FMASK,FMASK,2024-07-20T02:58:04.000Z,1721444284000,L30,NASA/HLS/HLSL30/v002/T50TMP_20240720T025804,NASA/HLS/HLSL30/v002,B4,B5,Fmask,EPSG:32650,"[30,0,399960,0,-30,4900020]",false,false,false,false,(NIR-RED)/(NIR+RED); mask denominator=0; keep source masks,dimensionless; no further scale needed,exact_uint8_values_in_Float32,-9999,Float32,1.0
STEPPE,2024-07,2024-07-01,2024-08-01,STEPPE_HLS_2024-07_g1_NDVI_FMASK_v1.tif,13,s0006_S30_20240720T030541000_NDVI,NDVI,2024-07-20T03:05:41.000Z,1721444741000,S30,NASA/HLS/HLSS30/v002/T50TMP_20240720T030541,NASA/HLS/HLSS30/v002,B4,B8A,Fmask,EPSG:32650,"[30,0,399960,0,-30,4900020]",false,false,false,false,(NIR-RED)/(NIR+RED); mask denominator=0; keep source masks,dimensionless; no further scale needed,exact_uint8_values_in_Float32,-9999,Float32,1.0
STEPPE,2024-07,2024-07-01,2024-08-01,STEPPE_HLS_2024-07_g1_NDVI_FMASK_v1.tif,14,s0006_S30_20240720T030541000_FMASK,FMASK,2024-07-20T03:05:41.000Z,1721444741000,S30,NASA/HLS/HLSS30/v002/T50TMP_20240720T030541,NASA/HLS/HLSS30/v002,B4,B8A,Fmask,EPSG:32650,"[30,0,399960,0,-30,4900020]",false,false,false,false,(NIR-RED)/(NIR+RED); mask denominator=0; keep source masks,dimensionless; no further scale needed,exact_uint8_values_in_Float32,-9999,Float32,1.0
STEPPE,2024-07,2024-07-01,2024-08-01,STEPPE_HLS_2024-07_g1_NDVI_FMASK_v1.tif,15,s0007_L30_20240728T025756000_NDVI,NDVI,2024-07-28T02:57:56.000Z,1722135476000,L30,NASA/HLS/HLSL30/v002/T50TMP_20240728T025756,NASA/HLS/HLSL30/v002,B4,B5,Fmask,EPSG:32650,"[30,0,399960,0,-30,4900020]",false,false,false,false,(NIR-RED)/(NIR+RED); mask denominator=0; keep source masks,dimensionless; no further scale needed,exact_uint8_values_in_Float32,-9999,Float32,1.0
STEPPE,2024-07,2024-07-01,2024-08-01,STEPPE_HLS_2024-07_g1_NDVI_FMASK_v1.tif,16,s0007_L30_20240728T025756000_FMASK,FMASK,2024-07-28T02:57:56.000Z,1722135476000,L30,NASA/HLS/HLSL30/v002/T50TMP_20240728T025756,NASA/HLS/HLSL30/v002,B4,B5,Fmask,EPSG:32650,"[30,0,399960,0,-30,4900020]",false,false,false,false,(NIR-RED)/(NIR+RED); mask denominator=0; keep source masks,dimensionless; no further scale needed,exact_uint8_values_in_Float32,-9999,Float32,1.0
STEPPE,2024-07,2024-07-01,2024-08-01,STEPPE_HLS_2024-07_g1_NDVI_FMASK_v1.tif,17,s0008_S30_20240730T030531000_NDVI,NDVI,2024-07-30T03:05:31.000Z,1722308731000,S30,NASA/HLS/HLSS30/v002/T50TMP_20240730T030531,NASA/HLS/HLSS30/v002,B4,B8A,Fmask,EPSG:32650,"[30,0,399960,0,-30,4900020]",false,false,false,false,(NIR-RED)/(NIR+RED); mask denominator=0; keep source masks,dimensionless; no further scale needed,exact_uint8_values_in_Float32,-9999,Float32,1.0
STEPPE,2024-07,2024-07-01,2024-08-01,STEPPE_HLS_2024-07_g1_NDVI_FMASK_v1.tif,18,s0008_S30_20240730T030531000_FMASK,FMASK,2024-07-30T03:05:31.000Z,1722308731000,S30,NASA/HLS/HLSS30/v002/T50TMP_20240730T030531,NASA/HLS/HLSS30/v002,B4,B8A,Fmask,EPSG:32650,"[30,0,399960,0,-30,4900020]",false,false,false,false,(NIR-RED)/(NIR+RED); mask denominator=0; keep source masks,dimensionless; no further scale needed,exact_uint8_values_in_Float32,-9999,Float32,1.0
STEPPE,2024-08,2024-08-01,2024-09-01,STEPPE_HLS_2024-08_g1_NDVI_FMASK_v1.tif,1,s0000_S30_20240804T030529000_NDVI,NDVI,2024-08-04T03:05:29.000Z,1722740729000,S30,NASA/HLS/HLSS30/v002/T50TMP_20240804T030529,NASA/HLS/HLSS30/v002,B4,B8A,Fmask,EPSG:32650,"[30,0,399960,0,-30,4900020]",false,false,false,false,(NIR-RED)/(NIR+RED); mask denominator=0; keep source masks,dimensionless; no further scale needed,exact_uint8_values_in_Float32,-9999,Float32,1.0
STEPPE,2024-08,2024-08-01,2024-09-01,STEPPE_HLS_2024-08_g1_NDVI_FMASK_v1.tif,2,s0000_S30_20240804T030529000_FMASK,FMASK,2024-08-04T03:05:29.000Z,1722740729000,S30,NASA/HLS/HLSS30/v002/T50TMP_20240804T030529,NASA/HLS/HLSS30/v002,B4,B8A,Fmask,EPSG:32650,"[30,0,399960,0,-30,4900020]",false,false,false,false,(NIR-RED)/(NIR+RED); mask denominator=0; keep source masks,dimensionless; no further scale needed,exact_uint8_values_in_Float32,-9999,Float32,1.0
STEPPE,2024-08,2024-08-01,2024-09-01,STEPPE_HLS_2024-08_g1_NDVI_FMASK_v1.tif,3,s0001_L30_20240805T025804000_NDVI,NDVI,2024-08-05T02:58:04.000Z,1722826684000,L30,NASA/HLS/HLSL30/v002/T50TMP_20240805T025804,NASA/HLS/HLSL30/v002,B4,B5,Fmask,EPSG:32650,"[30,0,399960,0,-30,4900020]",false,false,false,false,(NIR-RED)/(NIR+RED); mask denominator=0; keep source masks,dimensionless; no further scale needed,exact_uint8_values_in_Float32,-9999,Float32,1.0
STEPPE,2024-08,2024-08-01,2024-09-01,STEPPE_HLS_2024-08_g1_NDVI_FMASK_v1.tif,4,s0001_L30_20240805T025804000_FMASK,FMASK,2024-08-05T02:58:04.000Z,1722826684000,L30,NASA/HLS/HLSL30/v002/T50TMP_20240805T025804,NASA/HLS/HLSL30/v002,B4,B5,Fmask,EPSG:32650,"[30,0,399960,0,-30,4900020]",false,false,false,false,(NIR-RED)/(NIR+RED); mask denominator=0; keep source masks,dimensionless; no further scale needed,exact_uint8_values_in_Float32,-9999,Float32,1.0
STEPPE,2024-08,2024-08-01,2024-09-01,STEPPE_HLS_2024-08_g1_NDVI_FMASK_v1.tif,5,s0002_L30_20240813T025805000_NDVI,NDVI,2024-08-13T02:58:05.000Z,1723517885000,L30,NASA/HLS/HLSL30/v002/T50TMP_20240813T025805,NASA/HLS/HLSL30/v002,B4,B5,Fmask,EPSG:32650,"[30,0,399960,0,-30,4900020]",false,false,false,false,(NIR-RED)/(NIR+RED); mask denominator=0; keep source masks,dimensionless; no further scale needed,exact_uint8_values_in_Float32,-9999,Float32,1.0
STEPPE,2024-08,2024-08-01,2024-09-01,STEPPE_HLS_2024-08_g1_NDVI_FMASK_v1.tif,6,s0002_L30_20240813T025805000_FMASK,FMASK,2024-08-13T02:58:05.000Z,1723517885000,L30,NASA/HLS/HLSL30/v002/T50TMP_20240813T025805,NASA/HLS/HLSL30/v002,B4,B5,Fmask,EPSG:32650,"[30,0,399960,0,-30,4900020]",false,false,false,false,(NIR-RED)/(NIR+RED); mask denominator=0; keep source masks,dimensionless; no further scale needed,exact_uint8_values_in_Float32,-9999,Float32,1.0
STEPPE,2024-08,2024-08-01,2024-09-01,STEPPE_HLS_2024-08_g1_NDVI_FMASK_v1.tif,7,s0003_S30_20240814T030529000_NDVI,NDVI,2024-08-14T03:05:29.000Z,1723604729000,S30,NASA/HLS/HLSS30/v002/T50TMP_20240814T030529,NASA/HLS/HLSS30/v002,B4,B8A,Fmask,EPSG:32650,"[30,0,399960,0,-30,4900020]",false,false,false,false,(NIR-RED)/(NIR+RED); mask denominator=0; keep source masks,dimensionless; no further scale needed,exact_uint8_values_in_Float32,-9999,Float32,1.0
STEPPE,2024-08,2024-08-01,2024-09-01,STEPPE_HLS_2024-08_g1_NDVI_FMASK_v1.tif,8,s0003_S30_20240814T030529000_FMASK,FMASK,2024-08-14T03:05:29.000Z,1723604729000,S30,NASA/HLS/HLSS30/v002/T50TMP_20240814T030529,NASA/HLS/HLSS30/v002,B4,B8A,Fmask,EPSG:32650,"[30,0,399960,0,-30,4900020]",false,false,false,false,(NIR-RED)/(NIR+RED); mask denominator=0; keep source masks,dimensionless; no further scale needed,exact_uint8_values_in_Float32,-9999,Float32,1.0
STEPPE,2024-08,2024-08-01,2024-09-01,STEPPE_HLS_2024-08_g1_NDVI_FMASK_v1.tif,9,s0004_S30_20240819T030541000_NDVI,NDVI,2024-08-19T03:05:41.000Z,1724036741000,S30,NASA/HLS/HLSS30/v002/T50TMP_20240819T030541,NASA/HLS/HLSS30/v002,B4,B8A,Fmask,EPSG:32650,"[30,0,399960,0,-30,4900020]",false,false,false,false,(NIR-RED)/(NIR+RED); mask denominator=0; keep source masks,dimensionless; no further scale needed,exact_uint8_values_in_Float32,-9999,Float32,1.0
STEPPE,2024-08,2024-08-01,2024-09-01,STEPPE_HLS_2024-08_g1_NDVI_FMASK_v1.tif,10,s0004_S30_20240819T030541000_FMASK,FMASK,2024-08-19T03:05:41.000Z,1724036741000,S30,NASA/HLS/HLSS30/v002/T50TMP_20240819T030541,NASA/HLS/HLSS30/v002,B4,B8A,Fmask,EPSG:32650,"[30,0,399960,0,-30,4900020]",false,false,false,false,(NIR-RED)/(NIR+RED); mask denominator=0; keep source masks,dimensionless; no further scale needed,exact_uint8_values_in_Float32,-9999,Float32,1.0
STEPPE,2024-08,2024-08-01,2024-09-01,STEPPE_HLS_2024-08_g1_NDVI_FMASK_v1.tif,11,s0005_S30_20240822T031541000_NDVI,NDVI,2024-08-22T03:15:41.000Z,1724296541000,S30,NASA/HLS/HLSS30/v002/T50TMP_20240822T031541,NASA/HLS/HLSS30/v002,B4,B8A,Fmask,EPSG:32650,"[30,0,399960,0,-30,4900020]",false,false,false,false,(NIR-RED)/(NIR+RED); mask denominator=0; keep source masks,dimensionless; no further scale needed,exact_uint8_values_in_Float32,-9999,Float32,1.0
STEPPE,2024-08,2024-08-01,2024-09-01,STEPPE_HLS_2024-08_g1_NDVI_FMASK_v1.tif,12,s0005_S30_20240822T031541000_FMASK,FMASK,2024-08-22T03:15:41.000Z,1724296541000,S30,NASA/HLS/HLSS30/v002/T50TMP_20240822T031541,NASA/HLS/HLSS30/v002,B4,B8A,Fmask,EPSG:32650,"[30,0,399960,0,-30,4900020]",false,false,false,false,(NIR-RED)/(NIR+RED); mask denominator=0; keep source masks,dimensionless; no further scale needed,exact_uint8_values_in_Float32,-9999,Float32,1.0
STEPPE,2024-08,2024-08-01,2024-09-01,STEPPE_HLS_2024-08_g1_NDVI_FMASK_v1.tif,13,s0006_S30_20240824T030519000_NDVI,NDVI,2024-08-24T03:05:19.000Z,1724468719000,S30,NASA/HLS/HLSS30/v002/T50TMP_20240824T030519,NASA/HLS/HLSS30/v002,B4,B8A,Fmask,EPSG:32650,"[30,0,399960,0,-30,4900020]",false,false,false,false,(NIR-RED)/(NIR+RED); mask denominator=0; keep source masks,dimensionless; no further scale needed,exact_uint8_values_in_Float32,-9999,Float32,1.0
STEPPE,2024-08,2024-08-01,2024-09-01,STEPPE_HLS_2024-08_g1_NDVI_FMASK_v1.tif,14,s0006_S30_20240824T030519000_FMASK,FMASK,2024-08-24T03:05:19.000Z,1724468719000,S30,NASA/HLS/HLSS30/v002/T50TMP_20240824T030519,NASA/HLS/HLSS30/v002,B4,B8A,Fmask,EPSG:32650,"[30,0,399960,0,-30,4900020]",false,false,false,false,(NIR-RED)/(NIR+RED); mask denominator=0; keep source masks,dimensionless; no further scale needed,exact_uint8_values_in_Float32,-9999,Float32,1.0
STEPPE,2024-08,2024-08-01,2024-09-01,STEPPE_HLS_2024-08_g1_NDVI_FMASK_v1.tif,15,s0007_L30_20240829T025817000_NDVI,NDVI,2024-08-29T02:58:17.000Z,1724900297000,L30,NASA/HLS/HLSL30/v002/T50TMP_20240829T025817,NASA/HLS/HLSL30/v002,B4,B5,Fmask,EPSG:32650,"[30,0,399960,0,-30,4900020]",false,false,false,false,(NIR-RED)/(NIR+RED); mask denominator=0; keep source masks,dimensionless; no further scale needed,exact_uint8_values_in_Float32,-9999,Float32,1.0
STEPPE,2024-08,2024-08-01,2024-09-01,STEPPE_HLS_2024-08_g1_NDVI_FMASK_v1.tif,16,s0007_L30_20240829T025817000_FMASK,FMASK,2024-08-29T02:58:17.000Z,1724900297000,L30,NASA/HLS/HLSL30/v002/T50TMP_20240829T025817,NASA/HLS/HLSL30/v002,B4,B5,Fmask,EPSG:32650,"[30,0,399960,0,-30,4900020]",false,false,false,false,(NIR-RED)/(NIR+RED); mask denominator=0; keep source masks,dimensionless; no further scale needed,exact_uint8_values_in_Float32,-9999,Float32,1.0
STEPPE,2024-08,2024-08-01,2024-09-01,STEPPE_HLS_2024-08_g1_NDVI_FMASK_v1.tif,17,s0008_S30_20240829T030541000_NDVI,NDVI,2024-08-29T03:05:41.000Z,1724900741000,S30,NASA/HLS/HLSS30/v002/T50TMP_20240829T030541,NASA/HLS/HLSS30/v002,B4,B8A,Fmask,EPSG:32650,"[30,0,399960,0,-30,4900020]",false,false,false,false,(NIR-RED)/(NIR+RED); mask denominator=0; keep source masks,dimensionless; no further scale needed,exact_uint8_values_in_Float32,-9999,Float32,1.0
STEPPE,2024-08,2024-08-01,2024-09-01,STEPPE_HLS_2024-08_g1_NDVI_FMASK_v1.tif,18,s0008_S30_20240829T030541000_FMASK,FMASK,2024-08-29T03:05:41.000Z,1724900741000,S30,NASA/HLS/HLSS30/v002/T50TMP_20240829T030541,NASA/HLS/HLSS30/v002,B4,B8A,Fmask,EPSG:32650,"[30,0,399960,0,-30,4900020]",false,false,false,false,(NIR-RED)/(NIR+RED); mask denominator=0; keep source masks,dimensionless; no further scale needed,exact_uint8_values_in_Float32,-9999,Float32,1.0
STEPPE,2024-09,2024-09-01,2024-10-01,STEPPE_HLS_2024-09_g1_NDVI_FMASK_v1.tif,1,s0000_S30_20240903T030529000_NDVI,NDVI,2024-09-03T03:05:29.000Z,1725332729000,S30,NASA/HLS/HLSS30/v002/T50TMP_20240903T030529,NASA/HLS/HLSS30/v002,B4,B8A,Fmask,EPSG:32650,"[30,0,399960,0,-30,4900020]",false,false,false,false,(NIR-RED)/(NIR+RED); mask denominator=0; keep source masks,dimensionless; no further scale needed,exact_uint8_values_in_Float32,-9999,Float32,1.0
STEPPE,2024-09,2024-09-01,2024-10-01,STEPPE_HLS_2024-09_g1_NDVI_FMASK_v1.tif,2,s0000_S30_20240903T030529000_FMASK,FMASK,2024-09-03T03:05:29.000Z,1725332729000,S30,NASA/HLS/HLSS30/v002/T50TMP_20240903T030529,NASA/HLS/HLSS30/v002,B4,B8A,Fmask,EPSG:32650,"[30,0,399960,0,-30,4900020]",false,false,false,false,(NIR-RED)/(NIR+RED); mask denominator=0; keep source masks,dimensionless; no further scale needed,exact_uint8_values_in_Float32,-9999,Float32,1.0
STEPPE,2024-09,2024-09-01,2024-10-01,STEPPE_HLS_2024-09_g1_NDVI_FMASK_v1.tif,3,s0001_S30_20240908T030541000_NDVI,NDVI,2024-09-08T03:05:41.000Z,1725764741000,S30,NASA/HLS/HLSS30/v002/T50TMP_20240908T030541,NASA/HLS/HLSS30/v002,B4,B8A,Fmask,EPSG:32650,"[30,0,399960,0,-30,4900020]",false,false,false,false,(NIR-RED)/(NIR+RED); mask denominator=0; keep source masks,dimensionless; no further scale needed,exact_uint8_values_in_Float32,-9999,Float32,1.0
STEPPE,2024-09,2024-09-01,2024-10-01,STEPPE_HLS_2024-09_g1_NDVI_FMASK_v1.tif,4,s0001_S30_20240908T030541000_FMASK,FMASK,2024-09-08T03:05:41.000Z,1725764741000,S30,NASA/HLS/HLSS30/v002/T50TMP_20240908T030541,NASA/HLS/HLSS30/v002,B4,B8A,Fmask,EPSG:32650,"[30,0,399960,0,-30,4900020]",false,false,false,false,(NIR-RED)/(NIR+RED); mask denominator=0; keep source masks,dimensionless; no further scale needed,exact_uint8_values_in_Float32,-9999,Float32,1.0
STEPPE,2024-09,2024-09-01,2024-10-01,STEPPE_HLS_2024-09_g1_NDVI_FMASK_v1.tif,5,s0002_S30_20240913T030519000_NDVI,NDVI,2024-09-13T03:05:19.000Z,1726196719000,S30,NASA/HLS/HLSS30/v002/T50TMP_20240913T030519,NASA/HLS/HLSS30/v002,B4,B8A,Fmask,EPSG:32650,"[30,0,399960,0,-30,4900020]",false,false,false,false,(NIR-RED)/(NIR+RED); mask denominator=0; keep source masks,dimensionless; no further scale needed,exact_uint8_values_in_Float32,-9999,Float32,1.0
STEPPE,2024-09,2024-09-01,2024-10-01,STEPPE_HLS_2024-09_g1_NDVI_FMASK_v1.tif,6,s0002_S30_20240913T030519000_FMASK,FMASK,2024-09-13T03:05:19.000Z,1726196719000,S30,NASA/HLS/HLSS30/v002/T50TMP_20240913T030519,NASA/HLS/HLSS30/v002,B4,B8A,Fmask,EPSG:32650,"[30,0,399960,0,-30,4900020]",false,false,false,false,(NIR-RED)/(NIR+RED); mask denominator=0; keep source masks,dimensionless; no further scale needed,exact_uint8_values_in_Float32,-9999,Float32,1.0
STEPPE,2024-09,2024-09-01,2024-10-01,STEPPE_HLS_2024-09_g1_NDVI_FMASK_v1.tif,7,s0003_L30_20240914T025820000_NDVI,NDVI,2024-09-14T02:58:20.000Z,1726282700000,L30,NASA/HLS/HLSL30/v002/T50TMP_20240914T025820,NASA/HLS/HLSL30/v002,B4,B5,Fmask,EPSG:32650,"[30,0,399960,0,-30,4900020]",false,false,false,false,(NIR-RED)/(NIR+RED); mask denominator=0; keep source masks,dimensionless; no further scale needed,exact_uint8_values_in_Float32,-9999,Float32,1.0
STEPPE,2024-09,2024-09-01,2024-10-01,STEPPE_HLS_2024-09_g1_NDVI_FMASK_v1.tif,8,s0003_L30_20240914T025820000_FMASK,FMASK,2024-09-14T02:58:20.000Z,1726282700000,L30,NASA/HLS/HLSL30/v002/T50TMP_20240914T025820,NASA/HLS/HLSL30/v002,B4,B5,Fmask,EPSG:32650,"[30,0,399960,0,-30,4900020]",false,false,false,false,(NIR-RED)/(NIR+RED); mask denominator=0; keep source masks,dimensionless; no further scale needed,exact_uint8_values_in_Float32,-9999,Float32,1.0
STEPPE,2024-09,2024-09-01,2024-10-01,STEPPE_HLS_2024-09_g1_NDVI_FMASK_v1.tif,9,s0004_L30_20240922T025825000_NDVI,NDVI,2024-09-22T02:58:25.000Z,1726973905000,L30,NASA/HLS/HLSL30/v002/T50TMP_20240922T025825,NASA/HLS/HLSL30/v002,B4,B5,Fmask,EPSG:32650,"[30,0,399960,0,-30,4900020]",false,false,false,false,(NIR-RED)/(NIR+RED); mask denominator=0; keep source masks,dimensionless; no further scale needed,exact_uint8_values_in_Float32,-9999,Float32,1.0
STEPPE,2024-09,2024-09-01,2024-10-01,STEPPE_HLS_2024-09_g1_NDVI_FMASK_v1.tif,10,s0004_L30_20240922T025825000_FMASK,FMASK,2024-09-22T02:58:25.000Z,1726973905000,L30,NASA/HLS/HLSL30/v002/T50TMP_20240922T025825,NASA/HLS/HLSL30/v002,B4,B5,Fmask,EPSG:32650,"[30,0,399960,0,-30,4900020]",false,false,false,false,(NIR-RED)/(NIR+RED); mask denominator=0; keep source masks,dimensionless; no further scale needed,exact_uint8_values_in_Float32,-9999,Float32,1.0
STEPPE,2024-09,2024-09-01,2024-10-01,STEPPE_HLS_2024-09_g1_NDVI_FMASK_v1.tif,11,s0005_S30_20240923T030519000_NDVI,NDVI,2024-09-23T03:05:19.000Z,1727060719000,S30,NASA/HLS/HLSS30/v002/T50TMP_20240923T030519,NASA/HLS/HLSS30/v002,B4,B8A,Fmask,EPSG:32650,"[30,0,399960,0,-30,4900020]",false,false,false,false,(NIR-RED)/(NIR+RED); mask denominator=0; keep source masks,dimensionless; no further scale needed,exact_uint8_values_in_Float32,-9999,Float32,1.0
STEPPE,2024-09,2024-09-01,2024-10-01,STEPPE_HLS_2024-09_g1_NDVI_FMASK_v1.tif,12,s0005_S30_20240923T030519000_FMASK,FMASK,2024-09-23T03:05:19.000Z,1727060719000,S30,NASA/HLS/HLSS30/v002/T50TMP_20240923T030519,NASA/HLS/HLSS30/v002,B4,B8A,Fmask,EPSG:32650,"[30,0,399960,0,-30,4900020]",false,false,false,false,(NIR-RED)/(NIR+RED); mask denominator=0; keep source masks,dimensionless; no further scale needed,exact_uint8_values_in_Float32,-9999,Float32,1.0
STEPPE,2024-09,2024-09-01,2024-10-01,STEPPE_HLS_2024-09_g1_NDVI_FMASK_v1.tif,13,s0006_S30_20240928T030521000_NDVI,NDVI,2024-09-28T03:05:21.000Z,1727492721000,S30,NASA/HLS/HLSS30/v002/T50TMP_20240928T030521,NASA/HLS/HLSS30/v002,B4,B8A,Fmask,EPSG:32650,"[30,0,399960,0,-30,4900020]",false,false,false,false,(NIR-RED)/(NIR+RED); mask denominator=0; keep source masks,dimensionless; no further scale needed,exact_uint8_values_in_Float32,-9999,Float32,1.0
STEPPE,2024-09,2024-09-01,2024-10-01,STEPPE_HLS_2024-09_g1_NDVI_FMASK_v1.tif,14,s0006_S30_20240928T030521000_FMASK,FMASK,2024-09-28T03:05:21.000Z,1727492721000,S30,NASA/HLS/HLSS30/v002/T50TMP_20240928T030521,NASA/HLS/HLSS30/v002,B4,B8A,Fmask,EPSG:32650,"[30,0,399960,0,-30,4900020]",false,false,false,false,(NIR-RED)/(NIR+RED); mask denominator=0; keep source masks,dimensionless; no further scale needed,exact_uint8_values_in_Float32,-9999,Float32,1.0
STEPPE,2024-10,2024-10-01,2024-11-01,STEPPE_HLS_2024-10_g1_NDVI_FMASK_v1.tif,1,s0000_S30_20241003T030529000_NDVI,NDVI,2024-10-03T03:05:29.000Z,1727924729000,S30,NASA/HLS/HLSS30/v002/T50TMP_20241003T030529,NASA/HLS/HLSS30/v002,B4,B8A,Fmask,EPSG:32650,"[30,0,399960,0,-30,4900020]",false,false,false,false,(NIR-RED)/(NIR+RED); mask denominator=0; keep source masks,dimensionless; no further scale needed,exact_uint8_values_in_Float32,-9999,Float32,1.0
STEPPE,2024-10,2024-10-01,2024-11-01,STEPPE_HLS_2024-10_g1_NDVI_FMASK_v1.tif,2,s0000_S30_20241003T030529000_FMASK,FMASK,2024-10-03T03:05:29.000Z,1727924729000,S30,NASA/HLS/HLSS30/v002/T50TMP_20241003T030529,NASA/HLS/HLSS30/v002,B4,B8A,Fmask,EPSG:32650,"[30,0,399960,0,-30,4900020]",false,false,false,false,(NIR-RED)/(NIR+RED); mask denominator=0; keep source masks,dimensionless; no further scale needed,exact_uint8_values_in_Float32,-9999,Float32,1.0
STEPPE,2024-10,2024-10-01,2024-11-01,STEPPE_HLS_2024-10_g1_NDVI_FMASK_v1.tif,3,s0001_L30_20241008T025823000_NDVI,NDVI,2024-10-08T02:58:23.000Z,1728356303000,L30,NASA/HLS/HLSL30/v002/T50TMP_20241008T025823,NASA/HLS/HLSL30/v002,B4,B5,Fmask,EPSG:32650,"[30,0,399960,0,-30,4900020]",false,false,false,false,(NIR-RED)/(NIR+RED); mask denominator=0; keep source masks,dimensionless; no further scale needed,exact_uint8_values_in_Float32,-9999,Float32,1.0
STEPPE,2024-10,2024-10-01,2024-11-01,STEPPE_HLS_2024-10_g1_NDVI_FMASK_v1.tif,4,s0001_L30_20241008T025823000_FMASK,FMASK,2024-10-08T02:58:23.000Z,1728356303000,L30,NASA/HLS/HLSL30/v002/T50TMP_20241008T025823,NASA/HLS/HLSL30/v002,B4,B5,Fmask,EPSG:32650,"[30,0,399960,0,-30,4900020]",false,false,false,false,(NIR-RED)/(NIR+RED); mask denominator=0; keep source masks,dimensionless; no further scale needed,exact_uint8_values_in_Float32,-9999,Float32,1.0
STEPPE,2024-10,2024-10-01,2024-11-01,STEPPE_HLS_2024-10_g1_NDVI_FMASK_v1.tif,5,s0002_S30_20241008T030621000_NDVI,NDVI,2024-10-08T03:06:21.000Z,1728356781000,S30,NASA/HLS/HLSS30/v002/T50TMP_20241008T030621,NASA/HLS/HLSS30/v002,B4,B8A,Fmask,EPSG:32650,"[30,0,399960,0,-30,4900020]",false,false,false,false,(NIR-RED)/(NIR+RED); mask denominator=0; keep source masks,dimensionless; no further scale needed,exact_uint8_values_in_Float32,-9999,Float32,1.0
STEPPE,2024-10,2024-10-01,2024-11-01,STEPPE_HLS_2024-10_g1_NDVI_FMASK_v1.tif,6,s0002_S30_20241008T030621000_FMASK,FMASK,2024-10-08T03:06:21.000Z,1728356781000,S30,NASA/HLS/HLSS30/v002/T50TMP_20241008T030621,NASA/HLS/HLSS30/v002,B4,B8A,Fmask,EPSG:32650,"[30,0,399960,0,-30,4900020]",false,false,false,false,(NIR-RED)/(NIR+RED); mask denominator=0; keep source masks,dimensionless; no further scale needed,exact_uint8_values_in_Float32,-9999,Float32,1.0
STEPPE,2024-10,2024-10-01,2024-11-01,STEPPE_HLS_2024-10_g1_NDVI_FMASK_v1.tif,7,s0003_S30_20241011T031641000_NDVI,NDVI,2024-10-11T03:16:41.000Z,1728616601000,S30,NASA/HLS/HLSS30/v002/T50TMP_20241011T031641,NASA/HLS/HLSS30/v002,B4,B8A,Fmask,EPSG:32650,"[30,0,399960,0,-30,4900020]",false,false,false,false,(NIR-RED)/(NIR+RED); mask denominator=0; keep source masks,dimensionless; no further scale needed,exact_uint8_values_in_Float32,-9999,Float32,1.0
STEPPE,2024-10,2024-10-01,2024-11-01,STEPPE_HLS_2024-10_g1_NDVI_FMASK_v1.tif,8,s0003_S30_20241011T031641000_FMASK,FMASK,2024-10-11T03:16:41.000Z,1728616601000,S30,NASA/HLS/HLSS30/v002/T50TMP_20241011T031641,NASA/HLS/HLSS30/v002,B4,B8A,Fmask,EPSG:32650,"[30,0,399960,0,-30,4900020]",false,false,false,false,(NIR-RED)/(NIR+RED); mask denominator=0; keep source masks,dimensionless; no further scale needed,exact_uint8_values_in_Float32,-9999,Float32,1.0
STEPPE,2024-10,2024-10-01,2024-11-01,STEPPE_HLS_2024-10_g1_NDVI_FMASK_v1.tif,9,s0004_S30_20241013T030559000_NDVI,NDVI,2024-10-13T03:05:59.000Z,1728788759000,S30,NASA/HLS/HLSS30/v002/T50TMP_20241013T030559,NASA/HLS/HLSS30/v002,B4,B8A,Fmask,EPSG:32650,"[30,0,399960,0,-30,4900020]",false,false,false,false,(NIR-RED)/(NIR+RED); mask denominator=0; keep source masks,dimensionless; no further scale needed,exact_uint8_values_in_Float32,-9999,Float32,1.0
STEPPE,2024-10,2024-10-01,2024-11-01,STEPPE_HLS_2024-10_g1_NDVI_FMASK_v1.tif,10,s0004_S30_20241013T030559000_FMASK,FMASK,2024-10-13T03:05:59.000Z,1728788759000,S30,NASA/HLS/HLSS30/v002/T50TMP_20241013T030559,NASA/HLS/HLSS30/v002,B4,B8A,Fmask,EPSG:32650,"[30,0,399960,0,-30,4900020]",false,false,false,false,(NIR-RED)/(NIR+RED); mask denominator=0; keep source masks,dimensionless; no further scale needed,exact_uint8_values_in_Float32,-9999,Float32,1.0
STEPPE,2024-10,2024-10-01,2024-11-01,STEPPE_HLS_2024-10_g1_NDVI_FMASK_v1.tif,11,s0005_L30_20241016T025833000_NDVI,NDVI,2024-10-16T02:58:33.000Z,1729047513000,L30,NASA/HLS/HLSL30/v002/T50TMP_20241016T025833,NASA/HLS/HLSL30/v002,B4,B5,Fmask,EPSG:32650,"[30,0,399960,0,-30,4900020]",false,false,false,false,(NIR-RED)/(NIR+RED); mask denominator=0; keep source masks,dimensionless; no further scale needed,exact_uint8_values_in_Float32,-9999,Float32,1.0
STEPPE,2024-10,2024-10-01,2024-11-01,STEPPE_HLS_2024-10_g1_NDVI_FMASK_v1.tif,12,s0005_L30_20241016T025833000_FMASK,FMASK,2024-10-16T02:58:33.000Z,1729047513000,L30,NASA/HLS/HLSL30/v002/T50TMP_20241016T025833,NASA/HLS/HLSL30/v002,B4,B5,Fmask,EPSG:32650,"[30,0,399960,0,-30,4900020]",false,false,false,false,(NIR-RED)/(NIR+RED); mask denominator=0; keep source masks,dimensionless; no further scale needed,exact_uint8_values_in_Float32,-9999,Float32,1.0
STEPPE,2024-10,2024-10-01,2024-11-01,STEPPE_HLS_2024-10_g1_NDVI_FMASK_v1.tif,13,s0006_S30_20241018T030731000_NDVI,NDVI,2024-10-18T03:07:31.000Z,1729220851000,S30,NASA/HLS/HLSS30/v002/T50TMP_20241018T030731,NASA/HLS/HLSS30/v002,B4,B8A,Fmask,EPSG:32650,"[30,0,399960,0,-30,4900020]",false,false,false,false,(NIR-RED)/(NIR+RED); mask denominator=0; keep source masks,dimensionless; no further scale needed,exact_uint8_values_in_Float32,-9999,Float32,1.0
STEPPE,2024-10,2024-10-01,2024-11-01,STEPPE_HLS_2024-10_g1_NDVI_FMASK_v1.tif,14,s0006_S30_20241018T030731000_FMASK,FMASK,2024-10-18T03:07:31.000Z,1729220851000,S30,NASA/HLS/HLSS30/v002/T50TMP_20241018T030731,NASA/HLS/HLSS30/v002,B4,B8A,Fmask,EPSG:32650,"[30,0,399960,0,-30,4900020]",false,false,false,false,(NIR-RED)/(NIR+RED); mask denominator=0; keep source masks,dimensionless; no further scale needed,exact_uint8_values_in_Float32,-9999,Float32,1.0
STEPPE,2024-10,2024-10-01,2024-11-01,STEPPE_HLS_2024-10_g1_NDVI_FMASK_v1.tif,15,s0007_S30_20241023T030709000_NDVI,NDVI,2024-10-23T03:07:09.000Z,1729652829000,S30,NASA/HLS/HLSS30/v002/T50TMP_20241023T030709,NASA/HLS/HLSS30/v002,B4,B8A,Fmask,EPSG:32650,"[30,0,399960,0,-30,4900020]",false,false,false,false,(NIR-RED)/(NIR+RED); mask denominator=0; keep source masks,dimensionless; no further scale needed,exact_uint8_values_in_Float32,-9999,Float32,1.0
STEPPE,2024-10,2024-10-01,2024-11-01,STEPPE_HLS_2024-10_g1_NDVI_FMASK_v1.tif,16,s0007_S30_20241023T030709000_FMASK,FMASK,2024-10-23T03:07:09.000Z,1729652829000,S30,NASA/HLS/HLSS30/v002/T50TMP_20241023T030709,NASA/HLS/HLSS30/v002,B4,B8A,Fmask,EPSG:32650,"[30,0,399960,0,-30,4900020]",false,false,false,false,(NIR-RED)/(NIR+RED); mask denominator=0; keep source masks,dimensionless; no further scale needed,exact_uint8_values_in_Float32,-9999,Float32,1.0
STEPPE,2024-10,2024-10-01,2024-11-01,STEPPE_HLS_2024-10_g1_NDVI_FMASK_v1.tif,17,s0008_L30_20241024T025834000_NDVI,NDVI,2024-10-24T02:58:34.000Z,1729738714000,L30,NASA/HLS/HLSL30/v002/T50TMP_20241024T025834,NASA/HLS/HLSL30/v002,B4,B5,Fmask,EPSG:32650,"[30,0,399960,0,-30,4900020]",false,false,false,false,(NIR-RED)/(NIR+RED); mask denominator=0; keep source masks,dimensionless; no further scale needed,exact_uint8_values_in_Float32,-9999,Float32,1.0
STEPPE,2024-10,2024-10-01,2024-11-01,STEPPE_HLS_2024-10_g1_NDVI_FMASK_v1.tif,18,s0008_L30_20241024T025834000_FMASK,FMASK,2024-10-24T02:58:34.000Z,1729738714000,L30,NASA/HLS/HLSL30/v002/T50TMP_20241024T025834,NASA/HLS/HLSL30/v002,B4,B5,Fmask,EPSG:32650,"[30,0,399960,0,-30,4900020]",false,false,false,false,(NIR-RED)/(NIR+RED); mask denominator=0; keep source masks,dimensionless; no further scale needed,exact_uint8_values_in_Float32,-9999,Float32,1.0
STEPPE,2024-10,2024-10-01,2024-11-01,STEPPE_HLS_2024-10_g1_NDVI_FMASK_v1.tif,19,s0009_S30_20241028T030831000_NDVI,NDVI,2024-10-28T03:08:31.000Z,1730084911000,S30,NASA/HLS/HLSS30/v002/T50TMP_20241028T030831,NASA/HLS/HLSS30/v002,B4,B8A,Fmask,EPSG:32650,"[30,0,399960,0,-30,4900020]",false,false,false,false,(NIR-RED)/(NIR+RED); mask denominator=0; keep source masks,dimensionless; no further scale needed,exact_uint8_values_in_Float32,-9999,Float32,1.0
STEPPE,2024-10,2024-10-01,2024-11-01,STEPPE_HLS_2024-10_g1_NDVI_FMASK_v1.tif,20,s0009_S30_20241028T030831000_FMASK,FMASK,2024-10-28T03:08:31.000Z,1730084911000,S30,NASA/HLS/HLSS30/v002/T50TMP_20241028T030831,NASA/HLS/HLSS30/v002,B4,B8A,Fmask,EPSG:32650,"[30,0,399960,0,-30,4900020]",false,false,false,false,(NIR-RED)/(NIR+RED); mask denominator=0; keep source masks,dimensionless; no further scale needed,exact_uint8_values_in_Float32,-9999,Float32,1.0
STEPPE,2024-11,2024-11-01,2024-12-01,STEPPE_HLS_2024-11_g1_NDVI_FMASK_v1.tif,1,s0000_L30_20241101T025835000_NDVI,NDVI,2024-11-01T02:58:35.000Z,1730429915000,L30,NASA/HLS/HLSL30/v002/T50TMP_20241101T025835,NASA/HLS/HLSL30/v002,B4,B5,Fmask,EPSG:32650,"[30,0,399960,0,-30,4900020]",false,false,false,false,(NIR-RED)/(NIR+RED); mask denominator=0; keep source masks,dimensionless; no further scale needed,exact_uint8_values_in_Float32,-9999,Float32,1.0
STEPPE,2024-11,2024-11-01,2024-12-01,STEPPE_HLS_2024-11_g1_NDVI_FMASK_v1.tif,2,s0000_L30_20241101T025835000_FMASK,FMASK,2024-11-01T02:58:35.000Z,1730429915000,L30,NASA/HLS/HLSL30/v002/T50TMP_20241101T025835,NASA/HLS/HLSL30/v002,B4,B5,Fmask,EPSG:32650,"[30,0,399960,0,-30,4900020]",false,false,false,false,(NIR-RED)/(NIR+RED); mask denominator=0; keep source masks,dimensionless; no further scale needed,exact_uint8_values_in_Float32,-9999,Float32,1.0
STEPPE,2024-11,2024-11-01,2024-12-01,STEPPE_HLS_2024-11_g1_NDVI_FMASK_v1.tif,3,s0001_S30_20241102T030809000_NDVI,NDVI,2024-11-02T03:08:09.000Z,1730516889000,S30,NASA/HLS/HLSS30/v002/T50TMP_20241102T030809,NASA/HLS/HLSS30/v002,B4,B8A,Fmask,EPSG:32650,"[30,0,399960,0,-30,4900020]",false,false,false,false,(NIR-RED)/(NIR+RED); mask denominator=0; keep source masks,dimensionless; no further scale needed,exact_uint8_values_in_Float32,-9999,Float32,1.0
STEPPE,2024-11,2024-11-01,2024-12-01,STEPPE_HLS_2024-11_g1_NDVI_FMASK_v1.tif,4,s0001_S30_20241102T030809000_FMASK,FMASK,2024-11-02T03:08:09.000Z,1730516889000,S30,NASA/HLS/HLSS30/v002/T50TMP_20241102T030809,NASA/HLS/HLSS30/v002,B4,B8A,Fmask,EPSG:32650,"[30,0,399960,0,-30,4900020]",false,false,false,false,(NIR-RED)/(NIR+RED); mask denominator=0; keep source masks,dimensionless; no further scale needed,exact_uint8_values_in_Float32,-9999,Float32,1.0
STEPPE,2024-11,2024-11-01,2024-12-01,STEPPE_HLS_2024-11_g1_NDVI_FMASK_v1.tif,5,s0002_S30_20241107T030921000_NDVI,NDVI,2024-11-07T03:09:21.000Z,1730948961000,S30,NASA/HLS/HLSS30/v002/T50TMP_20241107T030921,NASA/HLS/HLSS30/v002,B4,B8A,Fmask,EPSG:32650,"[30,0,399960,0,-30,4900020]",false,false,false,false,(NIR-RED)/(NIR+RED); mask denominator=0; keep source masks,dimensionless; no further scale needed,exact_uint8_values_in_Float32,-9999,Float32,1.0
STEPPE,2024-11,2024-11-01,2024-12-01,STEPPE_HLS_2024-11_g1_NDVI_FMASK_v1.tif,6,s0002_S30_20241107T030921000_FMASK,FMASK,2024-11-07T03:09:21.000Z,1730948961000,S30,NASA/HLS/HLSS30/v002/T50TMP_20241107T030921,NASA/HLS/HLSS30/v002,B4,B8A,Fmask,EPSG:32650,"[30,0,399960,0,-30,4900020]",false,false,false,false,(NIR-RED)/(NIR+RED); mask denominator=0; keep source masks,dimensionless; no further scale needed,exact_uint8_values_in_Float32,-9999,Float32,1.0
STEPPE,2024-11,2024-11-01,2024-12-01,STEPPE_HLS_2024-11_g1_NDVI_FMASK_v1.tif,7,s0003_L30_20241109T025831000_NDVI,NDVI,2024-11-09T02:58:31.000Z,1731121111000,L30,NASA/HLS/HLSL30/v002/T50TMP_20241109T025831,NASA/HLS/HLSL30/v002,B4,B5,Fmask,EPSG:32650,"[30,0,399960,0,-30,4900020]",false,false,false,false,(NIR-RED)/(NIR+RED); mask denominator=0; keep source masks,dimensionless; no further scale needed,exact_uint8_values_in_Float32,-9999,Float32,1.0
STEPPE,2024-11,2024-11-01,2024-12-01,STEPPE_HLS_2024-11_g1_NDVI_FMASK_v1.tif,8,s0003_L30_20241109T025831000_FMASK,FMASK,2024-11-09T02:58:31.000Z,1731121111000,L30,NASA/HLS/HLSL30/v002/T50TMP_20241109T025831,NASA/HLS/HLSL30/v002,B4,B5,Fmask,EPSG:32650,"[30,0,399960,0,-30,4900020]",false,false,false,false,(NIR-RED)/(NIR+RED); mask denominator=0; keep source masks,dimensionless; no further scale needed,exact_uint8_values_in_Float32,-9999,Float32,1.0
STEPPE,2024-11,2024-11-01,2024-12-01,STEPPE_HLS_2024-11_g1_NDVI_FMASK_v1.tif,9,s0004_S30_20241110T031941000_NDVI,NDVI,2024-11-10T03:19:41.000Z,1731208781000,S30,NASA/HLS/HLSS30/v002/T50TMP_20241110T031941,NASA/HLS/HLSS30/v002,B4,B8A,Fmask,EPSG:32650,"[30,0,399960,0,-30,4900020]",false,false,false,false,(NIR-RED)/(NIR+RED); mask denominator=0; keep source masks,dimensionless; no further scale needed,exact_uint8_values_in_Float32,-9999,Float32,1.0
STEPPE,2024-11,2024-11-01,2024-12-01,STEPPE_HLS_2024-11_g1_NDVI_FMASK_v1.tif,10,s0004_S30_20241110T031941000_FMASK,FMASK,2024-11-10T03:19:41.000Z,1731208781000,S30,NASA/HLS/HLSS30/v002/T50TMP_20241110T031941,NASA/HLS/HLSS30/v002,B4,B8A,Fmask,EPSG:32650,"[30,0,399960,0,-30,4900020]",false,false,false,false,(NIR-RED)/(NIR+RED); mask denominator=0; keep source masks,dimensionless; no further scale needed,exact_uint8_values_in_Float32,-9999,Float32,1.0
STEPPE,2024-11,2024-11-01,2024-12-01,STEPPE_HLS_2024-11_g1_NDVI_FMASK_v1.tif,11,s0005_S30_20241112T030859000_NDVI,NDVI,2024-11-12T03:08:59.000Z,1731380939000,S30,NASA/HLS/HLSS30/v002/T50TMP_20241112T030859,NASA/HLS/HLSS30/v002,B4,B8A,Fmask,EPSG:32650,"[30,0,399960,0,-30,4900020]",false,false,false,false,(NIR-RED)/(NIR+RED); mask denominator=0; keep source masks,dimensionless; no further scale needed,exact_uint8_values_in_Float32,-9999,Float32,1.0
STEPPE,2024-11,2024-11-01,2024-12-01,STEPPE_HLS_2024-11_g1_NDVI_FMASK_v1.tif,12,s0005_S30_20241112T030859000_FMASK,FMASK,2024-11-12T03:08:59.000Z,1731380939000,S30,NASA/HLS/HLSS30/v002/T50TMP_20241112T030859,NASA/HLS/HLSS30/v002,B4,B8A,Fmask,EPSG:32650,"[30,0,399960,0,-30,4900020]",false,false,false,false,(NIR-RED)/(NIR+RED); mask denominator=0; keep source masks,dimensionless; no further scale needed,exact_uint8_values_in_Float32,-9999,Float32,1.0
STEPPE,2024-11,2024-11-01,2024-12-01,STEPPE_HLS_2024-11_g1_NDVI_FMASK_v1.tif,13,s0006_S30_20241115T031919000_NDVI,NDVI,2024-11-15T03:19:19.000Z,1731640759000,S30,NASA/HLS/HLSS30/v002/T50TMP_20241115T031919,NASA/HLS/HLSS30/v002,B4,B8A,Fmask,EPSG:32650,"[30,0,399960,0,-30,4900020]",false,false,false,false,(NIR-RED)/(NIR+RED); mask denominator=0; keep source masks,dimensionless; no further scale needed,exact_uint8_values_in_Float32,-9999,Float32,1.0
STEPPE,2024-11,2024-11-01,2024-12-01,STEPPE_HLS_2024-11_g1_NDVI_FMASK_v1.tif,14,s0006_S30_20241115T031919000_FMASK,FMASK,2024-11-15T03:19:19.000Z,1731640759000,S30,NASA/HLS/HLSS30/v002/T50TMP_20241115T031919,NASA/HLS/HLSS30/v002,B4,B8A,Fmask,EPSG:32650,"[30,0,399960,0,-30,4900020]",false,false,false,false,(NIR-RED)/(NIR+RED); mask denominator=0; keep source masks,dimensionless; no further scale needed,exact_uint8_values_in_Float32,-9999,Float32,1.0
STEPPE,2024-11,2024-11-01,2024-12-01,STEPPE_HLS_2024-11_g1_NDVI_FMASK_v1.tif,15,s0007_L30_20241117T025837000_NDVI,NDVI,2024-11-17T02:58:37.000Z,1731812317000,L30,NASA/HLS/HLSL30/v002/T50TMP_20241117T025837,NASA/HLS/HLSL30/v002,B4,B5,Fmask,EPSG:32650,"[30,0,399960,0,-30,4900020]",false,false,false,false,(NIR-RED)/(NIR+RED); mask denominator=0; keep source masks,dimensionless; no further scale needed,exact_uint8_values_in_Float32,-9999,Float32,1.0
STEPPE,2024-11,2024-11-01,2024-12-01,STEPPE_HLS_2024-11_g1_NDVI_FMASK_v1.tif,16,s0007_L30_20241117T025837000_FMASK,FMASK,2024-11-17T02:58:37.000Z,1731812317000,L30,NASA/HLS/HLSL30/v002/T50TMP_20241117T025837,NASA/HLS/HLSL30/v002,B4,B5,Fmask,EPSG:32650,"[30,0,399960,0,-30,4900020]",false,false,false,false,(NIR-RED)/(NIR+RED); mask denominator=0; keep source masks,dimensionless; no further scale needed,exact_uint8_values_in_Float32,-9999,Float32,1.0
STEPPE,2024-11,2024-11-01,2024-12-01,STEPPE_HLS_2024-11_g1_NDVI_FMASK_v1.tif,17,s0008_S30_20241117T031011000_NDVI,NDVI,2024-11-17T03:10:11.000Z,1731813011000,S30,NASA/HLS/HLSS30/v002/T50TMP_20241117T031011,NASA/HLS/HLSS30/v002,B4,B8A,Fmask,EPSG:32650,"[30,0,399960,0,-30,4900020]",false,false,false,false,(NIR-RED)/(NIR+RED); mask denominator=0; keep source masks,dimensionless; no further scale needed,exact_uint8_values_in_Float32,-9999,Float32,1.0
STEPPE,2024-11,2024-11-01,2024-12-01,STEPPE_HLS_2024-11_g1_NDVI_FMASK_v1.tif,18,s0008_S30_20241117T031011000_FMASK,FMASK,2024-11-17T03:10:11.000Z,1731813011000,S30,NASA/HLS/HLSS30/v002/T50TMP_20241117T031011,NASA/HLS/HLSS30/v002,B4,B8A,Fmask,EPSG:32650,"[30,0,399960,0,-30,4900020]",false,false,false,false,(NIR-RED)/(NIR+RED); mask denominator=0; keep source masks,dimensionless; no further scale needed,exact_uint8_values_in_Float32,-9999,Float32,1.0
STEPPE,2024-11,2024-11-01,2024-12-01,STEPPE_HLS_2024-11_g1_NDVI_FMASK_v1.tif,19,s0009_S30_20241122T030939000_NDVI,NDVI,2024-11-22T03:09:39.000Z,1732244979000,S30,NASA/HLS/HLSS30/v002/T50TMP_20241122T030939,NASA/HLS/HLSS30/v002,B4,B8A,Fmask,EPSG:32650,"[30,0,399960,0,-30,4900020]",false,false,false,false,(NIR-RED)/(NIR+RED); mask denominator=0; keep source masks,dimensionless; no further scale needed,exact_uint8_values_in_Float32,-9999,Float32,1.0
STEPPE,2024-11,2024-11-01,2024-12-01,STEPPE_HLS_2024-11_g1_NDVI_FMASK_v1.tif,20,s0009_S30_20241122T030939000_FMASK,FMASK,2024-11-22T03:09:39.000Z,1732244979000,S30,NASA/HLS/HLSS30/v002/T50TMP_20241122T030939,NASA/HLS/HLSS30/v002,B4,B8A,Fmask,EPSG:32650,"[30,0,399960,0,-30,4900020]",false,false,false,false,(NIR-RED)/(NIR+RED); mask denominator=0; keep source masks,dimensionless; no further scale needed,exact_uint8_values_in_Float32,-9999,Float32,1.0
STEPPE,2024-11,2024-11-01,2024-12-01,STEPPE_HLS_2024-11_g1_NDVI_FMASK_v1.tif,21,s0010_S30_20241127T031051000_NDVI,NDVI,2024-11-27T03:10:51.000Z,1732677051000,S30,NASA/HLS/HLSS30/v002/T50TMP_20241127T031051,NASA/HLS/HLSS30/v002,B4,B8A,Fmask,EPSG:32650,"[30,0,399960,0,-30,4900020]",false,false,false,false,(NIR-RED)/(NIR+RED); mask denominator=0; keep source masks,dimensionless; no further scale needed,exact_uint8_values_in_Float32,-9999,Float32,1.0
STEPPE,2024-11,2024-11-01,2024-12-01,STEPPE_HLS_2024-11_g1_NDVI_FMASK_v1.tif,22,s0010_S30_20241127T031051000_FMASK,FMASK,2024-11-27T03:10:51.000Z,1732677051000,S30,NASA/HLS/HLSS30/v002/T50TMP_20241127T031051,NASA/HLS/HLSS30/v002,B4,B8A,Fmask,EPSG:32650,"[30,0,399960,0,-30,4900020]",false,false,false,false,(NIR-RED)/(NIR+RED); mask denominator=0; keep source masks,dimensionless; no further scale needed,exact_uint8_values_in_Float32,-9999,Float32,1.0
STEPPE,2024-11,2024-11-01,2024-12-01,STEPPE_HLS_2024-11_g1_NDVI_FMASK_v1.tif,23,s0011_S30_20241130T032111000_NDVI,NDVI,2024-11-30T03:21:11.000Z,1732936871000,S30,NASA/HLS/HLSS30/v002/T50TMP_20241130T032111,NASA/HLS/HLSS30/v002,B4,B8A,Fmask,EPSG:32650,"[30,0,399960,0,-30,4900020]",false,false,false,false,(NIR-RED)/(NIR+RED); mask denominator=0; keep source masks,dimensionless; no further scale needed,exact_uint8_values_in_Float32,-9999,Float32,1.0
STEPPE,2024-11,2024-11-01,2024-12-01,STEPPE_HLS_2024-11_g1_NDVI_FMASK_v1.tif,24,s0011_S30_20241130T032111000_FMASK,FMASK,2024-11-30T03:21:11.000Z,1732936871000,S30,NASA/HLS/HLSS30/v002/T50TMP_20241130T032111,NASA/HLS/HLSS30/v002,B4,B8A,Fmask,EPSG:32650,"[30,0,399960,0,-30,4900020]",false,false,false,false,(NIR-RED)/(NIR+RED); mask denominator=0; keep source masks,dimensionless; no further scale needed,exact_uint8_values_in_Float32,-9999,Float32,1.0
STEPPE,2024-12,2024-12-01,2025-01-01,STEPPE_HLS_2024-12_g1_NDVI_FMASK_v1.tif,1,s0000_S30_20241202T031019000_NDVI,NDVI,2024-12-02T03:10:19.000Z,1733109019000,S30,NASA/HLS/HLSS30/v002/T50TMP_20241202T031019,NASA/HLS/HLSS30/v002,B4,B8A,Fmask,EPSG:32650,"[30,0,399960,0,-30,4900020]",false,false,false,false,(NIR-RED)/(NIR+RED); mask denominator=0; keep source masks,dimensionless; no further scale needed,exact_uint8_values_in_Float32,-9999,Float32,1.0
STEPPE,2024-12,2024-12-01,2025-01-01,STEPPE_HLS_2024-12_g1_NDVI_FMASK_v1.tif,2,s0000_S30_20241202T031019000_FMASK,FMASK,2024-12-02T03:10:19.000Z,1733109019000,S30,NASA/HLS/HLSS30/v002/T50TMP_20241202T031019,NASA/HLS/HLSS30/v002,B4,B8A,Fmask,EPSG:32650,"[30,0,399960,0,-30,4900020]",false,false,false,false,(NIR-RED)/(NIR+RED); mask denominator=0; keep source masks,dimensionless; no further scale needed,exact_uint8_values_in_Float32,-9999,Float32,1.0
STEPPE,2024-12,2024-12-01,2025-01-01,STEPPE_HLS_2024-12_g1_NDVI_FMASK_v1.tif,3,s0001_L30_20241203T025843000_NDVI,NDVI,2024-12-03T02:58:43.000Z,1733194723000,L30,NASA/HLS/HLSL30/v002/T50TMP_20241203T025843,NASA/HLS/HLSL30/v002,B4,B5,Fmask,EPSG:32650,"[30,0,399960,0,-30,4900020]",false,false,false,false,(NIR-RED)/(NIR+RED); mask denominator=0; keep source masks,dimensionless; no further scale needed,exact_uint8_values_in_Float32,-9999,Float32,1.0
STEPPE,2024-12,2024-12-01,2025-01-01,STEPPE_HLS_2024-12_g1_NDVI_FMASK_v1.tif,4,s0001_L30_20241203T025843000_FMASK,FMASK,2024-12-03T02:58:43.000Z,1733194723000,L30,NASA/HLS/HLSL30/v002/T50TMP_20241203T025843,NASA/HLS/HLSL30/v002,B4,B5,Fmask,EPSG:32650,"[30,0,399960,0,-30,4900020]",false,false,false,false,(NIR-RED)/(NIR+RED); mask denominator=0; keep source masks,dimensionless; no further scale needed,exact_uint8_values_in_Float32,-9999,Float32,1.0
STEPPE,2024-12,2024-12-01,2025-01-01,STEPPE_HLS_2024-12_g1_NDVI_FMASK_v1.tif,5,s0002_S30_20241207T031121000_NDVI,NDVI,2024-12-07T03:11:21.000Z,1733541081000,S30,NASA/HLS/HLSS30/v002/T50TMP_20241207T031121,NASA/HLS/HLSS30/v002,B4,B8A,Fmask,EPSG:32650,"[30,0,399960,0,-30,4900020]",false,false,false,false,(NIR-RED)/(NIR+RED); mask denominator=0; keep source masks,dimensionless; no further scale needed,exact_uint8_values_in_Float32,-9999,Float32,1.0
STEPPE,2024-12,2024-12-01,2025-01-01,STEPPE_HLS_2024-12_g1_NDVI_FMASK_v1.tif,6,s0002_S30_20241207T031121000_FMASK,FMASK,2024-12-07T03:11:21.000Z,1733541081000,S30,NASA/HLS/HLSS30/v002/T50TMP_20241207T031121,NASA/HLS/HLSS30/v002,B4,B8A,Fmask,EPSG:32650,"[30,0,399960,0,-30,4900020]",false,false,false,false,(NIR-RED)/(NIR+RED); mask denominator=0; keep source masks,dimensionless; no further scale needed,exact_uint8_values_in_Float32,-9999,Float32,1.0
STEPPE,2024-12,2024-12-01,2025-01-01,STEPPE_HLS_2024-12_g1_NDVI_FMASK_v1.tif,7,s0003_L30_20241211T025829000_NDVI,NDVI,2024-12-11T02:58:29.000Z,1733885909000,L30,NASA/HLS/HLSL30/v002/T50TMP_20241211T025829,NASA/HLS/HLSL30/v002,B4,B5,Fmask,EPSG:32650,"[30,0,399960,0,-30,4900020]",false,false,false,false,(NIR-RED)/(NIR+RED); mask denominator=0; keep source masks,dimensionless; no further scale needed,exact_uint8_values_in_Float32,-9999,Float32,1.0
STEPPE,2024-12,2024-12-01,2025-01-01,STEPPE_HLS_2024-12_g1_NDVI_FMASK_v1.tif,8,s0003_L30_20241211T025829000_FMASK,FMASK,2024-12-11T02:58:29.000Z,1733885909000,L30,NASA/HLS/HLSL30/v002/T50TMP_20241211T025829,NASA/HLS/HLSL30/v002,B4,B5,Fmask,EPSG:32650,"[30,0,399960,0,-30,4900020]",false,false,false,false,(NIR-RED)/(NIR+RED); mask denominator=0; keep source masks,dimensionless; no further scale needed,exact_uint8_values_in_Float32,-9999,Float32,1.0
STEPPE,2024-12,2024-12-01,2025-01-01,STEPPE_HLS_2024-12_g1_NDVI_FMASK_v1.tif,9,s0004_S30_20241212T031029000_NDVI,NDVI,2024-12-12T03:10:29.000Z,1733973029000,S30,NASA/HLS/HLSS30/v002/T50TMP_20241212T031029,NASA/HLS/HLSS30/v002,B4,B8A,Fmask,EPSG:32650,"[30,0,399960,0,-30,4900020]",false,false,false,false,(NIR-RED)/(NIR+RED); mask denominator=0; keep source masks,dimensionless; no further scale needed,exact_uint8_values_in_Float32,-9999,Float32,1.0
STEPPE,2024-12,2024-12-01,2025-01-01,STEPPE_HLS_2024-12_g1_NDVI_FMASK_v1.tif,10,s0004_S30_20241212T031029000_FMASK,FMASK,2024-12-12T03:10:29.000Z,1733973029000,S30,NASA/HLS/HLSS30/v002/T50TMP_20241212T031029,NASA/HLS/HLSS30/v002,B4,B8A,Fmask,EPSG:32650,"[30,0,399960,0,-30,4900020]",false,false,false,false,(NIR-RED)/(NIR+RED); mask denominator=0; keep source masks,dimensionless; no further scale needed,exact_uint8_values_in_Float32,-9999,Float32,1.0
STEPPE,2024-12,2024-12-01,2025-01-01,STEPPE_HLS_2024-12_g1_NDVI_FMASK_v1.tif,11,s0005_S30_20241217T031131000_NDVI,NDVI,2024-12-17T03:11:31.000Z,1734405091000,S30,NASA/HLS/HLSS30/v002/T50TMP_20241217T031131,NASA/HLS/HLSS30/v002,B4,B8A,Fmask,EPSG:32650,"[30,0,399960,0,-30,4900020]",false,false,false,false,(NIR-RED)/(NIR+RED); mask denominator=0; keep source masks,dimensionless; no further scale needed,exact_uint8_values_in_Float32,-9999,Float32,1.0
STEPPE,2024-12,2024-12-01,2025-01-01,STEPPE_HLS_2024-12_g1_NDVI_FMASK_v1.tif,12,s0005_S30_20241217T031131000_FMASK,FMASK,2024-12-17T03:11:31.000Z,1734405091000,S30,NASA/HLS/HLSS30/v002/T50TMP_20241217T031131,NASA/HLS/HLSS30/v002,B4,B8A,Fmask,EPSG:32650,"[30,0,399960,0,-30,4900020]",false,false,false,false,(NIR-RED)/(NIR+RED); mask denominator=0; keep source masks,dimensionless; no further scale needed,exact_uint8_values_in_Float32,-9999,Float32,1.0
STEPPE,2024-12,2024-12-01,2025-01-01,STEPPE_HLS_2024-12_g1_NDVI_FMASK_v1.tif,13,s0006_L30_20241219T025839000_NDVI,NDVI,2024-12-19T02:58:39.000Z,1734577119000,L30,NASA/HLS/HLSL30/v002/T50TMP_20241219T025839,NASA/HLS/HLSL30/v002,B4,B5,Fmask,EPSG:32650,"[30,0,399960,0,-30,4900020]",false,false,false,false,(NIR-RED)/(NIR+RED); mask denominator=0; keep source masks,dimensionless; no further scale needed,exact_uint8_values_in_Float32,-9999,Float32,1.0
STEPPE,2024-12,2024-12-01,2025-01-01,STEPPE_HLS_2024-12_g1_NDVI_FMASK_v1.tif,14,s0006_L30_20241219T025839000_FMASK,FMASK,2024-12-19T02:58:39.000Z,1734577119000,L30,NASA/HLS/HLSL30/v002/T50TMP_20241219T025839,NASA/HLS/HLSL30/v002,B4,B5,Fmask,EPSG:32650,"[30,0,399960,0,-30,4900020]",false,false,false,false,(NIR-RED)/(NIR+RED); mask denominator=0; keep source masks,dimensionless; no further scale needed,exact_uint8_values_in_Float32,-9999,Float32,1.0
STEPPE,2024-12,2024-12-01,2025-01-01,STEPPE_HLS_2024-12_g1_NDVI_FMASK_v1.tif,15,s0007_S30_20241222T031039000_NDVI,NDVI,2024-12-22T03:10:39.000Z,1734837039000,S30,NASA/HLS/HLSS30/v002/T50TMP_20241222T031039,NASA/HLS/HLSS30/v002,B4,B8A,Fmask,EPSG:32650,"[30,0,399960,0,-30,4900020]",false,false,false,false,(NIR-RED)/(NIR+RED); mask denominator=0; keep source masks,dimensionless; no further scale needed,exact_uint8_values_in_Float32,-9999,Float32,1.0
STEPPE,2024-12,2024-12-01,2025-01-01,STEPPE_HLS_2024-12_g1_NDVI_FMASK_v1.tif,16,s0007_S30_20241222T031039000_FMASK,FMASK,2024-12-22T03:10:39.000Z,1734837039000,S30,NASA/HLS/HLSS30/v002/T50TMP_20241222T031039,NASA/HLS/HLSS30/v002,B4,B8A,Fmask,EPSG:32650,"[30,0,399960,0,-30,4900020]",false,false,false,false,(NIR-RED)/(NIR+RED); mask denominator=0; keep source masks,dimensionless; no further scale needed,exact_uint8_values_in_Float32,-9999,Float32,1.0
STEPPE,2024-12,2024-12-01,2025-01-01,STEPPE_HLS_2024-12_g1_NDVI_FMASK_v1.tif,17,s0008_L30_20241227T025833000_NDVI,NDVI,2024-12-27T02:58:33.000Z,1735268313000,L30,NASA/HLS/HLSL30/v002/T50TMP_20241227T025833,NASA/HLS/HLSL30/v002,B4,B5,Fmask,EPSG:32650,"[30,0,399960,0,-30,4900020]",false,false,false,false,(NIR-RED)/(NIR+RED); mask denominator=0; keep source masks,dimensionless; no further scale needed,exact_uint8_values_in_Float32,-9999,Float32,1.0
STEPPE,2024-12,2024-12-01,2025-01-01,STEPPE_HLS_2024-12_g1_NDVI_FMASK_v1.tif,18,s0008_L30_20241227T025833000_FMASK,FMASK,2024-12-27T02:58:33.000Z,1735268313000,L30,NASA/HLS/HLSL30/v002/T50TMP_20241227T025833,NASA/HLS/HLSL30/v002,B4,B5,Fmask,EPSG:32650,"[30,0,399960,0,-30,4900020]",false,false,false,false,(NIR-RED)/(NIR+RED); mask denominator=0; keep source masks,dimensionless; no further scale needed,exact_uint8_values_in_Float32,-9999,Float32,1.0
STEPPE,2024-12,2024-12-01,2025-01-01,STEPPE_HLS_2024-12_g1_NDVI_FMASK_v1.tif,19,s0009_S30_20241227T031141000_NDVI,NDVI,2024-12-27T03:11:41.000Z,1735269101000,S30,NASA/HLS/HLSS30/v002/T50TMP_20241227T031141,NASA/HLS/HLSS30/v002,B4,B8A,Fmask,EPSG:32650,"[30,0,399960,0,-30,4900020]",false,false,false,false,(NIR-RED)/(NIR+RED); mask denominator=0; keep source masks,dimensionless; no further scale needed,exact_uint8_values_in_Float32,-9999,Float32,1.0
STEPPE,2024-12,2024-12-01,2025-01-01,STEPPE_HLS_2024-12_g1_NDVI_FMASK_v1.tif,20,s0009_S30_20241227T031141000_FMASK,FMASK,2024-12-27T03:11:41.000Z,1735269101000,S30,NASA/HLS/HLSS30/v002/T50TMP_20241227T031141,NASA/HLS/HLSS30/v002,B4,B8A,Fmask,EPSG:32650,"[30,0,399960,0,-30,4900020]",false,false,false,false,(NIR-RED)/(NIR+RED); mask denominator=0; keep source masks,dimensionless; no further scale needed,exact_uint8_values_in_Float32,-9999,Float32,1.0
